task_id,condition,ari
00d62c1b,real,0.7424437654161912
00d62c1b,real,0.9897419956481194
00d62c1b,real,1.0
00d62c1b,real,1.0
00d62c1b,real,1.0
00d62c1b,real,0.8300678221552373
00d62c1b,real,0.9897419956481194
00d62c1b,real,1.0
00d62c1b,real,0.7699612334175054
00d62c1b,real,0.9896877014120818
00d62c1b,real,0.9793766112022498
00d62c1b,real,0.6044363434149959
00d62c1b,real,0.7364685004436557
00d62c1b,real,0.0
00d62c1b,real,0.6474424091489989
00d62c1b,real,0.43936441313146457
00d62c1b,real,0.3550403887830827
00d62c1b,real,0.9524571794461342
00d62c1b,real,0.2795179614553148
00d62c1b,real,0.6649746192893401
00d62c1b,real,0.4522732798443958
00d62c1b,real,0.639280677009873
00d62c1b,real,0.6107600649936812
00d62c1b,real,0.5472177521809096
00d62c1b,real,0.4522732798443958
00d62c1b,real,0.9600090888434447
00d62c1b,real,0.738859269691178
00d62c1b,real,0.6909500225123818
00d62c1b,real,0.65046619667977
00d62c1b,real,0.6934786815455073
00d62c1b,real,0.9741531231642843
00d62c1b,real,0.9520103203612127
00d62c1b,real,0.9046376753426582
00d62c1b,real,0.9002108781283571
00d62c1b,real,0.4634146341463415
00d62c1b,real,0.0
00d62c1b,real,0.9896324222431668
00d62c1b,real,0.7036841410273339
00d62c1b,real,1.0
00d62c1b,real,0.7833448514167243
00d62c1b,real,0.7330284910306015
00d62c1b,real,0.7324593557290094
00d62c1b,real,0.9421997531945384
00d62c1b,real,0.9845728310413339
00d62c1b,real,0.6649746192893401
00d62c1b,real,0.4330708661417323
00d62c1b,real,0.7466189686763808
00d62c1b,real,0.36426559991578283
00d62c1b,real,0.9649189414936027
00d62c1b,real,0.973727160542972
00d62c1b,null_cut,0.11568627450980393
00d62c1b,null_cut,0.13705346719589073
00d62c1b,null_cut,0.20320243995425086
00d62c1b,null_cut,0.0
00d62c1b,null_cut,0.20509487912659216
00d62c1b,null_cut,0.1764857216362233
00d62c1b,null_cut,0.38439271499216016
00d62c1b,null_cut,0.13272010512483573
00d62c1b,null_cut,0.08082408874801902
00d62c1b,null_cut,0.2279020565632681
00d62c1b,null_cut,0.4432582048240411
00d62c1b,null_cut,0.2296668390337593
00d62c1b,null_cut,0.3122279382667194
00d62c1b,null_cut,0.021639344262295083
00d62c1b,null_cut,0.38439271499216016
00d62c1b,null_cut,0.11261697321716682
00d62c1b,null_cut,0.04324055666003976
00d62c1b,null_cut,0.3943759250123335
00d62c1b,null_cut,0.15773433965857955
00d62c1b,null_cut,0.20063616344506974
00d62c1b,null_cut,0.3131563872446057
00d62c1b,null_cut,0.36159541437783616
00d62c1b,null_cut,0.18252520403264522
00d62c1b,null_cut,0.049760040414246025
00d62c1b,null_cut,0.14993197278911566
00d62c1b,null_cut,0.1764857216362233
00d62c1b,null_cut,0.21998317668141754
00d62c1b,null_cut,0.12020225235578028
00d62c1b,null_cut,0.0
00d62c1b,null_cut,0.11734439113349689
00d62c1b,null_cut,0.05550284629981025
00d62c1b,null_cut,0.13793103448275862
00d62c1b,null_cut,0.017967434025828188
00d62c1b,null_cut,0.3110187236366947
00d62c1b,null_cut,0.3083832335329341
00d62c1b,null_cut,0.19629810034096445
00d62c1b,null_cut,0.1709765671464256
00d62c1b,null_cut,0.12005713914680866
00d62c1b,null_cut,0.16569866757772464
00d62c1b,null_cut,0.21916167664670658
00d62c1b,null_cut,0.24685607824871914
00d62c1b,null_cut,0.09092113105092378
00d62c1b,null_cut,0.281463202206416
00d62c1b,null_cut,-0.10526315789473684
00d62c1b,null_cut,0.2262398735427781
00d62c1b,null_cut,0.16276889909546796
00d62c1b,null_cut,0.31569664902998235
00d62c1b,null_cut,0.21245136186770427
00d62c1b,null_cut,0.09090909090909091
00d62c1b,null_cut,0.11470477623166604
00d62c1b,null_len,0.2916969256838538
00d62c1b,null_len,0.4059131311857782
00d62c1b,null_len,0.13545816733067728
00d62c1b,null_len,0.003907147782119053
00d62c1b,null_len,0.3296326916263139
00d62c1b,null_len,0.2601681436037264
00d62c1b,null_len,0.21830550401978974
00d62c1b,null_len,-0.03266784144381402
00d62c1b,null_len,-0.17647058823529413
00d62c1b,null_len,0.17651810960010772
00d62c1b,null_len,-0.02617801047120419
00d62c1b,null_len,0.5637583892617449
00d62c1b,null_len,0.18228196615110534
00d62c1b,null_len,0.19247985675917637
00d62c1b,null_len,0.10069626413116718
00d62c1b,null_len,0.29243597379392494
00d62c1b,null_len,0.038373134909813394
00d62c1b,null_len,0.0958904109589041
00d62c1b,null_len,0.09055118110236221
00d62c1b,null_len,0.11113067206549007
00d62c1b,null_len,0.10436395587230303
00d62c1b,null_len,0.20359197418268557
00d62c1b,null_len,0.23341159026319042
00d62c1b,null_len,0.17854028824947427
00d62c1b,null_len,0.09206349206349207
00d62c1b,null_len,0.07392092180458115
00d62c1b,null_len,0.1246684350132626
00d62c1b,null_len,0.2925871379479627
00d62c1b,null_len,0.21754245219949192
00d62c1b,null_len,0.28726778432260985
00d62c1b,null_len,0.17407347986523344
00d62c1b,null_len,0.2940117964610617
00d62c1b,null_len,0.05319814745274753
00d62c1b,null_len,0.46376047342825333
00d62c1b,null_len,0.18096598517989465
00d62c1b,null_len,0.30171470266326156
00d62c1b,null_len,0.6913878348855927
00d62c1b,null_len,0.7018016152412507
00d62c1b,null_len,1.0
00d62c1b,null_len,0.29723606705935657
00d62c1b,null_len,0.08703761268262357
00d62c1b,null_len,0.0
00d62c1b,null_len,0.20125640907201256
00d62c1b,null_len,0.15695273061037174
00d62c1b,null_len,0.24533280559403656
00d62c1b,null_len,0.0
00d62c1b,null_len,0.3036925395629239
00d62c1b,null_len,0.2503065636899512
00d62c1b,null_len,0.010299715936539836
00d62c1b,null_len,-7.730962504831851e-05
00dbd492,real,0.5090070554190896
00dbd492,real,0.18144859661105148
00dbd492,real,0.3905721322418039
00dbd492,real,0.5758513065263334
00dbd492,real,0.5243942948224406
00dbd492,real,0.35314064492366326
00dbd492,real,0.6348501525284266
00dbd492,real,0.6724517258856982
00dbd492,real,0.8838101818746669
00dbd492,real,0.6018156143340916
00dbd492,real,0.6220701703304702
00dbd492,real,0.6337333843631648
00dbd492,real,0.5294791670952426
00dbd492,real,0.36819140581693505
00dbd492,real,0.1305378742099218
00dbd492,real,0.2862190714135255
00dbd492,real,0.5074345190438064
00dbd492,real,0.12244311626833788
00dbd492,real,0.49249767866290983
00dbd492,real,0.0
00dbd492,real,0.281146173214738
00dbd492,real,0.39461969665810975
00dbd492,real,0.610536054174155
00dbd492,real,0.4280815640424768
00dbd492,real,0.38310409820558994
00dbd492,real,0.5864664908046181
00dbd492,real,0.49718869833203944
00dbd492,real,0.6433321077524059
00dbd492,real,0.563051322391027
00dbd492,real,0.4077603030650901
00dbd492,real,0.5232492316853171
00dbd492,real,0.37425505564744704
00dbd492,real,0.9788550282104485
00dbd492,real,0.4787059920151533
00dbd492,real,0.6081145221680189
00dbd492,real,0.5074340068771972
00dbd492,real,0.6313962993521575
00dbd492,real,0.5276780491863861
00dbd492,real,0.1888524339681858
00dbd492,real,0.4046791946221342
00dbd492,real,0.3396667420643897
00dbd492,real,0.31922761682219203
00dbd492,real,0.5377978496051088
00dbd492,real,0.5573770491803278
00dbd492,real,0.4159132007233273
00dbd492,real,0.385608655239116
00dbd492,real,0.5291883844538693
00dbd492,real,0.5606093092444778
00dbd492,real,0.43425651510091445
00dbd492,real,0.9501456594536409
00dbd492,null_cut,0.32270614111295226
00dbd492,null_cut,0.08310505755211056
00dbd492,null_cut,-0.10393803206142144
00dbd492,null_cut,0.21626652016307082
00dbd492,null_cut,0.4044519901905301
00dbd492,null_cut,0.21820689398104576
00dbd492,null_cut,0.32320862852913185
00dbd492,null_cut,0.19131328836171227
00dbd492,null_cut,0.3112909854499338
00dbd492,null_cut,0.2281785706261655
00dbd492,null_cut,0.15053980180755588
00dbd492,null_cut,-0.17391304347826086
00dbd492,null_cut,0.22129715912801287
00dbd492,null_cut,0.4341754702839845
00dbd492,null_cut,0.17283391498166253
00dbd492,null_cut,0.3237337130037104
00dbd492,null_cut,0.23351673365330836
00dbd492,null_cut,0.4528014616321559
00dbd492,null_cut,0.23129876144588069
00dbd492,null_cut,0.3206950844597569
00dbd492,null_cut,0.14791365735112758
00dbd492,null_cut,0.23887827565916217
00dbd492,null_cut,0.23061497275695395
00dbd492,null_cut,0.09572864018528124
00dbd492,null_cut,0.27807886680809846
00dbd492,null_cut,0.11763455207459506
00dbd492,null_cut,0.29093603358854037
00dbd492,null_cut,0.13287231833558322
00dbd492,null_cut,0.15869645684673755
00dbd492,null_cut,0.15511526681991736
00dbd492,null_cut,0.17555959645388752
00dbd492,null_cut,0.2042391943099151
00dbd492,null_cut,-0.15384615384615385
00dbd492,null_cut,0.26991150442477874
00dbd492,null_cut,0.18136054626604603
00dbd492,null_cut,0.2403013461369815
00dbd492,null_cut,0.3486779766768871
00dbd492,null_cut,0.2030971191054322
00dbd492,null_cut,0.14993899151556425
00dbd492,null_cut,0.16618865646028808
00dbd492,null_cut,0.24103370505847171
00dbd492,null_cut,0.16157092636489664
00dbd492,null_cut,0.18182503960371144
00dbd492,null_cut,0.1336164317695477
00dbd492,null_cut,0.33689839572192515
00dbd492,null_cut,0.2
00dbd492,null_cut,0.22550612456511693
00dbd492,null_cut,0.08783950278055015
00dbd492,null_cut,0.15362773217889453
00dbd492,null_cut,0.2259721315789784
00dbd492,null_len,0.03233749431644705
00dbd492,null_len,0.14715539201811492
00dbd492,null_len,-0.07142857142857142
00dbd492,null_len,0.1278938002020105
00dbd492,null_len,0.154887530211891
00dbd492,null_len,0.05700613208163906
00dbd492,null_len,0.2182644805613231
00dbd492,null_len,0.27280306215655853
00dbd492,null_len,0.17622114919890314
00dbd492,null_len,0.1869706529923654
00dbd492,null_len,0.19670710814111755
00dbd492,null_len,0.14589784007235715
00dbd492,null_len,0.2778834223139796
00dbd492,null_len,0.4547401139270832
00dbd492,null_len,0.22798733588500708
00dbd492,null_len,0.22578435655246046
00dbd492,null_len,0.16184613291159083
00dbd492,null_len,0.05647855737104673
00dbd492,null_len,0.2563520191343765
00dbd492,null_len,0.20829685554796995
00dbd492,null_len,0.2131824699300907
00dbd492,null_len,0.1689615132624532
00dbd492,null_len,0.11443403567875331
00dbd492,null_len,0.29720846841522686
00dbd492,null_len,0.09633354450427621
00dbd492,null_len,0.25371259991627965
00dbd492,null_len,-0.08919479049066081
00dbd492,null_len,0.1975447671612608
00dbd492,null_len,0.2988445018497435
00dbd492,null_len,0.12055230196409113
00dbd492,null_len,0.0011173025327896268
00dbd492,null_len,0.08329614240152154
00dbd492,null_len,0.11833639705882353
00dbd492,null_len,0.19927316007517631
00dbd492,null_len,0.23584323216358383
00dbd492,null_len,0.296302499452093
00dbd492,null_len,0.2529551706192848
00dbd492,null_len,0.167211796407545
00dbd492,null_len,0.38123013107117965
00dbd492,null_len,0.0759690562977851
00dbd492,null_len,0.44537937496368674
00dbd492,null_len,0.25068035861256904
00dbd492,null_len,0.3823725671918443
00dbd492,null_len,0.21510199947051395
00dbd492,null_len,0.15609283868765153
00dbd492,null_len,0.19562488161005406
00dbd492,null_len,0.21118519526466187
00dbd492,null_len,0.24587237727906708
00dbd492,null_len,0.18674912498822516
00dbd492,null_len,0.16782984162089506
0a2355a6,real,0.47542038594022
0a2355a6,real,0.4497453409761666
0a2355a6,real,0.7007718349234456
0a2355a6,real,0.6256289284701175
0a2355a6,real,0.39233827334058635
0a2355a6,real,0.7458037126295323
0a2355a6,real,0.6316767697487129
0a2355a6,real,0.39555034198930106
0a2355a6,real,0.6136908759235079
0a2355a6,real,0.6938228727362937
0a2355a6,real,0.514548753443989
0a2355a6,real,0.5907713452448795
0a2355a6,real,0.49132167641169544
0a2355a6,real,0.6872954467479278
0a2355a6,real,0.40954740044694543
0a2355a6,real,0.8124764541961738
0a2355a6,real,0.4912771642359291
0a2355a6,real,0.7328875368832616
0a2355a6,real,0.6700128544256935
0a2355a6,real,0.8765736438296953
0a2355a6,real,0.7984941206121179
0a2355a6,real,0.6308271455662265
0a2355a6,real,0.6353917412446161
0a2355a6,real,0.45091689712546
0a2355a6,real,0.5234105897870737
0a2355a6,real,0.4483467953407141
0a2355a6,real,0.720572870212278
0a2355a6,real,0.5419682701590135
0a2355a6,real,0.5615910126332402
0a2355a6,real,0.5410936179922176
0a2355a6,real,0.4275270155276377
0a2355a6,real,0.5299145299145299
0a2355a6,real,0.9400933838428333
0a2355a6,real,0.40488000897616877
0a2355a6,real,0.33144134617416066
0a2355a6,real,0.8128538477668275
0a2355a6,real,0.7245748556058876
0a2355a6,real,1.0
0a2355a6,real,0.7169703386431068
0a2355a6,real,0.3017878303035598
0a2355a6,real,0.6625463390400848
0a2355a6,real,0.6620424501288537
0a2355a6,real,0.5696151581685563
0a2355a6,real,0.5004400732974541
0a2355a6,real,0.6949823155032043
0a2355a6,real,0.6775729166537968
0a2355a6,real,0.6378685614225227
0a2355a6,real,0.7371393284305618
0a2355a6,real,0.757306182907831
0a2355a6,real,0.6456208603753462
0a2355a6,null_cut,0.2492408906882591
0a2355a6,null_cut,0.3885202937521998
0a2355a6,null_cut,0.16662110898508598
0a2355a6,null_cut,0.14069067625657497
0a2355a6,null_cut,0.08701685563794903
0a2355a6,null_cut,0.3114911209934876
0a2355a6,null_cut,0.2925935060628775
0a2355a6,null_cut,0.3253294473423708
0a2355a6,null_cut,0.353473647335108
0a2355a6,null_cut,0.11211297599946363
0a2355a6,null_cut,0.40821989233459516
0a2355a6,null_cut,0.2511140365486685
0a2355a6,null_cut,0.25617294527134243
0a2355a6,null_cut,0.3618508228047741
0a2355a6,null_cut,0.24388103614724996
0a2355a6,null_cut,0.23848491623812718
0a2355a6,null_cut,0.3267324766200457
0a2355a6,null_cut,0.29974914623518556
0a2355a6,null_cut,0.2005059627367028
0a2355a6,null_cut,0.267628598650414
0a2355a6,null_cut,0.13905700884703845
0a2355a6,null_cut,0.12767081015619583
0a2355a6,null_cut,0.12614054640399236
0a2355a6,null_cut,0.12055332811526605
0a2355a6,null_cut,0.0
0a2355a6,null_cut,0.23678281924413097
0a2355a6,null_cut,0.15231187669990934
0a2355a6,null_cut,0.26830337804967447
0a2355a6,null_cut,0.3084279277805361
0a2355a6,null_cut,0.0
0a2355a6,null_cut,0.21447466932867482
0a2355a6,null_cut,0.20131898786632235
0a2355a6,null_cut,0.4567036900887921
0a2355a6,null_cut,0.3923300020320322
0a2355a6,null_cut,0.3853082552086389
0a2355a6,null_cut,0.2562520871350882
0a2355a6,null_cut,0.34690565479043634
0a2355a6,null_cut,0.2345664694549966
0a2355a6,null_cut,0.0
0a2355a6,null_cut,0.0
0a2355a6,null_cut,0.4484288671971269
0a2355a6,null_cut,0.20481199592712782
0a2355a6,null_cut,0.20606740615546307
0a2355a6,null_cut,0.10537887635244042
0a2355a6,null_cut,0.3067551480458955
0a2355a6,null_cut,0.2864050994614793
0a2355a6,null_cut,0.4066424035579181
0a2355a6,null_cut,0.1697725992132212
0a2355a6,null_cut,0.17201466093424533
0a2355a6,null_cut,0.327118857745564
0a2355a6,null_len,0.3823686387436682
0a2355a6,null_len,0.34451940701816924
0a2355a6,null_len,0.5859180225207661
0a2355a6,null_len,0.3384760515332174
0a2355a6,null_len,0.35121106524634205
0a2355a6,null_len,0.22604658179623827
0a2355a6,null_len,0.3993537738325061
0a2355a6,null_len,0.2315176043071912
0a2355a6,null_len,0.31873447921864156
0a2355a6,null_len,0.3000039226454321
0a2355a6,null_len,0.0
0a2355a6,null_len,0.21160968383298898
0a2355a6,null_len,0.2427716706371054
0a2355a6,null_len,0.3535401063757884
0a2355a6,null_len,0.30960690441482974
0a2355a6,null_len,0.4131797993090969
0a2355a6,null_len,0.37741701500144853
0a2355a6,null_len,0.23349303908758007
0a2355a6,null_len,0.5459993371294121
0a2355a6,null_len,0.30418367927445644
0a2355a6,null_len,0.20072829611036633
0a2355a6,null_len,0.20215585792542853
0a2355a6,null_len,0.3385631048917901
0a2355a6,null_len,0.15473628573087025
0a2355a6,null_len,0.3479295625103829
0a2355a6,null_len,0.2696698932737652
0a2355a6,null_len,0.21840256944199343
0a2355a6,null_len,0.34635215727564883
0a2355a6,null_len,0.19362975762531434
0a2355a6,null_len,-0.0547945205479452
0a2355a6,null_len,0.43856821596432216
0a2355a6,null_len,0.2915181486640217
0a2355a6,null_len,0.27178198961534783
0a2355a6,null_len,0.5386514634584306
0a2355a6,null_len,0.3728108487371499
0a2355a6,null_len,0.4993247301243264
0a2355a6,null_len,0.2323747268948612
0a2355a6,null_len,0.34363888946851584
0a2355a6,null_len,0.17008697351705268
0a2355a6,null_len,0.3808074839863236
0a2355a6,null_len,0.2119057848678883
0a2355a6,null_len,0.421978150661872
0a2355a6,null_len,0.15945742474872215
0a2355a6,null_len,0.3081655638793659
0a2355a6,null_len,0.3846584590018588
0a2355a6,null_len,0.16480856844205977
0a2355a6,null_len,0.5516705196657417
0a2355a6,null_len,0.30504432861697994
0a2355a6,null_len,0.37996331520298565
0a2355a6,null_len,0.40377079187887505
0a938d79,real,1.0
0a938d79,real,0.8724173075141295
0a938d79,real,0.7769280090040638
0a938d79,real,1.0
0a938d79,real,0.8864452578524751
0a938d79,real,0.6255291963843015
0a938d79,real,0.8893288457731142
0a938d79,real,0.9113123677767477
0a938d79,real,0.9001304536889404
0a938d79,real,0.9755695417072955
0a938d79,real,0.939205203694453
0a938d79,real,1.0
0a938d79,real,0.9043440557166472
0a938d79,real,0.955477054635922
0a938d79,real,0.9426628989481987
0a938d79,real,0.6401180454596895
0a938d79,real,0.5016345088019238
0a938d79,real,0.8613434689003391
0a938d79,real,0.7366367538041357
0a938d79,real,0.8142051516537113
0a938d79,real,1.0
0a938d79,real,0.9780463713317685
0a938d79,real,0.897548372706827
0a938d79,real,0.8294745716175088
0a938d79,real,0.8718430951101558
0a938d79,real,0.8698354523643096
0a938d79,real,0.7406845312252248
0a938d79,real,0.9420248754203298
0a938d79,real,0.8359591617409995
0a938d79,real,0.9110721858578409
0a938d79,real,0.9269697623163827
0a938d79,real,0.6821371971926647
0a938d79,real,0.9190398035031329
0a938d79,real,0.8228736581337738
0a938d79,real,0.37338313145676644
0a938d79,real,0.9755695417072955
0a938d79,real,0.9766894278314104
0a938d79,real,0.7147821659670955
0a938d79,real,0.5462995657775445
0a938d79,real,0.9529149836887519
0a938d79,real,0.7321381071447571
0a938d79,real,0.9190398035031329
0a938d79,real,0.6467259498787389
0a938d79,real,0.7145469687014818
0a938d79,real,0.9529149836887519
0a938d79,real,1.0
0a938d79,real,0.9296459321768115
0a938d79,real,0.9507519702653405
0a938d79,real,1.0
0a938d79,real,0.9365057423598392
0a938d79,null_cut,0.31759685722026554
0a938d79,null_cut,0.5522978475858057
0a938d79,null_cut,0.24791787831298723
0a938d79,null_cut,0.47442718976899245
0a938d79,null_cut,0.3379985706104251
0a938d79,null_cut,0.31036100782836984
0a938d79,null_cut,0.41612720045428736
0a938d79,null_cut,0.35828689212917014
0a938d79,null_cut,0.3841770030170969
0a938d79,null_cut,0.5598161720356711
0a938d79,null_cut,0.33073610398922754
0a938d79,null_cut,0.2697440676273838
0a938d79,null_cut,0.507999242454819
0a938d79,null_cut,0.4590290773681342
0a938d79,null_cut,0.20172431702503377
0a938d79,null_cut,0.484811600338696
0a938d79,null_cut,0.63757840437429
0a938d79,null_cut,0.34555640969935997
0a938d79,null_cut,0.33187678825825145
0a938d79,null_cut,0.34905395398718175
0a938d79,null_cut,0.31900674200779766
0a938d79,null_cut,0.3255167196920818
0a938d79,null_cut,0.5697164115386961
0a938d79,null_cut,0.2559528426277825
0a938d79,null_cut,0.3265905634166296
0a938d79,null_cut,0.3021961543945212
0a938d79,null_cut,0.2046493294416863
0a938d79,null_cut,0.43778567585171757
0a938d79,null_cut,0.4061617148901415
0a938d79,null_cut,0.3507605645470266
0a938d79,null_cut,0.24805862408399867
0a938d79,null_cut,0.13922155688622753
0a938d79,null_cut,0.5096894782734037
0a938d79,null_cut,0.29037036566099034
0a938d79,null_cut,0.2923221862537454
0a938d79,null_cut,0.4177556836554754
0a938d79,null_cut,0.3040709674586096
0a938d79,null_cut,0.37971903977203786
0a938d79,null_cut,0.41246310265660874
0a938d79,null_cut,-0.20689655172413793
0a938d79,null_cut,0.5463873993725112
0a938d79,null_cut,0.39390477991087725
0a938d79,null_cut,0.15553396131039623
0a938d79,null_cut,0.22127437227027733
0a938d79,null_cut,0.46390073174783114
0a938d79,null_cut,0.25080850526493015
0a938d79,null_cut,0.27314177409837825
0a938d79,null_cut,0.15229908627110025
0a938d79,null_cut,0.4494355871057838
0a938d79,null_cut,0.2456103896103896
0a938d79,null_len,0.3688170313954225
0a938d79,null_len,0.49863110419458495
0a938d79,null_len,-0.2
0a938d79,null_len,0.4018653672496303
0a938d79,null_len,0.7135969141755063
0a938d79,null_len,0.293733107046326
0a938d79,null_len,0.4542075437206752
0a938d79,null_len,0.31720584025193244
0a938d79,null_len,0.4749175812413478
0a938d79,null_len,0.41640393393252084
0a938d79,null_len,0.548068476914166
0a938d79,null_len,0.654262909472958
0a938d79,null_len,0.4046762662208487
0a938d79,null_len,0.38146492578621033
0a938d79,null_len,0.4100937742224744
0a938d79,null_len,0.35135775737814134
0a938d79,null_len,0.28444668471435836
0a938d79,null_len,0.7795152434749154
0a938d79,null_len,0.4712268595067105
0a938d79,null_len,0.433193192559751
0a938d79,null_len,0.44548266105152334
0a938d79,null_len,0.7797722187641942
0a938d79,null_len,0.41492685905989735
0a938d79,null_len,0.42541916641742467
0a938d79,null_len,0.6276894920976757
0a938d79,null_len,0.469247651484688
0a938d79,null_len,0.36901813127752053
0a938d79,null_len,0.3739223816484205
0a938d79,null_len,0.7017420705953927
0a938d79,null_len,0.3742621015348288
0a938d79,null_len,0.47034177727095533
0a938d79,null_len,0.6476787229548714
0a938d79,null_len,0.6283780493743001
0a938d79,null_len,-0.05517241379310345
0a938d79,null_len,0.38263466756409986
0a938d79,null_len,0.4233212859045083
0a938d79,null_len,0.8316888468768918
0a938d79,null_len,0.46307482342463435
0a938d79,null_len,0.5650892488479043
0a938d79,null_len,0.3525945637711462
0a938d79,null_len,0.2951626606561898
0a938d79,null_len,0.5867713120256106
0a938d79,null_len,0.7220779327688894
0a938d79,null_len,0.5609577366065028
0a938d79,null_len,0.545494645234358
0a938d79,null_len,0.30071852192851395
0a938d79,null_len,0.7187856379722218
0a938d79,null_len,0.518450184501845
0a938d79,null_len,0.5474275808727219
0a938d79,null_len,0.5310973194242704
0b17323b,real,1.0
0b17323b,real,0.0
0b17323b,real,1.0
0b17323b,real,1.0
0b17323b,real,1.0
0b17323b,real,0.0
0b17323b,real,1.0
0b17323b,real,1.0
0b17323b,real,1.0
0b17323b,real,1.0
0b17323b,real,1.0
0b17323b,real,1.0
0b17323b,real,0.0
0b17323b,real,1.0
0b17323b,real,1.0
0b17323b,real,1.0
0b17323b,real,1.0
0b17323b,real,1.0
0b17323b,real,1.0
0b17323b,real,1.0
0b17323b,real,1.0
0b17323b,real,1.0
0b17323b,real,0.0
0b17323b,real,1.0
0b17323b,real,1.0
0b17323b,real,1.0
0b17323b,real,1.0
0b17323b,real,1.0
0b17323b,real,1.0
0b17323b,real,1.0
0b17323b,real,1.0
0b17323b,real,0.0
0b17323b,real,1.0
0b17323b,real,1.0
0b17323b,real,1.0
0b17323b,real,1.0
0b17323b,real,1.0
0b17323b,real,1.0
0b17323b,real,1.0
0b17323b,real,1.0
0b17323b,real,0.0
0b17323b,real,1.0
0b17323b,real,1.0
0b17323b,real,1.0
0b17323b,real,1.0
0b17323b,real,1.0
0b17323b,real,1.0
0b17323b,real,1.0
0b17323b,real,1.0
0b17323b,real,0.0
0b17323b,null_cut,1.0
0b17323b,null_cut,1.0
0b17323b,null_cut,1.0
0b17323b,null_cut,1.0
0b17323b,null_cut,1.0
0b17323b,null_cut,1.0
0b17323b,null_cut,1.0
0b17323b,null_cut,1.0
0b17323b,null_cut,1.0
0b17323b,null_cut,1.0
0b17323b,null_cut,1.0
0b17323b,null_cut,1.0
0b17323b,null_cut,0.0
0b17323b,null_cut,1.0
0b17323b,null_cut,1.0
0b17323b,null_cut,1.0
0b17323b,null_cut,1.0
0b17323b,null_cut,1.0
0b17323b,null_cut,1.0
0b17323b,null_cut,1.0
0b17323b,null_cut,1.0
0b17323b,null_cut,1.0
0b17323b,null_cut,1.0
0b17323b,null_cut,0.0
0b17323b,null_cut,1.0
0b17323b,null_cut,1.0
0b17323b,null_cut,1.0
0b17323b,null_cut,1.0
0b17323b,null_cut,1.0
0b17323b,null_cut,1.0
0b17323b,null_cut,0.0
0b17323b,null_cut,0.0
0b17323b,null_cut,1.0
0b17323b,null_cut,1.0
0b17323b,null_cut,1.0
0b17323b,null_cut,-0.5
0b17323b,null_cut,0.0
0b17323b,null_cut,0.0
0b17323b,null_cut,1.0
0b17323b,null_cut,0.0
0b17323b,null_cut,1.0
0b17323b,null_cut,1.0
0b17323b,null_cut,1.0
0b17323b,null_cut,1.0
0b17323b,null_cut,1.0
0b17323b,null_cut,1.0
0b17323b,null_cut,1.0
0b17323b,null_cut,0.0
0b17323b,null_cut,1.0
0b17323b,null_cut,1.0
0b17323b,null_len,1.0
0b17323b,null_len,1.0
0b17323b,null_len,1.0
0b17323b,null_len,1.0
0b17323b,null_len,1.0
0b17323b,null_len,1.0
0b17323b,null_len,1.0
0b17323b,null_len,0.0
0b17323b,null_len,1.0
0b17323b,null_len,1.0
0b17323b,null_len,1.0
0b17323b,null_len,1.0
0b17323b,null_len,1.0
0b17323b,null_len,1.0
0b17323b,null_len,1.0
0b17323b,null_len,1.0
0b17323b,null_len,0.0
0b17323b,null_len,1.0
0b17323b,null_len,1.0
0b17323b,null_len,1.0
0b17323b,null_len,1.0
0b17323b,null_len,1.0
0b17323b,null_len,1.0
0b17323b,null_len,1.0
0b17323b,null_len,1.0
0b17323b,null_len,1.0
0b17323b,null_len,1.0
0b17323b,null_len,1.0
0b17323b,null_len,1.0
0b17323b,null_len,1.0
0b17323b,null_len,1.0
0b17323b,null_len,1.0
0b17323b,null_len,1.0
0b17323b,null_len,1.0
0b17323b,null_len,1.0
0b17323b,null_len,1.0
0b17323b,null_len,1.0
0b17323b,null_len,1.0
0b17323b,null_len,0.0
0b17323b,null_len,1.0
0b17323b,null_len,1.0
0b17323b,null_len,1.0
0b17323b,null_len,1.0
0b17323b,null_len,1.0
0b17323b,null_len,1.0
0b17323b,null_len,1.0
0b17323b,null_len,1.0
0b17323b,null_len,1.0
0b17323b,null_len,1.0
0b17323b,null_len,1.0
0ca9ddb6,real,0.5217391304347826
0ca9ddb6,real,1.0
0ca9ddb6,real,-0.15384615384615385
0ca9ddb6,real,1.0
0ca9ddb6,real,0.4043321299638989
0ca9ddb6,real,1.0
0ca9ddb6,real,0.8791208791208791
0ca9ddb6,real,1.0
0ca9ddb6,real,0.8433734939759037
0ca9ddb6,real,0.64
0ca9ddb6,real,0.7441860465116279
0ca9ddb6,real,0.0
0ca9ddb6,real,1.0
0ca9ddb6,real,0.5217391304347826
0ca9ddb6,real,0.5217391304347826
0ca9ddb6,real,1.0
0ca9ddb6,real,0.5217391304347826
0ca9ddb6,real,0.029411764705882353
0ca9ddb6,real,0.49391727493917276
0ca9ddb6,real,0.5217391304347826
0ca9ddb6,real,0.5217391304347826
0ca9ddb6,real,1.0
0ca9ddb6,real,0.5714285714285714
0ca9ddb6,real,0.5217391304347826
0ca9ddb6,real,1.0
0ca9ddb6,real,1.0
0ca9ddb6,real,0.5217391304347826
0ca9ddb6,real,0.5217391304347826
0ca9ddb6,real,1.0
0ca9ddb6,real,0.43360433604336046
0ca9ddb6,real,0.7908745247148289
0ca9ddb6,real,1.0
0ca9ddb6,real,0.5217391304347826
0ca9ddb6,real,0.5957446808510638
0ca9ddb6,real,0.8791208791208791
0ca9ddb6,real,0.029411764705882353
0ca9ddb6,real,0.5217391304347826
0ca9ddb6,real,1.0
0ca9ddb6,real,1.0
0ca9ddb6,real,1.0
0ca9ddb6,real,1.0
0ca9ddb6,real,0.029411764705882353
0ca9ddb6,real,1.0
0ca9ddb6,real,0.5217391304347826
0ca9ddb6,real,0.8488372093023255
0ca9ddb6,real,0.5217391304347826
0ca9ddb6,real,0.5217391304347826
0ca9ddb6,real,0.7441860465116279
0ca9ddb6,real,0.5217391304347826
0ca9ddb6,real,0.4043321299638989
0ca9ddb6,null_cut,0.14006514657980457
0ca9ddb6,null_cut,0.6935933147632312
0ca9ddb6,null_cut,0.021013597033374538
0ca9ddb6,null_cut,0.34312796208530805
0ca9ddb6,null_cut,0.08839779005524862
0ca9ddb6,null_cut,0.10551790900290416
0ca9ddb6,null_cut,-0.11570247933884298
0ca9ddb6,null_cut,0.3550488599348534
0ca9ddb6,null_cut,0.40499306518723993
0ca9ddb6,null_cut,0.2657601977750309
0ca9ddb6,null_cut,0.10116731517509728
0ca9ddb6,null_cut,-0.12534562211981568
0ca9ddb6,null_cut,0.33164556962025316
0ca9ddb6,null_cut,0.07588075880758807
0ca9ddb6,null_cut,0.5686274509803921
0ca9ddb6,null_cut,-0.08242220353238015
0ca9ddb6,null_cut,0.09144542772861357
0ca9ddb6,null_cut,-0.0784313725490196
0ca9ddb6,null_cut,0.24398625429553264
0ca9ddb6,null_cut,0.25339366515837103
0ca9ddb6,null_cut,0.3232810615199035
0ca9ddb6,null_cut,0.17168141592920355
0ca9ddb6,null_cut,-0.022222222222222223
0ca9ddb6,null_cut,0.23636363636363636
0ca9ddb6,null_cut,0.18446601941747573
0ca9ddb6,null_cut,0.0
0ca9ddb6,null_cut,0.26666666666666666
0ca9ddb6,null_cut,0.0
0ca9ddb6,null_cut,0.25339366515837103
0ca9ddb6,null_cut,-0.16406890894175555
0ca9ddb6,null_cut,-0.06566200215285253
0ca9ddb6,null_cut,-0.05319148936170213
0ca9ddb6,null_cut,0.27761194029850744
0ca9ddb6,null_cut,0.08875739644970414
0ca9ddb6,null_cut,0.3076923076923077
0ca9ddb6,null_cut,0.3155996393146979
0ca9ddb6,null_cut,0.22440537745604963
0ca9ddb6,null_cut,0.4444444444444444
0ca9ddb6,null_cut,-0.17743490838958534
0ca9ddb6,null_cut,0.019498607242339833
0ca9ddb6,null_cut,-0.0029651593773165306
0ca9ddb6,null_cut,0.058394160583941604
0ca9ddb6,null_cut,0.0
0ca9ddb6,null_cut,-0.0425531914893617
0ca9ddb6,null_cut,1.0
0ca9ddb6,null_cut,-0.03802281368821293
0ca9ddb6,null_cut,0.17573595004460305
0ca9ddb6,null_cut,0.2536873156342183
0ca9ddb6,null_cut,-0.0784313725490196
0ca9ddb6,null_cut,0.16494845360824742
0ca9ddb6,null_len,0.0
0ca9ddb6,null_len,0.5217391304347826
0ca9ddb6,null_len,0.22980251346499103
0ca9ddb6,null_len,0.5217391304347826
0ca9ddb6,null_len,0.5217391304347826
0ca9ddb6,null_len,0.22702702702702704
0ca9ddb6,null_len,0.5217391304347826
0ca9ddb6,null_len,0.3751127141568981
0ca9ddb6,null_len,0.5217391304347826
0ca9ddb6,null_len,0.2587601078167116
0ca9ddb6,null_len,0.2889733840304182
0ca9ddb6,null_len,1.0
0ca9ddb6,null_len,0.49469964664310956
0ca9ddb6,null_len,0.11719745222929936
0ca9ddb6,null_len,0.06575342465753424
0ca9ddb6,null_len,0.9042089985486212
0ca9ddb6,null_len,1.0
0ca9ddb6,null_len,0.7441860465116279
0ca9ddb6,null_len,0.5686274509803921
0ca9ddb6,null_len,0.43360433604336046
0ca9ddb6,null_len,1.0
0ca9ddb6,null_len,0.029411764705882353
0ca9ddb6,null_len,0.5074626865671642
0ca9ddb6,null_len,0.6046082949308755
0ca9ddb6,null_len,0.3569230769230769
0ca9ddb6,null_len,0.60431654676259
0ca9ddb6,null_len,0.5217391304347826
0ca9ddb6,null_len,0.2857142857142857
0ca9ddb6,null_len,0.43360433604336046
0ca9ddb6,null_len,0.835820895522388
0ca9ddb6,null_len,0.835820895522388
0ca9ddb6,null_len,1.0
0ca9ddb6,null_len,0.18331805682859761
0ca9ddb6,null_len,0.5217391304347826
0ca9ddb6,null_len,0.24899598393574296
0ca9ddb6,null_len,-0.08641975308641975
0ca9ddb6,null_len,0.3222748815165877
0ca9ddb6,null_len,0.3790322580645161
0ca9ddb6,null_len,0.6907630522088354
0ca9ddb6,null_len,0.19657348963029755
0ca9ddb6,null_len,-0.08010335917312661
0ca9ddb6,null_len,0.3751127141568981
0ca9ddb6,null_len,0.36231884057971014
0ca9ddb6,null_len,0.1758957654723127
0ca9ddb6,null_len,1.0
0ca9ddb6,null_len,0.27363896848137537
0ca9ddb6,null_len,0.6057347670250897
0ca9ddb6,null_len,1.0
0ca9ddb6,null_len,0.3473423980222497
0ca9ddb6,null_len,1.0
0d3d703e,real,1.0
0d3d703e,real,0.6521739130434783
0d3d703e,real,1.0
0d3d703e,real,1.0
0d3d703e,real,1.0
0d3d703e,real,1.0
0d3d703e,real,1.0
0d3d703e,real,1.0
0d3d703e,real,1.0
0d3d703e,real,1.0
0d3d703e,real,1.0
0d3d703e,real,0.5333333333333333
0d3d703e,real,1.0
0d3d703e,real,0.0
0d3d703e,real,1.0
0d3d703e,real,1.0
0d3d703e,real,1.0
0d3d703e,real,1.0
0d3d703e,real,1.0
0d3d703e,real,0.84
0d3d703e,real,1.0
0d3d703e,real,1.0
0d3d703e,real,1.0
0d3d703e,real,1.0
0d3d703e,real,0.84
0d3d703e,real,1.0
0d3d703e,real,1.0
0d3d703e,real,1.0
0d3d703e,real,1.0
0d3d703e,real,1.0
0d3d703e,real,1.0
0d3d703e,real,1.0
0d3d703e,real,1.0
0d3d703e,real,1.0
0d3d703e,real,1.0
0d3d703e,real,1.0
0d3d703e,real,1.0
0d3d703e,real,1.0
0d3d703e,real,1.0
0d3d703e,real,1.0
0d3d703e,real,1.0
0d3d703e,real,1.0
0d3d703e,real,1.0
0d3d703e,real,1.0
0d3d703e,real,1.0
0d3d703e,real,0.8226600985221675
0d3d703e,real,1.0
0d3d703e,real,1.0
0d3d703e,real,0.84
0d3d703e,real,1.0
0d3d703e,null_cut,0.23255813953488372
0d3d703e,null_cut,-0.038461538461538464
0d3d703e,null_cut,0.03678929765886288
0d3d703e,null_cut,0.03678929765886288
0d3d703e,null_cut,0.176056338028169
0d3d703e,null_cut,-0.0851063829787234
0d3d703e,null_cut,0.5833333333333334
0d3d703e,null_cut,0.3076923076923077
0d3d703e,null_cut,0.0
0d3d703e,null_cut,0.2773722627737226
0d3d703e,null_cut,-0.15384615384615385
0d3d703e,null_cut,0.22580645161290322
0d3d703e,null_cut,0.2987012987012987
0d3d703e,null_cut,0.024096385542168676
0d3d703e,null_cut,0.176056338028169
0d3d703e,null_cut,0.1
0d3d703e,null_cut,0.14285714285714285
0d3d703e,null_cut,0.6428571428571429
0d3d703e,null_cut,-0.21052631578947367
0d3d703e,null_cut,0.03678929765886288
0d3d703e,null_cut,0.07407407407407407
0d3d703e,null_cut,0.029411764705882353
0d3d703e,null_cut,-0.026845637583892617
0d3d703e,null_cut,0.4155844155844156
0d3d703e,null_cut,0.27759197324414714
0d3d703e,null_cut,0.24299065420560748
0d3d703e,null_cut,0.06493506493506493
0d3d703e,null_cut,0.03678929765886288
0d3d703e,null_cut,0.6181818181818182
0d3d703e,null_cut,0.1206896551724138
0d3d703e,null_cut,0.25
0d3d703e,null_cut,-0.02564102564102564
0d3d703e,null_cut,-0.125
0d3d703e,null_cut,0.08695652173913043
0d3d703e,null_cut,-0.08620689655172414
0d3d703e,null_cut,0.5987261146496815
0d3d703e,null_cut,0.19230769230769232
0d3d703e,null_cut,0.38636363636363635
0d3d703e,null_cut,-0.011235955056179775
0d3d703e,null_cut,0.375
0d3d703e,null_cut,0.01098901098901099
0d3d703e,null_cut,0.32653061224489793
0d3d703e,null_cut,0.6181818181818182
0d3d703e,null_cut,0.0967741935483871
0d3d703e,null_cut,0.0
0d3d703e,null_cut,0.34782608695652173
0d3d703e,null_cut,0.40789473684210525
0d3d703e,null_cut,0.176056338028169
0d3d703e,null_cut,-0.08917197452229299
0d3d703e,null_cut,0.625
0d3d703e,null_len,1.0
0d3d703e,null_len,1.0
0d3d703e,null_len,1.0
0d3d703e,null_len,1.0
0d3d703e,null_len,1.0
0d3d703e,null_len,1.0
0d3d703e,null_len,0.22580645161290322
0d3d703e,null_len,1.0
0d3d703e,null_len,0.52
0d3d703e,null_len,1.0
0d3d703e,null_len,1.0
0d3d703e,null_len,1.0
0d3d703e,null_len,1.0
0d3d703e,null_len,1.0
0d3d703e,null_len,1.0
0d3d703e,null_len,0.5
0d3d703e,null_len,1.0
0d3d703e,null_len,0.4074074074074074
0d3d703e,null_len,0.15
0d3d703e,null_len,1.0
0d3d703e,null_len,1.0
0d3d703e,null_len,1.0
0d3d703e,null_len,0.84
0d3d703e,null_len,1.0
0d3d703e,null_len,0.84
0d3d703e,null_len,0.84
0d3d703e,null_len,0.18181818181818182
0d3d703e,null_len,1.0
0d3d703e,null_len,1.0
0d3d703e,null_len,0.84
0d3d703e,null_len,1.0
0d3d703e,null_len,1.0
0d3d703e,null_len,1.0
0d3d703e,null_len,0.22580645161290322
0d3d703e,null_len,1.0
0d3d703e,null_len,1.0
0d3d703e,null_len,0.52
0d3d703e,null_len,0.52
0d3d703e,null_len,1.0
0d3d703e,null_len,1.0
0d3d703e,null_len,0.5
0d3d703e,null_len,1.0
0d3d703e,null_len,1.0
0d3d703e,null_len,1.0
0d3d703e,null_len,1.0
0d3d703e,null_len,1.0
0d3d703e,null_len,0.42857142857142855
0d3d703e,null_len,1.0
0d3d703e,null_len,1.0
0d3d703e,null_len,1.0
0d87d2a6,real,0.6616532860083274
0d87d2a6,real,0.30788482278382456
0d87d2a6,real,0.8073412521399881
0d87d2a6,real,0.4799315252734093
0d87d2a6,real,0.8168766336396228
0d87d2a6,real,0.7809984473114193
0d87d2a6,real,0.8354308408476838
0d87d2a6,real,0.2797811191628032
0d87d2a6,real,0.8799567562187129
0d87d2a6,real,1.0
0d87d2a6,real,0.3916989170438836
0d87d2a6,real,0.32207851481617694
0d87d2a6,real,0.4373953047307659
0d87d2a6,real,0.744706683278923
0d87d2a6,real,0.8367659126653854
0d87d2a6,real,0.7612929286265137
0d87d2a6,real,0.5028950317732386
0d87d2a6,real,0.6732643613730794
0d87d2a6,real,0.698891324453524
0d87d2a6,real,0.5948844898298493
0d87d2a6,real,0.47135296799354914
0d87d2a6,real,0.68797630849643
0d87d2a6,real,0.7182559095535653
0d87d2a6,real,0.6514004765486072
0d87d2a6,real,0.4640615155375481
0d87d2a6,real,0.5841418172597522
0d87d2a6,real,0.5209370789968848
0d87d2a6,real,0.6408920988523318
0d87d2a6,real,0.5056197072141873
0d87d2a6,real,0.5936186906263993
0d87d2a6,real,0.5195700066477444
0d87d2a6,real,0.5979277783466499
0d87d2a6,real,0.3284585923796278
0d87d2a6,real,0.6901694329097615
0d87d2a6,real,0.55176580002559
0d87d2a6,real,0.2851970673237078
0d87d2a6,real,0.5454352783218025
0d87d2a6,real,0.45262189512419504
0d87d2a6,real,0.4776993552741341
0d87d2a6,real,0.5747025884766743
0d87d2a6,real,0.6063181890294621
0d87d2a6,real,0.8014200924070258
0d87d2a6,real,0.4095632519742554
0d87d2a6,real,0.743263523402834
0d87d2a6,real,1.0
0d87d2a6,real,0.7390411872285301
0d87d2a6,real,0.539256043005902
0d87d2a6,real,0.4095890723061081
0d87d2a6,real,0.5206746417054923
0d87d2a6,real,0.5157776828250478
0d87d2a6,null_cut,0.26478223056507616
0d87d2a6,null_cut,0.38159708519847785
0d87d2a6,null_cut,0.18145810508633742
0d87d2a6,null_cut,0.2937321871510115
0d87d2a6,null_cut,0.23777214218864395
0d87d2a6,null_cut,0.29473279260579627
0d87d2a6,null_cut,0.15566218273735816
0d87d2a6,null_cut,0.27738020846251893
0d87d2a6,null_cut,0.1499539210953614
0d87d2a6,null_cut,0.2803587377833741
0d87d2a6,null_cut,0.35334523757128394
0d87d2a6,null_cut,0.25670658774694444
0d87d2a6,null_cut,0.17784164258148932
0d87d2a6,null_cut,0.22512644812260432
0d87d2a6,null_cut,0.26952406485548264
0d87d2a6,null_cut,0.20030252309447966
0d87d2a6,null_cut,0.3157792455321662
0d87d2a6,null_cut,0.23706707808582927
0d87d2a6,null_cut,0.2391839972846256
0d87d2a6,null_cut,0.2537710954060592
0d87d2a6,null_cut,0.3415617091439423
0d87d2a6,null_cut,0.11687604371488412
0d87d2a6,null_cut,0.11752961597341119
0d87d2a6,null_cut,0.20173735437994855
0d87d2a6,null_cut,0.26899800659867906
0d87d2a6,null_cut,0.22969128554969148
0d87d2a6,null_cut,0.1991669741935939
0d87d2a6,null_cut,0.30051119578335184
0d87d2a6,null_cut,0.2267441032606324
0d87d2a6,null_cut,0.27826433742584916
0d87d2a6,null_cut,0.18887793857114366
0d87d2a6,null_cut,0.2842817816656443
0d87d2a6,null_cut,0.0
0d87d2a6,null_cut,0.2574034561185491
0d87d2a6,null_cut,0.22257213436772758
0d87d2a6,null_cut,0.2676664851938591
0d87d2a6,null_cut,0.30538647639965244
0d87d2a6,null_cut,0.24992017271702652
0d87d2a6,null_cut,0.2601179234924678
0d87d2a6,null_cut,0.27453532409899917
0d87d2a6,null_cut,0.34138854766684357
0d87d2a6,null_cut,0.3022157629498128
0d87d2a6,null_cut,0.24639485841972641
0d87d2a6,null_cut,0.22910626397054518
0d87d2a6,null_cut,0.2901944019376493
0d87d2a6,null_cut,0.1995609904337103
0d87d2a6,null_cut,0.26962673419951555
0d87d2a6,null_cut,0.3406447087030478
0d87d2a6,null_cut,0.24343890410558416
0d87d2a6,null_cut,0.2839231961177019
0d87d2a6,null_len,0.3567588771980722
0d87d2a6,null_len,0.23052255477800299
0d87d2a6,null_len,0.12993231663677343
0d87d2a6,null_len,0.22436805520908767
0d87d2a6,null_len,0.18834599092473214
0d87d2a6,null_len,0.17652002060655347
0d87d2a6,null_len,0.24250388153198824
0d87d2a6,null_len,0.22141976831448432
0d87d2a6,null_len,0.24572085957631842
0d87d2a6,null_len,0.38527996266680087
0d87d2a6,null_len,0.18373927718010274
0d87d2a6,null_len,0.22062455143652318
0d87d2a6,null_len,0.23980074035666427
0d87d2a6,null_len,0.20095056681629855
0d87d2a6,null_len,0.14591717649455602
0d87d2a6,null_len,0.11862372853545546
0d87d2a6,null_len,0.2609834731015125
0d87d2a6,null_len,0.25772472888558623
0d87d2a6,null_len,0.3922641309886644
0d87d2a6,null_len,0.34083492936531773
0d87d2a6,null_len,0.3225451806206864
0d87d2a6,null_len,0.1926543808954249
0d87d2a6,null_len,0.1871440921257945
0d87d2a6,null_len,0.2352627364116488
0d87d2a6,null_len,0.1719963330263119
0d87d2a6,null_len,0.2987012927758273
0d87d2a6,null_len,0.18898439276030485
0d87d2a6,null_len,0.14455344042737295
0d87d2a6,null_len,0.3354444821418347
0d87d2a6,null_len,0.23962965279672918
0d87d2a6,null_len,0.1845518891020025
0d87d2a6,null_len,0.2031775243119224
0d87d2a6,null_len,0.12922719979183833
0d87d2a6,null_len,0.2103008252732301
0d87d2a6,null_len,0.19386076427278112
0d87d2a6,null_len,0.18477611338267247
0d87d2a6,null_len,0.2693614408731894
0d87d2a6,null_len,0.21661820575024943
0d87d2a6,null_len,0.1499742897079166
0d87d2a6,null_len,0.19327616025191136
0d87d2a6,null_len,0.2651220910397221
0d87d2a6,null_len,0.12561699190812475
0d87d2a6,null_len,0.26606515851637724
0d87d2a6,null_len,0.2859043521679824
0d87d2a6,null_len,0.11695085837640827
0d87d2a6,null_len,0.24167145283318647
0d87d2a6,null_len,0.26019907030842765
0d87d2a6,null_len,0.2593672041423189
0d87d2a6,null_len,0.28287016647582136
0d87d2a6,null_len,0.2806197904566549
0e671a1a,real,0.5835566513023904
0e671a1a,real,0.17551126067822936
0e671a1a,real,0.45007578628268285
0e671a1a,real,0.40869565217391307
0e671a1a,real,1.0
0e671a1a,real,0.6210808255868915
0e671a1a,real,0.6545985401459854
0e671a1a,real,0.6012042612320518
0e671a1a,real,0.0
0e671a1a,real,0.36403508771929827
0e671a1a,real,0.965978273845052
0e671a1a,real,0.2953020134228188
0e671a1a,real,0.6145540919887713
0e671a1a,real,0.41825095057034223
0e671a1a,real,0.5315985130111525
0e671a1a,real,0.5008643042350908
0e671a1a,real,0.013452914798206279
0e671a1a,real,0.4997043169722058
0e671a1a,real,0.6799085452986567
0e671a1a,real,0.1288550666590376
0e671a1a,real,0.7407407407407407
0e671a1a,real,0.5486077186126038
0e671a1a,real,0.3255416191562144
0e671a1a,real,0.5854483925549916
0e671a1a,real,0.6432616081540203
0e671a1a,real,0.42727272727272725
0e671a1a,real,0.6615438351379672
0e671a1a,real,0.465799886941775
0e671a1a,real,0.2661290322580645
0e671a1a,real,0.4141145139813582
0e671a1a,real,0.3219466541881142
0e671a1a,real,0.7058823529411765
0e671a1a,real,0.7034990791896869
0e671a1a,real,0.146671826625387
0e671a1a,real,0.07983609807679598
0e671a1a,real,0.31226765799256506
0e671a1a,real,0.24315233061028352
0e671a1a,real,0.38523936170212764
0e671a1a,real,1.0
0e671a1a,real,0.3027986684749106
0e671a1a,real,1.0
0e671a1a,real,0.13953488372093023
0e671a1a,real,0.40029761904761907
0e671a1a,real,0.375
0e671a1a,real,0.6056812710640347
0e671a1a,real,0.7976135842129417
0e671a1a,real,0.6136154553817847
0e671a1a,real,0.8108108108108109
0e671a1a,real,0.5380512299486138
0e671a1a,real,0.0
0e671a1a,null_cut,0.17739756866276452
0e671a1a,null_cut,0.38562421185372003
0e671a1a,null_cut,0.39790575916230364
0e671a1a,null_cut,0.3542728297632469
0e671a1a,null_cut,0.52
0e671a1a,null_cut,0.45149253731343286
0e671a1a,null_cut,0.12098298676748583
0e671a1a,null_cut,0.12582781456953643
0e671a1a,null_cut,0.36397155649196733
0e671a1a,null_cut,0.2568888888888889
0e671a1a,null_cut,0.37906737392130474
0e671a1a,null_cut,0.05210573787552904
0e671a1a,null_cut,0.4157303370786517
0e671a1a,null_cut,0.0
0e671a1a,null_cut,0.18845456898783328
0e671a1a,null_cut,-0.06500691562932227
0e671a1a,null_cut,-0.16220981486923303
0e671a1a,null_cut,0.5251798561151079
0e671a1a,null_cut,-0.0797872340425532
0e671a1a,null_cut,0.13793103448275862
0e671a1a,null_cut,0.12055837563451777
0e671a1a,null_cut,0.34375
0e671a1a,null_cut,0.5614035087719298
0e671a1a,null_cut,0.3530019812214661
0e671a1a,null_cut,0.34200869417941626
0e671a1a,null_cut,0.09210526315789473
0e671a1a,null_cut,0.19285042333019756
0e671a1a,null_cut,-0.06060606060606061
0e671a1a,null_cut,-0.05560853199498118
0e671a1a,null_cut,0.0
0e671a1a,null_cut,0.05528086244629975
0e671a1a,null_cut,0.11903513371788149
0e671a1a,null_cut,0.3976286622562076
0e671a1a,null_cut,0.36833936885669943
0e671a1a,null_cut,-0.053164556962025315
0e671a1a,null_cut,0.07496977025392987
0e671a1a,null_cut,0.24705065926439973
0e671a1a,null_cut,0.17918313570487485
0e671a1a,null_cut,0.23317683881064163
0e671a1a,null_cut,0.0
0e671a1a,null_cut,0.26153846153846155
0e671a1a,null_cut,-0.01500890358687357
0e671a1a,null_cut,0.40655105973025046
0e671a1a,null_cut,0.5218390804597701
0e671a1a,null_cut,0.10585615092362112
0e671a1a,null_cut,1.0
0e671a1a,null_cut,0.08376963350785341
0e671a1a,null_cut,0.30205264880534904
0e671a1a,null_cut,0.27204853009799346
0e671a1a,null_cut,-0.008488564017920301
0e671a1a,null_len,-0.22057834566240753
0e671a1a,null_len,0.2938894277400582
0e671a1a,null_len,0.31906614785992216
0e671a1a,null_len,0.2723735408560311
0e671a1a,null_len,0.3497353901587659
0e671a1a,null_len,-0.20278330019880716
0e671a1a,null_len,0.5060339537737779
0e671a1a,null_len,0.09302325581395349
0e671a1a,null_len,0.32432432432432434
0e671a1a,null_len,0.5935483870967742
0e671a1a,null_len,0.3181818181818182
0e671a1a,null_len,0.12408759124087591
0e671a1a,null_len,0.4501863861512536
0e671a1a,null_len,0.08360128617363344
0e671a1a,null_len,0.40020682523267836
0e671a1a,null_len,0.5686900958466453
0e671a1a,null_len,0.6169154228855721
0e671a1a,null_len,0.2740174672489083
0e671a1a,null_len,0.6509372979961215
0e671a1a,null_len,0.07692307692307693
0e671a1a,null_len,0.4053358296278961
0e671a1a,null_len,-0.05365193868349865
0e671a1a,null_len,0.23085727366372896
0e671a1a,null_len,0.08360128617363344
0e671a1a,null_len,0.12213507181419986
0e671a1a,null_len,0.240937036251855
0e671a1a,null_len,0.17831190609278927
0e671a1a,null_len,0.5
0e671a1a,null_len,-0.018734292894676718
0e671a1a,null_len,0.15819633630812588
0e671a1a,null_len,0.6495132127955494
0e671a1a,null_len,0.26905499816147505
0e671a1a,null_len,-0.08247422680412371
0e671a1a,null_len,0.4177449168207024
0e671a1a,null_len,0.4144981412639405
0e671a1a,null_len,0.17721518987341772
0e671a1a,null_len,0.1732283464566929
0e671a1a,null_len,0.2620185549620467
0e671a1a,null_len,0.43463278052982984
0e671a1a,null_len,0.14953271028037382
0e671a1a,null_len,0.06496612196094062
0e671a1a,null_len,0.4586518415566366
0e671a1a,null_len,0.02788123869319996
0e671a1a,null_len,0.26047904191616766
0e671a1a,null_len,0.0
0e671a1a,null_len,0.4629599076060056
0e671a1a,null_len,0.1732283464566929
0e671a1a,null_len,0.36321363988633426
0e671a1a,null_len,-0.19408642911296436
0e671a1a,null_len,0.0
12eac192,real,0.18791946308724833
12eac192,real,0.19230769230769232
12eac192,real,0.5263157894736842
12eac192,real,0.15789473684210525
12eac192,real,-0.36363636363636365
12eac192,real,0.12845616897833378
12eac192,real,0.0
12eac192,real,0.5131086142322098
12eac192,real,0.045454545454545456
12eac192,real,0.5246913580246914
12eac192,real,0.0
12eac192,real,0.27807486631016043
12eac192,real,-0.12903225806451613
12eac192,real,0.7219101123595506
12eac192,real,1.0
12eac192,real,0.054243777919591576
12eac192,real,0.0
12eac192,real,1.0
12eac192,real,0.2809083263246426
12eac192,real,0.22019289965113892
12eac192,real,0.04139433551198257
12eac192,real,0.7683235046335299
12eac192,real,-0.08695652173913043
12eac192,real,-0.25
12eac192,real,0.0
12eac192,real,0.18803418803418803
12eac192,real,0.27125506072874495
12eac192,real,0.58683314415437
12eac192,real,0.2544951590594744
12eac192,real,0.059506531204644414
12eac192,real,0.340878828229028
12eac192,real,0.06666666666666667
12eac192,real,0.5401459854014599
12eac192,real,0.2608695652173913
12eac192,real,0.5263157894736842
12eac192,real,0.2465753424657534
12eac192,real,0.3213659437009691
12eac192,real,0.7375
12eac192,real,1.0
12eac192,real,0.0
12eac192,real,1.0
12eac192,real,0.17570093457943925
12eac192,real,0.45955882352941174
12eac192,real,0.0
12eac192,real,0.39443436176648516
12eac192,real,0.28971530865623374
12eac192,real,-0.12844036697247707
12eac192,real,0.1424272818455366
12eac192,real,0.47075208913649025
12eac192,real,-0.13989637305699482
12eac192,null_cut,0.0
12eac192,null_cut,1.0
12eac192,null_cut,-0.05373379480260456
12eac192,null_cut,-0.010362694300518135
12eac192,null_cut,0.24068625006234104
12eac192,null_cut,0.05017103762827822
12eac192,null_cut,-0.026845637583892617
12eac192,null_cut,0.5593978844589097
12eac192,null_cut,0.10506741050674105
12eac192,null_cut,-0.0007022471910112359
12eac192,null_cut,0.29475587703435807
12eac192,null_cut,0.005891016200294551
12eac192,null_cut,0.22730989370400653
12eac192,null_cut,0.13778809484330956
12eac192,null_cut,0.0
12eac192,null_cut,0.21577946768060838
12eac192,null_cut,0.5454545454545454
12eac192,null_cut,1.0
12eac192,null_cut,0.16243654822335024
12eac192,null_cut,-0.10038610038610038
12eac192,null_cut,0.38876651982378857
12eac192,null_cut,0.3050872968091511
12eac192,null_cut,0.2466765140324963
12eac192,null_cut,0.029480580252690687
12eac192,null_cut,0.1
12eac192,null_cut,0.24017003188097769
12eac192,null_cut,0.12280701754385964
12eac192,null_cut,0.11097457226580962
12eac192,null_cut,0.03166291177007855
12eac192,null_cut,-0.007380073800738007
12eac192,null_cut,1.0
12eac192,null_cut,0.07042253521126761
12eac192,null_cut,-0.11702127659574468
12eac192,null_cut,0.09
12eac192,null_cut,-0.024844720496894408
12eac192,null_cut,0.07857142857142857
12eac192,null_cut,0.06625980819529206
12eac192,null_cut,0.16
12eac192,null_cut,0.22955336426914152
12eac192,null_cut,0.01288763592428514
12eac192,null_cut,0.17630057803468208
12eac192,null_cut,0.0
12eac192,null_cut,0.503731343283582
12eac192,null_cut,0.13272087568412821
12eac192,null_cut,0.11831043674389993
12eac192,null_cut,1.0
12eac192,null_cut,0.42097488921713444
12eac192,null_cut,-0.2
12eac192,null_cut,0.0
12eac192,null_cut,0.0
12eac192,null_len,0.1771939204154892
12eac192,null_len,0.0836852207293666
12eac192,null_len,0.17894736842105263
12eac192,null_len,0.02809123649459784
12eac192,null_len,0.37885106955468856
12eac192,null_len,-0.08284762697751874
12eac192,null_len,0.20958083832335328
12eac192,null_len,0.027123695976154993
12eac192,null_len,0.14864864864864866
12eac192,null_len,0.03530895334174023
12eac192,null_len,1.0
12eac192,null_len,-0.04083519531550967
12eac192,null_len,-0.007751937984496124
12eac192,null_len,0.12846470711443134
12eac192,null_len,0.1554524361948956
12eac192,null_len,0.12485116516414356
12eac192,null_len,0.0025188916876574307
12eac192,null_len,-0.2
12eac192,null_len,-0.0068846815834767644
12eac192,null_len,-0.15384615384615385
12eac192,null_len,-0.02247191011235955
12eac192,null_len,0.05534351145038168
12eac192,null_len,0.37917222963951935
12eac192,null_len,0.0
12eac192,null_len,0.0
12eac192,null_len,0.34782608695652173
12eac192,null_len,0.0407248271997011
12eac192,null_len,0.32806841821403804
12eac192,null_len,0.0
12eac192,null_len,-0.15384615384615385
12eac192,null_len,0.25
12eac192,null_len,0.16604616530156366
12eac192,null_len,0.0975609756097561
12eac192,null_len,0.3181818181818182
12eac192,null_len,0.0
12eac192,null_len,-0.0652395514780836
12eac192,null_len,0.09843400447427293
12eac192,null_len,-0.040611028315946346
12eac192,null_len,0.29906542056074764
12eac192,null_len,1.0
12eac192,null_len,0.0
12eac192,null_len,-0.15384615384615385
12eac192,null_len,0.22350041084634348
12eac192,null_len,0.2013954365453517
12eac192,null_len,0.01098901098901099
12eac192,null_len,0.5059288537549407
12eac192,null_len,-0.05956112852664577
12eac192,null_len,0.16362827923521564
12eac192,null_len,0.0
12eac192,null_len,0.0
1a07d186,real,0.04268449472872204
1a07d186,real,0.03873161357084781
1a07d186,real,0.2881931346661637
1a07d186,real,0.0006220839813374805
1a07d186,real,1.0
1a07d186,real,-0.02952029520295203
1a07d186,real,1.0
1a07d186,real,0.0
1a07d186,real,0.16401523638807977
1a07d186,real,0.0030864197530864196
1a07d186,real,0.20703764320785598
1a07d186,real,0.0
1a07d186,real,0.2751725779576291
1a07d186,real,0.7985327313769752
1a07d186,real,0.14465408805031446
1a07d186,real,1.0
1a07d186,real,0.16010548125824073
1a07d186,real,0.172485003441833
1a07d186,real,0.5118059987236758
1a07d186,real,0.0
1a07d186,real,0.0
1a07d186,real,-0.02574146614437605
1a07d186,real,0.04918032786885246
1a07d186,real,0.006007646095030038
1a07d186,real,0.23219234514268594
1a07d186,real,0.029651593773165306
1a07d186,real,0.1163114917347142
1a07d186,real,0.2010443864229765
1a07d186,real,0.0
1a07d186,real,0.0
1a07d186,real,0.0
1a07d186,real,0.005302026131414505
1a07d186,real,1.0
1a07d186,real,-0.024345709068776627
1a07d186,real,0.03530895334174023
1a07d186,real,0.2088666610155124
1a07d186,real,0.0
1a07d186,real,0.20010816657652786
1a07d186,real,0.0
1a07d186,real,0.38881491344873503
1a07d186,real,0.0
1a07d186,real,0.0
1a07d186,real,0.032116788321167884
1a07d186,real,-0.05172710087643925
1a07d186,real,-0.026289043973168915
1a07d186,real,0.0
1a07d186,real,0.5064516129032258
1a07d186,real,0.31420137750081994
1a07d186,real,0.4291620449732782
1a07d186,real,0.0
1a07d186,null_cut,0.052793439261916965
1a07d186,null_cut,-0.03813155386081983
1a07d186,null_cut,0.0
1a07d186,null_cut,0.3542941548849968
1a07d186,null_cut,0.006622516556291391
1a07d186,null_cut,0.04771784232365145
1a07d186,null_cut,0.01626323751891074
1a07d186,null_cut,0.01474125223058422
1a07d186,null_cut,0.05544122987531776
1a07d186,null_cut,0.016377333770062234
1a07d186,null_cut,0.0
1a07d186,null_cut,-0.08958837772397095
1a07d186,null_cut,0.07456618740704016
1a07d186,null_cut,0.0
1a07d186,null_cut,0.004878048780487805
1a07d186,null_cut,0.13523573200992556
1a07d186,null_cut,-0.1418867924528302
1a07d186,null_cut,0.0456140350877193
1a07d186,null_cut,0.0
1a07d186,null_cut,0.015544041450777202
1a07d186,null_cut,0.22092641261498028
1a07d186,null_cut,1.0
1a07d186,null_cut,0.0
1a07d186,null_cut,-0.04294478527607362
1a07d186,null_cut,-0.01974821031843989
1a07d186,null_cut,0.08172325906437557
1a07d186,null_cut,0.0
1a07d186,null_cut,0.02736774054519987
1a07d186,null_cut,-0.026845637583892617
1a07d186,null_cut,0.08695652173913043
1a07d186,null_cut,-0.07030759573132454
1a07d186,null_cut,-0.0013425071320691392
1a07d186,null_cut,0.12028286299649726
1a07d186,null_cut,-0.1172901921132457
1a07d186,null_cut,0.0
1a07d186,null_cut,0.208659671937343
1a07d186,null_cut,0.07808184785337685
1a07d186,null_cut,0.0
1a07d186,null_cut,-0.08381420868413585
1a07d186,null_cut,0.06669377795851972
1a07d186,null_cut,-0.03343810606567244
1a07d186,null_cut,0.07317073170731707
1a07d186,null_cut,0.08304498269896193
1a07d186,null_cut,0.024024024024024024
1a07d186,null_cut,0.09834965785589696
1a07d186,null_cut,0.2885375494071146
1a07d186,null_cut,-0.038304931382898505
1a07d186,null_cut,0.0012553351744915891
1a07d186,null_cut,0.0
1a07d186,null_cut,0.14447107155083874
1a07d186,null_len,-0.06732055283102988
1a07d186,null_len,-0.06170052671181339
1a07d186,null_len,0.205607476635514
1a07d186,null_len,0.06713708296225251
1a07d186,null_len,0.013105354766048941
1a07d186,null_len,-0.05696981167786505
1a07d186,null_len,0.0473614371746453
1a07d186,null_len,0.0
1a07d186,null_len,0.0
1a07d186,null_len,-0.04725738396624472
1a07d186,null_len,0.07823718742262936
1a07d186,null_len,-0.01167883211678832
1a07d186,null_len,-0.04816955684007707
1a07d186,null_len,-0.019029495718363463
1a07d186,null_len,0.20028785698053178
1a07d186,null_len,0.12095758084838303
1a07d186,null_len,0.10817761014915138
1a07d186,null_len,0.8260869565217391
1a07d186,null_len,-0.001936108422071636
1a07d186,null_len,-0.0009458500827618822
1a07d186,null_len,0.11073613161780216
1a07d186,null_len,0.0
1a07d186,null_len,-0.0160786065207682
1a07d186,null_len,0.0
1a07d186,null_len,-0.13087612102099141
1a07d186,null_len,0.8260869565217391
1a07d186,null_len,0.25567784210191485
1a07d186,null_len,0.17609046849757673
1a07d186,null_len,0.0
1a07d186,null_len,0.11900191938579655
1a07d186,null_len,0.6834085778781038
1a07d186,null_len,0.145536384096024
1a07d186,null_len,-0.1302787744962738
1a07d186,null_len,0.0
1a07d186,null_len,0.05878332194121668
1a07d186,null_len,0.06713708296225251
1a07d186,null_len,0.33116499112950915
1a07d186,null_len,0.061614381388790974
1a07d186,null_len,0.0110803324099723
1a07d186,null_len,0.34334763948497854
1a07d186,null_len,0.18596402330884215
1a07d186,null_len,0.03410911146706869
1a07d186,null_len,-0.08873720136518772
1a07d186,null_len,0.21197234756707492
1a07d186,null_len,0.0
1a07d186,null_len,0.24712957900492072
1a07d186,null_len,0.0
1a07d186,null_len,0.16015625
1a07d186,null_len,-0.07692307692307693
1a07d186,null_len,-0.03891760413499544
1b60fb0c,real,-0.07942238267148015
1b60fb0c,real,0.1509433962264151
1b60fb0c,real,-0.21621621621621623
1b60fb0c,real,0.18397626112759644
1b60fb0c,real,0.3888888888888889
1b60fb0c,real,0.03076923076923077
1b60fb0c,real,0.25
1b60fb0c,real,0.0425531914893617
1b60fb0c,real,0.3076923076923077
1b60fb0c,real,0.6746987951807228
1b60fb0c,real,0.0
1b60fb0c,real,0.08333333333333333
1b60fb0c,real,1.0
1b60fb0c,real,0.0
1b60fb0c,real,0.33766233766233766
1b60fb0c,real,0.0
1b60fb0c,real,0.10536779324055666
1b60fb0c,real,1.0
1b60fb0c,real,0.0
1b60fb0c,real,0.2
1b60fb0c,real,0.2857142857142857
1b60fb0c,real,-0.07142857142857142
1b60fb0c,real,-0.06779661016949153
1b60fb0c,real,0.0
1b60fb0c,real,0.9130434782608695
1b60fb0c,real,0.08491620111731843
1b60fb0c,real,0.5714285714285714
1b60fb0c,real,-0.12781954887218044
1b60fb0c,real,0.0
1b60fb0c,real,-0.07179487179487179
1b60fb0c,real,0.23636363636363636
1b60fb0c,real,0.12078152753108348
1b60fb0c,real,0.2965931863727455
1b60fb0c,real,0.2222222222222222
1b60fb0c,real,0.03076923076923077
1b60fb0c,real,0.0
1b60fb0c,real,0.0
1b60fb0c,real,-0.011235955056179775
1b60fb0c,real,0.16494845360824742
1b60fb0c,real,0.6961325966850829
1b60fb0c,real,0.5925925925925926
1b60fb0c,real,0.5909090909090909
1b60fb0c,real,0.2857142857142857
1b60fb0c,real,0.6674786845310596
1b60fb0c,real,0.36220472440944884
1b60fb0c,real,0.5
1b60fb0c,real,0.022857142857142857
1b60fb0c,real,-0.2222222222222222
1b60fb0c,real,0.10743801652892562
1b60fb0c,real,0.0
1b60fb0c,null_cut,0.011976047904191617
1b60fb0c,null_cut,0.42120141342756184
1b60fb0c,null_cut,0.0
1b60fb0c,null_cut,-0.11353711790393013
1b60fb0c,null_cut,0.0967741935483871
1b60fb0c,null_cut,-0.19047619047619047
1b60fb0c,null_cut,0.19636363636363635
1b60fb0c,null_cut,-0.13705583756345177
1b60fb0c,null_cut,0.17467248908296942
1b60fb0c,null_cut,0.09090909090909091
1b60fb0c,null_cut,0.0
1b60fb0c,null_cut,0.2222222222222222
1b60fb0c,null_cut,0.52
1b60fb0c,null_cut,0.2028985507246377
1b60fb0c,null_cut,0.18181818181818182
1b60fb0c,null_cut,-0.11594202898550725
1b60fb0c,null_cut,-0.06060606060606061
1b60fb0c,null_cut,0.2028985507246377
1b60fb0c,null_cut,0.058981233243967826
1b60fb0c,null_cut,0.574826560951437
1b60fb0c,null_cut,0.08695652173913043
1b60fb0c,null_cut,-0.13245033112582782
1b60fb0c,null_cut,-0.1
1b60fb0c,null_cut,0.8590604026845637
1b60fb0c,null_cut,0.13043478260869565
1b60fb0c,null_cut,0.4
1b60fb0c,null_cut,0.07216494845360824
1b60fb0c,null_cut,-0.1111111111111111
1b60fb0c,null_cut,-0.1417910447761194
1b60fb0c,null_cut,0.2978723404255319
1b60fb0c,null_cut,0.08695652173913043
1b60fb0c,null_cut,0.29156908665105385
1b60fb0c,null_cut,0.21895861148197596
1b60fb0c,null_cut,0.29906542056074764
1b60fb0c,null_cut,0.41361256544502617
1b60fb0c,null_cut,0.2987012987012987
1b60fb0c,null_cut,-0.05425400739827373
1b60fb0c,null_cut,-0.08173076923076923
1b60fb0c,null_cut,-0.11594202898550725
1b60fb0c,null_cut,0.21739130434782608
1b60fb0c,null_cut,-0.09375
1b60fb0c,null_cut,-0.14285714285714285
1b60fb0c,null_cut,0.26666666666666666
1b60fb0c,null_cut,0.0625
1b60fb0c,null_cut,-0.07179487179487179
1b60fb0c,null_cut,-0.03907637655417407
1b60fb0c,null_cut,0.35294117647058826
1b60fb0c,null_cut,0.0
1b60fb0c,null_cut,0.7115384615384616
1b60fb0c,null_cut,0.2898550724637681
1b60fb0c,null_len,-0.10655737704918032
1b60fb0c,null_len,-0.3611111111111111
1b60fb0c,null_len,-0.022727272727272728
1b60fb0c,null_len,0.08695652173913043
1b60fb0c,null_len,0.018691588785046728
1b60fb0c,null_len,0.0
1b60fb0c,null_len,-0.00846262341325811
1b60fb0c,null_len,-0.21739130434782608
1b60fb0c,null_len,-0.10377358490566038
1b60fb0c,null_len,-0.08
1b60fb0c,null_len,0.017857142857142856
1b60fb0c,null_len,-0.1875
1b60fb0c,null_len,0.0
1b60fb0c,null_len,0.176056338028169
1b60fb0c,null_len,0.03669724770642202
1b60fb0c,null_len,0.03669724770642202
1b60fb0c,null_len,0.29411764705882354
1b60fb0c,null_len,-0.20245398773006135
1b60fb0c,null_len,-0.5
1b60fb0c,null_len,0.08983451536643026
1b60fb0c,null_len,0.0425531914893617
1b60fb0c,null_len,0.16
1b60fb0c,null_len,-0.010810810810810811
1b60fb0c,null_len,1.0
1b60fb0c,null_len,-0.022727272727272728
1b60fb0c,null_len,0.14634146341463414
1b60fb0c,null_len,-0.05179282868525897
1b60fb0c,null_len,-0.1417910447761194
1b60fb0c,null_len,-0.12
1b60fb0c,null_len,0.09090909090909091
1b60fb0c,null_len,0.0
1b60fb0c,null_len,-0.18518518518518517
1b60fb0c,null_len,0.05006257822277847
1b60fb0c,null_len,0.36942675159235666
1b60fb0c,null_len,0.0
1b60fb0c,null_len,0.047619047619047616
1b60fb0c,null_len,-0.18181818181818182
1b60fb0c,null_len,0.09259259259259259
1b60fb0c,null_len,0.05405405405405406
1b60fb0c,null_len,0.19753086419753085
1b60fb0c,null_len,0.0774487471526196
1b60fb0c,null_len,0.4230769230769231
1b60fb0c,null_len,0.11363636363636363
1b60fb0c,null_len,0.18181818181818182
1b60fb0c,null_len,0.0
1b60fb0c,null_len,0.07476635514018691
1b60fb0c,null_len,-0.11627906976744186
1b60fb0c,null_len,0.045454545454545456
1b60fb0c,null_len,0.06111696522655427
1b60fb0c,null_len,-0.15384615384615385
1bfc4729,real,0.42192795085737184
1bfc4729,real,0.2558789920009623
1bfc4729,real,0.39042987264559204
1bfc4729,real,0.41078340569739863
1bfc4729,real,0.38246497876565927
1bfc4729,real,0.4632828935078015
1bfc4729,real,0.3759113175020949
1bfc4729,real,0.6104715733135218
1bfc4729,real,0.3993379796231343
1bfc4729,real,0.39794627265217347
1bfc4729,real,0.47774318889318096
1bfc4729,real,0.49954735669057815
1bfc4729,real,0.37749211530343646
1bfc4729,real,0.3823365008384572
1bfc4729,real,0.5214802211824755
1bfc4729,real,0.7245697595026269
1bfc4729,real,0.48734064278208455
1bfc4729,real,0.3726953756389871
1bfc4729,real,0.37079585954417377
1bfc4729,real,0.0
1bfc4729,real,0.6206080499904687
1bfc4729,real,0.3508065725701046
1bfc4729,real,0.5819833029822861
1bfc4729,real,0.48861186982754656
1bfc4729,real,0.26557569326147057
1bfc4729,real,0.740300478784877
1bfc4729,real,0.3841277765667958
1bfc4729,real,0.4401872255819733
1bfc4729,real,0.4564946120868943
1bfc4729,real,0.325410044874684
1bfc4729,real,0.6160134233962914
1bfc4729,real,0.30442441602295406
1bfc4729,real,0.377791214709422
1bfc4729,real,0.23245198596339295
1bfc4729,real,0.0
1bfc4729,real,0.39069803778596635
1bfc4729,real,0.2763886237831647
1bfc4729,real,0.3719096190760021
1bfc4729,real,0.2797761790567546
1bfc4729,real,0.3006049812743891
1bfc4729,real,0.7097543218512227
1bfc4729,real,0.5217621448051993
1bfc4729,real,0.3384376455971424
1bfc4729,real,0.10342627767532568
1bfc4729,real,0.5885890576795407
1bfc4729,real,0.5004194371594832
1bfc4729,real,0.5049942490465524
1bfc4729,real,0.379896858236224
1bfc4729,real,0.30323669459345426
1bfc4729,real,0.6361542607928652
1bfc4729,null_cut,0.08970134591892588
1bfc4729,null_cut,0.2649242649242649
1bfc4729,null_cut,0.20548108667117457
1bfc4729,null_cut,0.18565091842835887
1bfc4729,null_cut,0.35048048235262685
1bfc4729,null_cut,0.2748721945426374
1bfc4729,null_cut,0.35596125824976427
1bfc4729,null_cut,0.13738111807005335
1bfc4729,null_cut,0.0
1bfc4729,null_cut,0.22722818711060108
1bfc4729,null_cut,0.2549300337551861
1bfc4729,null_cut,0.22920938710412395
1bfc4729,null_cut,0.24821288606586517
1bfc4729,null_cut,0.13648432849219022
1bfc4729,null_cut,0.2140084778744307
1bfc4729,null_cut,0.6086956521739131
1bfc4729,null_cut,0.21458333333333332
1bfc4729,null_cut,0.2449124717359541
1bfc4729,null_cut,0.19758707033917597
1bfc4729,null_cut,0.1689907288761589
1bfc4729,null_cut,0.2999847491230746
1bfc4729,null_cut,0.013992052545412631
1bfc4729,null_cut,0.2134296444037159
1bfc4729,null_cut,0.3069132802221897
1bfc4729,null_cut,0.23732323077395012
1bfc4729,null_cut,0.32814952204308745
1bfc4729,null_cut,0.22660154636973331
1bfc4729,null_cut,0.2570788623563267
1bfc4729,null_cut,0.2074153184868742
1bfc4729,null_cut,0.2889381159969674
1bfc4729,null_cut,0.2576832151300236
1bfc4729,null_cut,0.25079261960206606
1bfc4729,null_cut,0.2234670072263563
1bfc4729,null_cut,0.1977391011470226
1bfc4729,null_cut,0.31756318859364874
1bfc4729,null_cut,0.2633302905009934
1bfc4729,null_cut,0.2365669337843461
1bfc4729,null_cut,0.3005453732677693
1bfc4729,null_cut,0.40852890334300196
1bfc4729,null_cut,0.323993372484044
1bfc4729,null_cut,0.13534463887923154
1bfc4729,null_cut,0.13820859736256208
1bfc4729,null_cut,0.30275402076273467
1bfc4729,null_cut,0.33845891481681495
1bfc4729,null_cut,0.14731073976254536
1bfc4729,null_cut,0.25027753417852416
1bfc4729,null_cut,0.20534129417460062
1bfc4729,null_cut,0.09261192407706076
1bfc4729,null_cut,0.28951151827209204
1bfc4729,null_cut,0.20253587916649246
1bfc4729,null_len,0.17037613249659805
1bfc4729,null_len,0.22546728971962618
1bfc4729,null_len,0.15967663505956722
1bfc4729,null_len,0.31697312405377776
1bfc4729,null_len,0.35125962668059
1bfc4729,null_len,0.2936296786864281
1bfc4729,null_len,0.11671433795010064
1bfc4729,null_len,0.23529830937238344
1bfc4729,null_len,0.09691575978745433
1bfc4729,null_len,0.21597265095878293
1bfc4729,null_len,0.2563868613138686
1bfc4729,null_len,0.23664800024652
1bfc4729,null_len,0.3835826059186715
1bfc4729,null_len,0.18124341412012646
1bfc4729,null_len,0.19626014926597227
1bfc4729,null_len,0.0763461186657723
1bfc4729,null_len,0.5018423281194794
1bfc4729,null_len,0.426793970604819
1bfc4729,null_len,0.2715009224658466
1bfc4729,null_len,0.4965981598336095
1bfc4729,null_len,0.38109238722917244
1bfc4729,null_len,0.24088314581475798
1bfc4729,null_len,0.20170023665883832
1bfc4729,null_len,0.16542722719684322
1bfc4729,null_len,0.11670079936579243
1bfc4729,null_len,0.15316110470352742
1bfc4729,null_len,0.3660087040146045
1bfc4729,null_len,0.17343740916705863
1bfc4729,null_len,0.25711540689157053
1bfc4729,null_len,0.21216121565288487
1bfc4729,null_len,0.36938943125915513
1bfc4729,null_len,0.23174050907697236
1bfc4729,null_len,0.4911049869246899
1bfc4729,null_len,0.41657478868063214
1bfc4729,null_len,0.135094002141672
1bfc4729,null_len,0.11095575643276755
1bfc4729,null_len,0.26041976909196024
1bfc4729,null_len,0.2373492602482305
1bfc4729,null_len,0.09075047389281406
1bfc4729,null_len,0.17965850037119524
1bfc4729,null_len,0.21480308594144798
1bfc4729,null_len,0.4191514831167216
1bfc4729,null_len,0.16341320864991232
1bfc4729,null_len,0.28219702567972416
1bfc4729,null_len,0.24520934702949482
1bfc4729,null_len,0.39778180479306235
1bfc4729,null_len,0.11840330633266817
1bfc4729,null_len,0.3880129244194614
1bfc4729,null_len,-0.03686635944700461
1bfc4729,null_len,0.12704218023595595
1c02dbbe,real,0.46223816312139493
1c02dbbe,real,0.6414657331653496
1c02dbbe,real,0.48248767806157566
1c02dbbe,real,0.5235406413543399
1c02dbbe,real,0.4164840039524705
1c02dbbe,real,0.6859410062115842
1c02dbbe,real,0.881623668055147
1c02dbbe,real,0.0
1c02dbbe,real,0.8883295180754092
1c02dbbe,real,0.43064258714825704
1c02dbbe,real,0.410591357510324
1c02dbbe,real,0.40300912610506645
1c02dbbe,real,0.6290447639738679
1c02dbbe,real,0.3781193314788094
1c02dbbe,real,0.5505382179007287
1c02dbbe,real,0.4896452393422471
1c02dbbe,real,0.7800685404319109
1c02dbbe,real,0.8124132320278454
1c02dbbe,real,0.7124905969707857
1c02dbbe,real,0.6951535326975911
1c02dbbe,real,0.7979160385890866
1c02dbbe,real,0.5005840298007806
1c02dbbe,real,0.4372719100520582
1c02dbbe,real,0.7985443192959318
1c02dbbe,real,0.6458990620102842
1c02dbbe,real,0.805631067611131
1c02dbbe,real,0.9480023494776693
1c02dbbe,real,0.8366478224161685
1c02dbbe,real,0.4373939966373201
1c02dbbe,real,0.6223892438775448
1c02dbbe,real,0.6727933464484344
1c02dbbe,real,0.7378666551795502
1c02dbbe,real,0.5595645353834524
1c02dbbe,real,0.7242121535285543
1c02dbbe,real,0.6703609540813562
1c02dbbe,real,0.43170477203749263
1c02dbbe,real,0.8065351777356851
1c02dbbe,real,0.4522992910018572
1c02dbbe,real,0.4928287502178643
1c02dbbe,real,0.7454466955473469
1c02dbbe,real,0.587925128778318
1c02dbbe,real,0.5011062524523296
1c02dbbe,real,0.5399972291178828
1c02dbbe,real,0.509732345850549
1c02dbbe,real,0.04588495813520286
1c02dbbe,real,0.4806255652690942
1c02dbbe,real,0.5794349090143645
1c02dbbe,real,0.03094108624891358
1c02dbbe,real,0.4050758527495962
1c02dbbe,real,0.5408987687753902
1c02dbbe,null_cut,0.21585421350413303
1c02dbbe,null_cut,0.19782978614867203
1c02dbbe,null_cut,0.25840551835837516
1c02dbbe,null_cut,0.3148154993900435
1c02dbbe,null_cut,0.27687631781223776
1c02dbbe,null_cut,0.3235751920828764
1c02dbbe,null_cut,0.11478477854023705
1c02dbbe,null_cut,0.13784819861212164
1c02dbbe,null_cut,0.1521179653614729
1c02dbbe,null_cut,0.22623974998586946
1c02dbbe,null_cut,0.3274717621246077
1c02dbbe,null_cut,0.21185780412166394
1c02dbbe,null_cut,0.3117991183775723
1c02dbbe,null_cut,0.38636897512485735
1c02dbbe,null_cut,0.24045658168359915
1c02dbbe,null_cut,0.16944514689957918
1c02dbbe,null_cut,0.30386489176607734
1c02dbbe,null_cut,0.27122388505605227
1c02dbbe,null_cut,0.2793666616495715
1c02dbbe,null_cut,0.2475851727076027
1c02dbbe,null_cut,0.2737378924000797
1c02dbbe,null_cut,0.33566349644475113
1c02dbbe,null_cut,0.266288577273277
1c02dbbe,null_cut,0.20777656941178388
1c02dbbe,null_cut,0.3539466789952227
1c02dbbe,null_cut,0.22058967966778237
1c02dbbe,null_cut,0.2034687407947148
1c02dbbe,null_cut,-0.019002375296912115
1c02dbbe,null_cut,0.2636330575336556
1c02dbbe,null_cut,0.2731380931696425
1c02dbbe,null_cut,0.1704382849092157
1c02dbbe,null_cut,0.32026510385558754
1c02dbbe,null_cut,0.10633881967839123
1c02dbbe,null_cut,0.35334404231012345
1c02dbbe,null_cut,0.2667716358319744
1c02dbbe,null_cut,-0.10377358490566038
1c02dbbe,null_cut,0.29617534208246593
1c02dbbe,null_cut,0.16186200447947538
1c02dbbe,null_cut,0.34427426969208863
1c02dbbe,null_cut,0.4221477250839175
1c02dbbe,null_cut,0.15378231591360017
1c02dbbe,null_cut,0.24003812042211212
1c02dbbe,null_cut,0.2530369206765341
1c02dbbe,null_cut,0.304873928760459
1c02dbbe,null_cut,0.32681095933374016
1c02dbbe,null_cut,0.27820839445022405
1c02dbbe,null_cut,0.15801257132375882
1c02dbbe,null_cut,0.24883097356221026
1c02dbbe,null_cut,0.33248027967841415
1c02dbbe,null_cut,0.2355501897123953
1c02dbbe,null_len,0.36296188201319496
1c02dbbe,null_len,0.24203780488834914
1c02dbbe,null_len,0.22871582615982516
1c02dbbe,null_len,0.3324311374558717
1c02dbbe,null_len,0.23430592183285065
1c02dbbe,null_len,0.5469563841279234
1c02dbbe,null_len,0.23495550534895485
1c02dbbe,null_len,0.4355361574975244
1c02dbbe,null_len,0.1889471536074356
1c02dbbe,null_len,0.24853045192832704
1c02dbbe,null_len,0.24863009073047693
1c02dbbe,null_len,0.32317873096530997
1c02dbbe,null_len,0.3193753355837583
1c02dbbe,null_len,0.3333333333333333
1c02dbbe,null_len,0.3196712033372147
1c02dbbe,null_len,0.20089881970262558
1c02dbbe,null_len,0.23149485246873194
1c02dbbe,null_len,0.0
1c02dbbe,null_len,0.22956910829410207
1c02dbbe,null_len,0.20560801072242826
1c02dbbe,null_len,0.36382948056987635
1c02dbbe,null_len,0.18621149753535637
1c02dbbe,null_len,0.27590650021164587
1c02dbbe,null_len,0.14627260318322235
1c02dbbe,null_len,0.25870830144002427
1c02dbbe,null_len,0.2086184798586492
1c02dbbe,null_len,0.3163188854743265
1c02dbbe,null_len,0.3793611636177234
1c02dbbe,null_len,0.30507551941943095
1c02dbbe,null_len,0.36027731776332667
1c02dbbe,null_len,0.2512298168928014
1c02dbbe,null_len,0.6452006758312719
1c02dbbe,null_len,0.299140137222167
1c02dbbe,null_len,0.22163878890535677
1c02dbbe,null_len,0.0199449807859043
1c02dbbe,null_len,0.248738394428873
1c02dbbe,null_len,0.30747813187863005
1c02dbbe,null_len,0.46486129920492536
1c02dbbe,null_len,0.17451174424384663
1c02dbbe,null_len,0.3262681856670002
1c02dbbe,null_len,0.23442111941739538
1c02dbbe,null_len,0.21606642373478055
1c02dbbe,null_len,0.39056513672098525
1c02dbbe,null_len,0.18917019696026663
1c02dbbe,null_len,0.32176107320790526
1c02dbbe,null_len,0.21808554804675354
1c02dbbe,null_len,0.2610443431284057
1c02dbbe,null_len,0.28452621033729564
1c02dbbe,null_len,0.2513408811638792
1c02dbbe,null_len,0.14722796063321109
1c0d0a4b,real,0.6734247206543025
1c0d0a4b,real,0.5268153995879874
1c0d0a4b,real,0.8553055771715089
1c0d0a4b,real,0.23348646643307674
1c0d0a4b,real,1.0
1c0d0a4b,real,0.19338117065444335
1c0d0a4b,real,0.2829009306696311
1c0d0a4b,real,0.6003042392243676
1c0d0a4b,real,0.18231454935076372
1c0d0a4b,real,0.0
1c0d0a4b,real,0.24991292048848968
1c0d0a4b,real,0.36902657518650567
1c0d0a4b,real,0.0
1c0d0a4b,real,0.0
1c0d0a4b,real,0.13746273600529976
1c0d0a4b,real,0.5382596245625199
1c0d0a4b,real,0.827203499675956
1c0d0a4b,real,0.21452617506351604
1c0d0a4b,real,0.27539936102236423
1c0d0a4b,real,0.5871559633027523
1c0d0a4b,real,0.26212686016080533
1c0d0a4b,real,0.4253645031737503
1c0d0a4b,real,0.0
1c0d0a4b,real,0.44538013536911697
1c0d0a4b,real,0.3101229189831386
1c0d0a4b,real,0.4117647058823529
1c0d0a4b,real,0.14148844928213317
1c0d0a4b,real,0.0
1c0d0a4b,real,0.24534296028880867
1c0d0a4b,real,0.3117869602585351
1c0d0a4b,real,0.5199319710361533
1c0d0a4b,real,0.32257432211695525
1c0d0a4b,real,0.3597046364452215
1c0d0a4b,real,0.3806026256433983
1c0d0a4b,real,0.5945945945945946
1c0d0a4b,real,0.2829009306696311
1c0d0a4b,real,0.3846026868476522
1c0d0a4b,real,0.23778621440661182
1c0d0a4b,real,0.19504649486522554
1c0d0a4b,real,0.29075156525422446
1c0d0a4b,real,0.4863828033353413
1c0d0a4b,real,0.25331529763928046
1c0d0a4b,real,0.16336489546995347
1c0d0a4b,real,0.5207249070631971
1c0d0a4b,real,0.24600043355733794
1c0d0a4b,real,0.4194207122847743
1c0d0a4b,real,0.2675480575191135
1c0d0a4b,real,0.07752409063286744
1c0d0a4b,real,0.4699728594739211
1c0d0a4b,real,0.39407421894098665
1c0d0a4b,null_cut,0.23949806118052563
1c0d0a4b,null_cut,0.2548051043348849
1c0d0a4b,null_cut,0.07490562288893304
1c0d0a4b,null_cut,0.2123485798845137
1c0d0a4b,null_cut,0.4907458839736041
1c0d0a4b,null_cut,0.3507616764243621
1c0d0a4b,null_cut,0.5871559633027523
1c0d0a4b,null_cut,0.0886525636758072
1c0d0a4b,null_cut,0.1363229985325127
1c0d0a4b,null_cut,0.2868649782706429
1c0d0a4b,null_cut,0.278707094252279
1c0d0a4b,null_cut,0.31818384975462666
1c0d0a4b,null_cut,0.34994421590839087
1c0d0a4b,null_cut,0.0
1c0d0a4b,null_cut,0.2526026249011656
1c0d0a4b,null_cut,1.0
1c0d0a4b,null_cut,0.4090208654366749
1c0d0a4b,null_cut,0.23931143985748587
1c0d0a4b,null_cut,0.0441994811600237
1c0d0a4b,null_cut,1.0
1c0d0a4b,null_cut,0.5196633538035205
1c0d0a4b,null_cut,0.18451841967306867
1c0d0a4b,null_cut,0.49042630279657584
1c0d0a4b,null_cut,0.0
1c0d0a4b,null_cut,1.0
1c0d0a4b,null_cut,0.16467458640040814
1c0d0a4b,null_cut,0.16164328048224508
1c0d0a4b,null_cut,0.3533258803116555
1c0d0a4b,null_cut,0.24461936953033928
1c0d0a4b,null_cut,0.2125314252562367
1c0d0a4b,null_cut,0.20301204819277108
1c0d0a4b,null_cut,0.14956009486064378
1c0d0a4b,null_cut,0.2857142857142857
1c0d0a4b,null_cut,0.3330594061547112
1c0d0a4b,null_cut,0.08675980708994183
1c0d0a4b,null_cut,0.22444817824015467
1c0d0a4b,null_cut,0.13083162965630185
1c0d0a4b,null_cut,0.18703566468840882
1c0d0a4b,null_cut,0.20825117548915517
1c0d0a4b,null_cut,0.06899021246120793
1c0d0a4b,null_cut,0.298994995196503
1c0d0a4b,null_cut,0.18581281727076096
1c0d0a4b,null_cut,0.2416688838632433
1c0d0a4b,null_cut,0.2360152508444334
1c0d0a4b,null_cut,0.1105696924668984
1c0d0a4b,null_cut,0.2797419971333015
1c0d0a4b,null_cut,0.013429726749172895
1c0d0a4b,null_cut,0.5871559633027523
1c0d0a4b,null_cut,0.28135833144343897
1c0d0a4b,null_cut,-0.1111111111111111
1c0d0a4b,null_len,0.28971682778680813
1c0d0a4b,null_len,0.20331683517831883
1c0d0a4b,null_len,0.1809320105579321
1c0d0a4b,null_len,0.06149950695620041
1c0d0a4b,null_len,0.30284258669599956
1c0d0a4b,null_len,0.40961782722639356
1c0d0a4b,null_len,0.21034766243773328
1c0d0a4b,null_len,0.18127591687830286
1c0d0a4b,null_len,0.29866346581790226
1c0d0a4b,null_len,0.010845986984815618
1c0d0a4b,null_len,0.06707902314172977
1c0d0a4b,null_len,0.3850483230546143
1c0d0a4b,null_len,0.23511527505577826
1c0d0a4b,null_len,0.1971112811788142
1c0d0a4b,null_len,0.1111111111111111
1c0d0a4b,null_len,0.4441648748799122
1c0d0a4b,null_len,0.21273690787494504
1c0d0a4b,null_len,0.07693205242892147
1c0d0a4b,null_len,0.18578506649668242
1c0d0a4b,null_len,0.44317301751668564
1c0d0a4b,null_len,0.20762979966701145
1c0d0a4b,null_len,0.0
1c0d0a4b,null_len,0.3919960837106841
1c0d0a4b,null_len,0.0
1c0d0a4b,null_len,0.39126766288799425
1c0d0a4b,null_len,0.1165466546596661
1c0d0a4b,null_len,0.23744593222703894
1c0d0a4b,null_len,0.2915080299272916
1c0d0a4b,null_len,0.27128220735141867
1c0d0a4b,null_len,0.13924382218033388
1c0d0a4b,null_len,0.19780623491130472
1c0d0a4b,null_len,0.3144511305709534
1c0d0a4b,null_len,0.2210957662557226
1c0d0a4b,null_len,0.26135864662254404
1c0d0a4b,null_len,0.3283582089552239
1c0d0a4b,null_len,0.2258383759444625
1c0d0a4b,null_len,0.19752136094219075
1c0d0a4b,null_len,0.0
1c0d0a4b,null_len,0.0
1c0d0a4b,null_len,0.27262813522355506
1c0d0a4b,null_len,0.0
1c0d0a4b,null_len,0.38619541451868494
1c0d0a4b,null_len,0.26776161027784323
1c0d0a4b,null_len,0.33610189638279775
1c0d0a4b,null_len,0.005178434545609403
1c0d0a4b,null_len,0.04532106675954673
1c0d0a4b,null_len,0.1479022127345129
1c0d0a4b,null_len,0.29870977587663167
1c0d0a4b,null_len,0.18227247488768866
1c0d0a4b,null_len,0.29800310160632576
1caeab9d,real,0.8903225806451613
1caeab9d,real,0.7865168539325843
1caeab9d,real,0.5
1caeab9d,real,0.7247739821612766
1caeab9d,real,0.591182364729459
1caeab9d,real,0.8791588198367859
1caeab9d,real,0.5705139605192957
1caeab9d,real,0.6202618883528601
1caeab9d,real,0.8633093525179856
1caeab9d,real,1.0
1caeab9d,real,1.0
1caeab9d,real,0.547945205479452
1caeab9d,real,0.9033244172716851
1caeab9d,real,0.2576478585995921
1caeab9d,real,1.0
1caeab9d,real,0.0
1caeab9d,real,0.7230320699708455
1caeab9d,real,0.8011572856391374
1caeab9d,real,0.9370597931964634
1caeab9d,real,1.0
1caeab9d,real,0.0
1caeab9d,real,1.0
1caeab9d,real,1.0
1caeab9d,real,0.671242774566474
1caeab9d,real,0.27444168734491314
1caeab9d,real,0.25906735751295334
1caeab9d,real,0.7747035573122529
1caeab9d,real,0.4048706240487062
1caeab9d,real,1.0
1caeab9d,real,0.0
1caeab9d,real,0.8439821693907875
1caeab9d,real,0.862914862914863
1caeab9d,real,0.4954128440366973
1caeab9d,real,0.7096774193548387
1caeab9d,real,0.6686046511627907
1caeab9d,real,0.3475559237779619
1caeab9d,real,0.8193136957181901
1caeab9d,real,0.7838696861342869
1caeab9d,real,0.7945205479452054
1caeab9d,real,0.0
1caeab9d,real,0.8633093525179856
1caeab9d,real,0.8496835443037974
1caeab9d,real,1.0
1caeab9d,real,0.6456692913385826
1caeab9d,real,0.8650173488673869
1caeab9d,real,0.4989308624376336
1caeab9d,real,0.44184100418410044
1caeab9d,real,0.5851528384279476
1caeab9d,real,0.5410628019323671
1caeab9d,real,-0.019417475728155338
1caeab9d,null_cut,0.23148869836321123
1caeab9d,null_cut,0.1408695652173913
1caeab9d,null_cut,0.36182336182336183
1caeab9d,null_cut,0.24849699398797595
1caeab9d,null_cut,0.03378132945877225
1caeab9d,null_cut,0.06964091403699674
1caeab9d,null_cut,0.18846657929226737
1caeab9d,null_cut,0.15151515151515152
1caeab9d,null_cut,0.09338786639400136
1caeab9d,null_cut,-0.19047619047619047
1caeab9d,null_cut,0.2945950613020204
1caeab9d,null_cut,0.0
1caeab9d,null_cut,0.7368421052631579
1caeab9d,null_cut,0.16
1caeab9d,null_cut,0.07407407407407407
1caeab9d,null_cut,0.12508477860672415
1caeab9d,null_cut,0.0
1caeab9d,null_cut,0.10889774236387782
1caeab9d,null_cut,0.12450633963832883
1caeab9d,null_cut,0.146484375
1caeab9d,null_cut,0.0
1caeab9d,null_cut,0.33552238805970147
1caeab9d,null_cut,0.17797140207475143
1caeab9d,null_cut,0.3040666121477957
1caeab9d,null_cut,0.10650417273811101
1caeab9d,null_cut,0.1396761133603239
1caeab9d,null_cut,0.19393939393939394
1caeab9d,null_cut,0.08833522083805209
1caeab9d,null_cut,-0.21621621621621623
1caeab9d,null_cut,0.19951338199513383
1caeab9d,null_cut,-0.17647058823529413
1caeab9d,null_cut,0.11475409836065574
1caeab9d,null_cut,-0.16666666666666666
1caeab9d,null_cut,0.5400801603206413
1caeab9d,null_cut,0.21495327102803738
1caeab9d,null_cut,-0.04004054738976178
1caeab9d,null_cut,0.0
1caeab9d,null_cut,0.12049012933968686
1caeab9d,null_cut,0.2195945945945946
1caeab9d,null_cut,0.13793103448275862
1caeab9d,null_cut,0.07792207792207792
1caeab9d,null_cut,0.013067624959163672
1caeab9d,null_cut,0.5454545454545454
1caeab9d,null_cut,0.06557377049180328
1caeab9d,null_cut,0.13411458333333334
1caeab9d,null_cut,0.41676792223572295
1caeab9d,null_cut,0.03800475059382423
1caeab9d,null_cut,-0.12
1caeab9d,null_cut,0.0
1caeab9d,null_cut,0.05672009864364982
1caeab9d,null_len,0.16992094485189066
1caeab9d,null_len,0.33674354083578983
1caeab9d,null_len,0.367441429762015
1caeab9d,null_len,0.3571042679632631
1caeab9d,null_len,0.4863013698630137
1caeab9d,null_len,0.5069204152249135
1caeab9d,null_len,-0.031746031746031744
1caeab9d,null_len,0.802248126561199
1caeab9d,null_len,0.14285714285714285
1caeab9d,null_len,0.30335777692010807
1caeab9d,null_len,0.27716535433070866
1caeab9d,null_len,0.28152492668621704
1caeab9d,null_len,-0.19213973799126638
1caeab9d,null_len,0.15112540192926044
1caeab9d,null_len,0.6578947368421053
1caeab9d,null_len,0.16167664670658682
1caeab9d,null_len,0.16449086161879894
1caeab9d,null_len,0.29361296472831266
1caeab9d,null_len,0.2142266335814723
1caeab9d,null_len,0.22642967542503864
1caeab9d,null_len,-0.25
1caeab9d,null_len,0.22098679638637944
1caeab9d,null_len,0.0597886222290053
1caeab9d,null_len,0.057971014492753624
1caeab9d,null_len,0.3310228943499265
1caeab9d,null_len,0.7546833184656556
1caeab9d,null_len,-0.02252864633909497
1caeab9d,null_len,0.15519621376454348
1caeab9d,null_len,0.0
1caeab9d,null_len,0.22390317700453857
1caeab9d,null_len,0.30335777692010807
1caeab9d,null_len,-0.022727272727272728
1caeab9d,null_len,0.23728813559322035
1caeab9d,null_len,0.23286840509399637
1caeab9d,null_len,0.5
1caeab9d,null_len,0.3394851869839728
1caeab9d,null_len,0.8372093023255814
1caeab9d,null_len,0.24106517168885774
1caeab9d,null_len,0.23946957878315134
1caeab9d,null_len,0.10199556541019955
1caeab9d,null_len,0.5
1caeab9d,null_len,0.13793103448275862
1caeab9d,null_len,0.5604113110539846
1caeab9d,null_len,0.4307116104868914
1caeab9d,null_len,0.1694915254237288
1caeab9d,null_len,0.4174932371505861
1caeab9d,null_len,0.47058823529411764
1caeab9d,null_len,0.0625
1caeab9d,null_len,-0.17391304347826086
1caeab9d,null_len,0.14382931763840354
1e0a9b12,real,0.0
1e0a9b12,real,-0.07476635514018691
1e0a9b12,real,1.0
1e0a9b12,real,1.0
1e0a9b12,real,1.0
1e0a9b12,real,1.0
1e0a9b12,real,0.025157232704402517
1e0a9b12,real,1.0
1e0a9b12,real,-0.03404255319148936
1e0a9b12,real,0.0
1e0a9b12,real,1.0
1e0a9b12,real,1.0
1e0a9b12,real,0.0
1e0a9b12,real,1.0
1e0a9b12,real,1.0
1e0a9b12,real,1.0
1e0a9b12,real,0.0
1e0a9b12,real,0.0
1e0a9b12,real,0.0
1e0a9b12,real,0.0
1e0a9b12,real,1.0
1e0a9b12,real,0.0
1e0a9b12,real,0.5018450184501845
1e0a9b12,real,1.0
1e0a9b12,real,-0.0784313725490196
1e0a9b12,real,1.0
1e0a9b12,real,1.0
1e0a9b12,real,1.0
1e0a9b12,real,0.0
1e0a9b12,real,0.0
1e0a9b12,real,0.0
1e0a9b12,real,1.0
1e0a9b12,real,0.0
1e0a9b12,real,1.0
1e0a9b12,real,0.0
1e0a9b12,real,0.0
1e0a9b12,real,1.0
1e0a9b12,real,0.0
1e0a9b12,real,1.0
1e0a9b12,real,-0.07142857142857142
1e0a9b12,real,1.0
1e0a9b12,real,0.0
1e0a9b12,real,1.0
1e0a9b12,real,1.0
1e0a9b12,real,0.0
1e0a9b12,real,1.0
1e0a9b12,real,0.0
1e0a9b12,real,0.0
1e0a9b12,real,0.0
1e0a9b12,real,0.0
1e0a9b12,null_cut,1.0
1e0a9b12,null_cut,0.004024144869215292
1e0a9b12,null_cut,1.0
1e0a9b12,null_cut,1.0
1e0a9b12,null_cut,1.0
1e0a9b12,null_cut,0.0
1e0a9b12,null_cut,0.0
1e0a9b12,null_cut,1.0
1e0a9b12,null_cut,1.0
1e0a9b12,null_cut,-0.03067484662576687
1e0a9b12,null_cut,1.0
1e0a9b12,null_cut,0.0
1e0a9b12,null_cut,1.0
1e0a9b12,null_cut,0.0
1e0a9b12,null_cut,0.1651376146788991
1e0a9b12,null_cut,-0.12903225806451613
1e0a9b12,null_cut,0.26512968299711814
1e0a9b12,null_cut,1.0
1e0a9b12,null_cut,1.0
1e0a9b12,null_cut,1.0
1e0a9b12,null_cut,0.0
1e0a9b12,null_cut,0.0
1e0a9b12,null_cut,1.0
1e0a9b12,null_cut,1.0
1e0a9b12,null_cut,1.0
1e0a9b12,null_cut,1.0
1e0a9b12,null_cut,0.0
1e0a9b12,null_cut,1.0
1e0a9b12,null_cut,0.0
1e0a9b12,null_cut,1.0
1e0a9b12,null_cut,-0.012269938650306749
1e0a9b12,null_cut,1.0
1e0a9b12,null_cut,1.0
1e0a9b12,null_cut,0.0
1e0a9b12,null_cut,1.0
1e0a9b12,null_cut,1.0
1e0a9b12,null_cut,1.0
1e0a9b12,null_cut,1.0
1e0a9b12,null_cut,0.0
1e0a9b12,null_cut,1.0
1e0a9b12,null_cut,1.0
1e0a9b12,null_cut,0.0
1e0a9b12,null_cut,0.0
1e0a9b12,null_cut,1.0
1e0a9b12,null_cut,0.0
1e0a9b12,null_cut,1.0
1e0a9b12,null_cut,1.0
1e0a9b12,null_cut,0.0
1e0a9b12,null_cut,0.0
1e0a9b12,null_cut,1.0
1e0a9b12,null_len,1.0
1e0a9b12,null_len,1.0
1e0a9b12,null_len,0.0
1e0a9b12,null_len,0.0
1e0a9b12,null_len,1.0
1e0a9b12,null_len,1.0
1e0a9b12,null_len,1.0
1e0a9b12,null_len,0.0
1e0a9b12,null_len,0.0
1e0a9b12,null_len,1.0
1e0a9b12,null_len,1.0
1e0a9b12,null_len,0.0
1e0a9b12,null_len,0.0
1e0a9b12,null_len,1.0
1e0a9b12,null_len,1.0
1e0a9b12,null_len,0.0
1e0a9b12,null_len,0.0
1e0a9b12,null_len,-0.25
1e0a9b12,null_len,0.0
1e0a9b12,null_len,1.0
1e0a9b12,null_len,0.0
1e0a9b12,null_len,0.0
1e0a9b12,null_len,1.0
1e0a9b12,null_len,0.0
1e0a9b12,null_len,0.08333333333333333
1e0a9b12,null_len,0.0
1e0a9b12,null_len,1.0
1e0a9b12,null_len,1.0
1e0a9b12,null_len,1.0
1e0a9b12,null_len,1.0
1e0a9b12,null_len,0.0
1e0a9b12,null_len,1.0
1e0a9b12,null_len,1.0
1e0a9b12,null_len,1.0
1e0a9b12,null_len,1.0
1e0a9b12,null_len,0.0
1e0a9b12,null_len,1.0
1e0a9b12,null_len,1.0
1e0a9b12,null_len,1.0
1e0a9b12,null_len,1.0
1e0a9b12,null_len,0.0
1e0a9b12,null_len,0.0
1e0a9b12,null_len,1.0
1e0a9b12,null_len,0.0
1e0a9b12,null_len,1.0
1e0a9b12,null_len,0.0
1e0a9b12,null_len,1.0
1e0a9b12,null_len,0.0
1e0a9b12,null_len,0.0
1e0a9b12,null_len,0.0
1e32b0e9,real,0.40134143254872184
1e32b0e9,real,0.7856586126266563
1e32b0e9,real,0.9740125306456007
1e32b0e9,real,0.8046393620877129
1e32b0e9,real,1.0
1e32b0e9,real,0.0
1e32b0e9,real,0.5879319236719959
1e32b0e9,real,0.7159828744790042
1e32b0e9,real,0.8907744036986446
1e32b0e9,real,0.9345682752156195
1e32b0e9,real,0.7331675860461503
1e32b0e9,real,0.9220351647325286
1e32b0e9,real,0.8981909144462183
1e32b0e9,real,0.8467066343748759
1e32b0e9,real,0.2941422827786464
1e32b0e9,real,0.6797952687098183
1e32b0e9,real,0.2865237387410476
1e32b0e9,real,0.2693067641006886
1e32b0e9,real,0.41532775209059974
1e32b0e9,real,0.6256742712921265
1e32b0e9,real,0.7848032983966858
1e32b0e9,real,0.934512005369619
1e32b0e9,real,1.0
1e32b0e9,real,1.0
1e32b0e9,real,0.9347696537466973
1e32b0e9,real,0.5623342175066313
1e32b0e9,real,0.7007008877912022
1e32b0e9,real,0.0
1e32b0e9,real,0.8489824193011557
1e32b0e9,real,0.9145439739413681
1e32b0e9,real,1.0
1e32b0e9,real,0.69351578292645
1e32b0e9,real,0.0
1e32b0e9,real,-0.012235817575083427
1e32b0e9,real,0.27620479858317365
1e32b0e9,real,0.818113683878348
1e32b0e9,real,0.35519353112551283
1e32b0e9,real,0.8084234567071942
1e32b0e9,real,0.7857570914902118
1e32b0e9,real,0.7856446375124004
1e32b0e9,real,0.5298472047018931
1e32b0e9,real,0.6924846490687278
1e32b0e9,real,0.9326056127975552
1e32b0e9,real,0.9496635306150611
1e32b0e9,real,0.47383525340876326
1e32b0e9,real,0.8906703188181064
1e32b0e9,real,0.6895429563205091
1e32b0e9,real,0.6384159982127601
1e32b0e9,real,0.2702702702702703
1e32b0e9,real,0.9924185028794854
1e32b0e9,null_cut,0.33782436551115164
1e32b0e9,null_cut,0.32589805778889674
1e32b0e9,null_cut,-0.3333333333333333
1e32b0e9,null_cut,0.2386051172111665
1e32b0e9,null_cut,0.06780416091237136
1e32b0e9,null_cut,0.0
1e32b0e9,null_cut,0.4410684474123539
1e32b0e9,null_cut,0.0
1e32b0e9,null_cut,0.12773233534276046
1e32b0e9,null_cut,0.30061190349184364
1e32b0e9,null_cut,0.2930327868852459
1e32b0e9,null_cut,0.28922971731946184
1e32b0e9,null_cut,-0.058823529411764705
1e32b0e9,null_cut,0.07345575959933222
1e32b0e9,null_cut,0.19821541317700778
1e32b0e9,null_cut,0.2556252126160276
1e32b0e9,null_cut,0.3783126249022504
1e32b0e9,null_cut,0.2520170651155049
1e32b0e9,null_cut,0.20921977344716713
1e32b0e9,null_cut,0.40089598805349264
1e32b0e9,null_cut,0.05846383597029383
1e32b0e9,null_cut,0.3813088045897604
1e32b0e9,null_cut,0.18182973226701302
1e32b0e9,null_cut,0.23514538558786346
1e32b0e9,null_cut,0.2748244734202608
1e32b0e9,null_cut,1.0
1e32b0e9,null_cut,0.21812095088592665
1e32b0e9,null_cut,1.0
1e32b0e9,null_cut,0.17653205584974332
1e32b0e9,null_cut,0.25835226544460893
1e32b0e9,null_cut,0.35294117647058826
1e32b0e9,null_cut,0.4573759460626478
1e32b0e9,null_cut,0.1453056271803428
1e32b0e9,null_cut,0.39676502086487686
1e32b0e9,null_cut,0.04873752201996477
1e32b0e9,null_cut,0.41621533632232927
1e32b0e9,null_cut,0.26805440797650376
1e32b0e9,null_cut,0.06310293504669369
1e32b0e9,null_cut,0.33168859649122806
1e32b0e9,null_cut,0.3755149751928722
1e32b0e9,null_cut,0.39556485903054883
1e32b0e9,null_cut,0.13776146047357607
1e32b0e9,null_cut,0.27207228871090067
1e32b0e9,null_cut,0.06382978723404255
1e32b0e9,null_cut,0.26232972148074046
1e32b0e9,null_cut,0.22207656521053462
1e32b0e9,null_cut,1.0
1e32b0e9,null_cut,0.14098201263976665
1e32b0e9,null_cut,0.2811440365619932
1e32b0e9,null_cut,0.28990183691320826
1e32b0e9,null_len,0.21449432429959817
1e32b0e9,null_len,0.20397927673022165
1e32b0e9,null_len,0.2942025885121403
1e32b0e9,null_len,0.3455240013029702
1e32b0e9,null_len,0.3488237730273081
1e32b0e9,null_len,0.0
1e32b0e9,null_len,0.40843916530331537
1e32b0e9,null_len,0.4825514444500075
1e32b0e9,null_len,0.2941521887209038
1e32b0e9,null_len,0.11964720099185486
1e32b0e9,null_len,0.2762956983495589
1e32b0e9,null_len,0.2636817193296661
1e32b0e9,null_len,0.2718539946529927
1e32b0e9,null_len,0.4395414891458714
1e32b0e9,null_len,0.12698412698412698
1e32b0e9,null_len,0.38403572104982237
1e32b0e9,null_len,0.28978284086863654
1e32b0e9,null_len,0.35338950039509853
1e32b0e9,null_len,-0.15384615384615385
1e32b0e9,null_len,0.4913880997781842
1e32b0e9,null_len,0.22272582697201018
1e32b0e9,null_len,0.29665808338253524
1e32b0e9,null_len,0.3590022524828504
1e32b0e9,null_len,0.31558725060853254
1e32b0e9,null_len,0.24077966140288956
1e32b0e9,null_len,0.3087069091856508
1e32b0e9,null_len,0.19436856482454298
1e32b0e9,null_len,0.37292019934513326
1e32b0e9,null_len,0.3645396155321533
1e32b0e9,null_len,0.33711596730548715
1e32b0e9,null_len,0.27788014631060753
1e32b0e9,null_len,0.258566445523562
1e32b0e9,null_len,1.0
1e32b0e9,null_len,0.36233903219074154
1e32b0e9,null_len,0.5014471780028944
1e32b0e9,null_len,-0.14925373134328357
1e32b0e9,null_len,0.2628125406530506
1e32b0e9,null_len,0.16
1e32b0e9,null_len,0.0
1e32b0e9,null_len,0.2903660372737031
1e32b0e9,null_len,-0.3333333333333333
1e32b0e9,null_len,0.1891891891891892
1e32b0e9,null_len,0.08178438661710037
1e32b0e9,null_len,0.28867351724486556
1e32b0e9,null_len,0.37042925278219396
1e32b0e9,null_len,0.16508219789271372
1e32b0e9,null_len,0.3504690134907251
1e32b0e9,null_len,0.39036980480679856
1e32b0e9,null_len,0.3703056888656647
1e32b0e9,null_len,0.2811294465560221
1f0c79e5,real,0.12871287128712872
1f0c79e5,real,0.4716981132075472
1f0c79e5,real,0.57356608478803
1f0c79e5,real,0.1591030432461292
1f0c79e5,real,0.17829457364341086
1f0c79e5,real,0.25287356321839083
1f0c79e5,real,0.3752720940356987
1f0c79e5,real,0.0
1f0c79e5,real,0.6666666666666666
1f0c79e5,real,0.15206611570247933
1f0c79e5,real,-0.06761565836298933
1f0c79e5,real,0.686723023371457
1f0c79e5,real,1.0
1f0c79e5,real,0.21635883905013192
1f0c79e5,real,0.0
1f0c79e5,real,-0.016930022573363433
1f0c79e5,real,0.2331881038075393
1f0c79e5,real,0.4195428059166293
1f0c79e5,real,-0.021696866843535514
1f0c79e5,real,0.10942956926658906
1f0c79e5,real,0.5015974440894568
1f0c79e5,real,0.13732394366197184
1f0c79e5,real,0.0625
1f0c79e5,real,0.36129032258064514
1f0c79e5,real,0.0
1f0c79e5,real,0.07476635514018691
1f0c79e5,real,-0.25
1f0c79e5,real,0.11764705882352941
1f0c79e5,real,0.5392953929539296
1f0c79e5,real,0.16708497669415562
1f0c79e5,real,0.49557522123893805
1f0c79e5,real,0.7255460588793922
1f0c79e5,real,0.22302529685080022
1f0c79e5,real,0.3752720940356987
1f0c79e5,real,0.0
1f0c79e5,real,0.40529917018488865
1f0c79e5,real,0.2961608775137112
1f0c79e5,real,0.6551724137931034
1f0c79e5,real,0.3103448275862069
1f0c79e5,real,0.20055710306406685
1f0c79e5,real,0.4043321299638989
1f0c79e5,real,0.35070618659240105
1f0c79e5,real,0.3794850147741663
1f0c79e5,real,0.6470588235294118
1f0c79e5,real,0.08080808080808081
1f0c79e5,real,0.511757672379434
1f0c79e5,real,0.0
1f0c79e5,real,0.020618556701030927
1f0c79e5,real,0.12903225806451613
1f0c79e5,real,1.0
1f0c79e5,null_cut,0.15126903553299492
1f0c79e5,null_cut,0.14509954058192956
1f0c79e5,null_cut,0.30489651691065117
1f0c79e5,null_cut,0.4117647058823529
1f0c79e5,null_cut,0.0
1f0c79e5,null_cut,0.45244956772334294
1f0c79e5,null_cut,0.22559652928416485
1f0c79e5,null_cut,0.3076923076923077
1f0c79e5,null_cut,0.07407407407407407
1f0c79e5,null_cut,0.1695501730103806
1f0c79e5,null_cut,-0.25
1f0c79e5,null_cut,0.006132030276899492
1f0c79e5,null_cut,0.30128205128205127
1f0c79e5,null_cut,0.06288819875776397
1f0c79e5,null_cut,0.0
1f0c79e5,null_cut,0.3230769230769231
1f0c79e5,null_cut,0.25506142931302994
1f0c79e5,null_cut,0.5238095238095238
1f0c79e5,null_cut,0.3915670077672297
1f0c79e5,null_cut,0.0
1f0c79e5,null_cut,0.0
1f0c79e5,null_cut,0.4908120406020301
1f0c79e5,null_cut,0.28294573643410853
1f0c79e5,null_cut,0.24759871931696906
1f0c79e5,null_cut,0.0
1f0c79e5,null_cut,0.22089825847846012
1f0c79e5,null_cut,-0.012373453318335208
1f0c79e5,null_cut,0.09436451592636803
1f0c79e5,null_cut,0.0
1f0c79e5,null_cut,0.14172097647188778
1f0c79e5,null_cut,0.0017985611510791368
1f0c79e5,null_cut,-0.0881057268722467
1f0c79e5,null_cut,0.38986629134412387
1f0c79e5,null_cut,0.28593798935170683
1f0c79e5,null_cut,-0.23853211009174313
1f0c79e5,null_cut,0.3500784929356358
1f0c79e5,null_cut,0.20064724919093851
1f0c79e5,null_cut,0.14348462664714495
1f0c79e5,null_cut,0.0
1f0c79e5,null_cut,0.0
1f0c79e5,null_cut,0.2251655629139073
1f0c79e5,null_cut,0.6181818181818182
1f0c79e5,null_cut,0.2598266478532554
1f0c79e5,null_cut,-0.023121387283236993
1f0c79e5,null_cut,0.0
1f0c79e5,null_cut,0.14329690626442973
1f0c79e5,null_cut,-0.03566009104704097
1f0c79e5,null_cut,0.05194805194805195
1f0c79e5,null_cut,0.0625
1f0c79e5,null_cut,0.11398963730569948
1f0c79e5,null_len,0.35294117647058826
1f0c79e5,null_len,0.06025588113908378
1f0c79e5,null_len,0.47619047619047616
1f0c79e5,null_len,0.2102979461961238
1f0c79e5,null_len,0.3135593220338983
1f0c79e5,null_len,0.025150905432595575
1f0c79e5,null_len,0.0959318306761957
1f0c79e5,null_len,0.0
1f0c79e5,null_len,0.3532608695652174
1f0c79e5,null_len,0.07713841368584759
1f0c79e5,null_len,0.15637944259780107
1f0c79e5,null_len,-0.05309734513274336
1f0c79e5,null_len,0.025513819985825654
1f0c79e5,null_len,-0.005037783375314861
1f0c79e5,null_len,0.179858934169279
1f0c79e5,null_len,0.2222222222222222
1f0c79e5,null_len,0.23687752355316286
1f0c79e5,null_len,0.53125
1f0c79e5,null_len,0.08928571428571429
1f0c79e5,null_len,0.1672381957267212
1f0c79e5,null_len,0.9056603773584906
1f0c79e5,null_len,1.0
1f0c79e5,null_len,-0.08333333333333333
1f0c79e5,null_len,-0.12830188679245283
1f0c79e5,null_len,0.1406575114440283
1f0c79e5,null_len,0.011369692662995203
1f0c79e5,null_len,0.0
1f0c79e5,null_len,-0.04597701149425287
1f0c79e5,null_len,0.3266891017344033
1f0c79e5,null_len,0.23721832798701042
1f0c79e5,null_len,0.015019410679055559
1f0c79e5,null_len,0.39216889025200635
1f0c79e5,null_len,0.1372255489021956
1f0c79e5,null_len,0.3033381712626996
1f0c79e5,null_len,-0.5
1f0c79e5,null_len,0.10352187833511206
1f0c79e5,null_len,0.43333333333333335
1f0c79e5,null_len,0.21568627450980393
1f0c79e5,null_len,0.18434343434343434
1f0c79e5,null_len,0.06693594922100404
1f0c79e5,null_len,0.0
1f0c79e5,null_len,0.22857142857142856
1f0c79e5,null_len,0.0
1f0c79e5,null_len,0.06358381502890173
1f0c79e5,null_len,0.2506981073533975
1f0c79e5,null_len,0.13416536661466458
1f0c79e5,null_len,0.3684210526315789
1f0c79e5,null_len,0.0
1f0c79e5,null_len,0.2557304611985639
1f0c79e5,null_len,0.04702627939142462
1f642eb9,real,0.0
1f642eb9,real,1.0
1f642eb9,real,1.0
1f642eb9,real,0.0
1f642eb9,real,0.0
1f642eb9,real,1.0
1f642eb9,real,1.0
1f642eb9,real,1.0
1f642eb9,real,1.0
1f642eb9,real,1.0
1f642eb9,real,0.0
1f642eb9,real,1.0
1f642eb9,real,0.0
1f642eb9,real,0.0
1f642eb9,real,1.0
1f642eb9,real,1.0
1f642eb9,real,1.0
1f642eb9,real,0.0
1f642eb9,real,0.0
1f642eb9,real,0.0
1f642eb9,real,1.0
1f642eb9,real,0.0
1f642eb9,real,1.0
1f642eb9,real,0.0
1f642eb9,real,1.0
1f642eb9,real,1.0
1f642eb9,real,0.0
1f642eb9,real,0.0
1f642eb9,real,1.0
1f642eb9,real,1.0
1f642eb9,real,0.0
1f642eb9,real,1.0
1f642eb9,real,1.0
1f642eb9,real,1.0
1f642eb9,real,0.0
1f642eb9,real,0.0
1f642eb9,real,0.0
1f642eb9,real,-0.16666666666666666
1f642eb9,real,0.10256410256410256
1f642eb9,real,-0.16666666666666666
1f642eb9,real,0.0
1f642eb9,real,1.0
1f642eb9,real,0.0
1f642eb9,real,1.0
1f642eb9,real,1.0
1f642eb9,real,1.0
1f642eb9,real,0.24722050648548488
1f642eb9,real,1.0
1f642eb9,real,0.0
1f642eb9,real,1.0
1f642eb9,null_cut,-0.13953488372093023
1f642eb9,null_cut,1.0
1f642eb9,null_cut,0.0
1f642eb9,null_cut,0.0
1f642eb9,null_cut,1.0
1f642eb9,null_cut,0.0
1f642eb9,null_cut,1.0
1f642eb9,null_cut,0.0
1f642eb9,null_cut,0.0
1f642eb9,null_cut,0.12523515184090298
1f642eb9,null_cut,1.0
1f642eb9,null_cut,1.0
1f642eb9,null_cut,1.0
1f642eb9,null_cut,1.0
1f642eb9,null_cut,0.0
1f642eb9,null_cut,0.0
1f642eb9,null_cut,0.0
1f642eb9,null_cut,0.0
1f642eb9,null_cut,1.0
1f642eb9,null_cut,0.0
1f642eb9,null_cut,0.0
1f642eb9,null_cut,0.0
1f642eb9,null_cut,0.0
1f642eb9,null_cut,0.0
1f642eb9,null_cut,0.43243243243243246
1f642eb9,null_cut,0.0
1f642eb9,null_cut,1.0
1f642eb9,null_cut,0.0
1f642eb9,null_cut,0.0
1f642eb9,null_cut,0.0
1f642eb9,null_cut,1.0
1f642eb9,null_cut,0.0
1f642eb9,null_cut,1.0
1f642eb9,null_cut,1.0
1f642eb9,null_cut,1.0
1f642eb9,null_cut,1.0
1f642eb9,null_cut,0.0
1f642eb9,null_cut,0.0
1f642eb9,null_cut,1.0
1f642eb9,null_cut,0.0
1f642eb9,null_cut,0.0
1f642eb9,null_cut,0.0
1f642eb9,null_cut,0.0
1f642eb9,null_cut,1.0
1f642eb9,null_cut,1.0
1f642eb9,null_cut,1.0
1f642eb9,null_cut,0.0
1f642eb9,null_cut,1.0
1f642eb9,null_cut,1.0
1f642eb9,null_cut,0.0
1f642eb9,null_len,0.0
1f642eb9,null_len,0.0
1f642eb9,null_len,0.0
1f642eb9,null_len,1.0
1f642eb9,null_len,1.0
1f642eb9,null_len,0.0
1f642eb9,null_len,0.0
1f642eb9,null_len,0.0
1f642eb9,null_len,0.0
1f642eb9,null_len,0.0
1f642eb9,null_len,0.0
1f642eb9,null_len,0.0
1f642eb9,null_len,1.0
1f642eb9,null_len,1.0
1f642eb9,null_len,1.0
1f642eb9,null_len,1.0
1f642eb9,null_len,1.0
1f642eb9,null_len,0.0
1f642eb9,null_len,0.0
1f642eb9,null_len,1.0
1f642eb9,null_len,0.0
1f642eb9,null_len,0.0
1f642eb9,null_len,1.0
1f642eb9,null_len,-0.031746031746031744
1f642eb9,null_len,1.0
1f642eb9,null_len,0.0
1f642eb9,null_len,1.0
1f642eb9,null_len,1.0
1f642eb9,null_len,0.0
1f642eb9,null_len,1.0
1f642eb9,null_len,0.0
1f642eb9,null_len,1.0
1f642eb9,null_len,0.0
1f642eb9,null_len,1.0
1f642eb9,null_len,0.0
1f642eb9,null_len,1.0
1f642eb9,null_len,1.0
1f642eb9,null_len,1.0
1f642eb9,null_len,0.0
1f642eb9,null_len,1.0
1f642eb9,null_len,1.0
1f642eb9,null_len,0.0
1f642eb9,null_len,0.0
1f642eb9,null_len,1.0
1f642eb9,null_len,1.0
1f642eb9,null_len,1.0
1f642eb9,null_len,0.0
1f642eb9,null_len,0.0
1f642eb9,null_len,1.0
1f642eb9,null_len,0.0
1f876c06,real,1.0
1f876c06,real,1.0
1f876c06,real,1.0
1f876c06,real,1.0
1f876c06,real,1.0
1f876c06,real,1.0
1f876c06,real,1.0
1f876c06,real,0.6774683544303798
1f876c06,real,1.0
1f876c06,real,0.7331378299120235
1f876c06,real,1.0
1f876c06,real,1.0
1f876c06,real,1.0
1f876c06,real,1.0
1f876c06,real,1.0
1f876c06,real,1.0
1f876c06,real,1.0
1f876c06,real,1.0
1f876c06,real,1.0
1f876c06,real,1.0
1f876c06,real,1.0
1f876c06,real,1.0
1f876c06,real,1.0
1f876c06,real,1.0
1f876c06,real,1.0
1f876c06,real,1.0
1f876c06,real,1.0
1f876c06,real,1.0
1f876c06,real,0.7144778126400717
1f876c06,real,1.0
1f876c06,real,0.793416572077185
1f876c06,real,1.0
1f876c06,real,1.0
1f876c06,real,0.9611277231952157
1f876c06,real,1.0
1f876c06,real,1.0
1f876c06,real,1.0
1f876c06,real,1.0
1f876c06,real,1.0
1f876c06,real,0.9611277231952157
1f876c06,real,1.0
1f876c06,real,0.9611277231952157
1f876c06,real,0.7331378299120235
1f876c06,real,0.9611277231952157
1f876c06,real,1.0
1f876c06,real,1.0
1f876c06,real,1.0
1f876c06,real,1.0
1f876c06,real,1.0
1f876c06,real,1.0
1f876c06,null_cut,0.11203469461510661
1f876c06,null_cut,0.18546365914786966
1f876c06,null_cut,0.4972375690607735
1f876c06,null_cut,0.15022330491270808
1f876c06,null_cut,0.0
1f876c06,null_cut,0.23529411764705882
1f876c06,null_cut,0.06939371804236669
1f876c06,null_cut,0.17411764705882352
1f876c06,null_cut,1.0
1f876c06,null_cut,0.19469026548672566
1f876c06,null_cut,0.01786378861183476
1f876c06,null_cut,0.3391712943186672
1f876c06,null_cut,0.18726591760299627
1f876c06,null_cut,0.13447031813709412
1f876c06,null_cut,0.0011865915158706616
1f876c06,null_cut,0.3412023921938936
1f876c06,null_cut,1.0
1f876c06,null_cut,0.21106128550074738
1f876c06,null_cut,0.060681889271191745
1f876c06,null_cut,0.04649639816633923
1f876c06,null_cut,0.6302179534540081
1f876c06,null_cut,0.27720413026211277
1f876c06,null_cut,0.16958174904942966
1f876c06,null_cut,0.15711835334476845
1f876c06,null_cut,0.23743016759776536
1f876c06,null_cut,0.0967741935483871
1f876c06,null_cut,0.13447031813709412
1f876c06,null_cut,0.06871345029239766
1f876c06,null_cut,-0.16833095577746077
1f876c06,null_cut,0.58683314415437
1f876c06,null_cut,0.3135454247294195
1f876c06,null_cut,0.3002832861189802
1f876c06,null_cut,0.2238143978164449
1f876c06,null_cut,0.0896358543417367
1f876c06,null_cut,0.40131578947368424
1f876c06,null_cut,0.02
1f876c06,null_cut,0.03338391502276176
1f876c06,null_cut,0.30726643598615916
1f876c06,null_cut,0.003318951211417192
1f876c06,null_cut,0.1529745042492918
1f876c06,null_cut,0.5526685393258427
1f876c06,null_cut,0.22662889518413598
1f876c06,null_cut,0.08716707021791767
1f876c06,null_cut,0.0967741935483871
1f876c06,null_cut,0.2822085889570552
1f876c06,null_cut,0.18507462686567164
1f876c06,null_cut,0.07332293291731669
1f876c06,null_cut,-0.018433179723502304
1f876c06,null_cut,0.33088235294117646
1f876c06,null_cut,0.1533308522515817
1f876c06,null_len,0.2883675464320626
1f876c06,null_len,0.0
1f876c06,null_len,0.24166666666666667
1f876c06,null_len,0.09
1f876c06,null_len,0.08869814020028613
1f876c06,null_len,0.411275415896488
1f876c06,null_len,0.0
1f876c06,null_len,0.2822085889570552
1f876c06,null_len,0.31037891268533774
1f876c06,null_len,0.2222222222222222
1f876c06,null_len,0.631578947368421
1f876c06,null_len,0.028193079880392994
1f876c06,null_len,0.1589648798521257
1f876c06,null_len,0.4246575342465753
1f876c06,null_len,0.545
1f876c06,null_len,0.1589648798521257
1f876c06,null_len,1.0
1f876c06,null_len,0.4977168949771689
1f876c06,null_len,0.07486136783733827
1f876c06,null_len,0.1360759493670886
1f876c06,null_len,0.3392116182572614
1f876c06,null_len,0.26508313539192396
1f876c06,null_len,0.35874439461883406
1f876c06,null_len,0.44171779141104295
1f876c06,null_len,0.08831168831168831
1f876c06,null_len,0.3933333333333333
1f876c06,null_len,0.1504149377593361
1f876c06,null_len,0.5929239528263521
1f876c06,null_len,0.6695715323166304
1f876c06,null_len,0.44171779141104295
1f876c06,null_len,0.14035087719298245
1f876c06,null_len,0.0
1f876c06,null_len,0.24306839186691312
1f876c06,null_len,0.09
1f876c06,null_len,0.4713144517066086
1f876c06,null_len,0.061855670103092786
1f876c06,null_len,0.6635859519408502
1f876c06,null_len,0.16583333333333333
1f876c06,null_len,0.24166666666666667
1f876c06,null_len,0.32717190388170053
1f876c06,null_len,0.5714285714285714
1f876c06,null_len,0.10593763348996156
1f876c06,null_len,0.545
1f876c06,null_len,0.3546099290780142
1f876c06,null_len,0.2883675464320626
1f876c06,null_len,0.19469026548672566
1f876c06,null_len,0.1589648798521257
1f876c06,null_len,0.17366628830874006
1f876c06,null_len,0.316580011554015
1f876c06,null_len,0.3933333333333333
21f83797,real,0.8387874390485487
21f83797,real,0.4994976276862964
21f83797,real,0.660509131564944
21f83797,real,-0.043010752688172046
21f83797,real,0.5676631097377626
21f83797,real,0.871819592719748
21f83797,real,0.5518039107683833
21f83797,real,0.8932469108940371
21f83797,real,0.8967590344049041
21f83797,real,0.49198016914552345
21f83797,real,0.36487773578095706
21f83797,real,0.5280733094222824
21f83797,real,0.6158195581377943
21f83797,real,0.7769832129878593
21f83797,real,0.37021909547738696
21f83797,real,0.39213440017492845
21f83797,real,0.9073455617644455
21f83797,real,0.5795658560470051
21f83797,real,0.3349929514864731
21f83797,real,0.553553677479964
21f83797,real,0.5488678122372634
21f83797,real,0.6332531393778397
21f83797,real,0.42982082833015356
21f83797,real,0.43615371120397517
21f83797,real,0.6267823398041573
21f83797,real,0.534130123726959
21f83797,real,0.5953102009357799
21f83797,real,0.8566488975281666
21f83797,real,0.5652223064464883
21f83797,real,0.6612657331869288
21f83797,real,0.49015935896281626
21f83797,real,0.504927536231884
21f83797,real,0.8862482945236368
21f83797,real,0.5845621267374874
21f83797,real,0.8757499275931979
21f83797,real,0.3918077731431827
21f83797,real,0.012702078521939953
21f83797,real,0.6234325794446035
21f83797,real,0.07692307692307693
21f83797,real,0.47527566395364224
21f83797,real,-0.043010752688172046
21f83797,real,0.7165698647175172
21f83797,real,0.9423297982370548
21f83797,real,0.49508176277104865
21f83797,real,0.26344049983595164
21f83797,real,0.12903225806451613
21f83797,real,0.8764359635373005
21f83797,real,0.5045174371858218
21f83797,real,0.779026021868541
21f83797,real,0.43736263736263736
21f83797,null_cut,0.22098347601035237
21f83797,null_cut,0.22974220784940022
21f83797,null_cut,0.18181613946800862
21f83797,null_cut,0.11153753897817223
21f83797,null_cut,0.084087216273938
21f83797,null_cut,0.16997771257235397
21f83797,null_cut,0.1415163472378805
21f83797,null_cut,0.34804924687175015
21f83797,null_cut,0.19933799565296462
21f83797,null_cut,0.3677662179477262
21f83797,null_cut,0.2459444795092405
21f83797,null_cut,0.1642596277811968
21f83797,null_cut,0.18246634132834944
21f83797,null_cut,0.19940868012942095
21f83797,null_cut,0.3705857529565549
21f83797,null_cut,0.22914688652190618
21f83797,null_cut,0.2484029251315051
21f83797,null_cut,0.1769604358448975
21f83797,null_cut,0.3307931175305712
21f83797,null_cut,0.2930641073652491
21f83797,null_cut,0.09394023285033266
21f83797,null_cut,0.25355229657797906
21f83797,null_cut,0.3229322002656517
21f83797,null_cut,0.36610501323299866
21f83797,null_cut,0.269624547006962
21f83797,null_cut,0.16698602426470946
21f83797,null_cut,0.2168480265815454
21f83797,null_cut,0.30479171097809243
21f83797,null_cut,0.1512796849572734
21f83797,null_cut,0.3594956491795028
21f83797,null_cut,0.31223394042913794
21f83797,null_cut,0.18246634132834944
21f83797,null_cut,0.4793465849310342
21f83797,null_cut,0.25179929017755154
21f83797,null_cut,0.03593205258639997
21f83797,null_cut,0.10996742947974558
21f83797,null_cut,0.30342718397457985
21f83797,null_cut,0.32447222281201926
21f83797,null_cut,0.2663926450096141
21f83797,null_cut,0.3123472858238423
21f83797,null_cut,0.292480262025393
21f83797,null_cut,0.1341160015133623
21f83797,null_cut,0.01907148352017686
21f83797,null_cut,0.3791724844232549
21f83797,null_cut,0.05933585256359102
21f83797,null_cut,0.08423406634364518
21f83797,null_cut,0.30067921599068503
21f83797,null_cut,0.24755776496739307
21f83797,null_cut,0.2488124301354634
21f83797,null_cut,0.28342878598200344
21f83797,null_len,0.2910287443267776
21f83797,null_len,0.44138898446391234
21f83797,null_len,0.30265496667749997
21f83797,null_len,0.2379909940519455
21f83797,null_len,0.330139901254242
21f83797,null_len,0.4757817290006131
21f83797,null_len,0.2448515938115358
21f83797,null_len,0.42893687433020034
21f83797,null_len,0.12374742250715706
21f83797,null_len,0.2119682237926936
21f83797,null_len,0.16844804481190037
21f83797,null_len,0.10965569432522894
21f83797,null_len,0.1466898087979228
21f83797,null_len,0.21731510690501227
21f83797,null_len,0.14331837835639832
21f83797,null_len,0.24311532327583502
21f83797,null_len,0.3559817679828789
21f83797,null_len,0.30157019704433496
21f83797,null_len,0.25901671390870884
21f83797,null_len,0.18709328131344488
21f83797,null_len,0.1889322901101003
21f83797,null_len,0.47103814759396107
21f83797,null_len,0.0
21f83797,null_len,0.47243357773231986
21f83797,null_len,0.07276099540946451
21f83797,null_len,0.2840500136384834
21f83797,null_len,0.2448144554739081
21f83797,null_len,0.2982267815416017
21f83797,null_len,0.22373307311624632
21f83797,null_len,0.19159471173229406
21f83797,null_len,0.14378892879157512
21f83797,null_len,0.21981399087011452
21f83797,null_len,0.42521008403361343
21f83797,null_len,0.2593896946489157
21f83797,null_len,0.10460362602204053
21f83797,null_len,0.2684790735895267
21f83797,null_len,0.2962110863469696
21f83797,null_len,0.10490784013935679
21f83797,null_len,0.16521697799325064
21f83797,null_len,0.26030293708136376
21f83797,null_len,0.3619944833006295
21f83797,null_len,0.28073930004235853
21f83797,null_len,0.7248005801305294
21f83797,null_len,0.2569366348531593
21f83797,null_len,0.18882409898818317
21f83797,null_len,0.22436766562251625
21f83797,null_len,0.19295675997678474
21f83797,null_len,0.4833913318570073
21f83797,null_len,0.1741886057531083
21f83797,null_len,0.2528907988590163
23581191,real,0.6531213191990577
23581191,real,0.4328067887908001
23581191,real,0.3972979734801101
23581191,real,0.4153654424162451
23581191,real,0.4955719386099133
23581191,real,0.41698685540950453
23581191,real,0.22601680145690956
23581191,real,0.439873417721519
23581191,real,0.779222300304521
23581191,real,0.3387506348400203
23581191,real,0.5916575192096597
23581191,real,0.2776540740461184
23581191,real,0.4288514308114465
23581191,real,0.5969734403953058
23581191,real,0.2860681881522311
23581191,real,0.5601459663756028
23581191,real,0.4325763947294645
23581191,real,0.46637671462027436
23581191,real,0.2853437094682231
23581191,real,0.6043899948953547
23581191,real,0.40644038294168844
23581191,real,0.0
23581191,real,0.3444800732936326
23581191,real,0.1847103188207062
23581191,real,0.6224364179260851
23581191,real,0.42748091603053434
23581191,real,0.6615104640582348
23581191,real,0.3993800051666236
23581191,real,0.6420009988346929
23581191,real,0.8163172288058341
23581191,real,0.46686336813436224
23581191,real,0.49515699840340605
23581191,real,0.505876625634606
23581191,real,0.0
23581191,real,0.713128976286871
23581191,real,0.0
23581191,real,0.7160208997760739
23581191,real,0.38739706408879343
23581191,real,0.24442155853072434
23581191,real,0.6654427270697397
23581191,real,0.44539213646765136
23581191,real,0.37349397590361444
23581191,real,0.0
23581191,real,0.2793189749374317
23581191,real,0.7588839032441075
23581191,real,0.3632247377139702
23581191,real,0.06566216116404461
23581191,real,0.40874145181157884
23581191,real,0.20701492537313432
23581191,real,0.5607651188252721
23581191,null_cut,0.11650211565585332
23581191,null_cut,0.15280214199981534
23581191,null_cut,0.2893671425527381
23581191,null_cut,0.39525865222799444
23581191,null_cut,0.07457627118644068
23581191,null_cut,0.3410010311731578
23581191,null_cut,0.3617278966491724
23581191,null_cut,0.26760127821874036
23581191,null_cut,0.0953857377348167
23581191,null_cut,0.24312540873843855
23581191,null_cut,0.11157349246231156
23581191,null_cut,0.56695846526355
23581191,null_cut,0.2458189965591742
23581191,null_cut,0.48280558392917944
23581191,null_cut,0.06138259833134684
23581191,null_cut,0.22703041705863908
23581191,null_cut,0.2638228816506317
23581191,null_cut,0.11034420125329217
23581191,null_cut,0.10865525672371638
23581191,null_cut,0.2824971850369073
23581191,null_cut,0.2665955374124414
23581191,null_cut,0.24922941435490972
23581191,null_cut,0.05813953488372093
23581191,null_cut,0.21945003353454057
23581191,null_cut,0.3138987529936411
23581191,null_cut,0.20464085270952223
23581191,null_cut,0.0
23581191,null_cut,0.2615033368458026
23581191,null_cut,0.42548685062069774
23581191,null_cut,0.14704476923330423
23581191,null_cut,0.48359153756455103
23581191,null_cut,0.27932629581307084
23581191,null_cut,0.32877907952599955
23581191,null_cut,0.08467970651199386
23581191,null_cut,0.3617278966491724
23581191,null_cut,0.22344689378757515
23581191,null_cut,0.19936047226663386
23581191,null_cut,0.14568837463841763
23581191,null_cut,0.09114956464234542
23581191,null_cut,0.18705790471940198
23581191,null_cut,0.34129132031703074
23581191,null_cut,0.0
23581191,null_cut,0.32691437802907913
23581191,null_cut,0.2419716206123973
23581191,null_cut,0.2409213529777962
23581191,null_cut,0.18530482630238987
23581191,null_cut,0.06043859819812808
23581191,null_cut,0.10068259385665529
23581191,null_cut,0.4352128160829276
23581191,null_cut,0.18945839385764682
23581191,null_len,0.14524876208441406
23581191,null_len,-0.016088060965283656
23581191,null_len,0.13385141796671113
23581191,null_len,-0.009100455022751138
23581191,null_len,0.40602682459501827
23581191,null_len,0.10814966683751923
23581191,null_len,0.33223684210526316
23581191,null_len,0.04678130336364719
23581191,null_len,0.2022852306390182
23581191,null_len,0.16721491228070176
23581191,null_len,0.36301916932907347
23581191,null_len,-0.09768303985171455
23581191,null_len,0.2165782158200657
23581191,null_len,0.3189319566689235
23581191,null_len,0.30192716390290447
23581191,null_len,0.07936507936507936
23581191,null_len,0.1712967816332949
23581191,null_len,0.0
23581191,null_len,0.11911038502951769
23581191,null_len,0.16447975033690332
23581191,null_len,0.1959941156501075
23581191,null_len,0.13254969610655326
23581191,null_len,0.3419187025042077
23581191,null_len,0.12971926427879962
23581191,null_len,0.2930703916735141
23581191,null_len,0.4619124797406807
23581191,null_len,0.2033886339569361
23581191,null_len,0.06568281022656412
23581191,null_len,0.20308483290488433
23581191,null_len,0.08494023098890546
23581191,null_len,0.07985865724381626
23581191,null_len,0.0
23581191,null_len,0.3783037001441615
23581191,null_len,0.31470670002780093
23581191,null_len,0.3522901526768451
23581191,null_len,-0.05375776982482577
23581191,null_len,0.21950367004543866
23581191,null_len,0.1452947259565667
23581191,null_len,0.1797476833761304
23581191,null_len,0.10274372446001168
23581191,null_len,0.3608345042458305
23581191,null_len,0.0
23581191,null_len,0.3563728598604946
23581191,null_len,0.30965307812643783
23581191,null_len,0.2888783420344882
23581191,null_len,0.14372061786433848
23581191,null_len,0.3109332527937179
23581191,null_len,0.5921715692019219
23581191,null_len,0.2158249438389217
23581191,null_len,0.15821832271286304
2546ccf6,real,0.4463878326996198
2546ccf6,real,0.7726894254787677
2546ccf6,real,0.491998511350949
2546ccf6,real,0.5094339622641509
2546ccf6,real,0.6169154228855721
2546ccf6,real,0.7625792023853895
2546ccf6,real,0.5894736842105263
2546ccf6,real,0.625
2546ccf6,real,0.7422096317280453
2546ccf6,real,0.9673718178558623
2546ccf6,real,0.5504587155963303
2546ccf6,real,0.6154929577464788
2546ccf6,real,0.6560268794624108
2546ccf6,real,0.6507462686567164
2546ccf6,real,0.8721910112359551
2546ccf6,real,0.30201342281879195
2546ccf6,real,0.6179146256123164
2546ccf6,real,0.8619119878603946
2546ccf6,real,0.7949790794979079
2546ccf6,real,0.9565217391304348
2546ccf6,real,0.6154929577464788
2546ccf6,real,0.38596491228070173
2546ccf6,real,0.4987146529562982
2546ccf6,real,0.8619119878603946
2546ccf6,real,0.1316793893129771
2546ccf6,real,0.5504587155963303
2546ccf6,real,0.6169154228855721
2546ccf6,real,1.0
2546ccf6,real,0.6578947368421053
2546ccf6,real,0.7845303867403315
2546ccf6,real,0.6578947368421053
2546ccf6,real,0.8264462809917356
2546ccf6,real,0.876274643099932
2546ccf6,real,0.6691800188501413
2546ccf6,real,0.9307984790874525
2546ccf6,real,0.8201581027667985
2546ccf6,real,1.0
2546ccf6,real,0.7845303867403315
2546ccf6,real,0.7845303867403315
2546ccf6,real,0.7422096317280453
2546ccf6,real,0.6169154228855721
2546ccf6,real,0.6302179534540081
2546ccf6,real,0.8375580149946448
2546ccf6,real,1.0
2546ccf6,real,0.6578947368421053
2546ccf6,real,0.782608695652174
2546ccf6,real,0.631578947368421
2546ccf6,real,0.782608695652174
2546ccf6,real,0.7006578947368421
2546ccf6,real,0.6519337016574586
2546ccf6,null_cut,0.2608695652173913
2546ccf6,null_cut,1.0
2546ccf6,null_cut,-0.043744998666311014
2546ccf6,null_cut,0.1309823677581864
2546ccf6,null_cut,0.3244962884411453
2546ccf6,null_cut,0.1358655953250548
2546ccf6,null_cut,0.2386117136659436
2546ccf6,null_cut,1.0
2546ccf6,null_cut,0.23729701414353063
2546ccf6,null_cut,0.32923832923832924
2546ccf6,null_cut,0.11992263056092843
2546ccf6,null_cut,-0.02235929067077872
2546ccf6,null_cut,0.1375921375921376
2546ccf6,null_cut,0.07331975560081466
2546ccf6,null_cut,0.39275500476644426
2546ccf6,null_cut,0.5105772678379348
2546ccf6,null_cut,-0.06129768503423541
2546ccf6,null_cut,-0.02405898331393093
2546ccf6,null_cut,0.1894045944678856
2546ccf6,null_cut,0.21678321678321677
2546ccf6,null_cut,0.016399552739470743
2546ccf6,null_cut,0.16294349540078842
2546ccf6,null_cut,1.0
2546ccf6,null_cut,0.1527001862197393
2546ccf6,null_cut,0.03853325046612803
2546ccf6,null_cut,0.325281033245635
2546ccf6,null_cut,0.10565110565110565
2546ccf6,null_cut,0.31976744186046513
2546ccf6,null_cut,1.0
2546ccf6,null_cut,0.24429065743944636
2546ccf6,null_cut,0.2506265664160401
2546ccf6,null_cut,0.11864406779661017
2546ccf6,null_cut,0.16690140845070423
2546ccf6,null_cut,0.2907488986784141
2546ccf6,null_cut,0.21744471744471744
2546ccf6,null_cut,-0.004599816007359705
2546ccf6,null_cut,0.36629526462395545
2546ccf6,null_cut,0.059574468085106386
2546ccf6,null_cut,0.3002832861189802
2546ccf6,null_cut,-0.1408375566817818
2546ccf6,null_cut,0.291522491349481
2546ccf6,null_cut,0.1878453038674033
2546ccf6,null_cut,-0.037037037037037035
2546ccf6,null_cut,0.08491620111731843
2546ccf6,null_cut,0.1506276150627615
2546ccf6,null_cut,0.2822085889570552
2546ccf6,null_cut,0.37722419928825623
2546ccf6,null_cut,1.0
2546ccf6,null_cut,0.33026678932842685
2546ccf6,null_cut,-0.20162519045200608
2546ccf6,null_len,0.5050985723997281
2546ccf6,null_len,0.15584415584415584
2546ccf6,null_len,0.5629848540820096
2546ccf6,null_len,0.6804775280898876
2546ccf6,null_len,0.26778242677824265
2546ccf6,null_len,0.27149321266968324
2546ccf6,null_len,1.0
2546ccf6,null_len,0.26778242677824265
2546ccf6,null_len,0.8078817733990148
2546ccf6,null_len,0.47324414715719065
2546ccf6,null_len,0.291522491349481
2546ccf6,null_len,0.580368906455863
2546ccf6,null_len,0.6507462686567164
2546ccf6,null_len,0.06964856230031949
2546ccf6,null_len,0.5597320431708225
2546ccf6,null_len,0.19548133595284872
2546ccf6,null_len,0.2206851119894598
2546ccf6,null_len,0.12626020163226115
2546ccf6,null_len,0.11719053162592162
2546ccf6,null_len,0.34782608695652173
2546ccf6,null_len,0.16958174904942966
2546ccf6,null_len,0.22
2546ccf6,null_len,1.0
2546ccf6,null_len,0.3314285714285714
2546ccf6,null_len,0.05536332179930796
2546ccf6,null_len,0.3953488372093023
2546ccf6,null_len,0.16911472806669314
2546ccf6,null_len,0.4691666666666667
2546ccf6,null_len,0.43902439024390244
2546ccf6,null_len,0.6157635467980296
2546ccf6,null_len,0.5776508389860764
2546ccf6,null_len,0.12236286919831224
2546ccf6,null_len,0.16294349540078842
2546ccf6,null_len,0.3448275862068966
2546ccf6,null_len,1.0
2546ccf6,null_len,0.31361651448987693
2546ccf6,null_len,0.0
2546ccf6,null_len,0.4005270092226614
2546ccf6,null_len,0.11049723756906077
2546ccf6,null_len,0.19751552795031055
2546ccf6,null_len,0.42597402597402595
2546ccf6,null_len,0.5214723926380368
2546ccf6,null_len,0.32648026315789475
2546ccf6,null_len,0.4432358939496941
2546ccf6,null_len,0.2608695652173913
2546ccf6,null_len,0.3402985074626866
2546ccf6,null_len,0.8571428571428571
2546ccf6,null_len,0.22935779816513763
2546ccf6,null_len,0.2222222222222222
2546ccf6,null_len,0.2682748538011696
2bcee788,real,1.0
2bcee788,real,0.13525955170074766
2bcee788,real,0.22449907835204558
2bcee788,real,0.01576427170254393
2bcee788,real,0.28926311287863293
2bcee788,real,0.060163671909538356
2bcee788,real,0.2783535893101653
2bcee788,real,0.08980974941740891
2bcee788,real,0.09074603107018367
2bcee788,real,0.36984113642094646
2bcee788,real,0.449438202247191
2bcee788,real,0.19109290720816868
2bcee788,real,0.13681499878146874
2bcee788,real,0.039866870482425126
2bcee788,real,0.04498255986542648
2bcee788,real,0.7619047619047619
2bcee788,real,1.0
2bcee788,real,0.0
2bcee788,real,0.023723309077470205
2bcee788,real,0.16376807227292836
2bcee788,real,0.06896551724137931
2bcee788,real,1.0
2bcee788,real,1.0
2bcee788,real,0.4357650096836669
2bcee788,real,0.41797454907667203
2bcee788,real,0.28667023554603854
2bcee788,real,0.0887936993877148
2bcee788,real,1.0
2bcee788,real,0.0
2bcee788,real,0.1315346326868692
2bcee788,real,0.5860950504416155
2bcee788,real,0.4956854848137453
2bcee788,real,0.20819760579874613
2bcee788,real,0.06846570647120441
2bcee788,real,0.11451275993807511
2bcee788,real,1.0
2bcee788,real,0.0
2bcee788,real,0.07701480776483788
2bcee788,real,0.38235294117647056
2bcee788,real,0.46040281750083983
2bcee788,real,0.0689117724991663
2bcee788,real,0.05183014614761752
2bcee788,real,0.7619047619047619
2bcee788,real,0.8679245283018868
2bcee788,real,0.08650023454797205
2bcee788,real,0.16976182025163786
2bcee788,real,0.2702702702702703
2bcee788,real,0.07409149343116045
2bcee788,real,0.5882352941176471
2bcee788,real,0.5227272727272727
2bcee788,null_cut,0.0
2bcee788,null_cut,0.0
2bcee788,null_cut,0.12422019219254503
2bcee788,null_cut,0.002918594535987594
2bcee788,null_cut,0.0
2bcee788,null_cut,0.044954044438654965
2bcee788,null_cut,0.28981800808585295
2bcee788,null_cut,0.31627906976744186
2bcee788,null_cut,0.1956226110996077
2bcee788,null_cut,0.3350036033913802
2bcee788,null_cut,0.1626225930419341
2bcee788,null_cut,0.05970149253731343
2bcee788,null_cut,1.0
2bcee788,null_cut,0.07645708962641931
2bcee788,null_cut,0.09819767814764928
2bcee788,null_cut,0.4680018243300272
2bcee788,null_cut,0.7857142857142857
2bcee788,null_cut,0.1476891969959561
2bcee788,null_cut,0.3933364183248496
2bcee788,null_cut,0.2857197050165397
2bcee788,null_cut,0.2047730952665965
2bcee788,null_cut,0.1275734161618236
2bcee788,null_cut,0.06108645745922068
2bcee788,null_cut,0.0
2bcee788,null_cut,0.30023828051368057
2bcee788,null_cut,0.0
2bcee788,null_cut,0.0
2bcee788,null_cut,0.0
2bcee788,null_cut,0.16487201352855305
2bcee788,null_cut,0.17503956276803276
2bcee788,null_cut,0.1762102037341808
2bcee788,null_cut,0.08871015515765929
2bcee788,null_cut,0.10943922950762466
2bcee788,null_cut,0.19084236881239974
2bcee788,null_cut,0.0
2bcee788,null_cut,0.11729230547765959
2bcee788,null_cut,0.0
2bcee788,null_cut,0.15860565813548325
2bcee788,null_cut,1.0
2bcee788,null_cut,0.2823634164817202
2bcee788,null_cut,0.20311078017704973
2bcee788,null_cut,0.16641012176919012
2bcee788,null_cut,0.04874421678783873
2bcee788,null_cut,0.10965194357712693
2bcee788,null_cut,0.17656198617694827
2bcee788,null_cut,0.07164525914929323
2bcee788,null_cut,0.07015690189829478
2bcee788,null_cut,0.11285940507979879
2bcee788,null_cut,0.0
2bcee788,null_cut,0.11884057971014493
2bcee788,null_len,-0.06308273632118024
2bcee788,null_len,0.0
2bcee788,null_len,0.07989297481370099
2bcee788,null_len,0.13860925891746811
2bcee788,null_len,0.0
2bcee788,null_len,1.0
2bcee788,null_len,0.15257944947438778
2bcee788,null_len,0.04808643105658304
2bcee788,null_len,0.10620582941485375
2bcee788,null_len,0.11076396484410803
2bcee788,null_len,0.14965312190287414
2bcee788,null_len,0.05119069941871367
2bcee788,null_len,0.0
2bcee788,null_len,0.0009100614939286048
2bcee788,null_len,0.09658622193910324
2bcee788,null_len,0.0
2bcee788,null_len,0.06315370056778563
2bcee788,null_len,0.16666666666666666
2bcee788,null_len,0.06780538489665734
2bcee788,null_len,0.02506202956568879
2bcee788,null_len,0.030153374646561967
2bcee788,null_len,1.0
2bcee788,null_len,0.22759941941456663
2bcee788,null_len,-0.04461181884177551
2bcee788,null_len,0.4
2bcee788,null_len,0.21428571428571427
2bcee788,null_len,0.1
2bcee788,null_len,0.04951601792636941
2bcee788,null_len,0.08460704175083941
2bcee788,null_len,0.07443900726288094
2bcee788,null_len,0.0
2bcee788,null_len,0.14409907634282443
2bcee788,null_len,0.2206410597012062
2bcee788,null_len,0.04414898354576702
2bcee788,null_len,0.022775098762107884
2bcee788,null_len,0.08342833790652299
2bcee788,null_len,-0.23853211009174313
2bcee788,null_len,0.002333722287047841
2bcee788,null_len,0.03508771929824561
2bcee788,null_len,0.02048347416836025
2bcee788,null_len,-0.08917197452229299
2bcee788,null_len,0.2228664918316772
2bcee788,null_len,0.0
2bcee788,null_len,0.22020846894762522
2bcee788,null_len,0.0
2bcee788,null_len,0.16275912031637071
2bcee788,null_len,0.0
2bcee788,null_len,0.0
2bcee788,null_len,0.016307735130915713
2bcee788,null_len,0.0007910725820796315
2bee17df,real,0.7093776817684135
2bee17df,real,0.3725531279628301
2bee17df,real,1.0
2bee17df,real,-0.02434077079107505
2bee17df,real,0.0
2bee17df,real,0.18581405192872247
2bee17df,real,0.25196099261565413
2bee17df,real,0.6608364927628535
2bee17df,real,0.5053195885817482
2bee17df,real,0.55828150925234
2bee17df,real,0.40968378681735496
2bee17df,real,0.5180973082073476
2bee17df,real,0.12618738417988415
2bee17df,real,0.7603986170619226
2bee17df,real,0.8936089452624587
2bee17df,real,0.5270182593382149
2bee17df,real,0.10860136518155833
2bee17df,real,0.7963585579061708
2bee17df,real,0.39684174885275664
2bee17df,real,0.0
2bee17df,real,0.4812133746983799
2bee17df,real,0.3875346613094901
2bee17df,real,0.7522590754766257
2bee17df,real,0.3239709234805798
2bee17df,real,0.3010378853724628
2bee17df,real,0.16728822122474965
2bee17df,real,0.09525200402427547
2bee17df,real,0.5015108725185874
2bee17df,real,0.08609868152982912
2bee17df,real,0.030173452464763776
2bee17df,real,0.3211395933909023
2bee17df,real,0.07526881720430108
2bee17df,real,0.4706210357566042
2bee17df,real,0.5057120432545565
2bee17df,real,0.6978235455920782
2bee17df,real,0.3206833776781963
2bee17df,real,0.48014707107509624
2bee17df,real,0.0
2bee17df,real,-0.01266624445851805
2bee17df,real,0.42430430965377713
2bee17df,real,0.36028597033215276
2bee17df,real,0.19693705691120597
2bee17df,real,0.16018856164432632
2bee17df,real,0.5479827848403225
2bee17df,real,0.5015108725185874
2bee17df,real,0.6196462816961432
2bee17df,real,0.5031095778303771
2bee17df,real,0.5320808562920684
2bee17df,real,0.6809745269026933
2bee17df,real,0.5792306309885267
2bee17df,null_cut,0.35259628543861565
2bee17df,null_cut,0.0
2bee17df,null_cut,0.22843061196549994
2bee17df,null_cut,0.12059853681788979
2bee17df,null_cut,0.2352965302272168
2bee17df,null_cut,0.2898389597796512
2bee17df,null_cut,0.2037300985595148
2bee17df,null_cut,0.11208934658060773
2bee17df,null_cut,0.15221933174895147
2bee17df,null_cut,0.3284516267439789
2bee17df,null_cut,0.34560906515580736
2bee17df,null_cut,0.14787046655525948
2bee17df,null_cut,0.13358997109247545
2bee17df,null_cut,0.15566957330353282
2bee17df,null_cut,0.13647195413975763
2bee17df,null_cut,0.16285116367556599
2bee17df,null_cut,0.03754769147021044
2bee17df,null_cut,0.1050399823930746
2bee17df,null_cut,0.12065801372413426
2bee17df,null_cut,0.09797769435234155
2bee17df,null_cut,0.2469139418078517
2bee17df,null_cut,0.4676018039527789
2bee17df,null_cut,0.14793938516988728
2bee17df,null_cut,-0.003062598326174119
2bee17df,null_cut,0.1523987060861394
2bee17df,null_cut,-0.021834061135371178
2bee17df,null_cut,0.18431552817872576
2bee17df,null_cut,0.0
2bee17df,null_cut,0.020701583149511
2bee17df,null_cut,0.24393871783430016
2bee17df,null_cut,0.08633630683381145
2bee17df,null_cut,0.2829908586608329
2bee17df,null_cut,0.18506433540602105
2bee17df,null_cut,0.14948041953641902
2bee17df,null_cut,-0.2857142857142857
2bee17df,null_cut,0.11962025316455696
2bee17df,null_cut,0.10458492856475861
2bee17df,null_cut,0.2296416486677228
2bee17df,null_cut,0.14763921892757517
2bee17df,null_cut,0.25656877897990726
2bee17df,null_cut,0.06472277446432516
2bee17df,null_cut,0.19718152954937893
2bee17df,null_cut,0.1401749971015679
2bee17df,null_cut,0.07943664703173102
2bee17df,null_cut,0.22038404726735597
2bee17df,null_cut,0.31192014092777454
2bee17df,null_cut,0.16495360575721735
2bee17df,null_cut,0.24503857360136336
2bee17df,null_cut,0.08273267036430718
2bee17df,null_cut,0.19697625305959016
2bee17df,null_len,0.13388324873096447
2bee17df,null_len,0.2745073341654166
2bee17df,null_len,0.15231094744086274
2bee17df,null_len,0.14472881226638187
2bee17df,null_len,0.12695005009302993
2bee17df,null_len,0.03164003124791832
2bee17df,null_len,0.3355333566266187
2bee17df,null_len,0.24424306706316942
2bee17df,null_len,0.035951135090284574
2bee17df,null_len,0.02347533386089729
2bee17df,null_len,0.10873377762188706
2bee17df,null_len,-0.08165563846262143
2bee17df,null_len,0.12379402292481906
2bee17df,null_len,0.28558912602277725
2bee17df,null_len,0.37109752365637205
2bee17df,null_len,0.19196352624953217
2bee17df,null_len,0.15998510611890282
2bee17df,null_len,0.3945100542610916
2bee17df,null_len,0.41638206523064913
2bee17df,null_len,0.1926577248159525
2bee17df,null_len,0.21994888271276422
2bee17df,null_len,0.3374547974275135
2bee17df,null_len,0.0392156862745098
2bee17df,null_len,0.14445085354551848
2bee17df,null_len,0.012693724610703613
2bee17df,null_len,1.0
2bee17df,null_len,0.210550440971685
2bee17df,null_len,0.36091133004926107
2bee17df,null_len,0.10503571214212833
2bee17df,null_len,1.0
2bee17df,null_len,0.2029939203383464
2bee17df,null_len,0.11478770926964385
2bee17df,null_len,0.0950094246476977
2bee17df,null_len,0.005162241887905605
2bee17df,null_len,0.4146960735187285
2bee17df,null_len,-0.01721280264233121
2bee17df,null_len,0.10810810810810811
2bee17df,null_len,0.2459633871429766
2bee17df,null_len,0.28161143146589535
2bee17df,null_len,0.04750438154438889
2bee17df,null_len,0.16452142515282045
2bee17df,null_len,0.3539811630074898
2bee17df,null_len,0.05524588541838451
2bee17df,null_len,0.40849507624112974
2bee17df,null_len,0.2600662367090814
2bee17df,null_len,0.047162659412534697
2bee17df,null_len,-0.06086562990642864
2bee17df,null_len,0.6936961005837605
2bee17df,null_len,1.0
2bee17df,null_len,0.2377676030194283
2c608aff,real,1.0
2c608aff,real,0.11244143675169183
2c608aff,real,0.935361216730038
2c608aff,real,0.935361216730038
2c608aff,real,0.7698744769874477
2c608aff,real,0.957464553794829
2c608aff,real,1.0
2c608aff,real,0.27631578947368424
2c608aff,real,0.5823475887170154
2c608aff,real,0.935361216730038
2c608aff,real,0.4377756001959824
2c608aff,real,1.0
2c608aff,real,1.0
2c608aff,real,0.75
2c608aff,real,0.5945945945945946
2c608aff,real,1.0
2c608aff,real,0.7895460797799174
2c608aff,real,0.6796116504854369
2c608aff,real,0.5945945945945946
2c608aff,real,0.8893709327548807
2c608aff,real,0.8893709327548807
2c608aff,real,0.8155515370705244
2c608aff,real,0.24685915803394312
2c608aff,real,0.935361216730038
2c608aff,real,1.0
2c608aff,real,0.6437125748502994
2c608aff,real,1.0
2c608aff,real,0.3692479108635098
2c608aff,real,0.8341463414634146
2c608aff,real,0.8026315789473685
2c608aff,real,1.0
2c608aff,real,0.625250501002004
2c608aff,real,0.9126712328767124
2c608aff,real,1.0
2c608aff,real,0.3831223628691983
2c608aff,real,0.24685915803394312
2c608aff,real,0.0392156862745098
2c608aff,real,0.5279187817258884
2c608aff,real,1.0
2c608aff,real,0.5823475887170154
2c608aff,real,0.7353856796956071
2c608aff,real,0.24685915803394312
2c608aff,real,1.0
2c608aff,real,0.7043478260869566
2c608aff,real,0.8060836501901141
2c608aff,real,0.8530259365994236
2c608aff,real,1.0
2c608aff,real,0.7616079775631037
2c608aff,real,1.0
2c608aff,real,1.0
2c608aff,null_cut,0.1332354175409148
2c608aff,null_cut,0.29071332436069985
2c608aff,null_cut,0.09157341858871888
2c608aff,null_cut,-0.13333333333333333
2c608aff,null_cut,0.08076009501187649
2c608aff,null_cut,0.04186795491143317
2c608aff,null_cut,0.29730032485717484
2c608aff,null_cut,0.06896551724137931
2c608aff,null_cut,0.17551963048498845
2c608aff,null_cut,0.382306477093207
2c608aff,null_cut,0.11189329381252315
2c608aff,null_cut,0.0
2c608aff,null_cut,0.17948998577213526
2c608aff,null_cut,0.23054925549748545
2c608aff,null_cut,0.3344421699078813
2c608aff,null_cut,0.1671763506625892
2c608aff,null_cut,0.13792258696717297
2c608aff,null_cut,0.48957464553794827
2c608aff,null_cut,0.044359464627151055
2c608aff,null_cut,0.2150560150769553
2c608aff,null_cut,0.5688926458157227
2c608aff,null_cut,0.23311139373082965
2c608aff,null_cut,0.37411677203421345
2c608aff,null_cut,-0.09259985874597819
2c608aff,null_cut,0.18181818181818182
2c608aff,null_cut,0.24615384615384617
2c608aff,null_cut,0.3455605962410888
2c608aff,null_cut,0.41960898745258246
2c608aff,null_cut,0.10594217196630493
2c608aff,null_cut,0.1935483870967742
2c608aff,null_cut,0.16533780948384388
2c608aff,null_cut,0.06631407648494711
2c608aff,null_cut,0.24405377456049637
2c608aff,null_cut,0.5779094717482375
2c608aff,null_cut,0.4162330905306972
2c608aff,null_cut,0.08565737051792828
2c608aff,null_cut,-0.08384032002666889
2c608aff,null_cut,0.0
2c608aff,null_cut,0.21553090332805072
2c608aff,null_cut,0.15568862275449102
2c608aff,null_cut,0.21912215039128954
2c608aff,null_cut,0.05490734385724091
2c608aff,null_cut,0.034482758620689655
2c608aff,null_cut,0.17525385483264386
2c608aff,null_cut,0.27625354777672656
2c608aff,null_cut,0.0
2c608aff,null_cut,0.1738968534723515
2c608aff,null_cut,0.05555555555555555
2c608aff,null_cut,-0.12899106002554278
2c608aff,null_cut,0.3486281929990539
2c608aff,null_len,0.33658536585365856
2c608aff,null_len,0.2951219512195122
2c608aff,null_len,0.0
2c608aff,null_len,0.2111010009099181
2c608aff,null_len,0.6010703993412927
2c608aff,null_len,0.509090909090909
2c608aff,null_len,-0.033783783783783786
2c608aff,null_len,0.3194328607172644
2c608aff,null_len,0.3008225616921269
2c608aff,null_len,0.32200886262924666
2c608aff,null_len,0.3780487804878049
2c608aff,null_len,0.2950932964754665
2c608aff,null_len,0.541019955654102
2c608aff,null_len,0.500587544065805
2c608aff,null_len,0.3140997830802603
2c608aff,null_len,0.2515549412577747
2c608aff,null_len,0.0
2c608aff,null_len,0.12691166400365214
2c608aff,null_len,0.49276672694394213
2c608aff,null_len,0.3348498635122839
2c608aff,null_len,0.2570694087403599
2c608aff,null_len,0.024218939210462583
2c608aff,null_len,-0.03151276418453147
2c608aff,null_len,0.030418250950570342
2c608aff,null_len,0.4349775784753363
2c608aff,null_len,0.36196830692243537
2c608aff,null_len,0.4473684210526316
2c608aff,null_len,0.5614035087719298
2c608aff,null_len,-0.11702127659574468
2c608aff,null_len,0.5823475887170154
2c608aff,null_len,0.2894736842105263
2c608aff,null_len,0.6268292682926829
2c608aff,null_len,0.3442857142857143
2c608aff,null_len,0.40260303687635574
2c608aff,null_len,0.19182652210175147
2c608aff,null_len,0.0
2c608aff,null_len,0.17095638038471958
2c608aff,null_len,0.2408660351826793
2c608aff,null_len,-0.0558055805580558
2c608aff,null_len,0.5321100917431193
2c608aff,null_len,0.28232189973614774
2c608aff,null_len,0.44765342960288806
2c608aff,null_len,-0.04914285714285714
2c608aff,null_len,0.1011378002528445
2c608aff,null_len,0.11598111935266352
2c608aff,null_len,1.0
2c608aff,null_len,0.04338394793926247
2c608aff,null_len,0.3911074516261836
2c608aff,null_len,0.30712227254013996
2c608aff,null_len,0.3780487804878049
2dd70a9a,real,1.0
2dd70a9a,real,1.0
2dd70a9a,real,0.0
2dd70a9a,real,0.0
2dd70a9a,real,0.0
2dd70a9a,real,0.8154706430568499
2dd70a9a,real,0.0
2dd70a9a,real,0.0
2dd70a9a,real,0.0
2dd70a9a,real,1.0
2dd70a9a,real,1.0
2dd70a9a,real,0.8774373259052924
2dd70a9a,real,0.0
2dd70a9a,real,1.0
2dd70a9a,real,1.0
2dd70a9a,real,0.8154706430568499
2dd70a9a,real,0.0
2dd70a9a,real,0.0
2dd70a9a,real,1.0
2dd70a9a,real,1.0
2dd70a9a,real,1.0
2dd70a9a,real,0.5677966101694916
2dd70a9a,real,0.0
2dd70a9a,real,1.0
2dd70a9a,real,1.0
2dd70a9a,real,0.0
2dd70a9a,real,1.0
2dd70a9a,real,-0.04854368932038835
2dd70a9a,real,0.18887015177065766
2dd70a9a,real,0.2365038560411311
2dd70a9a,real,0.3157398680490104
2dd70a9a,real,0.0
2dd70a9a,real,1.0
2dd70a9a,real,0.0
2dd70a9a,real,1.0
2dd70a9a,real,1.0
2dd70a9a,real,0.33660855784469096
2dd70a9a,real,0.0
2dd70a9a,real,0.0
2dd70a9a,real,0.0
2dd70a9a,real,0.8154706430568499
2dd70a9a,real,1.0
2dd70a9a,real,0.0
2dd70a9a,real,0.0
2dd70a9a,real,0.0
2dd70a9a,real,0.14285714285714285
2dd70a9a,real,1.0
2dd70a9a,real,1.0
2dd70a9a,real,0.0
2dd70a9a,real,1.0
2dd70a9a,null_cut,0.6267672007540056
2dd70a9a,null_cut,0.0
2dd70a9a,null_cut,-0.022535211267605635
2dd70a9a,null_cut,0.20689655172413793
2dd70a9a,null_cut,0.0
2dd70a9a,null_cut,0.64
2dd70a9a,null_cut,0.6409495548961425
2dd70a9a,null_cut,0.2727272727272727
2dd70a9a,null_cut,0.0
2dd70a9a,null_cut,0.18719611021069693
2dd70a9a,null_cut,1.0
2dd70a9a,null_cut,-0.04320337197049526
2dd70a9a,null_cut,0.7890410958904109
2dd70a9a,null_cut,0.8154706430568499
2dd70a9a,null_cut,0.06915377616014559
2dd70a9a,null_cut,0.14285714285714285
2dd70a9a,null_cut,0.64
2dd70a9a,null_cut,0.03773584905660377
2dd70a9a,null_cut,0.16020671834625322
2dd70a9a,null_cut,-0.10344827586206896
2dd70a9a,null_cut,1.0
2dd70a9a,null_cut,0.0
2dd70a9a,null_cut,0.7890410958904109
2dd70a9a,null_cut,0.5099183197199533
2dd70a9a,null_cut,0.38661710037174724
2dd70a9a,null_cut,0.015843429636533086
2dd70a9a,null_cut,1.0
2dd70a9a,null_cut,0.6341463414634146
2dd70a9a,null_cut,0.169921875
2dd70a9a,null_cut,0.0
2dd70a9a,null_cut,0.20980615735461802
2dd70a9a,null_cut,-0.012588512981904013
2dd70a9a,null_cut,0.0
2dd70a9a,null_cut,0.0
2dd70a9a,null_cut,-0.04669061056952283
2dd70a9a,null_cut,0.0
2dd70a9a,null_cut,0.528052805280528
2dd70a9a,null_cut,0.0
2dd70a9a,null_cut,0.32697547683923706
2dd70a9a,null_cut,0.0
2dd70a9a,null_cut,0.0
2dd70a9a,null_cut,-0.07142857142857142
2dd70a9a,null_cut,0.022222222222222223
2dd70a9a,null_cut,-0.1092436974789916
2dd70a9a,null_cut,1.0
2dd70a9a,null_cut,-0.02197802197802198
2dd70a9a,null_cut,0.12582781456953643
2dd70a9a,null_cut,0.1105121293800539
2dd70a9a,null_cut,0.06575342465753424
2dd70a9a,null_cut,0.315129811996419
2dd70a9a,null_len,0.0
2dd70a9a,null_len,0.03007518796992481
2dd70a9a,null_len,0.33084311632870866
2dd70a9a,null_len,0.0
2dd70a9a,null_len,-0.043478260869565216
2dd70a9a,null_len,0.0
2dd70a9a,null_len,0.391705069124424
2dd70a9a,null_len,1.0
2dd70a9a,null_len,0.02312673450508788
2dd70a9a,null_len,0.007751937984496124
2dd70a9a,null_len,0.0
2dd70a9a,null_len,0.0
2dd70a9a,null_len,-0.043478260869565216
2dd70a9a,null_len,0.13253012048192772
2dd70a9a,null_len,0.0
2dd70a9a,null_len,0.0
2dd70a9a,null_len,-0.09090909090909091
2dd70a9a,null_len,0.3849021435228332
2dd70a9a,null_len,0.0
2dd70a9a,null_len,1.0
2dd70a9a,null_len,0.42466644972339734
2dd70a9a,null_len,0.0
2dd70a9a,null_len,0.0
2dd70a9a,null_len,0.6648199445983379
2dd70a9a,null_len,0.06796116504854369
2dd70a9a,null_len,0.2535344015080113
2dd70a9a,null_len,0.3659942363112392
2dd70a9a,null_len,0.6829971181556196
2dd70a9a,null_len,0.0
2dd70a9a,null_len,0.28056872037914693
2dd70a9a,null_len,1.0
2dd70a9a,null_len,0.27807486631016043
2dd70a9a,null_len,0.1629268292682927
2dd70a9a,null_len,0.0
2dd70a9a,null_len,0.4886052871467639
2dd70a9a,null_len,1.0
2dd70a9a,null_len,0.0
2dd70a9a,null_len,0.0
2dd70a9a,null_len,0.11304347826086956
2dd70a9a,null_len,0.0
2dd70a9a,null_len,0.05511811023622047
2dd70a9a,null_len,0.0
2dd70a9a,null_len,0.5694315004659832
2dd70a9a,null_len,0.4
2dd70a9a,null_len,0.0
2dd70a9a,null_len,0.0
2dd70a9a,null_len,0.42048780487804877
2dd70a9a,null_len,0.04633204633204633
2dd70a9a,null_len,0.0
2dd70a9a,null_len,1.0
32597951,real,1.0
32597951,real,0.0
32597951,real,0.0
32597951,real,1.0
32597951,real,1.0
32597951,real,1.0
32597951,real,1.0
32597951,real,0.0
32597951,real,-0.06930693069306931
32597951,real,1.0
32597951,real,1.0
32597951,real,0.0
32597951,real,0.0
32597951,real,0.0
32597951,real,1.0
32597951,real,0.0
32597951,real,0.0
32597951,real,0.0
32597951,real,1.0
32597951,real,0.042105263157894736
32597951,real,0.0
32597951,real,0.0
32597951,real,-0.08247422680412371
32597951,real,1.0
32597951,real,1.0
32597951,real,0.0
32597951,real,1.0
32597951,real,1.0
32597951,real,1.0
32597951,real,0.0
32597951,real,1.0
32597951,real,1.0
32597951,real,0.0
32597951,real,1.0
32597951,real,0.0
32597951,real,0.0
32597951,real,0.0
32597951,real,1.0
32597951,real,0.0
32597951,real,0.0
32597951,real,-0.06060606060606061
32597951,real,0.3368421052631579
32597951,real,0.0
32597951,real,1.0
32597951,real,1.0
32597951,real,1.0
32597951,real,1.0
32597951,real,1.0
32597951,real,0.0
32597951,real,1.0
32597951,null_cut,-0.08247422680412371
32597951,null_cut,0.0
32597951,null_cut,1.0
32597951,null_cut,0.0
32597951,null_cut,1.0
32597951,null_cut,0.5050505050505051
32597951,null_cut,1.0
32597951,null_cut,1.0
32597951,null_cut,1.0
32597951,null_cut,1.0
32597951,null_cut,1.0
32597951,null_cut,1.0
32597951,null_cut,1.0
32597951,null_cut,-0.16326530612244897
32597951,null_cut,1.0
32597951,null_cut,1.0
32597951,null_cut,1.0
32597951,null_cut,0.0
32597951,null_cut,0.0
32597951,null_cut,1.0
32597951,null_cut,0.0
32597951,null_cut,1.0
32597951,null_cut,0.0
32597951,null_cut,0.0
32597951,null_cut,0.0
32597951,null_cut,1.0
32597951,null_cut,1.0
32597951,null_cut,0.0
32597951,null_cut,1.0
32597951,null_cut,0.0
32597951,null_cut,1.0
32597951,null_cut,0.09259259259259259
32597951,null_cut,1.0
32597951,null_cut,1.0
32597951,null_cut,0.0
32597951,null_cut,1.0
32597951,null_cut,0.0
32597951,null_cut,1.0
32597951,null_cut,0.0
32597951,null_cut,0.0
32597951,null_cut,-0.07692307692307693
32597951,null_cut,1.0
32597951,null_cut,1.0
32597951,null_cut,1.0
32597951,null_cut,1.0
32597951,null_cut,0.0
32597951,null_cut,1.0
32597951,null_cut,-0.037037037037037035
32597951,null_cut,0.0
32597951,null_cut,0.0
32597951,null_len,0.0
32597951,null_len,0.20774647887323944
32597951,null_len,1.0
32597951,null_len,1.0
32597951,null_len,1.0
32597951,null_len,-0.16666666666666666
32597951,null_len,0.0
32597951,null_len,0.0
32597951,null_len,0.0
32597951,null_len,1.0
32597951,null_len,1.0
32597951,null_len,0.0
32597951,null_len,1.0
32597951,null_len,1.0
32597951,null_len,1.0
32597951,null_len,1.0
32597951,null_len,-0.008620689655172414
32597951,null_len,1.0
32597951,null_len,1.0
32597951,null_len,1.0
32597951,null_len,1.0
32597951,null_len,0.0
32597951,null_len,0.0
32597951,null_len,1.0
32597951,null_len,0.0
32597951,null_len,1.0
32597951,null_len,1.0
32597951,null_len,0.0
32597951,null_len,1.0
32597951,null_len,0.0
32597951,null_len,1.0
32597951,null_len,0.0
32597951,null_len,-0.08247422680412371
32597951,null_len,-0.10344827586206896
32597951,null_len,1.0
32597951,null_len,1.0
32597951,null_len,1.0
32597951,null_len,0.0
32597951,null_len,1.0
32597951,null_len,0.0
32597951,null_len,1.0
32597951,null_len,1.0
32597951,null_len,1.0
32597951,null_len,0.0
32597951,null_len,0.0
32597951,null_len,1.0
32597951,null_len,0.0
32597951,null_len,1.0
32597951,null_len,1.0
32597951,null_len,0.0728476821192053
3aa6fb7a,real,1.0
3aa6fb7a,real,1.0
3aa6fb7a,real,1.0
3aa6fb7a,real,1.0
3aa6fb7a,real,1.0
3aa6fb7a,real,1.0
3aa6fb7a,real,1.0
3aa6fb7a,real,1.0
3aa6fb7a,real,1.0
3aa6fb7a,real,1.0
3aa6fb7a,real,1.0
3aa6fb7a,real,1.0
3aa6fb7a,real,1.0
3aa6fb7a,real,1.0
3aa6fb7a,real,1.0
3aa6fb7a,real,1.0
3aa6fb7a,real,1.0
3aa6fb7a,real,1.0
3aa6fb7a,real,1.0
3aa6fb7a,real,1.0
3aa6fb7a,real,1.0
3aa6fb7a,real,1.0
3aa6fb7a,real,1.0
3aa6fb7a,real,1.0
3aa6fb7a,real,1.0
3aa6fb7a,real,1.0
3aa6fb7a,real,1.0
3aa6fb7a,real,1.0
3aa6fb7a,real,1.0
3aa6fb7a,real,1.0
3aa6fb7a,real,1.0
3aa6fb7a,real,1.0
3aa6fb7a,real,1.0
3aa6fb7a,real,1.0
3aa6fb7a,real,1.0
3aa6fb7a,real,1.0
3aa6fb7a,real,0.0
3aa6fb7a,real,1.0
3aa6fb7a,real,1.0
3aa6fb7a,real,1.0
3aa6fb7a,real,1.0
3aa6fb7a,real,1.0
3aa6fb7a,real,1.0
3aa6fb7a,real,1.0
3aa6fb7a,real,1.0
3aa6fb7a,real,1.0
3aa6fb7a,real,1.0
3aa6fb7a,real,1.0
3aa6fb7a,real,1.0
3aa6fb7a,real,1.0
3aa6fb7a,null_cut,1.0
3aa6fb7a,null_cut,1.0
3aa6fb7a,null_cut,1.0
3aa6fb7a,null_cut,1.0
3aa6fb7a,null_cut,1.0
3aa6fb7a,null_cut,1.0
3aa6fb7a,null_cut,1.0
3aa6fb7a,null_cut,1.0
3aa6fb7a,null_cut,1.0
3aa6fb7a,null_cut,1.0
3aa6fb7a,null_cut,1.0
3aa6fb7a,null_cut,1.0
3aa6fb7a,null_cut,1.0
3aa6fb7a,null_cut,1.0
3aa6fb7a,null_cut,1.0
3aa6fb7a,null_cut,1.0
3aa6fb7a,null_cut,1.0
3aa6fb7a,null_cut,1.0
3aa6fb7a,null_cut,1.0
3aa6fb7a,null_cut,1.0
3aa6fb7a,null_cut,1.0
3aa6fb7a,null_cut,1.0
3aa6fb7a,null_cut,0.0
3aa6fb7a,null_cut,1.0
3aa6fb7a,null_cut,1.0
3aa6fb7a,null_cut,0.0
3aa6fb7a,null_cut,0.0
3aa6fb7a,null_cut,1.0
3aa6fb7a,null_cut,1.0
3aa6fb7a,null_cut,1.0
3aa6fb7a,null_cut,0.0
3aa6fb7a,null_cut,0.0
3aa6fb7a,null_cut,1.0
3aa6fb7a,null_cut,0.0
3aa6fb7a,null_cut,1.0
3aa6fb7a,null_cut,1.0
3aa6fb7a,null_cut,1.0
3aa6fb7a,null_cut,1.0
3aa6fb7a,null_cut,1.0
3aa6fb7a,null_cut,1.0
3aa6fb7a,null_cut,1.0
3aa6fb7a,null_cut,1.0
3aa6fb7a,null_cut,1.0
3aa6fb7a,null_cut,1.0
3aa6fb7a,null_cut,1.0
3aa6fb7a,null_cut,1.0
3aa6fb7a,null_cut,1.0
3aa6fb7a,null_cut,1.0
3aa6fb7a,null_cut,1.0
3aa6fb7a,null_cut,0.0
3aa6fb7a,null_len,0.0
3aa6fb7a,null_len,1.0
3aa6fb7a,null_len,1.0
3aa6fb7a,null_len,1.0
3aa6fb7a,null_len,1.0
3aa6fb7a,null_len,1.0
3aa6fb7a,null_len,1.0
3aa6fb7a,null_len,1.0
3aa6fb7a,null_len,0.0
3aa6fb7a,null_len,1.0
3aa6fb7a,null_len,0.0
3aa6fb7a,null_len,1.0
3aa6fb7a,null_len,1.0
3aa6fb7a,null_len,0.0
3aa6fb7a,null_len,1.0
3aa6fb7a,null_len,1.0
3aa6fb7a,null_len,1.0
3aa6fb7a,null_len,1.0
3aa6fb7a,null_len,1.0
3aa6fb7a,null_len,1.0
3aa6fb7a,null_len,1.0
3aa6fb7a,null_len,1.0
3aa6fb7a,null_len,1.0
3aa6fb7a,null_len,1.0
3aa6fb7a,null_len,1.0
3aa6fb7a,null_len,1.0
3aa6fb7a,null_len,0.0
3aa6fb7a,null_len,1.0
3aa6fb7a,null_len,1.0
3aa6fb7a,null_len,1.0
3aa6fb7a,null_len,1.0
3aa6fb7a,null_len,0.0
3aa6fb7a,null_len,1.0
3aa6fb7a,null_len,1.0
3aa6fb7a,null_len,1.0
3aa6fb7a,null_len,0.0
3aa6fb7a,null_len,1.0
3aa6fb7a,null_len,1.0
3aa6fb7a,null_len,1.0
3aa6fb7a,null_len,1.0
3aa6fb7a,null_len,1.0
3aa6fb7a,null_len,1.0
3aa6fb7a,null_len,1.0
3aa6fb7a,null_len,1.0
3aa6fb7a,null_len,1.0
3aa6fb7a,null_len,1.0
3aa6fb7a,null_len,1.0
3aa6fb7a,null_len,1.0
3aa6fb7a,null_len,1.0
3aa6fb7a,null_len,1.0
3ac3eb23,real,0.5457809694793537
3ac3eb23,real,0.8930232558139535
3ac3eb23,real,0.7967871485943775
3ac3eb23,real,0.8648648648648649
3ac3eb23,real,0.5584642233856894
3ac3eb23,real,0.4186046511627907
3ac3eb23,real,0.8648648648648649
3ac3eb23,real,1.0
3ac3eb23,real,0.7428571428571429
3ac3eb23,real,0.6717044500419815
3ac3eb23,real,1.0
3ac3eb23,real,1.0
3ac3eb23,real,1.0
3ac3eb23,real,0.7212703719180944
3ac3eb23,real,0.8457593688362919
3ac3eb23,real,1.0
3ac3eb23,real,1.0
3ac3eb23,real,0.8930232558139535
3ac3eb23,real,0.2396694214876033
3ac3eb23,real,0.6899550659515872
3ac3eb23,real,0.6825595984943539
3ac3eb23,real,0.6808510638297872
3ac3eb23,real,0.6386411889596603
3ac3eb23,real,0.7329462989840348
3ac3eb23,real,0.6947867298578199
3ac3eb23,real,1.0
3ac3eb23,real,0.8805281004256548
3ac3eb23,real,1.0
3ac3eb23,real,0.8930232558139535
3ac3eb23,real,0.8648648648648649
3ac3eb23,real,0.7212703719180944
3ac3eb23,real,0.7212703719180944
3ac3eb23,real,0.9320388349514563
3ac3eb23,real,0.8553459119496856
3ac3eb23,real,0.9386666666666666
3ac3eb23,real,1.0
3ac3eb23,real,0.6424870466321243
3ac3eb23,real,0.3283582089552239
3ac3eb23,real,0.17138859741168241
3ac3eb23,real,0.5584642233856894
3ac3eb23,real,0.48618235975508856
3ac3eb23,real,0.7978723404255319
3ac3eb23,real,1.0
3ac3eb23,real,1.0
3ac3eb23,real,0.36793975255513717
3ac3eb23,real,1.0
3ac3eb23,real,0.7978723404255319
3ac3eb23,real,0.41107709435012524
3ac3eb23,real,0.8930232558139535
3ac3eb23,real,0.6876916338151555
3ac3eb23,null_cut,0.23400274416864164
3ac3eb23,null_cut,0.12431496971445054
3ac3eb23,null_cut,-0.029305966991112993
3ac3eb23,null_cut,0.18045112781954886
3ac3eb23,null_cut,0.0
3ac3eb23,null_cut,0.19217382132686425
3ac3eb23,null_cut,0.5685448243050364
3ac3eb23,null_cut,0.33506793871061
3ac3eb23,null_cut,0.19222664481386093
3ac3eb23,null_cut,-0.010572566250171632
3ac3eb23,null_cut,0.5676014413285289
3ac3eb23,null_cut,0.14846534390127133
3ac3eb23,null_cut,0.15589477102955504
3ac3eb23,null_cut,0.5898570886556216
3ac3eb23,null_cut,0.33445323507098734
3ac3eb23,null_cut,0.22606382978723405
3ac3eb23,null_cut,0.10314465408805032
3ac3eb23,null_cut,0.35514018691588783
3ac3eb23,null_cut,0.049429657794676805
3ac3eb23,null_cut,0.5140550057677129
3ac3eb23,null_cut,0.17692058346839545
3ac3eb23,null_cut,0.10560078953861338
3ac3eb23,null_cut,0.547763395051614
3ac3eb23,null_cut,0.007726502963590178
3ac3eb23,null_cut,0.13507197110532745
3ac3eb23,null_cut,0.03995040639206502
3ac3eb23,null_cut,0.09273912031649989
3ac3eb23,null_cut,0.03867588051716451
3ac3eb23,null_cut,0.189377715229762
3ac3eb23,null_cut,0.2702702702702703
3ac3eb23,null_cut,0.3388042203985932
3ac3eb23,null_cut,0.12842105263157894
3ac3eb23,null_cut,0.14016548699033
3ac3eb23,null_cut,0.256
3ac3eb23,null_cut,0.45792079207920794
3ac3eb23,null_cut,-0.13892709766162312
3ac3eb23,null_cut,-0.06476852858074332
3ac3eb23,null_cut,0.40562643114164215
3ac3eb23,null_cut,0.15789473684210525
3ac3eb23,null_cut,0.17879112062048677
3ac3eb23,null_cut,0.2570446735395189
3ac3eb23,null_cut,0.14814814814814814
3ac3eb23,null_cut,0.16410344531317123
3ac3eb23,null_cut,0.34276898309632414
3ac3eb23,null_cut,0.19160997732426305
3ac3eb23,null_cut,0.047711466925440725
3ac3eb23,null_cut,0.09053820806527538
3ac3eb23,null_cut,0.06107241211728495
3ac3eb23,null_cut,0.036783695121100024
3ac3eb23,null_cut,0.0831889081455806
3ac3eb23,null_len,0.31902294596595115
3ac3eb23,null_len,0.6434108527131783
3ac3eb23,null_len,0.41760066417600666
3ac3eb23,null_len,0.7306791569086651
3ac3eb23,null_len,0.2157760814249364
3ac3eb23,null_len,0.2955075845974329
3ac3eb23,null_len,0.3599640933572711
3ac3eb23,null_len,0.35004557885141296
3ac3eb23,null_len,0.39311270125223613
3ac3eb23,null_len,0.6534653465346535
3ac3eb23,null_len,0.8078967350037966
3ac3eb23,null_len,0.3624733475479744
3ac3eb23,null_len,0.38698522477208425
3ac3eb23,null_len,0.8930232558139535
3ac3eb23,null_len,0.48625429553264604
3ac3eb23,null_len,0.7486338797814208
3ac3eb23,null_len,0.6780174044646236
3ac3eb23,null_len,0.3699367829548115
3ac3eb23,null_len,0.6452702702702703
3ac3eb23,null_len,0.8263806118394914
3ac3eb23,null_len,0.08072100313479624
3ac3eb23,null_len,0.9386666666666666
3ac3eb23,null_len,0.6555740432612313
3ac3eb23,null_len,0.8553459119496856
3ac3eb23,null_len,0.6004962779156328
3ac3eb23,null_len,0.6413822166034555
3ac3eb23,null_len,0.20302586627623231
3ac3eb23,null_len,0.6330935251798561
3ac3eb23,null_len,0.9386666666666666
3ac3eb23,null_len,1.0
3ac3eb23,null_len,0.9386666666666666
3ac3eb23,null_len,0.5536633663366337
3ac3eb23,null_len,0.9386666666666666
3ac3eb23,null_len,0.6120481927710844
3ac3eb23,null_len,0.5533980582524272
3ac3eb23,null_len,0.39869281045751637
3ac3eb23,null_len,0.6600985221674877
3ac3eb23,null_len,1.0
3ac3eb23,null_len,0.5346180316586373
3ac3eb23,null_len,0.6778711484593838
3ac3eb23,null_len,0.21052631578947367
3ac3eb23,null_len,0.4498727735368957
3ac3eb23,null_len,0.4058333333333333
3ac3eb23,null_len,0.1251728907330567
3ac3eb23,null_len,0.4835924006908463
3ac3eb23,null_len,0.5657397871610024
3ac3eb23,null_len,0.09803921568627451
3ac3eb23,null_len,0.35004557885141296
3ac3eb23,null_len,1.0
3ac3eb23,null_len,0.38420813795189834
3befdf3e,real,0.9104524224274937
3befdf3e,real,0.810158580100548
3befdf3e,real,0.781070195049801
3befdf3e,real,0.05073649754500818
3befdf3e,real,0.7078167581231889
3befdf3e,real,0.8099599955135155
3befdf3e,real,0.8997852895219038
3befdf3e,real,0.6322313640459005
3befdf3e,real,0.8815104270505204
3befdf3e,real,0.3076923076923077
3befdf3e,real,0.6290422002219089
3befdf3e,real,0.7052162148619532
3befdf3e,real,0.6751929666678205
3befdf3e,real,0.6247635064116039
3befdf3e,real,0.7701162623797905
3befdf3e,real,0.5469759777543192
3befdf3e,real,0.3805649935727606
3befdf3e,real,1.0
3befdf3e,real,0.7267313790515844
3befdf3e,real,0.3480685432458562
3befdf3e,real,0.12041392285983067
3befdf3e,real,0.5697109860710845
3befdf3e,real,0.7510617208922072
3befdf3e,real,0.9150184742447294
3befdf3e,real,0.7507847099797911
3befdf3e,real,0.8379868977851017
3befdf3e,real,0.6299869990890519
3befdf3e,real,0.6245198463508322
3befdf3e,real,0.6015209442727687
3befdf3e,real,0.04032258064516129
3befdf3e,real,0.7685390788721066
3befdf3e,real,0.68443137292471
3befdf3e,real,-0.19213973799126638
3befdf3e,real,0.7125623989190022
3befdf3e,real,0.05405405405405406
3befdf3e,real,0.7633263591793399
3befdf3e,real,0.755014832981697
3befdf3e,real,0.35033870680936036
3befdf3e,real,0.7352245616593914
3befdf3e,real,-0.2962962962962963
3befdf3e,real,0.7598265491677157
3befdf3e,real,0.4740971552825663
3befdf3e,real,0.9508407983655508
3befdf3e,real,0.937792784033658
3befdf3e,real,0.44338807260155577
3befdf3e,real,-0.01907032181168057
3befdf3e,real,0.7711864406779662
3befdf3e,real,0.007852375343541421
3befdf3e,real,0.9317564327952693
3befdf3e,real,0.3651702691052405
3befdf3e,null_cut,0.1866751767652973
3befdf3e,null_cut,0.40981083271856245
3befdf3e,null_cut,0.10964912280701754
3befdf3e,null_cut,0.2075808299818006
3befdf3e,null_cut,-0.014637629418064976
3befdf3e,null_cut,0.4208987800600226
3befdf3e,null_cut,0.27503617366266514
3befdf3e,null_cut,0.07536231884057971
3befdf3e,null_cut,-0.06283118849356548
3befdf3e,null_cut,0.13172193545817293
3befdf3e,null_cut,0.3582140439231807
3befdf3e,null_cut,0.20911261440509352
3befdf3e,null_cut,0.1731402992074933
3befdf3e,null_cut,-0.21333333333333335
3befdf3e,null_cut,0.33708419701905046
3befdf3e,null_cut,0.20958514455482175
3befdf3e,null_cut,0.12811017028007815
3befdf3e,null_cut,0.23132012413463834
3befdf3e,null_cut,0.24748518582557816
3befdf3e,null_cut,0.2168911441831501
3befdf3e,null_cut,0.34424152422559473
3befdf3e,null_cut,0.3069971098932488
3befdf3e,null_cut,0.1988733376765859
3befdf3e,null_cut,0.3220423827799099
3befdf3e,null_cut,-0.08695652173913043
3befdf3e,null_cut,0.21042493833143822
3befdf3e,null_cut,0.2859493465211491
3befdf3e,null_cut,0.27539978933256726
3befdf3e,null_cut,0.20985159456899274
3befdf3e,null_cut,-0.060240963855421686
3befdf3e,null_cut,0.1469224620303757
3befdf3e,null_cut,0.1389303591815228
3befdf3e,null_cut,0.3486769570011025
3befdf3e,null_cut,0.3042599416280629
3befdf3e,null_cut,0.231325567272125
3befdf3e,null_cut,0.33271071947599096
3befdf3e,null_cut,0.2586843368657457
3befdf3e,null_cut,0.4491696036423373
3befdf3e,null_cut,0.27047438724891903
3befdf3e,null_cut,0.5155431993483672
3befdf3e,null_cut,0.30710977029241987
3befdf3e,null_cut,0.305748662296937
3befdf3e,null_cut,0.23039951123865188
3befdf3e,null_cut,0.2987796549778794
3befdf3e,null_cut,0.24668911698992974
3befdf3e,null_cut,0.03934740882917467
3befdf3e,null_cut,0.28863639634157623
3befdf3e,null_cut,0.1463052251181427
3befdf3e,null_cut,0.1757970178762666
3befdf3e,null_cut,0.24090653804222142
3befdf3e,null_len,0.35719560829107383
3befdf3e,null_len,0.26645578090591654
3befdf3e,null_len,0.3583067623317367
3befdf3e,null_len,0.4159260658548636
3befdf3e,null_len,0.18741990232413147
3befdf3e,null_len,0.2773722627737226
3befdf3e,null_len,-0.10526315789473684
3befdf3e,null_len,0.3427290666796599
3befdf3e,null_len,0.29203628842127766
3befdf3e,null_len,0.21098695006642182
3befdf3e,null_len,0.2331051769015714
3befdf3e,null_len,0.23619309044062545
3befdf3e,null_len,-0.13043478260869565
3befdf3e,null_len,0.36229945299113975
3befdf3e,null_len,0.3300680291780832
3befdf3e,null_len,0.30840759395583106
3befdf3e,null_len,0.440324449594438
3befdf3e,null_len,0.4238716380006926
3befdf3e,null_len,0.27707858912216327
3befdf3e,null_len,0.2853878438969685
3befdf3e,null_len,0.2997832829390467
3befdf3e,null_len,0.39643775974668516
3befdf3e,null_len,0.444015444015444
3befdf3e,null_len,0.36297346566740935
3befdf3e,null_len,0.38161491763452665
3befdf3e,null_len,0.4184670499149654
3befdf3e,null_len,-0.2962962962962963
3befdf3e,null_len,0.36216515145555134
3befdf3e,null_len,0.23278921220723917
3befdf3e,null_len,0.3557385056287552
3befdf3e,null_len,0.06896551724137931
3befdf3e,null_len,0.36603264939344016
3befdf3e,null_len,0.16502061066016363
3befdf3e,null_len,0.26942774437764416
3befdf3e,null_len,0.32350203371309466
3befdf3e,null_len,0.4244457170907306
3befdf3e,null_len,0.0
3befdf3e,null_len,0.5233336903905697
3befdf3e,null_len,0.35873636565469924
3befdf3e,null_len,0.3840059021080055
3befdf3e,null_len,0.38636363636363635
3befdf3e,null_len,0.2965986825580369
3befdf3e,null_len,0.30308373421239243
3befdf3e,null_len,0.2638353841326221
3befdf3e,null_len,0.28745907764093687
3befdf3e,null_len,0.21281066447747773
3befdf3e,null_len,0.0
3befdf3e,null_len,0.2621781672669956
3befdf3e,null_len,0.19204324338806855
3befdf3e,null_len,0.3777754201967233
3eda0437,real,1.0
3eda0437,real,1.0
3eda0437,real,0.0
3eda0437,real,0.0
3eda0437,real,1.0
3eda0437,real,-0.046511627906976744
3eda0437,real,0.0
3eda0437,real,1.0
3eda0437,real,0.0
3eda0437,real,1.0
3eda0437,real,1.0
3eda0437,real,0.2222222222222222
3eda0437,real,0.0
3eda0437,real,0.0
3eda0437,real,1.0
3eda0437,real,0.6534653465346535
3eda0437,real,1.0
3eda0437,real,0.0
3eda0437,real,1.0
3eda0437,real,0.0
3eda0437,real,1.0
3eda0437,real,0.0
3eda0437,real,1.0
3eda0437,real,0.0
3eda0437,real,1.0
3eda0437,real,1.0
3eda0437,real,1.0
3eda0437,real,0.4634146341463415
3eda0437,real,1.0
3eda0437,real,1.0
3eda0437,real,1.0
3eda0437,real,1.0
3eda0437,real,0.5915985997666278
3eda0437,real,0.0
3eda0437,real,1.0
3eda0437,real,1.0
3eda0437,real,1.0
3eda0437,real,1.0
3eda0437,real,0.5555555555555556
3eda0437,real,0.0
3eda0437,real,0.8275862068965517
3eda0437,real,0.0
3eda0437,real,0.0
3eda0437,real,1.0
3eda0437,real,0.0
3eda0437,real,0.0
3eda0437,real,1.0
3eda0437,real,0.0
3eda0437,real,0.8468271334792122
3eda0437,real,0.0
3eda0437,null_cut,0.0
3eda0437,null_cut,1.0
3eda0437,null_cut,0.26744186046511625
3eda0437,null_cut,1.0
3eda0437,null_cut,0.0
3eda0437,null_cut,0.0
3eda0437,null_cut,0.0
3eda0437,null_cut,0.05950095969289827
3eda0437,null_cut,0.0
3eda0437,null_cut,0.0
3eda0437,null_cut,0.0
3eda0437,null_cut,0.0
3eda0437,null_cut,1.0
3eda0437,null_cut,0.0
3eda0437,null_cut,1.0
3eda0437,null_cut,1.0
3eda0437,null_cut,0.0
3eda0437,null_cut,0.0
3eda0437,null_cut,-0.0076045627376425855
3eda0437,null_cut,1.0
3eda0437,null_cut,1.0
3eda0437,null_cut,0.3194815097216927
3eda0437,null_cut,0.0
3eda0437,null_cut,0.0
3eda0437,null_cut,0.0
3eda0437,null_cut,1.0
3eda0437,null_cut,0.0
3eda0437,null_cut,0.0
3eda0437,null_cut,1.0
3eda0437,null_cut,0.0
3eda0437,null_cut,1.0
3eda0437,null_cut,0.0
3eda0437,null_cut,0.0
3eda0437,null_cut,0.0
3eda0437,null_cut,0.0
3eda0437,null_cut,0.3158298198543503
3eda0437,null_cut,0.05263157894736842
3eda0437,null_cut,1.0
3eda0437,null_cut,0.0
3eda0437,null_cut,0.3076923076923077
3eda0437,null_cut,1.0
3eda0437,null_cut,-0.04956268221574344
3eda0437,null_cut,0.0
3eda0437,null_cut,0.2490534286916281
3eda0437,null_cut,0.18181818181818182
3eda0437,null_cut,0.0
3eda0437,null_cut,1.0
3eda0437,null_cut,0.0
3eda0437,null_cut,0.0
3eda0437,null_cut,0.26028921023359286
3eda0437,null_len,0.0
3eda0437,null_len,1.0
3eda0437,null_len,0.0
3eda0437,null_len,0.0
3eda0437,null_len,0.0
3eda0437,null_len,-0.0125
3eda0437,null_len,0.0
3eda0437,null_len,1.0
3eda0437,null_len,-0.046511627906976744
3eda0437,null_len,0.0
3eda0437,null_len,1.0
3eda0437,null_len,0.05813953488372093
3eda0437,null_len,0.0
3eda0437,null_len,1.0
3eda0437,null_len,1.0
3eda0437,null_len,1.0
3eda0437,null_len,0.09465020576131687
3eda0437,null_len,1.0
3eda0437,null_len,1.0
3eda0437,null_len,1.0
3eda0437,null_len,0.4444444444444444
3eda0437,null_len,0.18181818181818182
3eda0437,null_len,0.05813953488372093
3eda0437,null_len,0.0
3eda0437,null_len,0.0
3eda0437,null_len,0.0
3eda0437,null_len,1.0
3eda0437,null_len,0.0
3eda0437,null_len,0.0
3eda0437,null_len,0.0
3eda0437,null_len,0.0
3eda0437,null_len,0.3956043956043956
3eda0437,null_len,0.0
3eda0437,null_len,0.0
3eda0437,null_len,0.0
3eda0437,null_len,0.0
3eda0437,null_len,0.11764705882352941
3eda0437,null_len,1.0
3eda0437,null_len,0.43775100401606426
3eda0437,null_len,0.4972375690607735
3eda0437,null_len,0.0
3eda0437,null_len,0.0
3eda0437,null_len,-0.1111111111111111
3eda0437,null_len,1.0
3eda0437,null_len,0.26028921023359286
3eda0437,null_len,1.0
3eda0437,null_len,-0.13245033112582782
3eda0437,null_len,0.0
3eda0437,null_len,0.0
3eda0437,null_len,1.0
4258a5f9,real,1.0
4258a5f9,real,0.5792426367461431
4258a5f9,real,0.7203585147247119
4258a5f9,real,1.0
4258a5f9,real,0.9223198594024604
4258a5f9,real,0.9689243027888447
4258a5f9,real,0.0
4258a5f9,real,0.3271565495207668
4258a5f9,real,0.9027916251246261
4258a5f9,real,1.0
4258a5f9,real,0.8414399763453578
4258a5f9,real,1.0
4258a5f9,real,0.8978510625632478
4258a5f9,real,0.5894736842105263
4258a5f9,real,0.8251229993149405
4258a5f9,real,0.6684234438891413
4258a5f9,real,0.35
4258a5f9,real,0.9318578916715201
4258a5f9,real,0.1385235662164843
4258a5f9,real,0.8930232558139535
4258a5f9,real,0.5714285714285714
4258a5f9,real,0.9459584295612009
4258a5f9,real,0.2922374429223744
4258a5f9,real,1.0
4258a5f9,real,0.9689243027888447
4258a5f9,real,0.9318578916715201
4258a5f9,real,0.6471395334963909
4258a5f9,real,0.5306231612730676
4258a5f9,real,0.13102718645806616
4258a5f9,real,0.0
4258a5f9,real,0.9278169014084507
4258a5f9,real,0.8623183112993937
4258a5f9,real,0.5871559633027523
4258a5f9,real,-0.2
4258a5f9,real,0.9318578916715201
4258a5f9,real,0.8258064516129032
4258a5f9,real,0.7417218543046358
4258a5f9,real,0.6357310013548466
4258a5f9,real,0.6269861609431061
4258a5f9,real,0.0
4258a5f9,real,0.9689243027888447
4258a5f9,real,0.7203585147247119
4258a5f9,real,0.7636363636363637
4258a5f9,real,1.0
4258a5f9,real,0.8583437110834371
4258a5f9,real,0.7203585147247119
4258a5f9,real,0.7152360863215966
4258a5f9,real,0.5894736842105263
4258a5f9,real,0.7636363636363637
4258a5f9,real,0.9318578916715201
4258a5f9,null_cut,-0.10714669917882884
4258a5f9,null_cut,0.2578332448220924
4258a5f9,null_cut,0.29363738738738737
4258a5f9,null_cut,0.30664481149918044
4258a5f9,null_cut,0.2250164907651715
4258a5f9,null_cut,0.0
4258a5f9,null_cut,0.33294414060099553
4258a5f9,null_cut,0.30721913191765804
4258a5f9,null_cut,0.1271581255138394
4258a5f9,null_cut,0.34293745607870696
4258a5f9,null_cut,0.07963693764798738
4258a5f9,null_cut,0.16318276640129423
4258a5f9,null_cut,0.10032826089408792
4258a5f9,null_cut,0.23303834808259588
4258a5f9,null_cut,-0.07746478873239436
4258a5f9,null_cut,0.18428771840326488
4258a5f9,null_cut,-0.009788254095085897
4258a5f9,null_cut,0.1035960240775756
4258a5f9,null_cut,0.2582731076454926
4258a5f9,null_cut,0.21404627208724916
4258a5f9,null_cut,0.0
4258a5f9,null_cut,0.24956369982547993
4258a5f9,null_cut,0.46030211077395045
4258a5f9,null_cut,0.35551480220068116
4258a5f9,null_cut,0.07441939311747754
4258a5f9,null_cut,0.27596119295724036
4258a5f9,null_cut,0.09181636726546906
4258a5f9,null_cut,0.37671331698167654
4258a5f9,null_cut,0.12244803968656039
4258a5f9,null_cut,0.24931197169254965
4258a5f9,null_cut,0.2581341207200045
4258a5f9,null_cut,0.3277534918434801
4258a5f9,null_cut,0.20781324791045325
4258a5f9,null_cut,0.29895313314954175
4258a5f9,null_cut,0.17071292234537722
4258a5f9,null_cut,0.36691876067333495
4258a5f9,null_cut,0.18739054290718038
4258a5f9,null_cut,0.48664994836996606
4258a5f9,null_cut,0.4021658507639816
4258a5f9,null_cut,0.34153838988379404
4258a5f9,null_cut,0.37261278001445236
4258a5f9,null_cut,0.1821746254681648
4258a5f9,null_cut,0.19637978142076504
4258a5f9,null_cut,0.22012667993016363
4258a5f9,null_cut,0.39221423573564024
4258a5f9,null_cut,0.0
4258a5f9,null_cut,0.10020159784962293
4258a5f9,null_cut,0.226122064067427
4258a5f9,null_cut,-0.3333333333333333
4258a5f9,null_cut,0.03627733514154941
4258a5f9,null_len,0.623156940401775
4258a5f9,null_len,0.5809243491362697
4258a5f9,null_len,0.2460790273556231
4258a5f9,null_len,0.5908332490646172
4258a5f9,null_len,0.6549568253668664
4258a5f9,null_len,0.3286842918303394
4258a5f9,null_len,0.0
4258a5f9,null_len,1.0
4258a5f9,null_len,0.7203187250996016
4258a5f9,null_len,0.10254103890263098
4258a5f9,null_len,1.0
4258a5f9,null_len,1.0
4258a5f9,null_len,0.5143270010220985
4258a5f9,null_len,0.8741235392320534
4258a5f9,null_len,0.6751961375980688
4258a5f9,null_len,0.29037432514933503
4258a5f9,null_len,0.3476786763708693
4258a5f9,null_len,0.8930232558139535
4258a5f9,null_len,0.5617924009819367
4258a5f9,null_len,0.49005609382967874
4258a5f9,null_len,0.5527410207939508
4258a5f9,null_len,0.5052087004327662
4258a5f9,null_len,0.8979785969084423
4258a5f9,null_len,0.2982986440970723
4258a5f9,null_len,0.5005319777751507
4258a5f9,null_len,0.8126537785588752
4258a5f9,null_len,0.9067729083665339
4258a5f9,null_len,0.371535387392033
4258a5f9,null_len,0.5502122463220329
4258a5f9,null_len,0.05621524124455133
4258a5f9,null_len,0.5124936522610971
4258a5f9,null_len,0.4668461586625759
4258a5f9,null_len,0.9689243027888447
4258a5f9,null_len,0.24616147439722333
4258a5f9,null_len,0.6091914305459571
4258a5f9,null_len,0.446767449340624
4258a5f9,null_len,0.20329455851354516
4258a5f9,null_len,0.0445298106699071
4258a5f9,null_len,0.5265763111373011
4258a5f9,null_len,0.7636363636363637
4258a5f9,null_len,0.21179865091433697
4258a5f9,null_len,0.20866228879214935
4258a5f9,null_len,0.34390888246436047
4258a5f9,null_len,0.42010114417244915
4258a5f9,null_len,0.18707660239708182
4258a5f9,null_len,0.38515216127156426
4258a5f9,null_len,0.48061831153388823
4258a5f9,null_len,0.0
4258a5f9,null_len,0.11868478973101027
4258a5f9,null_len,0.9322524609148813
42a15761,real,0.46153846153846156
42a15761,real,-0.1
42a15761,real,-0.05660377358490566
42a15761,real,0.0
42a15761,real,0.46153846153846156
42a15761,real,0.0
42a15761,real,0.46153846153846156
42a15761,real,1.0
42a15761,real,1.0
42a15761,real,0.0
42a15761,real,0.16
42a15761,real,-0.0008380222674488208
42a15761,real,0.0
42a15761,real,0.0
42a15761,real,-0.06060606060606061
42a15761,real,0.3076923076923077
42a15761,real,1.0
42a15761,real,0.05405405405405406
42a15761,real,0.09934497816593886
42a15761,real,0.08695652173913043
42a15761,real,0.1651376146788991
42a15761,real,0.3103448275862069
42a15761,real,0.5555555555555556
42a15761,real,1.0
42a15761,real,0.26744186046511625
42a15761,real,1.0
42a15761,real,0.058823529411764705
42a15761,real,0.1651376146788991
42a15761,real,0.4
42a15761,real,0.21052631578947367
42a15761,real,1.0
42a15761,real,1.0
42a15761,real,0.08695652173913043
42a15761,real,0.0
42a15761,real,0.2803738317757009
42a15761,real,0.007489300998573466
42a15761,real,-0.05319148936170213
42a15761,real,1.0
42a15761,real,0.0
42a15761,real,0.0
42a15761,real,0.0
42a15761,real,0.38235294117647056
42a15761,real,1.0
42a15761,real,0.0
42a15761,real,0.37623762376237624
42a15761,real,0.0
42a15761,real,0.9278350515463918
42a15761,real,0.2222222222222222
42a15761,real,0.9278350515463918
42a15761,real,0.30985915492957744
42a15761,null_cut,-0.21333333333333335
42a15761,null_cut,0.38235294117647056
42a15761,null_cut,0.0
42a15761,null_cut,0.25732899022801303
42a15761,null_cut,-0.16666666666666666
42a15761,null_cut,0.3225806451612903
42a15761,null_cut,-0.013245033112582781
42a15761,null_cut,0.0
42a15761,null_cut,0.0
42a15761,null_cut,0.12006861063464837
42a15761,null_cut,0.46153846153846156
42a15761,null_cut,0.0
42a15761,null_cut,0.0
42a15761,null_cut,-0.07006369426751592
42a15761,null_cut,1.0
42a15761,null_cut,0.22580645161290322
42a15761,null_cut,0.09090909090909091
42a15761,null_cut,0.0
42a15761,null_cut,-0.01818181818181818
42a15761,null_cut,0.17647058823529413
42a15761,null_cut,-0.2268041237113402
42a15761,null_cut,1.0
42a15761,null_cut,0.0
42a15761,null_cut,0.0
42a15761,null_cut,0.11650485436893204
42a15761,null_cut,0.17647058823529413
42a15761,null_cut,0.08695652173913043
42a15761,null_cut,0.0
42a15761,null_cut,1.0
42a15761,null_cut,0.0
42a15761,null_cut,1.0
42a15761,null_cut,0.30434782608695654
42a15761,null_cut,0.16
42a15761,null_cut,-0.037037037037037035
42a15761,null_cut,-0.12
42a15761,null_cut,0.33962264150943394
42a15761,null_cut,0.13793103448275862
42a15761,null_cut,-0.019417475728155338
42a15761,null_cut,0.2857142857142857
42a15761,null_cut,-0.0547945205479452
42a15761,null_cut,0.0
42a15761,null_cut,0.0
42a15761,null_cut,-0.5
42a15761,null_cut,0.0
42a15761,null_cut,0.2857142857142857
42a15761,null_cut,1.0
42a15761,null_cut,0.2803738317757009
42a15761,null_cut,0.03076923076923077
42a15761,null_cut,0.18154761904761904
42a15761,null_cut,0.2690787102340617
42a15761,null_len,0.0
42a15761,null_len,-0.2268041237113402
42a15761,null_len,0.0
42a15761,null_len,-0.01818181818181818
42a15761,null_len,1.0
42a15761,null_len,1.0
42a15761,null_len,0.5148514851485149
42a15761,null_len,0.24096385542168675
42a15761,null_len,0.0
42a15761,null_len,0.0
42a15761,null_len,0.0
42a15761,null_len,0.0
42a15761,null_len,-0.1076923076923077
42a15761,null_len,1.0
42a15761,null_len,0.0
42a15761,null_len,0.02702702702702703
42a15761,null_len,-0.16129032258064516
42a15761,null_len,0.034482758620689655
42a15761,null_len,0.0
42a15761,null_len,0.0
42a15761,null_len,1.0
42a15761,null_len,0.0
42a15761,null_len,0.018691588785046728
42a15761,null_len,-0.01818181818181818
42a15761,null_len,0.0070921985815602835
42a15761,null_len,0.0
42a15761,null_len,0.0
42a15761,null_len,0.07692307692307693
42a15761,null_len,-0.12
42a15761,null_len,0.125
42a15761,null_len,-0.23529411764705882
42a15761,null_len,0.0
42a15761,null_len,0.0
42a15761,null_len,0.2
42a15761,null_len,0.0
42a15761,null_len,0.23809523809523808
42a15761,null_len,0.0
42a15761,null_len,0.018691588785046728
42a15761,null_len,0.0
42a15761,null_len,0.05405405405405406
42a15761,null_len,1.0
42a15761,null_len,0.0
42a15761,null_len,0.2803738317757009
42a15761,null_len,0.0718232044198895
42a15761,null_len,0.11764705882352941
42a15761,null_len,-0.03067484662576687
42a15761,null_len,0.0
42a15761,null_len,0.0
42a15761,null_len,0.0
42a15761,null_len,0.0
4b6b68e5,real,0.4715996156143677
4b6b68e5,real,0.6526994359387591
4b6b68e5,real,0.4292649398462876
4b6b68e5,real,0.36360405737032436
4b6b68e5,real,0.3139674248137558
4b6b68e5,real,0.3201743531431502
4b6b68e5,real,0.6400886438542196
4b6b68e5,real,0.36323508440048446
4b6b68e5,real,0.46996720929596847
4b6b68e5,real,-0.15384615384615385
4b6b68e5,real,0.2475129366740081
4b6b68e5,real,0.7604325469004038
4b6b68e5,real,0.2425731309667437
4b6b68e5,real,0.8918104792850167
4b6b68e5,real,-0.07142857142857142
4b6b68e5,real,0.5732673247173887
4b6b68e5,real,0.22460068480682158
4b6b68e5,real,0.2741321495814846
4b6b68e5,real,0.4914706990259915
4b6b68e5,real,0.7995536007730422
4b6b68e5,real,0.40940224623409804
4b6b68e5,real,0.6678732232718284
4b6b68e5,real,0.4560152109286834
4b6b68e5,real,0.40565683210244224
4b6b68e5,real,0.30538623563929423
4b6b68e5,real,0.15124222491012268
4b6b68e5,real,0.9010351555614299
4b6b68e5,real,0.8205753291077523
4b6b68e5,real,0.6976215554242451
4b6b68e5,real,0.6614032462938974
4b6b68e5,real,0.0
4b6b68e5,real,0.5421249217491321
4b6b68e5,real,0.4313565326600754
4b6b68e5,real,0.5158850226928896
4b6b68e5,real,0.3081254064004366
4b6b68e5,real,0.5162275817868494
4b6b68e5,real,0.5083289305871402
4b6b68e5,real,0.37555830352795283
4b6b68e5,real,0.4969527471450919
4b6b68e5,real,0.39629443283376425
4b6b68e5,real,0.2807036295460493
4b6b68e5,real,0.3423128230911839
4b6b68e5,real,0.6817036771494832
4b6b68e5,real,0.6140396793681759
4b6b68e5,real,0.5250233912431274
4b6b68e5,real,0.8340776365510134
4b6b68e5,real,0.8259493670886076
4b6b68e5,real,0.604333524548318
4b6b68e5,real,0.3334091599191917
4b6b68e5,real,0.5785576599865947
4b6b68e5,null_cut,0.2903923704010477
4b6b68e5,null_cut,0.22697251831205234
4b6b68e5,null_cut,0.24946642516645293
4b6b68e5,null_cut,0.2778161564699279
4b6b68e5,null_cut,0.19531157651868022
4b6b68e5,null_cut,0.16512724370623771
4b6b68e5,null_cut,0.21007216678695584
4b6b68e5,null_cut,0.3169878040522748
4b6b68e5,null_cut,0.2721316614182708
4b6b68e5,null_cut,0.36781840078752187
4b6b68e5,null_cut,0.24821459126225365
4b6b68e5,null_cut,0.2631578947368421
4b6b68e5,null_cut,0.22282749160023063
4b6b68e5,null_cut,0.23622013168891556
4b6b68e5,null_cut,-0.05194805194805195
4b6b68e5,null_cut,0.2673965850334246
4b6b68e5,null_cut,0.3066961161717307
4b6b68e5,null_cut,0.391864406779661
4b6b68e5,null_cut,1.0
4b6b68e5,null_cut,0.22992259019411057
4b6b68e5,null_cut,0.24882965058908527
4b6b68e5,null_cut,0.20019802698985462
4b6b68e5,null_cut,0.3651141518869936
4b6b68e5,null_cut,0.21374050393724203
4b6b68e5,null_cut,0.26228949277923175
4b6b68e5,null_cut,0.2940086232344841
4b6b68e5,null_cut,0.2480105957765181
4b6b68e5,null_cut,0.54844089151459
4b6b68e5,null_cut,0.1272825188070213
4b6b68e5,null_cut,0.2786469365934354
4b6b68e5,null_cut,0.20560215313323282
4b6b68e5,null_cut,0.34208468474525733
4b6b68e5,null_cut,0.272859701049389
4b6b68e5,null_cut,0.2930735688961059
4b6b68e5,null_cut,0.14146575401895076
4b6b68e5,null_cut,0.25922827595662407
4b6b68e5,null_cut,0.2635526180610253
4b6b68e5,null_cut,0.17106646446576465
4b6b68e5,null_cut,0.2368509815647527
4b6b68e5,null_cut,0.2285202752444319
4b6b68e5,null_cut,0.37978629982730877
4b6b68e5,null_cut,0.22962795385567208
4b6b68e5,null_cut,0.17281545377566968
4b6b68e5,null_cut,0.22504065965250272
4b6b68e5,null_cut,0.3210877003421574
4b6b68e5,null_cut,0.10545356242194028
4b6b68e5,null_cut,0.22177605864892586
4b6b68e5,null_cut,0.2434161697855219
4b6b68e5,null_cut,0.288823868147717
4b6b68e5,null_cut,0.18763621624126658
4b6b68e5,null_len,0.45145529949153834
4b6b68e5,null_len,0.23997920780154816
4b6b68e5,null_len,0.19960738072027676
4b6b68e5,null_len,0.1153593551883599
4b6b68e5,null_len,0.2664712969468361
4b6b68e5,null_len,0.25048867696215615
4b6b68e5,null_len,0.18532696255788475
4b6b68e5,null_len,0.32275615334383523
4b6b68e5,null_len,0.2840752638825149
4b6b68e5,null_len,0.20863551388715593
4b6b68e5,null_len,0.24746004201296923
4b6b68e5,null_len,0.17356691137691377
4b6b68e5,null_len,0.5719502896405089
4b6b68e5,null_len,0.13948488539281745
4b6b68e5,null_len,0.1474096203400748
4b6b68e5,null_len,0.31249860684948827
4b6b68e5,null_len,0.20882707037383313
4b6b68e5,null_len,0.0
4b6b68e5,null_len,0.33651170337416253
4b6b68e5,null_len,0.1606886657101865
4b6b68e5,null_len,0.25777801610453865
4b6b68e5,null_len,0.2152202560240964
4b6b68e5,null_len,0.0
4b6b68e5,null_len,0.25063634820974035
4b6b68e5,null_len,0.4460147366396615
4b6b68e5,null_len,0.24215335204580374
4b6b68e5,null_len,0.37344397077536695
4b6b68e5,null_len,0.21607213591625785
4b6b68e5,null_len,0.2200411061084965
4b6b68e5,null_len,0.2609527514522736
4b6b68e5,null_len,0.281194623779039
4b6b68e5,null_len,0.4636192018285949
4b6b68e5,null_len,0.1853788825061461
4b6b68e5,null_len,0.28247499044491947
4b6b68e5,null_len,0.3412357733720288
4b6b68e5,null_len,0.162885721679713
4b6b68e5,null_len,0.12639511681268917
4b6b68e5,null_len,0.150655258859878
4b6b68e5,null_len,0.26794076669563505
4b6b68e5,null_len,0.20948282817588096
4b6b68e5,null_len,0.20723600078220314
4b6b68e5,null_len,0.21130054252725933
4b6b68e5,null_len,0.2739777157339829
4b6b68e5,null_len,0.39778629070459237
4b6b68e5,null_len,-0.09375
4b6b68e5,null_len,0.202244803569225
4b6b68e5,null_len,0.18600502320708062
4b6b68e5,null_len,0.20051378087131358
4b6b68e5,null_len,0.23037454792525494
4b6b68e5,null_len,0.18613691092031576
5168d44c,real,1.0
5168d44c,real,1.0
5168d44c,real,1.0
5168d44c,real,1.0
5168d44c,real,0.8549222797927462
5168d44c,real,1.0
5168d44c,real,1.0
5168d44c,real,0.7216494845360825
5168d44c,real,0.0
5168d44c,real,1.0
5168d44c,real,1.0
5168d44c,real,1.0
5168d44c,real,1.0
5168d44c,real,0.8163265306122449
5168d44c,real,1.0
5168d44c,real,0.8163265306122449
5168d44c,real,1.0
5168d44c,real,1.0
5168d44c,real,0.8163265306122449
5168d44c,real,-0.2
5168d44c,real,1.0
5168d44c,real,0.7216494845360825
5168d44c,real,0.8163265306122449
5168d44c,real,1.0
5168d44c,real,1.0
5168d44c,real,1.0
5168d44c,real,1.0
5168d44c,real,0.0
5168d44c,real,1.0
5168d44c,real,1.0
5168d44c,real,0.8163265306122449
5168d44c,real,1.0
5168d44c,real,1.0
5168d44c,real,1.0
5168d44c,real,1.0
5168d44c,real,0.5263157894736842
5168d44c,real,1.0
5168d44c,real,1.0
5168d44c,real,0.8549222797927462
5168d44c,real,0.4117647058823529
5168d44c,real,1.0
5168d44c,real,1.0
5168d44c,real,1.0
5168d44c,real,0.5011086474501109
5168d44c,real,0.7216494845360825
5168d44c,real,1.0
5168d44c,real,0.8163265306122449
5168d44c,real,0.5011086474501109
5168d44c,real,1.0
5168d44c,real,1.0
5168d44c,null_cut,-0.19047619047619047
5168d44c,null_cut,0.2857142857142857
5168d44c,null_cut,0.2857142857142857
5168d44c,null_cut,-0.07142857142857142
5168d44c,null_cut,0.5018450184501845
5168d44c,null_cut,-0.057441253263707574
5168d44c,null_cut,0.4375
5168d44c,null_cut,0.10256410256410256
5168d44c,null_cut,0.11764705882352941
5168d44c,null_cut,-0.06060606060606061
5168d44c,null_cut,-0.19234543670264967
5168d44c,null_cut,0.07331975560081466
5168d44c,null_cut,-0.07142857142857142
5168d44c,null_cut,0.12698412698412698
5168d44c,null_cut,0.07079646017699115
5168d44c,null_cut,-0.0650887573964497
5168d44c,null_cut,-0.1111111111111111
5168d44c,null_cut,0.68
5168d44c,null_cut,0.23864648263579696
5168d44c,null_cut,-0.02373887240356083
5168d44c,null_cut,-0.1111111111111111
5168d44c,null_cut,-0.08
5168d44c,null_cut,-0.09329446064139942
5168d44c,null_cut,-0.1111111111111111
5168d44c,null_cut,0.3063583815028902
5168d44c,null_cut,0.0
5168d44c,null_cut,0.04929577464788732
5168d44c,null_cut,0.26512968299711814
5168d44c,null_cut,0.1346153846153846
5168d44c,null_cut,0.07142857142857142
5168d44c,null_cut,0.09090909090909091
5168d44c,null_cut,0.23286840509399637
5168d44c,null_cut,0.3697478991596639
5168d44c,null_cut,0.29411764705882354
5168d44c,null_cut,0.0
5168d44c,null_cut,0.5161290322580645
5168d44c,null_cut,0.0
5168d44c,null_cut,-0.05263157894736842
5168d44c,null_cut,0.07079646017699115
5168d44c,null_cut,0.2826780021253985
5168d44c,null_cut,-0.12903225806451613
5168d44c,null_cut,0.8648648648648649
5168d44c,null_cut,0.25925925925925924
5168d44c,null_cut,1.0
5168d44c,null_cut,-0.06837606837606838
5168d44c,null_cut,0.19642857142857142
5168d44c,null_cut,0.5015105740181269
5168d44c,null_cut,0.5161290322580645
5168d44c,null_cut,0.25925925925925924
5168d44c,null_cut,-0.02552415679124886
5168d44c,null_len,0.16494845360824742
5168d44c,null_len,0.17380660954712362
5168d44c,null_len,0.7216494845360825
5168d44c,null_len,1.0
5168d44c,null_len,0.3778801843317972
5168d44c,null_len,0.8163265306122449
5168d44c,null_len,0.4489795918367347
5168d44c,null_len,0.0
5168d44c,null_len,0.7216494845360825
5168d44c,null_len,0.8163265306122449
5168d44c,null_len,0.0
5168d44c,null_len,0.7216494845360825
5168d44c,null_len,1.0
5168d44c,null_len,0.8163265306122449
5168d44c,null_len,0.8163265306122449
5168d44c,null_len,0.7216494845360825
5168d44c,null_len,0.4489795918367347
5168d44c,null_len,1.0
5168d44c,null_len,0.8163265306122449
5168d44c,null_len,1.0
5168d44c,null_len,0.16494845360824742
5168d44c,null_len,0.8004434589800443
5168d44c,null_len,1.0
5168d44c,null_len,0.16494845360824742
5168d44c,null_len,0.0
5168d44c,null_len,0.13829787234042554
5168d44c,null_len,0.11398963730569948
5168d44c,null_len,0.7216494845360825
5168d44c,null_len,0.3076923076923077
5168d44c,null_len,0.29411764705882354
5168d44c,null_len,0.6120689655172413
5168d44c,null_len,0.29411764705882354
5168d44c,null_len,1.0
5168d44c,null_len,0.18181818181818182
5168d44c,null_len,0.0
5168d44c,null_len,0.4489795918367347
5168d44c,null_len,0.8774373259052924
5168d44c,null_len,1.0
5168d44c,null_len,0.46153846153846156
5168d44c,null_len,0.8163265306122449
5168d44c,null_len,0.6120689655172413
5168d44c,null_len,0.7216494845360825
5168d44c,null_len,0.4489795918367347
5168d44c,null_len,1.0
5168d44c,null_len,1.0
5168d44c,null_len,0.8163265306122449
5168d44c,null_len,0.030327214684756583
5168d44c,null_len,0.3333333333333333
5168d44c,null_len,0.16494845360824742
5168d44c,null_len,0.6120689655172413
55783887,real,-0.011891150240109765
55783887,real,0.7254758418740849
55783887,real,-0.15384615384615385
55783887,real,0.0
55783887,real,0.8860759493670886
55783887,real,0.3779989670876567
55783887,real,0.7549909255898367
55783887,real,0.4893327280980481
55783887,real,0.9702970297029703
55783887,real,0.0
55783887,real,0.45146276595744683
55783887,real,0.4991652754590985
55783887,real,0.3324914306332311
55783887,real,0.9556650246305419
55783887,real,1.0
55783887,real,1.0
55783887,real,0.3386479023781954
55783887,real,0.26775405834721633
55783887,real,0.5641025641025641
55783887,real,1.0
55783887,real,0.2222222222222222
55783887,real,0.46058458813108943
55783887,real,0.6986301369863014
55783887,real,0.2045097011012061
55783887,real,1.0
55783887,real,0.569583931133429
55783887,real,1.0
55783887,real,0.779514932852275
55783887,real,0.8690909090909091
55783887,real,1.0
55783887,real,0.0
55783887,real,0.863961813842482
55783887,real,0.0
55783887,real,1.0
55783887,real,0.2140221402214022
55783887,real,0.2655973141844633
55783887,real,0.0
55783887,real,0.4893327280980481
55783887,real,0.305019305019305
55783887,real,0.3919416919171239
55783887,real,0.0
55783887,real,0.24273966899136046
55783887,real,0.5
55783887,real,0.2895805142083897
55783887,real,0.2071395740769113
55783887,real,0.7068062827225131
55783887,real,-0.25
55783887,real,0.6671597633136095
55783887,real,1.0
55783887,real,0.6003701834090527
55783887,null_cut,0.2804232804232804
55783887,null_cut,0.2026690793938023
55783887,null_cut,0.26323437824372015
55783887,null_cut,1.0
55783887,null_cut,0.12340309866811634
55783887,null_cut,0.4444444444444444
55783887,null_cut,0.24614463243000448
55783887,null_cut,0.3304274761054511
55783887,null_cut,0.0
55783887,null_cut,1.0
55783887,null_cut,0.4935064935064935
55783887,null_cut,-0.06060606060606061
55783887,null_cut,1.0
55783887,null_cut,0.40764331210191085
55783887,null_cut,0.18741045845272206
55783887,null_cut,0.3966534377346348
55783887,null_cut,0.4304157964685779
55783887,null_cut,0.0
55783887,null_cut,0.4444444444444444
55783887,null_cut,0.5714285714285714
55783887,null_cut,0.0
55783887,null_cut,0.06475748194014448
55783887,null_cut,-0.03789559733738176
55783887,null_cut,1.0
55783887,null_cut,0.0
55783887,null_cut,0.24601829888173501
55783887,null_cut,0.0
55783887,null_cut,-0.15384615384615385
55783887,null_cut,0.11160831797841538
55783887,null_cut,1.0
55783887,null_cut,0.0
55783887,null_cut,-0.002430133657351154
55783887,null_cut,0.24973619416109744
55783887,null_cut,-0.058941728064300064
55783887,null_cut,0.0
55783887,null_cut,-0.3157894736842105
55783887,null_cut,0.18339571282749234
55783887,null_cut,0.3157894736842105
55783887,null_cut,-0.0891089108910891
55783887,null_cut,0.4341423506953913
55783887,null_cut,0.05496828752642706
55783887,null_cut,0.08743633276740238
55783887,null_cut,0.352
55783887,null_cut,0.05063291139240506
55783887,null_cut,0.20111933562014805
55783887,null_cut,0.10256410256410256
55783887,null_cut,-0.08695652173913043
55783887,null_cut,0.1946562060543261
55783887,null_cut,-0.19047619047619047
55783887,null_cut,0.047619047619047616
55783887,null_len,0.11627384960718294
55783887,null_len,0.31266318537859006
55783887,null_len,-0.03597122302158273
55783887,null_len,0.5029585798816568
55783887,null_len,0.0
55783887,null_len,0.2578907815631262
55783887,null_len,0.25632471504031135
55783887,null_len,0.11653344551956248
55783887,null_len,0.0
55783887,null_len,0.0
55783887,null_len,-0.06047700170357751
55783887,null_len,0.4793388429752066
55783887,null_len,0.23177344848363124
55783887,null_len,0.0
55783887,null_len,0.0
55783887,null_len,0.31845416417016176
55783887,null_len,0.23303834808259588
55783887,null_len,0.0
55783887,null_len,-0.1282051282051282
55783887,null_len,0.0
55783887,null_len,0.1280359934418729
55783887,null_len,0.09569377990430622
55783887,null_len,-0.2962962962962963
55783887,null_len,0.3024054982817869
55783887,null_len,0.13166948828572989
55783887,null_len,1.0
55783887,null_len,1.0
55783887,null_len,-0.09980806142034548
55783887,null_len,0.4401791426743442
55783887,null_len,0.07692307692307693
55783887,null_len,0.0
55783887,null_len,0.0
55783887,null_len,0.0031764607539914737
55783887,null_len,0.5333333333333333
55783887,null_len,-0.25
55783887,null_len,0.0
55783887,null_len,0.5862068965517241
55783887,null_len,0.014863463532665053
55783887,null_len,0.4444444444444444
55783887,null_len,1.0
55783887,null_len,0.3379721669980119
55783887,null_len,0.21624975507804847
55783887,null_len,0.0
55783887,null_len,0.0
55783887,null_len,-0.191820076415422
55783887,null_len,1.0
55783887,null_len,0.0
55783887,null_len,0.0
55783887,null_len,0.009653674429829853
55783887,null_len,-0.11428571428571428
5c0a986e,real,0.0
5c0a986e,real,1.0
5c0a986e,real,0.7058823529411765
5c0a986e,real,1.0
5c0a986e,real,1.0
5c0a986e,real,1.0
5c0a986e,real,1.0
5c0a986e,real,1.0
5c0a986e,real,1.0
5c0a986e,real,0.7058823529411765
5c0a986e,real,1.0
5c0a986e,real,1.0
5c0a986e,real,1.0
5c0a986e,real,1.0
5c0a986e,real,0.7058823529411765
5c0a986e,real,1.0
5c0a986e,real,1.0
5c0a986e,real,1.0
5c0a986e,real,1.0
5c0a986e,real,1.0
5c0a986e,real,1.0
5c0a986e,real,0.7058823529411765
5c0a986e,real,1.0
5c0a986e,real,1.0
5c0a986e,real,1.0
5c0a986e,real,0.0
5c0a986e,real,1.0
5c0a986e,real,0.0
5c0a986e,real,1.0
5c0a986e,real,1.0
5c0a986e,real,1.0
5c0a986e,real,1.0
5c0a986e,real,1.0
5c0a986e,real,1.0
5c0a986e,real,1.0
5c0a986e,real,1.0
5c0a986e,real,1.0
5c0a986e,real,1.0
5c0a986e,real,1.0
5c0a986e,real,1.0
5c0a986e,real,1.0
5c0a986e,real,1.0
5c0a986e,real,1.0
5c0a986e,real,1.0
5c0a986e,real,1.0
5c0a986e,real,1.0
5c0a986e,real,0.0
5c0a986e,real,1.0
5c0a986e,real,1.0
5c0a986e,real,1.0
5c0a986e,null_cut,0.0
5c0a986e,null_cut,-0.17391304347826086
5c0a986e,null_cut,-0.07142857142857142
5c0a986e,null_cut,0.32432432432432434
5c0a986e,null_cut,0.32432432432432434
5c0a986e,null_cut,0.0
5c0a986e,null_cut,0.7058823529411765
5c0a986e,null_cut,0.4444444444444444
5c0a986e,null_cut,0.07407407407407407
5c0a986e,null_cut,-0.25
5c0a986e,null_cut,0.7058823529411765
5c0a986e,null_cut,0.0
5c0a986e,null_cut,0.8148148148148148
5c0a986e,null_cut,-0.07142857142857142
5c0a986e,null_cut,0.0
5c0a986e,null_cut,-0.2
5c0a986e,null_cut,-0.17391304347826086
5c0a986e,null_cut,0.7058823529411765
5c0a986e,null_cut,0.0
5c0a986e,null_cut,-0.2
5c0a986e,null_cut,0.7058823529411765
5c0a986e,null_cut,0.7058823529411765
5c0a986e,null_cut,0.0
5c0a986e,null_cut,-0.17391304347826086
5c0a986e,null_cut,-0.1111111111111111
5c0a986e,null_cut,0.0
5c0a986e,null_cut,0.03669724770642202
5c0a986e,null_cut,-0.25
5c0a986e,null_cut,0.5871559633027523
5c0a986e,null_cut,1.0
5c0a986e,null_cut,0.03669724770642202
5c0a986e,null_cut,-0.17391304347826086
5c0a986e,null_cut,0.03669724770642202
5c0a986e,null_cut,-0.2222222222222222
5c0a986e,null_cut,-0.17391304347826086
5c0a986e,null_cut,0.3076923076923077
5c0a986e,null_cut,0.7058823529411765
5c0a986e,null_cut,-0.21621621621621623
5c0a986e,null_cut,-0.07142857142857142
5c0a986e,null_cut,-0.17391304347826086
5c0a986e,null_cut,0.0
5c0a986e,null_cut,-0.07142857142857142
5c0a986e,null_cut,0.0
5c0a986e,null_cut,0.0
5c0a986e,null_cut,0.2857142857142857
5c0a986e,null_cut,0.0
5c0a986e,null_cut,0.23986486486486486
5c0a986e,null_cut,0.7058823529411765
5c0a986e,null_cut,0.07407407407407407
5c0a986e,null_cut,0.34782608695652173
5c0a986e,null_len,0.0
5c0a986e,null_len,0.0
5c0a986e,null_len,1.0
5c0a986e,null_len,0.16
5c0a986e,null_len,1.0
5c0a986e,null_len,0.7058823529411765
5c0a986e,null_len,1.0
5c0a986e,null_len,0.7058823529411765
5c0a986e,null_len,0.375
5c0a986e,null_len,1.0
5c0a986e,null_len,1.0
5c0a986e,null_len,1.0
5c0a986e,null_len,1.0
5c0a986e,null_len,0.7058823529411765
5c0a986e,null_len,1.0
5c0a986e,null_len,0.11764705882352941
5c0a986e,null_len,1.0
5c0a986e,null_len,0.0
5c0a986e,null_len,1.0
5c0a986e,null_len,0.7058823529411765
5c0a986e,null_len,1.0
5c0a986e,null_len,1.0
5c0a986e,null_len,1.0
5c0a986e,null_len,1.0
5c0a986e,null_len,0.7058823529411765
5c0a986e,null_len,1.0
5c0a986e,null_len,0.1935483870967742
5c0a986e,null_len,0.0
5c0a986e,null_len,1.0
5c0a986e,null_len,1.0
5c0a986e,null_len,0.7058823529411765
5c0a986e,null_len,0.11764705882352941
5c0a986e,null_len,1.0
5c0a986e,null_len,0.5871559633027523
5c0a986e,null_len,1.0
5c0a986e,null_len,1.0
5c0a986e,null_len,0.7058823529411765
5c0a986e,null_len,1.0
5c0a986e,null_len,1.0
5c0a986e,null_len,1.0
5c0a986e,null_len,0.11764705882352941
5c0a986e,null_len,0.0
5c0a986e,null_len,0.7058823529411765
5c0a986e,null_len,1.0
5c0a986e,null_len,0.7058823529411765
5c0a986e,null_len,0.3181818181818182
5c0a986e,null_len,0.6590909090909091
5c0a986e,null_len,1.0
5c0a986e,null_len,0.7058823529411765
5c0a986e,null_len,0.7058823529411765
6455b5f5,real,1.0
6455b5f5,real,0.12496314356342271
6455b5f5,real,0.14940949174201204
6455b5f5,real,0.4745475229508823
6455b5f5,real,0.454429856720116
6455b5f5,real,0.15711008246089425
6455b5f5,real,1.0
6455b5f5,real,0.03301193005393038
6455b5f5,real,0.38442792069593856
6455b5f5,real,0.9976770092236399
6455b5f5,real,0.7255482016738943
6455b5f5,real,0.08152701391135554
6455b5f5,real,0.6907906760955447
6455b5f5,real,1.0
6455b5f5,real,0.8468271334792122
6455b5f5,real,0.0
6455b5f5,real,0.9280810008420822
6455b5f5,real,0.15001634215500317
6455b5f5,real,0.2195866648642791
6455b5f5,real,0.2591641852346237
6455b5f5,real,0.16101093894392984
6455b5f5,real,0.320140539423375
6455b5f5,real,0.269390520029085
6455b5f5,real,0.27256780640788825
6455b5f5,real,0.44152431011826543
6455b5f5,real,1.0
6455b5f5,real,0.3954387321221492
6455b5f5,real,0.35698836315535454
6455b5f5,real,0.9337381408534852
6455b5f5,real,0.17966191698380388
6455b5f5,real,0.08250009751784576
6455b5f5,real,0.3140502756552102
6455b5f5,real,0.16328872779544568
6455b5f5,real,0.36324455922751725
6455b5f5,real,0.25826136241785513
6455b5f5,real,0.18997189792178687
6455b5f5,real,0.11830275816568689
6455b5f5,real,0.3878642442581353
6455b5f5,real,0.33578652558193633
6455b5f5,real,0.07419435423432426
6455b5f5,real,0.3211871100305313
6455b5f5,real,0.720479450422634
6455b5f5,real,0.7736673156869968
6455b5f5,real,1.0
6455b5f5,real,0.0
6455b5f5,real,0.07640905657714753
6455b5f5,real,0.0
6455b5f5,real,0.0
6455b5f5,real,0.20424201557040397
6455b5f5,real,0.08156501143295522
6455b5f5,null_cut,0.2075611793968467
6455b5f5,null_cut,0.35646258632989714
6455b5f5,null_cut,-0.005784320314024467
6455b5f5,null_cut,0.13432405566600397
6455b5f5,null_cut,0.2286303602672866
6455b5f5,null_cut,0.14473357849631235
6455b5f5,null_cut,0.12782789999805141
6455b5f5,null_cut,0.12095594462666112
6455b5f5,null_cut,0.035840047078841065
6455b5f5,null_cut,0.09633388220219692
6455b5f5,null_cut,0.09535118280662218
6455b5f5,null_cut,0.16433870519099614
6455b5f5,null_cut,0.1271691521671851
6455b5f5,null_cut,0.15546515936429006
6455b5f5,null_cut,0.25470636266398844
6455b5f5,null_cut,0.10562357037015724
6455b5f5,null_cut,0.1250317662007624
6455b5f5,null_cut,-0.05445853252961962
6455b5f5,null_cut,0.25310149889609496
6455b5f5,null_cut,1.0
6455b5f5,null_cut,0.24441002877318524
6455b5f5,null_cut,0.10175180973686754
6455b5f5,null_cut,0.3459591536467456
6455b5f5,null_cut,0.2292860865033872
6455b5f5,null_cut,0.23743308112847053
6455b5f5,null_cut,0.08613356833595157
6455b5f5,null_cut,0.17891136097487959
6455b5f5,null_cut,0.09259791247725749
6455b5f5,null_cut,0.13423787635724022
6455b5f5,null_cut,0.09952674602036427
6455b5f5,null_cut,0.27567670001662986
6455b5f5,null_cut,0.0
6455b5f5,null_cut,0.018206361842788413
6455b5f5,null_cut,0.06704970917311358
6455b5f5,null_cut,0.0
6455b5f5,null_cut,0.02917993422769745
6455b5f5,null_cut,0.13788867776389205
6455b5f5,null_cut,0.14743534930310398
6455b5f5,null_cut,0.054673802691856795
6455b5f5,null_cut,0.19242836521009965
6455b5f5,null_cut,0.17791419904665606
6455b5f5,null_cut,0.09872893448560996
6455b5f5,null_cut,0.07262899071266073
6455b5f5,null_cut,0.1378947069813958
6455b5f5,null_cut,0.12628785971653572
6455b5f5,null_cut,0.0056299676184869
6455b5f5,null_cut,0.26015311660194906
6455b5f5,null_cut,0.06224472096275143
6455b5f5,null_cut,0.09406166416481289
6455b5f5,null_cut,0.148414380451025
6455b5f5,null_len,0.020685341111657686
6455b5f5,null_len,0.17297297297297298
6455b5f5,null_len,0.05808428043208431
6455b5f5,null_len,0.035773824164412014
6455b5f5,null_len,0.16322120341081106
6455b5f5,null_len,0.12072313233257387
6455b5f5,null_len,0.1409472014502606
6455b5f5,null_len,0.842643462015904
6455b5f5,null_len,-0.01643342435407201
6455b5f5,null_len,-0.03895202102031482
6455b5f5,null_len,0.28189051325703735
6455b5f5,null_len,0.4552417290484935
6455b5f5,null_len,0.09684233961863174
6455b5f5,null_len,0.1875465145125279
6455b5f5,null_len,0.074569896685658
6455b5f5,null_len,1.0
6455b5f5,null_len,-0.11594202898550725
6455b5f5,null_len,0.1271815710370231
6455b5f5,null_len,-0.028279240452579426
6455b5f5,null_len,0.1866728325736055
6455b5f5,null_len,0.15201942341119137
6455b5f5,null_len,0.0464921407910228
6455b5f5,null_len,-0.08035555555555556
6455b5f5,null_len,-0.039387687647562376
6455b5f5,null_len,0.06796842064921627
6455b5f5,null_len,0.3721144967682364
6455b5f5,null_len,0.14977363660573625
6455b5f5,null_len,0.09481458566954101
6455b5f5,null_len,-0.06180209496266621
6455b5f5,null_len,0.0754670265050695
6455b5f5,null_len,-0.04036556824148149
6455b5f5,null_len,-0.12350565662010544
6455b5f5,null_len,1.0
6455b5f5,null_len,0.22873259573187282
6455b5f5,null_len,0.025418178871262017
6455b5f5,null_len,0.13700782777156525
6455b5f5,null_len,-0.018375000663070174
6455b5f5,null_len,0.007083299603335222
6455b5f5,null_len,0.032454361054766734
6455b5f5,null_len,-0.013592387414848781
6455b5f5,null_len,0.12351636774538874
6455b5f5,null_len,-0.05459495496683034
6455b5f5,null_len,-0.02074755515247213
6455b5f5,null_len,0.06351660872699369
6455b5f5,null_len,-0.029895583145276572
6455b5f5,null_len,0.14951957240399172
6455b5f5,null_len,0.35407230100633663
6455b5f5,null_len,-0.043137992146359085
6455b5f5,null_len,0.03752490976164485
6455b5f5,null_len,0.19646374994636867
69889d6e,real,0.0
69889d6e,real,0.37256562235393736
69889d6e,real,-0.15384615384615385
69889d6e,real,0.041666666666666664
69889d6e,real,0.37256562235393736
69889d6e,real,-0.06968933669185558
69889d6e,real,0.14473684210526316
69889d6e,real,0.14664310954063603
69889d6e,real,1.0
69889d6e,real,0.0
69889d6e,real,-0.03278688524590164
69889d6e,real,0.07886815171583383
69889d6e,real,0.23076923076923078
69889d6e,real,-0.006779661016949152
69889d6e,real,0.16
69889d6e,real,0.6716956379140702
69889d6e,real,0.29506545820745217
69889d6e,real,0.02072538860103627
69889d6e,real,-0.061487328624844205
69889d6e,real,0.0
69889d6e,real,-0.008641743377794477
69889d6e,real,-0.125
69889d6e,real,0.23121387283236994
69889d6e,real,0.20599739243807041
69889d6e,real,0.4797297297297297
69889d6e,real,0.0
69889d6e,real,0.8102123813827383
69889d6e,real,0.0
69889d6e,real,0.0
69889d6e,real,0.24609665427509295
69889d6e,real,0.0
69889d6e,real,0.22106438407145515
69889d6e,real,0.6578947368421053
69889d6e,real,-0.0947867298578199
69889d6e,real,-0.06329113924050633
69889d6e,real,1.0
69889d6e,real,0.10526315789473684
69889d6e,real,0.09302325581395349
69889d6e,real,0.47161572052401746
69889d6e,real,0.0
69889d6e,real,0.13443246670894102
69889d6e,real,0.27941176470588236
69889d6e,real,0.6251287332646756
69889d6e,real,0.09482758620689655
69889d6e,real,0.0
69889d6e,real,-0.3333333333333333
69889d6e,real,0.21290751829673984
69889d6e,real,0.010899182561307902
69889d6e,real,0.04430017185411495
69889d6e,real,0.41082989994114183
69889d6e,null_cut,0.11917026312125853
69889d6e,null_cut,0.22744323790720633
69889d6e,null_cut,0.01820633850303439
69889d6e,null_cut,0.24242424242424243
69889d6e,null_cut,0.0
69889d6e,null_cut,0.0951276102088167
69889d6e,null_cut,0.0
69889d6e,null_cut,0.48462783171521034
69889d6e,null_cut,0.4921875
69889d6e,null_cut,0.016824395373291272
69889d6e,null_cut,0.2006269592476489
69889d6e,null_cut,0.4405737704918033
69889d6e,null_cut,-0.037037037037037035
69889d6e,null_cut,0.0
69889d6e,null_cut,0.12140575079872204
69889d6e,null_cut,0.0
69889d6e,null_cut,0.30434782608695654
69889d6e,null_cut,0.300597779675491
69889d6e,null_cut,0.059574468085106386
69889d6e,null_cut,0.0
69889d6e,null_cut,0.0
69889d6e,null_cut,0.1426648721399731
69889d6e,null_cut,0.4965753424657534
69889d6e,null_cut,0.24224072672218017
69889d6e,null_cut,0.23119719760972593
69889d6e,null_cut,0.0
69889d6e,null_cut,0.40131578947368424
69889d6e,null_cut,0.48450516494501833
69889d6e,null_cut,-0.5
69889d6e,null_cut,0.17656146546016332
69889d6e,null_cut,0.0
69889d6e,null_cut,0.0
69889d6e,null_cut,0.16
69889d6e,null_cut,0.0
69889d6e,null_cut,0.40700808625336926
69889d6e,null_cut,0.3230141588672906
69889d6e,null_cut,0.0
69889d6e,null_cut,0.0
69889d6e,null_cut,-0.1318407960199005
69889d6e,null_cut,0.16203143893591293
69889d6e,null_cut,0.3271342146538203
69889d6e,null_cut,0.0
69889d6e,null_cut,0.0
69889d6e,null_cut,0.707105719237435
69889d6e,null_cut,-0.14046822742474915
69889d6e,null_cut,0.0
69889d6e,null_cut,0.6035434214347952
69889d6e,null_cut,0.0
69889d6e,null_cut,0.244723737253972
69889d6e,null_cut,0.13333333333333333
69889d6e,null_len,-0.0547945205479452
69889d6e,null_len,0.7265625
69889d6e,null_len,0.12321395435145667
69889d6e,null_len,-0.14482970236268794
69889d6e,null_len,0.16
69889d6e,null_len,1.0
69889d6e,null_len,0.0
69889d6e,null_len,0.0
69889d6e,null_len,-0.033264033264033266
69889d6e,null_len,0.2648809523809524
69889d6e,null_len,0.10103277952402336
69889d6e,null_len,0.6251029936830541
69889d6e,null_len,0.0
69889d6e,null_len,0.22136351090256692
69889d6e,null_len,-0.09732360097323602
69889d6e,null_len,0.4643908181283108
69889d6e,null_len,0.06629834254143646
69889d6e,null_len,0.0
69889d6e,null_len,0.12698412698412698
69889d6e,null_len,-0.07702349869451697
69889d6e,null_len,0.2342506254264271
69889d6e,null_len,0.1282051282051282
69889d6e,null_len,0.0
69889d6e,null_len,0.4067796610169492
69889d6e,null_len,0.0
69889d6e,null_len,0.2281081081081081
69889d6e,null_len,0.0
69889d6e,null_len,0.358974358974359
69889d6e,null_len,0.4444444444444444
69889d6e,null_len,0.0
69889d6e,null_len,1.0
69889d6e,null_len,0.4405737704918033
69889d6e,null_len,0.11650485436893204
69889d6e,null_len,1.0
69889d6e,null_len,-0.006988934187536401
69889d6e,null_len,0.26096372495939363
69889d6e,null_len,0.20562560620756548
69889d6e,null_len,0.24229808492922564
69889d6e,null_len,0.0
69889d6e,null_len,0.1487279843444227
69889d6e,null_len,0.0
69889d6e,null_len,0.0
69889d6e,null_len,0.6357615894039735
69889d6e,null_len,0.8087431693989071
69889d6e,null_len,0.8490393412625801
69889d6e,null_len,-0.05324074074074074
69889d6e,null_len,0.0963855421686747
69889d6e,null_len,0.4405737704918033
69889d6e,null_len,0.0
69889d6e,null_len,0.0
6a1e5592,real,0.9424481060931296
6a1e5592,real,0.3797982361525284
6a1e5592,real,0.8397880321378526
6a1e5592,real,0.31482782853127195
6a1e5592,real,0.39469148987814945
6a1e5592,real,0.5851259987707437
6a1e5592,real,0.6463762106447887
6a1e5592,real,0.8498916329970835
6a1e5592,real,0.3937846474580019
6a1e5592,real,0.5959292159194236
6a1e5592,real,0.9520855089378955
6a1e5592,real,0.9606124071696956
6a1e5592,real,0.33446079238792764
6a1e5592,real,0.6380051069504535
6a1e5592,real,0.28120299789430564
6a1e5592,real,0.6213163683583188
6a1e5592,real,0.06525345061099022
6a1e5592,real,0.3934055515150801
6a1e5592,real,0.538355276762942
6a1e5592,real,0.050505050505050504
6a1e5592,real,0.7563033702187864
6a1e5592,real,-0.02564102564102564
6a1e5592,real,0.42494930355340754
6a1e5592,real,0.9848728152854384
6a1e5592,real,0.5434170854271356
6a1e5592,real,0.951099713118317
6a1e5592,real,0.2753623188405797
6a1e5592,real,0.3575111582122404
6a1e5592,real,0.9544250473569102
6a1e5592,real,0.9320540822022501
6a1e5592,real,0.4134078212290503
6a1e5592,real,0.0
6a1e5592,real,0.33983431135657577
6a1e5592,real,0.4826542960871319
6a1e5592,real,1.0
6a1e5592,real,0.7030004283105777
6a1e5592,real,0.935628126927558
6a1e5592,real,0.7328419876496368
6a1e5592,real,0.9369610833877026
6a1e5592,real,0.5626830239783319
6a1e5592,real,0.9857636165974181
6a1e5592,real,0.17447081462475947
6a1e5592,real,0.28938671014014106
6a1e5592,real,0.3769632215195929
6a1e5592,real,0.5726531897389368
6a1e5592,real,0.2684328050816225
6a1e5592,real,0.6805730791570134
6a1e5592,real,0.3371212121212121
6a1e5592,real,0.8403660777915307
6a1e5592,real,0.08225696804894629
6a1e5592,null_cut,0.20239205236578428
6a1e5592,null_cut,0.4690869135583971
6a1e5592,null_cut,0.1606936416184971
6a1e5592,null_cut,0.21179315904641252
6a1e5592,null_cut,0.3935515728055546
6a1e5592,null_cut,0.39648386250328
6a1e5592,null_cut,0.41104359876345803
6a1e5592,null_cut,0.2184612751257503
6a1e5592,null_cut,0.23807328877621572
6a1e5592,null_cut,0.28482604945370904
6a1e5592,null_cut,0.08816010973252697
6a1e5592,null_cut,0.3206844648657213
6a1e5592,null_cut,0.2166610111978283
6a1e5592,null_cut,0.3349741058169992
6a1e5592,null_cut,0.2411319250697489
6a1e5592,null_cut,0.19470382258535163
6a1e5592,null_cut,0.32294862310330735
6a1e5592,null_cut,0.3466587473787561
6a1e5592,null_cut,0.21020178977945433
6a1e5592,null_cut,0.1406817248459959
6a1e5592,null_cut,0.13257852447041638
6a1e5592,null_cut,0.3003144058487064
6a1e5592,null_cut,0.3049956702200723
6a1e5592,null_cut,0.2214419277597746
6a1e5592,null_cut,0.23716191908951173
6a1e5592,null_cut,0.2544482499373486
6a1e5592,null_cut,0.006230529595015576
6a1e5592,null_cut,0.1791044776119403
6a1e5592,null_cut,0.2875700291583396
6a1e5592,null_cut,0.3258030811831124
6a1e5592,null_cut,0.056768558951965066
6a1e5592,null_cut,0.26328959310561273
6a1e5592,null_cut,0.20901932712956334
6a1e5592,null_cut,0.44802867383512546
6a1e5592,null_cut,0.21462771051007598
6a1e5592,null_cut,0.2313300391976609
6a1e5592,null_cut,0.42953020134228187
6a1e5592,null_cut,0.27088771564836805
6a1e5592,null_cut,0.2444074422645334
6a1e5592,null_cut,0.34350705441980994
6a1e5592,null_cut,0.21221422493562075
6a1e5592,null_cut,0.15516941789748045
6a1e5592,null_cut,0.252269932395838
6a1e5592,null_cut,0.3049243603311959
6a1e5592,null_cut,0.1757508342602892
6a1e5592,null_cut,0.26474881301861103
6a1e5592,null_cut,0.21909424724602203
6a1e5592,null_cut,0.21099887766554434
6a1e5592,null_cut,0.2149194264491271
6a1e5592,null_cut,0.3212852819032871
6a1e5592,null_len,0.0
6a1e5592,null_len,0.6468438431699419
6a1e5592,null_len,-0.08169903006601746
6a1e5592,null_len,0.6163028993458048
6a1e5592,null_len,0.12201346178513803
6a1e5592,null_len,-0.023191593047520272
6a1e5592,null_len,0.14119057242811547
6a1e5592,null_len,0.0583955223880597
6a1e5592,null_len,0.08333977281508384
6a1e5592,null_len,0.05904660930554989
6a1e5592,null_len,0.08116334122421373
6a1e5592,null_len,0.24427480916030533
6a1e5592,null_len,0.04675876726886291
6a1e5592,null_len,0.26453226852529865
6a1e5592,null_len,0.2634435399014233
6a1e5592,null_len,0.1763891635356931
6a1e5592,null_len,0.0
6a1e5592,null_len,0.10678216283405842
6a1e5592,null_len,0.05952781416256829
6a1e5592,null_len,0.2589841955097723
6a1e5592,null_len,0.3333333333333333
6a1e5592,null_len,0.014598540145985401
6a1e5592,null_len,0.0
6a1e5592,null_len,0.30429223486718093
6a1e5592,null_len,0.3622378903030858
6a1e5592,null_len,0.37662337662337664
6a1e5592,null_len,0.2524127691165553
6a1e5592,null_len,-0.11667085495227818
6a1e5592,null_len,0.7579837543117837
6a1e5592,null_len,0.1070433240435774
6a1e5592,null_len,0.14757317678187531
6a1e5592,null_len,0.287911344171369
6a1e5592,null_len,-0.16067625927916093
6a1e5592,null_len,0.13243326343281778
6a1e5592,null_len,-0.07024780491010194
6a1e5592,null_len,0.1672073677380618
6a1e5592,null_len,0.25781247077920866
6a1e5592,null_len,0.13139038039779172
6a1e5592,null_len,0.08953669963560645
6a1e5592,null_len,0.37291410504127875
6a1e5592,null_len,0.13816900374421848
6a1e5592,null_len,0.5039370078740157
6a1e5592,null_len,0.6527878092837527
6a1e5592,null_len,0.2137809187279152
6a1e5592,null_len,0.19415292353823088
6a1e5592,null_len,-0.1621584885143401
6a1e5592,null_len,0.1405672009864365
6a1e5592,null_len,0.32946254239029904
6a1e5592,null_len,0.10203357767793805
6a1e5592,null_len,0.07716858543257722
6d58a25d,real,0.4827729750137952
6d58a25d,real,0.5009794620567731
6d58a25d,real,0.2932724587082046
6d58a25d,real,0.6529773765230731
6d58a25d,real,0.595776585189862
6d58a25d,real,0.18520023317846984
6d58a25d,real,0.4887369267900241
6d58a25d,real,0.7216535507015006
6d58a25d,real,0.481917211328976
6d58a25d,real,0.4511635598663185
6d58a25d,real,0.5668297525349216
6d58a25d,real,0.7690982574703505
6d58a25d,real,0.4118392469225199
6d58a25d,real,0.4208315930244588
6d58a25d,real,0.4782608695652174
6d58a25d,real,0.2949180126221768
6d58a25d,real,1.0
6d58a25d,real,0.28448434084727947
6d58a25d,real,0.731262923803207
6d58a25d,real,0.22012094557449147
6d58a25d,real,0.7020891068002558
6d58a25d,real,0.7643410852713178
6d58a25d,real,0.5042003061141035
6d58a25d,real,0.3110795944195758
6d58a25d,real,0.5092811581738694
6d58a25d,real,0.0136275146009085
6d58a25d,real,0.33015621283006896
6d58a25d,real,0.4945652173913043
6d58a25d,real,-0.16766467065868262
6d58a25d,real,0.7445432009190398
6d58a25d,real,0.0
6d58a25d,real,0.7622884163604602
6d58a25d,real,0.6123243727849609
6d58a25d,real,0.43721714160866443
6d58a25d,real,0.2506527415143603
6d58a25d,real,0.5415084102007597
6d58a25d,real,0.3575681604512692
6d58a25d,real,0.09081217641071852
6d58a25d,real,0.39265658747300214
6d58a25d,real,0.7981091195587946
6d58a25d,real,0.03210101329955668
6d58a25d,real,0.4135581955636787
6d58a25d,real,0.8038277511961722
6d58a25d,real,0.4842450509546679
6d58a25d,real,0.5514223194748359
6d58a25d,real,0.835820895522388
6d58a25d,real,0.669225998246252
6d58a25d,real,0.7930645448607565
6d58a25d,real,0.6400737728175542
6d58a25d,real,0.8540784128743296
6d58a25d,null_cut,0.4581465008623037
6d58a25d,null_cut,0.1798880765693442
6d58a25d,null_cut,0.11492397585305227
6d58a25d,null_cut,0.252465483234714
6d58a25d,null_cut,0.32166633709050163
6d58a25d,null_cut,1.0
6d58a25d,null_cut,0.18316405577552075
6d58a25d,null_cut,0.06614252097611845
6d58a25d,null_cut,0.23966794431314917
6d58a25d,null_cut,0.4403146456182084
6d58a25d,null_cut,1.0
6d58a25d,null_cut,0.33792831823552577
6d58a25d,null_cut,0.2638257122336605
6d58a25d,null_cut,0.143455735951105
6d58a25d,null_cut,0.21916957956290223
6d58a25d,null_cut,0.07587431434097466
6d58a25d,null_cut,0.2830870823676138
6d58a25d,null_cut,-0.14035087719298245
6d58a25d,null_cut,0.35102151065710635
6d58a25d,null_cut,0.33150017919596625
6d58a25d,null_cut,0.42240293208109037
6d58a25d,null_cut,0.228105027323098
6d58a25d,null_cut,0.2695800227014756
6d58a25d,null_cut,0.05132254795765051
6d58a25d,null_cut,0.25451024591714005
6d58a25d,null_cut,0.5684210526315789
6d58a25d,null_cut,0.4791534337762646
6d58a25d,null_cut,0.10808528604602069
6d58a25d,null_cut,0.44754339511621066
6d58a25d,null_cut,0.1439315943760266
6d58a25d,null_cut,0.29005583433458193
6d58a25d,null_cut,0.03197752555687543
6d58a25d,null_cut,0.009717532734909001
6d58a25d,null_cut,0.25245901639344265
6d58a25d,null_cut,1.0
6d58a25d,null_cut,0.4164450411836092
6d58a25d,null_cut,0.21653626559526326
6d58a25d,null_cut,0.0
6d58a25d,null_cut,0.15138501181017822
6d58a25d,null_cut,0.0035566093657379964
6d58a25d,null_cut,0.17482412812453227
6d58a25d,null_cut,0.12760549059481444
6d58a25d,null_cut,0.2950062271503756
6d58a25d,null_cut,0.028568858799192156
6d58a25d,null_cut,0.5018773305071054
6d58a25d,null_cut,0.002532631989090201
6d58a25d,null_cut,0.13206589661049042
6d58a25d,null_cut,0.3019440316988608
6d58a25d,null_cut,0.17073402335960497
6d58a25d,null_cut,0.16751269035532995
6d58a25d,null_len,0.3455723735443389
6d58a25d,null_len,0.2625687850817702
6d58a25d,null_len,0.3880420693389338
6d58a25d,null_len,0.9657858136300417
6d58a25d,null_len,0.2094102238037983
6d58a25d,null_len,0.2962944334770964
6d58a25d,null_len,0.03596853797390791
6d58a25d,null_len,0.543825325945728
6d58a25d,null_len,0.658270630696764
6d58a25d,null_len,0.4669924396090725
6d58a25d,null_len,0.31854895186516646
6d58a25d,null_len,0.3041234386924687
6d58a25d,null_len,0.0007971543095214818
6d58a25d,null_len,0.6802426343154246
6d58a25d,null_len,0.20719398054688934
6d58a25d,null_len,0.23517589318480359
6d58a25d,null_len,0.4855390297793754
6d58a25d,null_len,0.13733624778813697
6d58a25d,null_len,0.16351512738853502
6d58a25d,null_len,0.20298342361687244
6d58a25d,null_len,0.6403367926375563
6d58a25d,null_len,0.6433326273109625
6d58a25d,null_len,0.4594548911895204
6d58a25d,null_len,0.241635687732342
6d58a25d,null_len,0.5225702585263684
6d58a25d,null_len,0.6043832747400704
6d58a25d,null_len,0.856738768718802
6d58a25d,null_len,0.5714285714285714
6d58a25d,null_len,0.11037075388875132
6d58a25d,null_len,0.3618212895952286
6d58a25d,null_len,0.3941061521529166
6d58a25d,null_len,0.3382331748090503
6d58a25d,null_len,0.10675381263616558
6d58a25d,null_len,0.33677058291527207
6d58a25d,null_len,0.07682922320405221
6d58a25d,null_len,0.42898312062577193
6d58a25d,null_len,0.6262505257844704
6d58a25d,null_len,0.0006253022701403511
6d58a25d,null_len,0.4219118936787425
6d58a25d,null_len,0.47817924234920123
6d58a25d,null_len,1.0
6d58a25d,null_len,0.6972211648267986
6d58a25d,null_len,0.12604073998038276
6d58a25d,null_len,-0.0008165014952183631
6d58a25d,null_len,0.2579393452190011
6d58a25d,null_len,0.31454845555293565
6d58a25d,null_len,0.36295815144191734
6d58a25d,null_len,0.26110074388404614
6d58a25d,null_len,0.3502434195978224
6d58a25d,null_len,0.1425901201602136
6ea4a07e,real,0.0
6ea4a07e,real,1.0
6ea4a07e,real,0.0
6ea4a07e,real,1.0
6ea4a07e,real,1.0
6ea4a07e,real,1.0
6ea4a07e,real,1.0
6ea4a07e,real,1.0
6ea4a07e,real,1.0
6ea4a07e,real,1.0
6ea4a07e,real,1.0
6ea4a07e,real,1.0
6ea4a07e,real,0.0
6ea4a07e,real,1.0
6ea4a07e,real,0.7692307692307693
6ea4a07e,real,1.0
6ea4a07e,real,1.0
6ea4a07e,real,1.0
6ea4a07e,real,0.0
6ea4a07e,real,0.7692307692307693
6ea4a07e,real,1.0
6ea4a07e,real,1.0
6ea4a07e,real,0.7692307692307693
6ea4a07e,real,0.5555555555555556
6ea4a07e,real,0.7692307692307693
6ea4a07e,real,1.0
6ea4a07e,real,0.024096385542168676
6ea4a07e,real,1.0
6ea4a07e,real,1.0
6ea4a07e,real,0.7692307692307693
6ea4a07e,real,0.0
6ea4a07e,real,1.0
6ea4a07e,real,1.0
6ea4a07e,real,1.0
6ea4a07e,real,1.0
6ea4a07e,real,1.0
6ea4a07e,real,1.0
6ea4a07e,real,1.0
6ea4a07e,real,0.7692307692307693
6ea4a07e,real,1.0
6ea4a07e,real,0.0
6ea4a07e,real,1.0
6ea4a07e,real,0.005076142131979695
6ea4a07e,real,0.7692307692307693
6ea4a07e,real,0.5555555555555556
6ea4a07e,real,1.0
6ea4a07e,real,1.0
6ea4a07e,real,1.0
6ea4a07e,real,0.7692307692307693
6ea4a07e,real,1.0
6ea4a07e,null_cut,0.2222222222222222
6ea4a07e,null_cut,0.0
6ea4a07e,null_cut,0.0
6ea4a07e,null_cut,-0.168141592920354
6ea4a07e,null_cut,1.0
6ea4a07e,null_cut,0.10891089108910891
6ea4a07e,null_cut,0.0
6ea4a07e,null_cut,1.0
6ea4a07e,null_cut,0.16666666666666666
6ea4a07e,null_cut,0.019801980198019802
6ea4a07e,null_cut,1.0
6ea4a07e,null_cut,0.8888888888888888
6ea4a07e,null_cut,-0.15748031496062992
6ea4a07e,null_cut,0.16666666666666666
6ea4a07e,null_cut,0.024096385542168676
6ea4a07e,null_cut,0.19230769230769232
6ea4a07e,null_cut,0.0
6ea4a07e,null_cut,1.0
6ea4a07e,null_cut,0.18181818181818182
6ea4a07e,null_cut,1.0
6ea4a07e,null_cut,0.4827586206896552
6ea4a07e,null_cut,0.0
6ea4a07e,null_cut,1.0
6ea4a07e,null_cut,0.2222222222222222
6ea4a07e,null_cut,0.0
6ea4a07e,null_cut,0.0
6ea4a07e,null_cut,1.0
6ea4a07e,null_cut,0.5555555555555556
6ea4a07e,null_cut,-0.15384615384615385
6ea4a07e,null_cut,1.0
6ea4a07e,null_cut,0.5555555555555556
6ea4a07e,null_cut,1.0
6ea4a07e,null_cut,1.0
6ea4a07e,null_cut,-0.03636363636363636
6ea4a07e,null_cut,0.15
6ea4a07e,null_cut,1.0
6ea4a07e,null_cut,0.2222222222222222
6ea4a07e,null_cut,0.0
6ea4a07e,null_cut,1.0
6ea4a07e,null_cut,1.0
6ea4a07e,null_cut,0.0
6ea4a07e,null_cut,-0.14084507042253522
6ea4a07e,null_cut,1.0
6ea4a07e,null_cut,1.0
6ea4a07e,null_cut,-0.15384615384615385
6ea4a07e,null_cut,0.0
6ea4a07e,null_cut,0.0
6ea4a07e,null_cut,1.0
6ea4a07e,null_cut,-0.1111111111111111
6ea4a07e,null_cut,0.42105263157894735
6ea4a07e,null_len,1.0
6ea4a07e,null_len,-0.2962962962962963
6ea4a07e,null_len,0.0
6ea4a07e,null_len,0.55
6ea4a07e,null_len,0.7692307692307693
6ea4a07e,null_len,0.0
6ea4a07e,null_len,0.3076923076923077
6ea4a07e,null_len,0.3076923076923077
6ea4a07e,null_len,1.0
6ea4a07e,null_len,0.0
6ea4a07e,null_len,1.0
6ea4a07e,null_len,1.0
6ea4a07e,null_len,-0.21052631578947367
6ea4a07e,null_len,1.0
6ea4a07e,null_len,0.125
6ea4a07e,null_len,0.0
6ea4a07e,null_len,1.0
6ea4a07e,null_len,0.0
6ea4a07e,null_len,1.0
6ea4a07e,null_len,0.18181818181818182
6ea4a07e,null_len,0.0
6ea4a07e,null_len,1.0
6ea4a07e,null_len,0.55
6ea4a07e,null_len,-0.25
6ea4a07e,null_len,1.0
6ea4a07e,null_len,0.0
6ea4a07e,null_len,1.0
6ea4a07e,null_len,1.0
6ea4a07e,null_len,0.0
6ea4a07e,null_len,0.0
6ea4a07e,null_len,1.0
6ea4a07e,null_len,0.0
6ea4a07e,null_len,0.7692307692307693
6ea4a07e,null_len,1.0
6ea4a07e,null_len,0.55
6ea4a07e,null_len,0.25
6ea4a07e,null_len,0.0
6ea4a07e,null_len,0.0
6ea4a07e,null_len,0.16
6ea4a07e,null_len,0.07692307692307693
6ea4a07e,null_len,1.0
6ea4a07e,null_len,1.0
6ea4a07e,null_len,1.0
6ea4a07e,null_len,0.3076923076923077
6ea4a07e,null_len,0.0
6ea4a07e,null_len,0.55
6ea4a07e,null_len,1.0
6ea4a07e,null_len,0.5
6ea4a07e,null_len,1.0
6ea4a07e,null_len,1.0
73251a56,real,1.0
73251a56,real,0.9346074243691929
73251a56,real,0.8394656576966141
73251a56,real,0.7175047464872264
73251a56,real,0.5008670614795668
73251a56,real,0.8609518013062103
73251a56,real,0.4001428231373482
73251a56,real,0.1935483870967742
73251a56,real,0.6253895236682
73251a56,real,0.4283599822119565
73251a56,real,0.4444444444444444
73251a56,real,0.7073407224052848
73251a56,real,0.6018829540615982
73251a56,real,0.8653793853685069
73251a56,real,0.7818622500504948
73251a56,real,0.8946501343969478
73251a56,real,0.1935483870967742
73251a56,real,0.9109238278760432
73251a56,real,0.41631067961165047
73251a56,real,0.6886287479872928
73251a56,real,0.9007875791202951
73251a56,real,-0.07142857142857142
73251a56,real,0.36952714535901926
73251a56,real,0.589800796812749
73251a56,real,0.49417637271214643
73251a56,real,0.7150237621303512
73251a56,real,0.8586075922247489
73251a56,real,0.3531947158672919
73251a56,real,0.6176810953489279
73251a56,real,0.5810213265505771
73251a56,real,1.0
73251a56,real,0.8425644054704894
73251a56,real,0.6877935532354599
73251a56,real,0.23170731707317074
73251a56,real,0.5447259472051563
73251a56,real,0.5350799178794956
73251a56,real,0.4654011254713148
73251a56,real,0.515003489183531
73251a56,real,1.0
73251a56,real,0.4138817480719794
73251a56,real,0.7176634776804677
73251a56,real,1.0
73251a56,real,0.7203190398086639
73251a56,real,0.5669291338582677
73251a56,real,0.5744154727575687
73251a56,real,0.4519854468379045
73251a56,real,0.5177951946550173
73251a56,real,0.6028599745150786
73251a56,real,0.7897493982726886
73251a56,real,0.5086444713748942
73251a56,null_cut,0.6282798833819242
73251a56,null_cut,0.0
73251a56,null_cut,0.16
73251a56,null_cut,0.09357539737815543
73251a56,null_cut,0.1734338747099768
73251a56,null_cut,0.1242837273991655
73251a56,null_cut,-0.14130434782608695
73251a56,null_cut,0.17441996719006328
73251a56,null_cut,0.24747588379222094
73251a56,null_cut,0.22605712685522264
73251a56,null_cut,0.14755732801595214
73251a56,null_cut,0.19820350463849212
73251a56,null_cut,0.5
73251a56,null_cut,0.16740088105726872
73251a56,null_cut,0.14736842105263157
73251a56,null_cut,0.1038721573448064
73251a56,null_cut,0.18940688308518427
73251a56,null_cut,0.2785571142284569
73251a56,null_cut,0.20673076923076922
73251a56,null_cut,0.1822849807445443
73251a56,null_cut,0.24688561721404303
73251a56,null_cut,0.0
73251a56,null_cut,0.0629575402635432
73251a56,null_cut,0.14806647663099015
73251a56,null_cut,0.19745222929936307
73251a56,null_cut,0.3027474638248225
73251a56,null_cut,0.30107238605898123
73251a56,null_cut,0.2506509496800759
73251a56,null_cut,0.10774180299815182
73251a56,null_cut,0.28316277273604945
73251a56,null_cut,0.2881637168141593
73251a56,null_cut,0.13620769477320482
73251a56,null_cut,0.13688535775476476
73251a56,null_cut,0.11118270215111088
73251a56,null_cut,0.16666666666666666
73251a56,null_cut,0.24271844660194175
73251a56,null_cut,0.25573394495412843
73251a56,null_cut,0.1794274997697608
73251a56,null_cut,0.21946902654867256
73251a56,null_cut,0.22201689797395768
73251a56,null_cut,0.08748906386701662
73251a56,null_cut,0.13016486871565236
73251a56,null_cut,0.2900912646675359
73251a56,null_cut,0.47959183673469385
73251a56,null_cut,0.16838109161218823
73251a56,null_cut,0.16486640577428024
73251a56,null_cut,0.16657855138476554
73251a56,null_cut,0.22366527977602363
73251a56,null_cut,0.2223843838365411
73251a56,null_cut,0.16924133196017851
73251a56,null_len,0.17209977563679557
73251a56,null_len,0.06779661016949153
73251a56,null_len,0.20272831629247978
73251a56,null_len,0.07597562188347942
73251a56,null_len,0.12170112623970415
73251a56,null_len,0.0
73251a56,null_len,0.09349514088977878
73251a56,null_len,0.24704956726986624
73251a56,null_len,0.09935012530263773
73251a56,null_len,0.058530510585305104
73251a56,null_len,0.15680036039587233
73251a56,null_len,0.1427589367552704
73251a56,null_len,0.06749427254409451
73251a56,null_len,0.04986246534290698
73251a56,null_len,0.1393660512952133
73251a56,null_len,0.2295937383525904
73251a56,null_len,0.0
73251a56,null_len,0.14959037643886758
73251a56,null_len,0.13157894736842105
73251a56,null_len,0.24710496248031374
73251a56,null_len,0.0
73251a56,null_len,0.0474918705092246
73251a56,null_len,0.1095890410958904
73251a56,null_len,0.2755905511811024
73251a56,null_len,0.05250821432917634
73251a56,null_len,0.031422363362861444
73251a56,null_len,0.11298889425398358
73251a56,null_len,0.18419500970734162
73251a56,null_len,-0.00012163230554035151
73251a56,null_len,0.1974212476837554
73251a56,null_len,0.01123564215062039
73251a56,null_len,0.12292050456328837
73251a56,null_len,0.12195121951219512
73251a56,null_len,0.0039515488868315995
73251a56,null_len,0.1782872593614894
73251a56,null_len,0.28005724635713813
73251a56,null_len,0.26286314315715786
73251a56,null_len,0.1427734375
73251a56,null_len,0.0625
73251a56,null_len,0.12229299363057325
73251a56,null_len,0.14286317627018427
73251a56,null_len,0.15498109986587003
73251a56,null_len,0.12342615149928281
73251a56,null_len,0.04461013522052319
73251a56,null_len,0.2241476313716665
73251a56,null_len,0.08509571177798211
73251a56,null_len,0.17305801005374202
73251a56,null_len,0.06257949631137115
73251a56,null_len,0.1051754110700624
73251a56,null_len,0.17336907953529937
73c3b0d8,real,0.32432432432432434
73c3b0d8,real,0.0
73c3b0d8,real,0.0
73c3b0d8,real,0.0
73c3b0d8,real,-0.13333333333333333
73c3b0d8,real,0.0
73c3b0d8,real,-0.25
73c3b0d8,real,0.0
73c3b0d8,real,0.4
73c3b0d8,real,-0.16666666666666666
73c3b0d8,real,1.0
73c3b0d8,real,1.0
73c3b0d8,real,0.0
73c3b0d8,real,0.375
73c3b0d8,real,0.0
73c3b0d8,real,0.5050505050505051
73c3b0d8,real,-0.16666666666666666
73c3b0d8,real,-0.05319148936170213
73c3b0d8,real,-0.16666666666666666
73c3b0d8,real,0.5714285714285714
73c3b0d8,real,1.0
73c3b0d8,real,0.0
73c3b0d8,real,0.21052631578947367
73c3b0d8,real,1.0
73c3b0d8,real,0.0
73c3b0d8,real,1.0
73c3b0d8,real,0.0
73c3b0d8,real,0.0
73c3b0d8,real,0.0
73c3b0d8,real,0.0
73c3b0d8,real,0.0
73c3b0d8,real,0.0
73c3b0d8,real,0.0
73c3b0d8,real,1.0
73c3b0d8,real,0.0
73c3b0d8,real,0.0
73c3b0d8,real,1.0
73c3b0d8,real,1.0
73c3b0d8,real,1.0
73c3b0d8,real,0.0
73c3b0d8,real,0.0
73c3b0d8,real,-0.16666666666666666
73c3b0d8,real,0.0
73c3b0d8,real,-0.07142857142857142
73c3b0d8,real,0.0
73c3b0d8,real,0.14170403587443947
73c3b0d8,real,-0.06060606060606061
73c3b0d8,real,-0.3157894736842105
73c3b0d8,real,1.0
73c3b0d8,real,-0.1782178217821782
73c3b0d8,null_cut,0.0
73c3b0d8,null_cut,0.0
73c3b0d8,null_cut,0.0
73c3b0d8,null_cut,0.0
73c3b0d8,null_cut,0.0
73c3b0d8,null_cut,0.0
73c3b0d8,null_cut,1.0
73c3b0d8,null_cut,0.2641509433962264
73c3b0d8,null_cut,0.0
73c3b0d8,null_cut,0.0
73c3b0d8,null_cut,0.0
73c3b0d8,null_cut,-0.07142857142857142
73c3b0d8,null_cut,0.0
73c3b0d8,null_cut,0.0
73c3b0d8,null_cut,0.1111111111111111
73c3b0d8,null_cut,0.18439716312056736
73c3b0d8,null_cut,0.0
73c3b0d8,null_cut,0.26666666666666666
73c3b0d8,null_cut,0.0
73c3b0d8,null_cut,0.16
73c3b0d8,null_cut,0.0
73c3b0d8,null_cut,1.0
73c3b0d8,null_cut,0.46153846153846156
73c3b0d8,null_cut,-0.08247422680412371
73c3b0d8,null_cut,-0.2616822429906542
73c3b0d8,null_cut,0.0
73c3b0d8,null_cut,1.0
73c3b0d8,null_cut,0.0
73c3b0d8,null_cut,0.0
73c3b0d8,null_cut,0.005076142131979695
73c3b0d8,null_cut,1.0
73c3b0d8,null_cut,-0.5
73c3b0d8,null_cut,-0.06060606060606061
73c3b0d8,null_cut,-0.07142857142857142
73c3b0d8,null_cut,0.0
73c3b0d8,null_cut,-0.04597701149425287
73c3b0d8,null_cut,1.0
73c3b0d8,null_cut,-0.1782178217821782
73c3b0d8,null_cut,-0.10344827586206896
73c3b0d8,null_cut,0.0
73c3b0d8,null_cut,-0.02857142857142857
73c3b0d8,null_cut,0.0
73c3b0d8,null_cut,0.0
73c3b0d8,null_cut,1.0
73c3b0d8,null_cut,1.0
73c3b0d8,null_cut,1.0
73c3b0d8,null_cut,-0.13513513513513514
73c3b0d8,null_cut,-0.06060606060606061
73c3b0d8,null_cut,1.0
73c3b0d8,null_cut,0.0
73c3b0d8,null_len,0.3333333333333333
73c3b0d8,null_len,0.0
73c3b0d8,null_len,1.0
73c3b0d8,null_len,0.0
73c3b0d8,null_len,1.0
73c3b0d8,null_len,0.0
73c3b0d8,null_len,0.0
73c3b0d8,null_len,0.0
73c3b0d8,null_len,0.0
73c3b0d8,null_len,0.1154639175257732
73c3b0d8,null_len,0.0
73c3b0d8,null_len,-0.037037037037037035
73c3b0d8,null_len,0.0
73c3b0d8,null_len,1.0
73c3b0d8,null_len,0.1
73c3b0d8,null_len,0.0
73c3b0d8,null_len,-0.06060606060606061
73c3b0d8,null_len,1.0
73c3b0d8,null_len,1.0
73c3b0d8,null_len,0.0
73c3b0d8,null_len,0.0
73c3b0d8,null_len,-0.16666666666666666
73c3b0d8,null_len,1.0
73c3b0d8,null_len,0.13846153846153847
73c3b0d8,null_len,1.0
73c3b0d8,null_len,-0.02857142857142857
73c3b0d8,null_len,0.0
73c3b0d8,null_len,0.0
73c3b0d8,null_len,1.0
73c3b0d8,null_len,0.0
73c3b0d8,null_len,1.0
73c3b0d8,null_len,-0.05660377358490566
73c3b0d8,null_len,0.0
73c3b0d8,null_len,1.0
73c3b0d8,null_len,0.27461139896373055
73c3b0d8,null_len,0.36363636363636365
73c3b0d8,null_len,0.0
73c3b0d8,null_len,0.29906542056074764
73c3b0d8,null_len,-0.16666666666666666
73c3b0d8,null_len,0.0
73c3b0d8,null_len,0.0
73c3b0d8,null_len,0.0
73c3b0d8,null_len,1.0
73c3b0d8,null_len,0.005076142131979695
73c3b0d8,null_len,1.0
73c3b0d8,null_len,1.0
73c3b0d8,null_len,0.16
73c3b0d8,null_len,0.18947368421052632
73c3b0d8,null_len,1.0
73c3b0d8,null_len,0.16
7447852a,real,1.0
7447852a,real,1.0
7447852a,real,0.0
7447852a,real,0.0
7447852a,real,0.7536231884057971
7447852a,real,0.9488465396188566
7447852a,real,0.8
7447852a,real,1.0
7447852a,real,-0.07692307692307693
7447852a,real,1.0
7447852a,real,1.0
7447852a,real,1.0
7447852a,real,0.4711111111111111
7447852a,real,0.3422263109475621
7447852a,real,0.8030163693213169
7447852a,real,0.9218989280245024
7447852a,real,0.5308804204993429
7447852a,real,0.6890243902439024
7447852a,real,0.7375643224699828
7447852a,real,0.5456570155902004
7447852a,real,1.0
7447852a,real,1.0
7447852a,real,1.0
7447852a,real,1.0
7447852a,real,0.0
7447852a,real,0.0
7447852a,real,0.86500794070937
7447852a,real,0.7536231884057971
7447852a,real,0.6890243902439024
7447852a,real,0.8968105065666041
7447852a,real,0.8045977011494253
7447852a,real,0.5719994671639803
7447852a,real,0.5102880658436214
7447852a,real,0.6448390677025527
7447852a,real,0.8349514563106796
7447852a,real,1.0
7447852a,real,1.0
7447852a,real,1.0
7447852a,real,0.12433392539964476
7447852a,real,0.9488465396188566
7447852a,real,0.3171987641606591
7447852a,real,0.7953861584754263
7447852a,real,0.9488465396188566
7447852a,real,0.9218989280245024
7447852a,real,0.704225352112676
7447852a,real,0.7061728395061728
7447852a,real,0.8647214854111406
7447852a,real,0.1937984496124031
7447852a,real,0.34615384615384615
7447852a,real,0.6518771331058021
7447852a,null_cut,0.2986600846262341
7447852a,null_cut,0.08685714285714285
7447852a,null_cut,0.28598779466315666
7447852a,null_cut,0.0
7447852a,null_cut,0.34688995215311
7447852a,null_cut,0.36451740506329117
7447852a,null_cut,0.35942028985507246
7447852a,null_cut,0.3833290455364034
7447852a,null_cut,-0.5
7447852a,null_cut,0.3533389687235841
7447852a,null_cut,0.476303317535545
7447852a,null_cut,0.25446670276123445
7447852a,null_cut,0.2946482260974143
7447852a,null_cut,0.20812685827552033
7447852a,null_cut,0.05620287868403016
7447852a,null_cut,0.07692307692307693
7447852a,null_cut,-0.024982554082344732
7447852a,null_cut,0.5117886899485907
7447852a,null_cut,0.15121255349500715
7447852a,null_cut,0.33519553072625696
7447852a,null_cut,0.19437340153452684
7447852a,null_cut,0.0
7447852a,null_cut,0.20727522306108442
7447852a,null_cut,0.29681245366938475
7447852a,null_cut,0.2242503259452412
7447852a,null_cut,0.49826095597734277
7447852a,null_cut,0.07808184785337685
7447852a,null_cut,0.3714888420117686
7447852a,null_cut,0.29010989010989013
7447852a,null_cut,0.5317150395778364
7447852a,null_cut,0.0
7447852a,null_cut,0.201233981964879
7447852a,null_cut,0.23559453758188076
7447852a,null_cut,0.25648628613787994
7447852a,null_cut,0.0
7447852a,null_cut,-0.12903225806451613
7447852a,null_cut,-0.0626249167221852
7447852a,null_cut,0.11537450722733246
7447852a,null_cut,0.06763367951248819
7447852a,null_cut,0.30564643799472296
7447852a,null_cut,0.31390134529147984
7447852a,null_cut,0.13261648745519714
7447852a,null_cut,0.34467120181405897
7447852a,null_cut,0.049700874367234235
7447852a,null_cut,0.24672949781966522
7447852a,null_cut,0.5875084250730173
7447852a,null_cut,0.29874250793277707
7447852a,null_cut,0.3636557534392663
7447852a,null_cut,0.547604967474867
7447852a,null_cut,0.6427570748108714
7447852a,null_len,0.2577962577962578
7447852a,null_len,0.5803378085751407
7447852a,null_len,0.5724085365853658
7447852a,null_len,0.5102880658436214
7447852a,null_len,0.48975702715578845
7447852a,null_len,0.32274826789838335
7447852a,null_len,0.6699029126213593
7447852a,null_len,0.27250368912936546
7447852a,null_len,0.2708333333333333
7447852a,null_len,0.19488817891373802
7447852a,null_len,0.4432314410480349
7447852a,null_len,0.5372050816696915
7447852a,null_len,0.29505582137161085
7447852a,null_len,0.35443037974683544
7447852a,null_len,0.3450342465753425
7447852a,null_len,0.5048543689320388
7447852a,null_len,0.4606345475910693
7447852a,null_len,0.3491879350348028
7447852a,null_len,0.35598316295850874
7447852a,null_len,0.2593516209476309
7447852a,null_len,0.42642924086223055
7447852a,null_len,0.6296296296296297
7447852a,null_len,0.37284800787014266
7447852a,null_len,0.4271863300374388
7447852a,null_len,0.4884653961885657
7447852a,null_len,0.2324561403508772
7447852a,null_len,0.08733624454148471
7447852a,null_len,0.0
7447852a,null_len,0.5778922199742506
7447852a,null_len,0.5543943806750042
7447852a,null_len,0.28232189973614774
7447852a,null_len,0.2915980230642504
7447852a,null_len,0.4640605296343001
7447852a,null_len,0.3982838755809796
7447852a,null_len,0.34937332139659805
7447852a,null_len,0.8517441860465116
7447852a,null_len,0.5483091787439613
7447852a,null_len,0.30985426786953507
7447852a,null_len,0.13262326060814292
7447852a,null_len,0.0
7447852a,null_len,-0.01149212233549583
7447852a,null_len,0.2216867469879518
7447852a,null_len,0.25676613462873005
7447852a,null_len,0.27350427350427353
7447852a,null_len,0.43303335097935414
7447852a,null_len,0.1793103448275862
7447852a,null_len,0.8177641653905053
7447852a,null_len,0.178743961352657
7447852a,null_len,0.09259259259259259
7447852a,null_len,0.5134680134680135
74dd1130,real,0.3135593220338983
74dd1130,real,0.68
74dd1130,real,0.39325842696629215
74dd1130,real,0.0
74dd1130,real,0.0
74dd1130,real,0.4444444444444444
74dd1130,real,1.0
74dd1130,real,1.0
74dd1130,real,0.3076923076923077
74dd1130,real,-0.1111111111111111
74dd1130,real,1.0
74dd1130,real,0.9285714285714286
74dd1130,real,0.631578947368421
74dd1130,real,0.7894736842105263
74dd1130,real,-0.36363636363636365
74dd1130,real,-0.1782178217821782
74dd1130,real,0.5555555555555556
74dd1130,real,1.0
74dd1130,real,0.5846153846153846
74dd1130,real,0.5945945945945946
74dd1130,real,-0.1111111111111111
74dd1130,real,-0.1111111111111111
74dd1130,real,-0.07142857142857142
74dd1130,real,0.0
74dd1130,real,-0.07142857142857142
74dd1130,real,0.0
74dd1130,real,-0.25
74dd1130,real,0.047619047619047616
74dd1130,real,0.3076923076923077
74dd1130,real,0.03669724770642202
74dd1130,real,0.0
74dd1130,real,0.35294117647058826
74dd1130,real,0.5909090909090909
74dd1130,real,-0.07142857142857142
74dd1130,real,0.2857142857142857
74dd1130,real,0.5882352941176471
74dd1130,real,1.0
74dd1130,real,0.4444444444444444
74dd1130,real,0.0
74dd1130,real,-0.1111111111111111
74dd1130,real,1.0
74dd1130,real,1.0
74dd1130,real,0.7894736842105263
74dd1130,real,0.38235294117647056
74dd1130,real,-0.1440677966101695
74dd1130,real,0.7894736842105263
74dd1130,real,0.4444444444444444
74dd1130,real,0.7711864406779662
74dd1130,real,0.0
74dd1130,real,0.0
74dd1130,null_cut,-0.17391304347826086
74dd1130,null_cut,0.2857142857142857
74dd1130,null_cut,0.3
74dd1130,null_cut,0.1
74dd1130,null_cut,0.0
74dd1130,null_cut,0.0
74dd1130,null_cut,-0.21621621621621623
74dd1130,null_cut,0.07407407407407407
74dd1130,null_cut,0.5871559633027523
74dd1130,null_cut,0.0
74dd1130,null_cut,0.5871559633027523
74dd1130,null_cut,0.13793103448275862
74dd1130,null_cut,-0.08620689655172414
74dd1130,null_cut,0.16666666666666666
74dd1130,null_cut,0.10526315789473684
74dd1130,null_cut,-0.20245398773006135
74dd1130,null_cut,-0.125
74dd1130,null_cut,0.0
74dd1130,null_cut,-0.25
74dd1130,null_cut,0.01098901098901099
74dd1130,null_cut,0.5987261146496815
74dd1130,null_cut,0.0
74dd1130,null_cut,0.11764705882352941
74dd1130,null_cut,-0.11764705882352941
74dd1130,null_cut,0.24242424242424243
74dd1130,null_cut,-0.19786096256684493
74dd1130,null_cut,0.125
74dd1130,null_cut,1.0
74dd1130,null_cut,0.0
74dd1130,null_cut,1.0
74dd1130,null_cut,0.0
74dd1130,null_cut,-0.13333333333333333
74dd1130,null_cut,-0.013245033112582781
74dd1130,null_cut,0.0
74dd1130,null_cut,0.0
74dd1130,null_cut,-0.046511627906976744
74dd1130,null_cut,0.0
74dd1130,null_cut,0.0
74dd1130,null_cut,0.0
74dd1130,null_cut,0.03669724770642202
74dd1130,null_cut,0.0
74dd1130,null_cut,0.0
74dd1130,null_cut,0.05555555555555555
74dd1130,null_cut,0.4444444444444444
74dd1130,null_cut,0.2251655629139073
74dd1130,null_cut,0.17159763313609466
74dd1130,null_cut,0.0
74dd1130,null_cut,0.11650485436893204
74dd1130,null_cut,-0.05555555555555555
74dd1130,null_cut,0.0
74dd1130,null_len,1.0
74dd1130,null_len,0.0
74dd1130,null_len,0.0
74dd1130,null_len,-0.12
74dd1130,null_len,0.34782608695652173
74dd1130,null_len,-0.08108108108108109
74dd1130,null_len,0.0
74dd1130,null_len,0.6186440677966102
74dd1130,null_len,-0.17391304347826086
74dd1130,null_len,0.03669724770642202
74dd1130,null_len,0.09302325581395349
74dd1130,null_len,-0.037037037037037035
74dd1130,null_len,0.0
74dd1130,null_len,0.25
74dd1130,null_len,0.0
74dd1130,null_len,0.0
74dd1130,null_len,0.0
74dd1130,null_len,0.14953271028037382
74dd1130,null_len,-0.17647058823529413
74dd1130,null_len,-0.043478260869565216
74dd1130,null_len,0.0625
74dd1130,null_len,0.3684210526315789
74dd1130,null_len,0.034482758620689655
74dd1130,null_len,0.0
74dd1130,null_len,0.5454545454545454
74dd1130,null_len,0.0
74dd1130,null_len,0.11267605633802817
74dd1130,null_len,1.0
74dd1130,null_len,0.4444444444444444
74dd1130,null_len,0.0
74dd1130,null_len,0.8590604026845637
74dd1130,null_len,-0.1076923076923077
74dd1130,null_len,0.0
74dd1130,null_len,-0.21621621621621623
74dd1130,null_len,0.20441988950276244
74dd1130,null_len,-0.1076923076923077
74dd1130,null_len,-0.09883720930232558
74dd1130,null_len,0.0
74dd1130,null_len,1.0
74dd1130,null_len,0.4295774647887324
74dd1130,null_len,0.5846153846153846
74dd1130,null_len,0.0
74dd1130,null_len,0.11764705882352941
74dd1130,null_len,0.07065217391304347
74dd1130,null_len,-0.1076923076923077
74dd1130,null_len,0.5454545454545454
74dd1130,null_len,0.0
74dd1130,null_len,0.14285714285714285
74dd1130,null_len,0.645320197044335
74dd1130,null_len,1.0
7df24a62,real,0.5585885486018641
7df24a62,real,0.1577991276556474
7df24a62,real,0.4406567188321404
7df24a62,real,0.4405630725901018
7df24a62,real,0.39520477823750594
7df24a62,real,0.5731144564641804
7df24a62,real,0.6937641584522133
7df24a62,real,0.09553081662965632
7df24a62,real,0.29369217830109334
7df24a62,real,0.48645782460057213
7df24a62,real,0.6886679746155616
7df24a62,real,0.23467110335592256
7df24a62,real,0.0
7df24a62,real,0.3533693828081298
7df24a62,real,0.32325847302224237
7df24a62,real,0.4666263029569145
7df24a62,real,0.4865881421359992
7df24a62,real,-0.049533699996583885
7df24a62,real,0.31460976858212775
7df24a62,real,0.47988634978543476
7df24a62,real,0.5069770409325811
7df24a62,real,0.9000317220709043
7df24a62,real,0.31063802167845783
7df24a62,real,0.357013339078293
7df24a62,real,0.24653591617261822
7df24a62,real,0.4080561624775821
7df24a62,real,0.4441022482291346
7df24a62,real,0.30948155067725364
7df24a62,real,0.3468351242444594
7df24a62,real,0.27524603360078936
7df24a62,real,1.0
7df24a62,real,0.34922884920573777
7df24a62,real,0.4137228758552988
7df24a62,real,1.0
7df24a62,real,0.41705484131420406
7df24a62,real,0.26869654214489364
7df24a62,real,0.448028604185694
7df24a62,real,0.5634246144161158
7df24a62,real,0.17300321600070487
7df24a62,real,0.4953519256308101
7df24a62,real,0.32440202070948115
7df24a62,real,0.5395573625867822
7df24a62,real,0.3583064176379722
7df24a62,real,1.0
7df24a62,real,0.5194942044257113
7df24a62,real,0.4755066219881921
7df24a62,real,0.5836909871244635
7df24a62,real,0.41075575731085
7df24a62,real,0.4973426842361085
7df24a62,real,-0.014168828577130314
7df24a62,null_cut,0.4095427435387674
7df24a62,null_cut,0.26152147173165496
7df24a62,null_cut,1.0
7df24a62,null_cut,0.34181830931594265
7df24a62,null_cut,0.34570869671529875
7df24a62,null_cut,0.32373479795998433
7df24a62,null_cut,0.2660503646786926
7df24a62,null_cut,0.2630628508616967
7df24a62,null_cut,0.4442861214021089
7df24a62,null_cut,1.0
7df24a62,null_cut,0.3298160988845342
7df24a62,null_cut,0.40549862286295624
7df24a62,null_cut,0.20127118644067796
7df24a62,null_cut,0.3011301375464076
7df24a62,null_cut,0.06338694418164617
7df24a62,null_cut,0.23407807903315575
7df24a62,null_cut,0.2942138462736547
7df24a62,null_cut,0.34648490110686475
7df24a62,null_cut,0.19211782876871358
7df24a62,null_cut,0.455382079575111
7df24a62,null_cut,0.3753127379527902
7df24a62,null_cut,0.249410468140969
7df24a62,null_cut,0.03382050972339654
7df24a62,null_cut,0.2280707914881663
7df24a62,null_cut,0.1754241551195866
7df24a62,null_cut,0.11314630640240927
7df24a62,null_cut,0.06090937306021105
7df24a62,null_cut,0.16166281755196305
7df24a62,null_cut,0.2658439656975528
7df24a62,null_cut,0.4130971993410214
7df24a62,null_cut,0.18389387513561495
7df24a62,null_cut,0.17948532076839435
7df24a62,null_cut,0.1808858889307338
7df24a62,null_cut,0.24531835205992508
7df24a62,null_cut,0.16168874259304192
7df24a62,null_cut,0.19018648326940882
7df24a62,null_cut,0.20286127632213471
7df24a62,null_cut,0.15506192084524117
7df24a62,null_cut,0.28813331058817193
7df24a62,null_cut,0.40214837193689157
7df24a62,null_cut,0.1757195767864592
7df24a62,null_cut,0.1811320754716981
7df24a62,null_cut,0.1863848476530332
7df24a62,null_cut,0.31788369042413644
7df24a62,null_cut,0.29312724261661605
7df24a62,null_cut,0.04246408662598213
7df24a62,null_cut,0.0
7df24a62,null_cut,0.19085530495552733
7df24a62,null_cut,0.25305237964325566
7df24a62,null_cut,0.42797992912032
7df24a62,null_len,0.258399209486166
7df24a62,null_len,0.272288381074992
7df24a62,null_len,0.16515593793209402
7df24a62,null_len,0.13291960901887956
7df24a62,null_len,0.2076631766540432
7df24a62,null_len,0.3946910356832028
7df24a62,null_len,0.2552763819095477
7df24a62,null_len,0.1655690155263607
7df24a62,null_len,0.2073968741348501
7df24a62,null_len,0.13564511840536578
7df24a62,null_len,0.34850917431192663
7df24a62,null_len,0.30951256004409794
7df24a62,null_len,0.45517824358415554
7df24a62,null_len,0.27211050762721256
7df24a62,null_len,0.36828644501278773
7df24a62,null_len,0.280226527133772
7df24a62,null_len,0.11052718643032562
7df24a62,null_len,0.26250419603893926
7df24a62,null_len,0.1205657542300908
7df24a62,null_len,0.379026290686375
7df24a62,null_len,0.3420101229211858
7df24a62,null_len,0.3468676634128259
7df24a62,null_len,0.21445395909921414
7df24a62,null_len,0.3214184671739357
7df24a62,null_len,0.3024294951405678
7df24a62,null_len,0.28999382334774554
7df24a62,null_len,0.4917634318031406
7df24a62,null_len,0.37138130686517784
7df24a62,null_len,0.1372972972972973
7df24a62,null_len,0.13495934959349593
7df24a62,null_len,0.24068651019129625
7df24a62,null_len,0.2230385966523546
7df24a62,null_len,0.2949221072660245
7df24a62,null_len,0.16654854712969525
7df24a62,null_len,0.22400470969166236
7df24a62,null_len,0.670700234430741
7df24a62,null_len,0.4725014941736744
7df24a62,null_len,0.2393887165345283
7df24a62,null_len,0.33311333773324536
7df24a62,null_len,-0.2
7df24a62,null_len,0.3297012108605513
7df24a62,null_len,0.22848085201166543
7df24a62,null_len,0.25623494402720703
7df24a62,null_len,0.3931309121951008
7df24a62,null_len,0.49445356917245736
7df24a62,null_len,0.26340057002630046
7df24a62,null_len,0.34446729150726857
7df24a62,null_len,0.48327295779750046
7df24a62,null_len,0.2898019756063627
7df24a62,null_len,0.2044790652385589
82819916,real,0.516914749661705
82819916,real,0.8088426527958388
82819916,real,0.5064748201438849
82819916,real,0.9181605611847233
82819916,real,0.9353625170998632
82819916,real,0.5167364016736402
82819916,real,0.5401459854014599
82819916,real,0.5901833234772325
82819916,real,0.7619877942458587
82819916,real,0.9521640091116174
82819916,real,0.7691603053435114
82819916,real,0.9181605611847233
82819916,real,0.697140929408788
82819916,real,0.7619877942458587
82819916,real,0.0
82819916,real,0.7085357390700903
82819916,real,0.7615330021291696
82819916,real,0.36540465439388675
82819916,real,0.9685157421289355
82819916,real,0.0
82819916,real,0.8946684005201561
82819916,real,0.6670811314889649
82819916,real,0.844159413650939
82819916,real,0.43609022556390975
82819916,real,0.8553940321346595
82819916,real,0.25
82819916,real,0.7273907399394202
82819916,real,0.9030769230769231
82819916,real,0.4021576266107282
82819916,real,0.9521640091116174
82819916,real,0.9685157421289355
82819916,real,0.9658629097805472
82819916,real,0.5935483870967742
82819916,real,0.7926757235676314
82819916,real,0.38004158004158006
82819916,real,0.5875395987328406
82819916,real,0.7609908502566392
82819916,real,0.9685157421289355
82819916,real,0.8121128699242945
82819916,real,0.7619877942458587
82819916,real,0.38964241676942046
82819916,real,0.0
82819916,real,1.0
82819916,real,0.3889145496535797
82819916,real,0.9685157421289355
82819916,real,0.31005546863888495
82819916,real,1.0
82819916,real,0.6750392464678179
82819916,real,1.0
82819916,real,0.7047117835704301
82819916,null_cut,0.1708645336963921
82819916,null_cut,0.24524534518045224
82819916,null_cut,0.21799844840961985
82819916,null_cut,0.19213790203910028
82819916,null_cut,0.4318181818181818
82819916,null_cut,0.1955958549222798
82819916,null_cut,0.23867069486404835
82819916,null_cut,0.3199497401336456
82819916,null_cut,0.0
82819916,null_cut,0.03678929765886288
82819916,null_cut,0.11076443057722309
82819916,null_cut,0.18947368421052632
82819916,null_cut,0.24591359560684714
82819916,null_cut,0.025529358762576962
82819916,null_cut,0.08597005710757832
82819916,null_cut,0.22810467402813492
82819916,null_cut,0.2850174216027875
82819916,null_cut,0.17044623262618874
82819916,null_cut,0.20087336244541484
82819916,null_cut,0.0670391061452514
82819916,null_cut,0.1955700325732899
82819916,null_cut,0.23747618513952706
82819916,null_cut,0.38867251963825994
82819916,null_cut,0.22938689217758984
82819916,null_cut,0.21651498546719397
82819916,null_cut,0.17920997920997922
82819916,null_cut,0.31444371766664686
82819916,null_cut,0.20100502512562815
82819916,null_cut,0.27275059321490414
82819916,null_cut,0.1117717003567182
82819916,null_cut,0.11533420707732635
82819916,null_cut,0.07877358490566037
82819916,null_cut,0.26112452569851674
82819916,null_cut,0.0
82819916,null_cut,0.15848058995408376
82819916,null_cut,0.11362823417193275
82819916,null_cut,0.11078941415969237
82819916,null_cut,0.20803549420754253
82819916,null_cut,0.2701503574069509
82819916,null_cut,-0.01762114537444934
82819916,null_cut,0.2779086198775318
82819916,null_cut,0.04947858886177058
82819916,null_cut,0.26690909090909093
82819916,null_cut,0.4118060435699227
82819916,null_cut,-0.037037037037037035
82819916,null_cut,0.10970621048716996
82819916,null_cut,0.4608294930875576
82819916,null_cut,0.0453706957132818
82819916,null_cut,0.21598166038971672
82819916,null_cut,0.1027364378300528
82819916,null_len,0.0
82819916,null_len,0.2879238548483046
82819916,null_len,0.4007247470934622
82819916,null_len,0.55470737913486
82819916,null_len,0.23314606741573032
82819916,null_len,0.18268720127456187
82819916,null_len,0.29385964912280704
82819916,null_len,0.23643070437379238
82819916,null_len,0.5714285714285714
82819916,null_len,0.3600451467268623
82819916,null_len,0.2324561403508772
82819916,null_len,0.0
82819916,null_len,0.32456140350877194
82819916,null_len,0.291358024691358
82819916,null_len,0.6851574212893553
82819916,null_len,0.26508313539192396
82819916,null_len,0.18393782383419688
82819916,null_len,0.24437781109445278
82819916,null_len,0.33789411064842356
82819916,null_len,0.4389312977099237
82819916,null_len,0.2246153846153846
82819916,null_len,0.19166798669412324
82819916,null_len,0.2529284164859002
82819916,null_len,0.41152922337870296
82819916,null_len,0.21352313167259787
82819916,null_len,0.25867790833258586
82819916,null_len,0.15308641975308643
82819916,null_len,0.4473162909159513
82819916,null_len,0.0
82819916,null_len,0.35186355022109916
82819916,null_len,0.2689075630252101
82819916,null_len,0.2313467855466917
82819916,null_len,0.3633226522060636
82819916,null_len,0.27699530516431925
82819916,null_len,0.2603625908473764
82819916,null_len,0.33403805496828753
82819916,null_len,0.30468823695877745
82819916,null_len,0.5352186896188301
82819916,null_len,0.2177650429799427
82819916,null_len,0.3565459610027855
82819916,null_len,0.46919431279620855
82819916,null_len,0.2569230769230769
82819916,null_len,0.4379704488430443
82819916,null_len,0.32071576049552647
82819916,null_len,0.3772375100187016
82819916,null_len,0.24449451268260775
82819916,null_len,0.38995568685376664
82819916,null_len,0.15805972611780233
82819916,null_len,0.29852266938359656
82819916,null_len,0.3925034994038053
834ec97d,real,0.7094524793388429
834ec97d,real,0.3893547211082756
834ec97d,real,0.3509303331890956
834ec97d,real,0.4851365203615693
834ec97d,real,0.40693430656934304
834ec97d,real,0.23880597014925373
834ec97d,real,0.1341991341991342
834ec97d,real,0.028707101230304337
834ec97d,real,0.7036450079239303
834ec97d,real,0.0
834ec97d,real,1.0
834ec97d,real,0.0
834ec97d,real,0.37572590011614404
834ec97d,real,0.40625
834ec97d,real,0.1798040051129101
834ec97d,real,1.0
834ec97d,real,0.20681551116333724
834ec97d,real,0.7671232876712328
834ec97d,real,0.5923836389280677
834ec97d,real,1.0
834ec97d,real,-0.0851063829787234
834ec97d,real,0.3191103041307308
834ec97d,real,0.1384918679152292
834ec97d,real,0.4378563283922463
834ec97d,real,0.860655737704918
834ec97d,real,0.1797432239657632
834ec97d,real,0.23076923076923078
834ec97d,real,1.0
834ec97d,real,0.12309016569829997
834ec97d,real,0.44549763033175355
834ec97d,real,0.405
834ec97d,real,0.20485175202156333
834ec97d,real,0.6660973526900086
834ec97d,real,0.06752411575562701
834ec97d,real,0.5831551945275759
834ec97d,real,0.09280742459396751
834ec97d,real,0.5048543689320388
834ec97d,real,0.35578869869317137
834ec97d,real,0.0927111924367185
834ec97d,real,0.2530755711775044
834ec97d,real,0.22591743119266056
834ec97d,real,0.3797686438592173
834ec97d,real,0.06976744186046512
834ec97d,real,0.5192307692307693
834ec97d,real,0.39285714285714285
834ec97d,real,0.0
834ec97d,real,0.933852140077821
834ec97d,real,0.635036496350365
834ec97d,real,0.5927885284699986
834ec97d,real,0.14076032455100737
834ec97d,null_cut,0.09240246406570841
834ec97d,null_cut,0.1732212548784149
834ec97d,null_cut,0.2381188118811881
834ec97d,null_cut,0.2296595499134449
834ec97d,null_cut,0.3011065812463599
834ec97d,null_cut,0.14545454545454545
834ec97d,null_cut,0.017921544692892415
834ec97d,null_cut,0.4067212408444636
834ec97d,null_cut,0.06883032019167937
834ec97d,null_cut,0.26700734589587993
834ec97d,null_cut,0.06320476493378824
834ec97d,null_cut,0.5047604422604423
834ec97d,null_cut,0.26595744680851063
834ec97d,null_cut,0.4473173884938591
834ec97d,null_cut,0.3984335944009332
834ec97d,null_cut,0.05099894847528917
834ec97d,null_cut,0.4145302936219285
834ec97d,null_cut,0.0
834ec97d,null_cut,0.23761118170266837
834ec97d,null_cut,0.28733651812984573
834ec97d,null_cut,0.2848378615249781
834ec97d,null_cut,0.1554579249746536
834ec97d,null_cut,0.08302282254308337
834ec97d,null_cut,0.1813031161473088
834ec97d,null_cut,0.1685575364667747
834ec97d,null_cut,0.3036649214659686
834ec97d,null_cut,0.1404494382022472
834ec97d,null_cut,0.10386029411764706
834ec97d,null_cut,1.0
834ec97d,null_cut,0.2049469964664311
834ec97d,null_cut,0.13607275176827213
834ec97d,null_cut,-0.008847341624238378
834ec97d,null_cut,0.05598243688254665
834ec97d,null_cut,0.1245136186770428
834ec97d,null_cut,0.6183074265975821
834ec97d,null_cut,0.19300605245460659
834ec97d,null_cut,0.38
834ec97d,null_cut,0.0027416038382453737
834ec97d,null_cut,0.10531697341513292
834ec97d,null_cut,0.22601744186046513
834ec97d,null_cut,-0.011584914961794429
834ec97d,null_cut,0.304654442877292
834ec97d,null_cut,0.04951889227880779
834ec97d,null_cut,0.26541194545803726
834ec97d,null_cut,0.31724137931034485
834ec97d,null_cut,0.3684210526315789
834ec97d,null_cut,0.19704077950198484
834ec97d,null_cut,0.24481737413622903
834ec97d,null_cut,0.10743530953160825
834ec97d,null_cut,0.02608290638099674
834ec97d,null_len,0.25
834ec97d,null_len,1.0
834ec97d,null_len,0.13160343223405355
834ec97d,null_len,0.19343860604410565
834ec97d,null_len,0.7624750499001997
834ec97d,null_len,0.2563519933897955
834ec97d,null_len,0.0
834ec97d,null_len,0.31227821149751595
834ec97d,null_len,0.5148247978436657
834ec97d,null_len,0.08634538152610442
834ec97d,null_len,-0.5
834ec97d,null_len,0.06294200848656294
834ec97d,null_len,0.4166666666666667
834ec97d,null_len,0.19441460794844254
834ec97d,null_len,0.18410041841004185
834ec97d,null_len,0.24503311258278146
834ec97d,null_len,0.38122605363984674
834ec97d,null_len,0.6153846153846154
834ec97d,null_len,0.3292517006802721
834ec97d,null_len,0.4144341170038272
834ec97d,null_len,0.1901639344262295
834ec97d,null_len,0.19174603174603175
834ec97d,null_len,0.22115384615384615
834ec97d,null_len,0.22574257425742575
834ec97d,null_len,0.0625
834ec97d,null_len,0.12663755458515283
834ec97d,null_len,0.6510036496350365
834ec97d,null_len,0.5555555555555556
834ec97d,null_len,0.20154075546719682
834ec97d,null_len,0.11618771966094686
834ec97d,null_len,0.10327395281656235
834ec97d,null_len,0.19916252289976447
834ec97d,null_len,0.3902439024390244
834ec97d,null_len,0.10185690879300928
834ec97d,null_len,0.2013219498760672
834ec97d,null_len,0.17153996101364521
834ec97d,null_len,0.23082319925163705
834ec97d,null_len,0.12199630314232902
834ec97d,null_len,0.0674955595026643
834ec97d,null_len,0.10281715413601292
834ec97d,null_len,0.0
834ec97d,null_len,0.2763411810111926
834ec97d,null_len,0.0
834ec97d,null_len,0.39198855507868385
834ec97d,null_len,0.22152641878669277
834ec97d,null_len,0.10791057609630267
834ec97d,null_len,0.15544270258335174
834ec97d,null_len,0.25882352941176473
834ec97d,null_len,0.13533834586466165
834ec97d,null_len,1.0
8cb8642d,real,0.22556669275602445
8cb8642d,real,0.34841190717097076
8cb8642d,real,0.23614696832811952
8cb8642d,real,0.4995487494378669
8cb8642d,real,0.6450836601355143
8cb8642d,real,0.0
8cb8642d,real,0.26088647684464766
8cb8642d,real,0.3082419482147748
8cb8642d,real,0.5764281042528314
8cb8642d,real,0.3531212288508395
8cb8642d,real,0.340706233388912
8cb8642d,real,0.48288378199359017
8cb8642d,real,0.12800489970907977
8cb8642d,real,0.3259217976022727
8cb8642d,real,0.38932863016755026
8cb8642d,real,0.10744398940014455
8cb8642d,real,0.13157276303025245
8cb8642d,real,0.20609824957651043
8cb8642d,real,0.4123924586227177
8cb8642d,real,0.5321658622816555
8cb8642d,real,0.3376872841592874
8cb8642d,real,0.0
8cb8642d,real,0.5994114768959702
8cb8642d,real,0.5738727144780428
8cb8642d,real,0.24302964007723937
8cb8642d,real,0.4402142819938701
8cb8642d,real,0.7149659799028543
8cb8642d,real,0.2115327158649537
8cb8642d,real,0.46377642840400535
8cb8642d,real,0.2702394526795895
8cb8642d,real,0.33371882004603176
8cb8642d,real,0.4141337421734387
8cb8642d,real,0.0
8cb8642d,real,-0.09393346379647749
8cb8642d,real,0.3425329795420795
8cb8642d,real,0.10779021546649903
8cb8642d,real,0.3263515867050434
8cb8642d,real,0.6596191718913674
8cb8642d,real,0.9104934041566706
8cb8642d,real,0.4525661562567765
8cb8642d,real,0.6362298330031135
8cb8642d,real,0.2783398087961203
8cb8642d,real,0.27586206896551724
8cb8642d,real,0.2575080415341323
8cb8642d,real,0.44366099569778455
8cb8642d,real,0.38385502471169686
8cb8642d,real,0.6780715109308112
8cb8642d,real,0.538891586975484
8cb8642d,real,0.2705881731282398
8cb8642d,real,0.15428936124162757
8cb8642d,null_cut,0.0
8cb8642d,null_cut,0.21388467621322438
8cb8642d,null_cut,0.3688512534685167
8cb8642d,null_cut,0.19658938493964362
8cb8642d,null_cut,0.31686590810888665
8cb8642d,null_cut,0.2524039890046263
8cb8642d,null_cut,0.3344049226614289
8cb8642d,null_cut,0.21198174151766053
8cb8642d,null_cut,0.28681444479134144
8cb8642d,null_cut,-0.21621621621621623
8cb8642d,null_cut,0.19623078194742932
8cb8642d,null_cut,0.2099205456709045
8cb8642d,null_cut,0.163569842525495
8cb8642d,null_cut,0.20526320514873234
8cb8642d,null_cut,0.21727268217669526
8cb8642d,null_cut,0.1981367597077651
8cb8642d,null_cut,0.1446977548993673
8cb8642d,null_cut,0.30979705892904835
8cb8642d,null_cut,0.29009171325088146
8cb8642d,null_cut,0.1739538477658933
8cb8642d,null_cut,0.32974396048082233
8cb8642d,null_cut,0.19783491204330175
8cb8642d,null_cut,-0.02058319039451115
8cb8642d,null_cut,0.19313271197119164
8cb8642d,null_cut,0.1986630967182148
8cb8642d,null_cut,0.26465798045602607
8cb8642d,null_cut,0.04833836858006042
8cb8642d,null_cut,0.2282115306592021
8cb8642d,null_cut,0.2966043477161425
8cb8642d,null_cut,0.31583717082731805
8cb8642d,null_cut,0.27644443572052485
8cb8642d,null_cut,0.18302134008985735
8cb8642d,null_cut,0.23544396404391968
8cb8642d,null_cut,0.14709474906058986
8cb8642d,null_cut,0.13365401133825802
8cb8642d,null_cut,0.28482128129236967
8cb8642d,null_cut,0.2273931651229639
8cb8642d,null_cut,0.22517124695405683
8cb8642d,null_cut,0.19171923955267037
8cb8642d,null_cut,0.29477585742731127
8cb8642d,null_cut,0.2652017787188423
8cb8642d,null_cut,0.41027467928736194
8cb8642d,null_cut,0.26545836645660326
8cb8642d,null_cut,0.2221555399197053
8cb8642d,null_cut,0.3149778058203933
8cb8642d,null_cut,-0.01762114537444934
8cb8642d,null_cut,0.2339178364729173
8cb8642d,null_cut,0.256777909836312
8cb8642d,null_cut,0.42977870709182786
8cb8642d,null_cut,0.3004934224142473
8cb8642d,null_len,0.19989114165192542
8cb8642d,null_len,0.23174012871716929
8cb8642d,null_len,0.10479128035594117
8cb8642d,null_len,0.12552409666933623
8cb8642d,null_len,0.16768435522650865
8cb8642d,null_len,0.0
8cb8642d,null_len,0.23747814687683783
8cb8642d,null_len,0.21848573211051533
8cb8642d,null_len,0.06624056947293015
8cb8642d,null_len,0.14031157183152698
8cb8642d,null_len,0.19347631191498008
8cb8642d,null_len,0.22819465347953846
8cb8642d,null_len,0.0
8cb8642d,null_len,0.115600465538328
8cb8642d,null_len,0.24536553038442344
8cb8642d,null_len,0.006309148264984227
8cb8642d,null_len,0.1891891891891892
8cb8642d,null_len,1.0
8cb8642d,null_len,0.06109290772645598
8cb8642d,null_len,0.1108857487526783
8cb8642d,null_len,0.1574542623588945
8cb8642d,null_len,0.11130810207441814
8cb8642d,null_len,0.17867148116016787
8cb8642d,null_len,0.09649725597399612
8cb8642d,null_len,0.23747814687683783
8cb8642d,null_len,0.5
8cb8642d,null_len,0.24980816866737734
8cb8642d,null_len,0.2889866749841602
8cb8642d,null_len,0.4114680392746218
8cb8642d,null_len,0.19230170129216792
8cb8642d,null_len,0.08472909019706755
8cb8642d,null_len,0.2383622399307684
8cb8642d,null_len,0.10953784585290569
8cb8642d,null_len,0.0875637330968743
8cb8642d,null_len,0.22551449486218328
8cb8642d,null_len,0.24883193165131492
8cb8642d,null_len,-0.19047619047619047
8cb8642d,null_len,0.2978293506761412
8cb8642d,null_len,0.08389324248434876
8cb8642d,null_len,0.0
8cb8642d,null_len,0.3672982487457326
8cb8642d,null_len,0.0813823916177721
8cb8642d,null_len,0.17740144001463537
8cb8642d,null_len,0.3468356634162177
8cb8642d,null_len,0.39866885610284525
8cb8642d,null_len,0.1630188734713076
8cb8642d,null_len,0.1512397790164205
8cb8642d,null_len,0.0
8cb8642d,null_len,0.2753270757307913
8cb8642d,null_len,0.06901005551928621
90f3ed37,real,1.0
90f3ed37,real,0.47619047619047616
90f3ed37,real,0.5836216839677048
90f3ed37,real,0.13793103448275862
90f3ed37,real,1.0
90f3ed37,real,0.0
90f3ed37,real,0.09810791871058164
90f3ed37,real,0.29411764705882354
90f3ed37,real,0.0
90f3ed37,real,0.0
90f3ed37,real,0.49469964664310956
90f3ed37,real,1.0
90f3ed37,real,1.0
90f3ed37,real,0.9646302250803859
90f3ed37,real,0.09569377990430622
90f3ed37,real,0.0
90f3ed37,real,0.8528428093645485
90f3ed37,real,1.0
90f3ed37,real,0.0
90f3ed37,real,0.9646302250803859
90f3ed37,real,0.0
90f3ed37,real,0.8163265306122449
90f3ed37,real,0.25627817128139085
90f3ed37,real,1.0
90f3ed37,real,0.0
90f3ed37,real,1.0
90f3ed37,real,0.2702702702702703
90f3ed37,real,0.0
90f3ed37,real,0.5011086474501109
90f3ed37,real,0.29411764705882354
90f3ed37,real,0.29411764705882354
90f3ed37,real,1.0
90f3ed37,real,0.0
90f3ed37,real,1.0
90f3ed37,real,0.0
90f3ed37,real,1.0
90f3ed37,real,0.0
90f3ed37,real,0.0
90f3ed37,real,0.0
90f3ed37,real,0.8163265306122449
90f3ed37,real,1.0
90f3ed37,real,0.0
90f3ed37,real,0.29411764705882354
90f3ed37,real,1.0
90f3ed37,real,1.0
90f3ed37,real,1.0
90f3ed37,real,0.8163265306122449
90f3ed37,real,0.5970149253731343
90f3ed37,real,0.0
90f3ed37,real,0.0
90f3ed37,null_cut,0.0
90f3ed37,null_cut,0.0
90f3ed37,null_cut,0.3181818181818182
90f3ed37,null_cut,0.002386634844868735
90f3ed37,null_cut,-0.1111111111111111
90f3ed37,null_cut,-0.07142857142857142
90f3ed37,null_cut,0.0
90f3ed37,null_cut,0.21267893660531698
90f3ed37,null_cut,-0.1111111111111111
90f3ed37,null_cut,0.5803108808290155
90f3ed37,null_cut,-0.13372093023255813
90f3ed37,null_cut,0.3023255813953488
90f3ed37,null_cut,-0.12716763005780346
90f3ed37,null_cut,0.0
90f3ed37,null_cut,0.34900542495479203
90f3ed37,null_cut,-0.06837606837606838
90f3ed37,null_cut,-0.046511627906976744
90f3ed37,null_cut,0.39893143365983974
90f3ed37,null_cut,0.0
90f3ed37,null_cut,0.5921450151057401
90f3ed37,null_cut,-0.05925925925925926
90f3ed37,null_cut,-0.07142857142857142
90f3ed37,null_cut,1.0
90f3ed37,null_cut,0.5921450151057401
90f3ed37,null_cut,0.12790697674418605
90f3ed37,null_cut,0.0
90f3ed37,null_cut,0.0
90f3ed37,null_cut,0.0
90f3ed37,null_cut,0.08839779005524862
90f3ed37,null_cut,0.229607250755287
90f3ed37,null_cut,0.25925925925925924
90f3ed37,null_cut,0.0
90f3ed37,null_cut,0.0
90f3ed37,null_cut,0.07476635514018691
90f3ed37,null_cut,0.38953488372093026
90f3ed37,null_cut,-0.12903225806451613
90f3ed37,null_cut,0.5921450151057401
90f3ed37,null_cut,0.0
90f3ed37,null_cut,0.5896656534954408
90f3ed37,null_cut,0.21315570358034971
90f3ed37,null_cut,-0.19234543670264967
90f3ed37,null_cut,0.0
90f3ed37,null_cut,0.3784860557768924
90f3ed37,null_cut,1.0
90f3ed37,null_cut,-0.13293051359516617
90f3ed37,null_cut,-0.1111111111111111
90f3ed37,null_cut,0.09278350515463918
90f3ed37,null_cut,-0.07142857142857142
90f3ed37,null_cut,0.21965317919075145
90f3ed37,null_cut,1.0
90f3ed37,null_len,1.0
90f3ed37,null_len,0.08163265306122448
90f3ed37,null_len,1.0
90f3ed37,null_len,0.8163265306122449
90f3ed37,null_len,0.09569377990430622
90f3ed37,null_len,1.0
90f3ed37,null_len,0.8163265306122449
90f3ed37,null_len,0.0
90f3ed37,null_len,0.29411764705882354
90f3ed37,null_len,1.0
90f3ed37,null_len,0.0
90f3ed37,null_len,0.0
90f3ed37,null_len,0.0625
90f3ed37,null_len,1.0
90f3ed37,null_len,0.04807692307692308
90f3ed37,null_len,1.0
90f3ed37,null_len,-0.038461538461538464
90f3ed37,null_len,0.0
90f3ed37,null_len,0.16666666666666666
90f3ed37,null_len,0.29411764705882354
90f3ed37,null_len,1.0
90f3ed37,null_len,0.5263157894736842
90f3ed37,null_len,0.0
90f3ed37,null_len,0.0
90f3ed37,null_len,0.4489795918367347
90f3ed37,null_len,0.7734138972809668
90f3ed37,null_len,0.625
90f3ed37,null_len,0.0
90f3ed37,null_len,1.0
90f3ed37,null_len,0.09569377990430622
90f3ed37,null_len,1.0
90f3ed37,null_len,1.0
90f3ed37,null_len,0.5263157894736842
90f3ed37,null_len,0.5970149253731343
90f3ed37,null_len,0.09569377990430622
90f3ed37,null_len,0.29411764705882354
90f3ed37,null_len,0.09569377990430622
90f3ed37,null_len,0.0
90f3ed37,null_len,0.03662420382165605
90f3ed37,null_len,1.0
90f3ed37,null_len,0.29411764705882354
90f3ed37,null_len,0.0
90f3ed37,null_len,1.0
90f3ed37,null_len,0.5263157894736842
90f3ed37,null_len,1.0
90f3ed37,null_len,-0.046511627906976744
90f3ed37,null_len,0.0
90f3ed37,null_len,0.09569377990430622
90f3ed37,null_len,0.0
90f3ed37,null_len,0.0
93b581b8,real,1.0
93b581b8,real,1.0
93b581b8,real,1.0
93b581b8,real,0.8524590163934426
93b581b8,real,1.0
93b581b8,real,1.0
93b581b8,real,1.0
93b581b8,real,0.2294863242161441
93b581b8,real,1.0
93b581b8,real,0.7376788553259142
93b581b8,real,1.0
93b581b8,real,0.7376788553259142
93b581b8,real,1.0
93b581b8,real,0.9482596425211665
93b581b8,real,1.0
93b581b8,real,1.0
93b581b8,real,0.3684210526315789
93b581b8,real,0.7393364928909952
93b581b8,real,0.9506726457399103
93b581b8,real,0.27164685908319186
93b581b8,real,1.0
93b581b8,real,0.8603667136812412
93b581b8,real,0.5294117647058824
93b581b8,real,0.46030330062444247
93b581b8,real,0.34594594594594597
93b581b8,real,0.5272206303724928
93b581b8,real,0.9482596425211665
93b581b8,real,0.741514360313316
93b581b8,real,1.0
93b581b8,real,1.0
93b581b8,real,1.0
93b581b8,real,0.9534555712270804
93b581b8,real,0.7797062750333779
93b581b8,real,1.0
93b581b8,real,0.9534555712270804
93b581b8,real,0.9534555712270804
93b581b8,real,1.0
93b581b8,real,0.7966101694915254
93b581b8,real,1.0
93b581b8,real,1.0
93b581b8,real,0.4883720930232558
93b581b8,real,1.0
93b581b8,real,0.7966101694915254
93b581b8,real,1.0
93b581b8,real,0.0
93b581b8,real,1.0
93b581b8,real,1.0
93b581b8,real,0.741514360313316
93b581b8,real,0.9043478260869565
93b581b8,real,0.9534555712270804
93b581b8,null_cut,0.026041666666666668
93b581b8,null_cut,0.36942675159235666
93b581b8,null_cut,0.06840390879478828
93b581b8,null_cut,1.0
93b581b8,null_cut,0.20532319391634982
93b581b8,null_cut,0.34328358208955223
93b581b8,null_cut,-0.15954415954415954
93b581b8,null_cut,0.49653259361997226
93b581b8,null_cut,0.005382131324004306
93b581b8,null_cut,0.11738484398216939
93b581b8,null_cut,0.022566995768688293
93b581b8,null_cut,-0.12408759124087591
93b581b8,null_cut,0.4084507042253521
93b581b8,null_cut,0.047058823529411764
93b581b8,null_cut,0.29411764705882354
93b581b8,null_cut,0.18068965517241378
93b581b8,null_cut,0.0
93b581b8,null_cut,0.06878306878306878
93b581b8,null_cut,0.0
93b581b8,null_cut,0.3813732154996601
93b581b8,null_cut,-0.26506024096385544
93b581b8,null_cut,-0.032450896669513236
93b581b8,null_cut,-0.10852713178294573
93b581b8,null_cut,-0.12648221343873517
93b581b8,null_cut,0.28535031847133757
93b581b8,null_cut,-0.026078234704112337
93b581b8,null_cut,0.0
93b581b8,null_cut,0.11814345991561181
93b581b8,null_cut,0.26321974148061106
93b581b8,null_cut,0.23330106485963215
93b581b8,null_cut,0.31070496083550914
93b581b8,null_cut,-0.08135593220338982
93b581b8,null_cut,-0.1325071496663489
93b581b8,null_cut,0.07042253521126761
93b581b8,null_cut,0.26321974148061106
93b581b8,null_cut,0.16511318242343542
93b581b8,null_cut,0.29213483146067415
93b581b8,null_cut,0.033121019108280254
93b581b8,null_cut,0.0030211480362537764
93b581b8,null_cut,0.25842696629213485
93b581b8,null_cut,0.06143344709897611
93b581b8,null_cut,0.053763440860215055
93b581b8,null_cut,-0.08135593220338982
93b581b8,null_cut,0.2226148409893993
93b581b8,null_cut,-0.009791921664626682
93b581b8,null_cut,0.22191400832177532
93b581b8,null_cut,0.175
93b581b8,null_cut,0.1891891891891892
93b581b8,null_cut,-0.02666666666666667
93b581b8,null_cut,0.054441260744985676
93b581b8,null_len,0.6557377049180327
93b581b8,null_len,0.717948717948718
93b581b8,null_len,0.27472527472527475
93b581b8,null_len,0.003179650238473768
93b581b8,null_len,0.1901840490797546
93b581b8,null_len,0.5285714285714286
93b581b8,null_len,0.10810810810810811
93b581b8,null_len,-0.07052186177715092
93b581b8,null_len,0.2268041237113402
93b581b8,null_len,0.0420899854862119
93b581b8,null_len,0.20874471086036672
93b581b8,null_len,0.29141104294478526
93b581b8,null_len,0.1791044776119403
93b581b8,null_len,0.39263803680981596
93b581b8,null_len,0.16393442622950818
93b581b8,null_len,0.36065573770491804
93b581b8,null_len,0.23367198838896952
93b581b8,null_len,0.23367198838896952
93b581b8,null_len,0.35294117647058826
93b581b8,null_len,0.08895705521472393
93b581b8,null_len,0.20874471086036672
93b581b8,null_len,0.3018335684062059
93b581b8,null_len,0.28703703703703703
93b581b8,null_len,0.06382978723404255
93b581b8,null_len,0.3018335684062059
93b581b8,null_len,0.043478260869565216
93b581b8,null_len,0.6327503974562798
93b581b8,null_len,0.1901840490797546
93b581b8,null_len,0.6373626373626373
93b581b8,null_len,0.4509151414309484
93b581b8,null_len,0.1330049261083744
93b581b8,null_len,-0.009871668311944718
93b581b8,null_len,0.05221932114882506
93b581b8,null_len,0.27472527472527475
93b581b8,null_len,0.6666666666666666
93b581b8,null_len,0.1391304347826087
93b581b8,null_len,-0.06451612903225806
93b581b8,null_len,0.1497152156224573
93b581b8,null_len,0.3179650238473768
93b581b8,null_len,0.0632688927943761
93b581b8,null_len,0.21303656597774245
93b581b8,null_len,0.1864406779661017
93b581b8,null_len,0.247557003257329
93b581b8,null_len,-0.0947867298578199
93b581b8,null_len,0.6373626373626373
93b581b8,null_len,0.04753820033955857
93b581b8,null_len,0.06278026905829596
93b581b8,null_len,0.06557377049180328
93b581b8,null_len,0.07476635514018691
93b581b8,null_len,0.521044992743106
96a8c0cd,real,0.5005497940967206
96a8c0cd,real,0.7212879873312722
96a8c0cd,real,0.2559466946885747
96a8c0cd,real,0.33175534006028046
96a8c0cd,real,0.29184378848675063
96a8c0cd,real,-0.002592352559948153
96a8c0cd,real,0.23269809428284854
96a8c0cd,real,1.0
96a8c0cd,real,0.3011647254575707
96a8c0cd,real,0.19924445918902434
96a8c0cd,real,0.39121504650685135
96a8c0cd,real,0.3113021256824254
96a8c0cd,real,0.179524004924087
96a8c0cd,real,0.3348475016223232
96a8c0cd,real,0.4225980908134006
96a8c0cd,real,0.14388489208633093
96a8c0cd,real,0.8648648648648649
96a8c0cd,real,0.37777777777777777
96a8c0cd,real,0.43121370357718025
96a8c0cd,real,0.3019870381945587
96a8c0cd,real,1.0
96a8c0cd,real,0.24110644739558246
96a8c0cd,real,0.24398625429553264
96a8c0cd,real,0.17871035675510527
96a8c0cd,real,0.17747440273037543
96a8c0cd,real,-0.21621621621621623
96a8c0cd,real,0.0
96a8c0cd,real,0.403107889989556
96a8c0cd,real,0.2570800926200796
96a8c0cd,real,0.42857142857142855
96a8c0cd,real,0.35642368103101085
96a8c0cd,real,0.3542559351476549
96a8c0cd,real,0.17893100583363855
96a8c0cd,real,0.4466371781785188
96a8c0cd,real,0.45216121313818713
96a8c0cd,real,0.5626229289595627
96a8c0cd,real,0.5380710659898477
96a8c0cd,real,0.5136874841789317
96a8c0cd,real,0.014988029807465353
96a8c0cd,real,0.0
96a8c0cd,real,0.5642707257549944
96a8c0cd,real,0.2621263455847665
96a8c0cd,real,0.15793138665800102
96a8c0cd,real,0.1944990176817289
96a8c0cd,real,0.08064066852367688
96a8c0cd,real,0.20025220680958386
96a8c0cd,real,0.20425531914893616
96a8c0cd,real,0.5
96a8c0cd,real,0.3457988572738912
96a8c0cd,real,0.1085351975288571
96a8c0cd,null_cut,0.4547311095983662
96a8c0cd,null_cut,0.6824350275252848
96a8c0cd,null_cut,0.4411517755716896
96a8c0cd,null_cut,0.19443218116186667
96a8c0cd,null_cut,0.30327170156378347
96a8c0cd,null_cut,0.18407960199004975
96a8c0cd,null_cut,0.337696335078534
96a8c0cd,null_cut,0.6938569989929506
96a8c0cd,null_cut,0.4739736070381232
96a8c0cd,null_cut,0.17729393468118196
96a8c0cd,null_cut,0.33510492241416134
96a8c0cd,null_cut,0.13850746268656716
96a8c0cd,null_cut,0.38522665364167497
96a8c0cd,null_cut,0.24783739068778066
96a8c0cd,null_cut,0.10810810810810811
96a8c0cd,null_cut,0.4317132772196579
96a8c0cd,null_cut,0.43065894678797906
96a8c0cd,null_cut,0.0
96a8c0cd,null_cut,0.2307477522756464
96a8c0cd,null_cut,0.15576070090748084
96a8c0cd,null_cut,0.2631348511383538
96a8c0cd,null_cut,0.08275862068965517
96a8c0cd,null_cut,0.37595907928388744
96a8c0cd,null_cut,0.48032424465733237
96a8c0cd,null_cut,0.2608695652173913
96a8c0cd,null_cut,0.14508236747954517
96a8c0cd,null_cut,0.37676511416399405
96a8c0cd,null_cut,0.4643817588831035
96a8c0cd,null_cut,0.5157629840054344
96a8c0cd,null_cut,0.3639607493309545
96a8c0cd,null_cut,0.0
96a8c0cd,null_cut,0.009440034327397553
96a8c0cd,null_cut,0.3094900849858357
96a8c0cd,null_cut,0.47875126175812277
96a8c0cd,null_cut,0.11481261154074955
96a8c0cd,null_cut,0.4870006869132616
96a8c0cd,null_cut,0.24962641428876398
96a8c0cd,null_cut,0.4014130406444717
96a8c0cd,null_cut,0.12674577339073823
96a8c0cd,null_cut,0.19945929708621207
96a8c0cd,null_cut,0.6069014585556741
96a8c0cd,null_cut,0.1988208451955499
96a8c0cd,null_cut,0.27934451219512196
96a8c0cd,null_cut,0.02056250510996648
96a8c0cd,null_cut,1.0
96a8c0cd,null_cut,0.1506159014557671
96a8c0cd,null_cut,0.356858407079646
96a8c0cd,null_cut,0.430931420497772
96a8c0cd,null_cut,0.3
96a8c0cd,null_cut,0.3125
96a8c0cd,null_len,0.3418548550878983
96a8c0cd,null_len,0.41909671942877114
96a8c0cd,null_len,0.33911368015414256
96a8c0cd,null_len,1.0
96a8c0cd,null_len,0.3722943722943723
96a8c0cd,null_len,0.14814814814814814
96a8c0cd,null_len,0.5912930653710248
96a8c0cd,null_len,0.344972644935865
96a8c0cd,null_len,0.02022802500919456
96a8c0cd,null_len,0.5270589401020593
96a8c0cd,null_len,0.45828205759291163
96a8c0cd,null_len,0.4444444444444444
96a8c0cd,null_len,0.1904127829560586
96a8c0cd,null_len,0.0
96a8c0cd,null_len,0.07476635514018691
96a8c0cd,null_len,0.0
96a8c0cd,null_len,0.3429686836968514
96a8c0cd,null_len,0.34378431803206677
96a8c0cd,null_len,0.0
96a8c0cd,null_len,0.43333333333333335
96a8c0cd,null_len,0.09720382457069916
96a8c0cd,null_len,0.3449347420758235
96a8c0cd,null_len,-0.06325739214735822
96a8c0cd,null_len,0.4421994597028366
96a8c0cd,null_len,0.551357316265725
96a8c0cd,null_len,0.7369942196531792
96a8c0cd,null_len,0.0
96a8c0cd,null_len,0.6194627290517701
96a8c0cd,null_len,0.0
96a8c0cd,null_len,0.05080385852090032
96a8c0cd,null_len,0.5182441192813484
96a8c0cd,null_len,0.29323870003735525
96a8c0cd,null_len,0.31067459491142424
96a8c0cd,null_len,1.0
96a8c0cd,null_len,0.24470454437757666
96a8c0cd,null_len,0.5365651644336176
96a8c0cd,null_len,0.07449856733524356
96a8c0cd,null_len,-0.0012250807439581244
96a8c0cd,null_len,0.29785801593578626
96a8c0cd,null_len,0.39461883408071746
96a8c0cd,null_len,0.08535317359458398
96a8c0cd,null_len,-0.02277036061386178
96a8c0cd,null_len,1.0
96a8c0cd,null_len,0.4574468085106383
96a8c0cd,null_len,0.45828205759291163
96a8c0cd,null_len,0.22087504763224444
96a8c0cd,null_len,0.09659470287113288
96a8c0cd,null_len,0.37209302325581395
96a8c0cd,null_len,0.24843648910933794
96a8c0cd,null_len,0.2968036529680365
9ddd00f0,real,0.4861010633779918
9ddd00f0,real,0.3223369428355578
9ddd00f0,real,0.5424130368489443
9ddd00f0,real,0.6343809707800941
9ddd00f0,real,0.724026066418144
9ddd00f0,real,0.7093920073275045
9ddd00f0,real,0.6855901658729708
9ddd00f0,real,0.007291082445316881
9ddd00f0,real,0.4855977020751121
9ddd00f0,real,0.6466402041652547
9ddd00f0,real,0.30089180047630876
9ddd00f0,real,0.4106335891013663
9ddd00f0,real,0.59410643509214
9ddd00f0,real,1.0
9ddd00f0,real,0.4387283147645947
9ddd00f0,real,0.8674876446949176
9ddd00f0,real,0.0
9ddd00f0,real,0.7392354843188986
9ddd00f0,real,0.6365571676546687
9ddd00f0,real,0.8303163570720704
9ddd00f0,real,0.5383532083846547
9ddd00f0,real,0.44680851063829785
9ddd00f0,real,0.421292389783053
9ddd00f0,real,0.626653771454838
9ddd00f0,real,0.45225732147811054
9ddd00f0,real,0.490676099165348
9ddd00f0,real,0.7185022363565245
9ddd00f0,real,0.5980988499519787
9ddd00f0,real,0.4578063012635707
9ddd00f0,real,0.7796209299058423
9ddd00f0,real,0.6180490834869162
9ddd00f0,real,0.7661896868621946
9ddd00f0,real,-0.3157894736842105
9ddd00f0,real,0.6058705454514616
9ddd00f0,real,0.4015904108455239
9ddd00f0,real,0.6282948551107921
9ddd00f0,real,0.6351109842115839
9ddd00f0,real,0.81606498335659
9ddd00f0,real,0.7684499860784699
9ddd00f0,real,0.42633112889834657
9ddd00f0,real,0.4180347752737012
9ddd00f0,real,0.6778317234783187
9ddd00f0,real,0.6424035862951831
9ddd00f0,real,1.0
9ddd00f0,real,0.5571185264618684
9ddd00f0,real,0.5967032023002794
9ddd00f0,real,0.532258064516129
9ddd00f0,real,0.6361099348852463
9ddd00f0,real,1.0
9ddd00f0,real,0.632768361581921
9ddd00f0,null_cut,0.327100018378731
9ddd00f0,null_cut,0.27601848759944747
9ddd00f0,null_cut,0.27947242572660164
9ddd00f0,null_cut,0.2494529980757634
9ddd00f0,null_cut,0.05263157894736842
9ddd00f0,null_cut,0.2901354521203201
9ddd00f0,null_cut,0.3449769599507458
9ddd00f0,null_cut,0.24674392166921835
9ddd00f0,null_cut,0.3847188843296953
9ddd00f0,null_cut,0.3385528080770322
9ddd00f0,null_cut,0.23787356622635206
9ddd00f0,null_cut,0.2745332042621904
9ddd00f0,null_cut,0.28496757222549773
9ddd00f0,null_cut,0.20015268379103895
9ddd00f0,null_cut,0.23238567055126588
9ddd00f0,null_cut,0.19035134728143366
9ddd00f0,null_cut,0.3106044697765112
9ddd00f0,null_cut,0.2825812914097019
9ddd00f0,null_cut,0.30478342978058565
9ddd00f0,null_cut,0.2649113150963887
9ddd00f0,null_cut,0.2740863919325676
9ddd00f0,null_cut,0.15165036255291378
9ddd00f0,null_cut,0.13840155945419103
9ddd00f0,null_cut,0.35040970690198553
9ddd00f0,null_cut,0.3263508309879624
9ddd00f0,null_cut,0.211551185892739
9ddd00f0,null_cut,0.10843363331955702
9ddd00f0,null_cut,0.2620662518877088
9ddd00f0,null_cut,0.28474200893357055
9ddd00f0,null_cut,0.27298664991483584
9ddd00f0,null_cut,0.29114957608292497
9ddd00f0,null_cut,0.22351882487261582
9ddd00f0,null_cut,0.2494662554857075
9ddd00f0,null_cut,0.26507479312788756
9ddd00f0,null_cut,0.2740423162583519
9ddd00f0,null_cut,0.24696083692180285
9ddd00f0,null_cut,0.22069330510717122
9ddd00f0,null_cut,0.3064768317023913
9ddd00f0,null_cut,0.11411411411411411
9ddd00f0,null_cut,0.24811382638195192
9ddd00f0,null_cut,0.273640973598934
9ddd00f0,null_cut,0.31589882813742987
9ddd00f0,null_cut,0.27640681028884434
9ddd00f0,null_cut,0.1446965497709826
9ddd00f0,null_cut,0.30061093311575887
9ddd00f0,null_cut,0.26389835882960844
9ddd00f0,null_cut,0.3369434551878493
9ddd00f0,null_cut,0.296612040165753
9ddd00f0,null_cut,0.4265220686869493
9ddd00f0,null_cut,0.4485204641110842
9ddd00f0,null_len,0.26475761602649495
9ddd00f0,null_len,0.3054886603982996
9ddd00f0,null_len,0.34069016441390687
9ddd00f0,null_len,0.258223571575319
9ddd00f0,null_len,0.41178639432149333
9ddd00f0,null_len,0.357860763203602
9ddd00f0,null_len,0.2794205360276949
9ddd00f0,null_len,0.3204512040827278
9ddd00f0,null_len,0.2719302750307179
9ddd00f0,null_len,0.37708274334527675
9ddd00f0,null_len,0.33181319393728254
9ddd00f0,null_len,0.3350551270861906
9ddd00f0,null_len,0.40680048929672785
9ddd00f0,null_len,0.28531562330788635
9ddd00f0,null_len,0.303929811185331
9ddd00f0,null_len,0.3104143034498501
9ddd00f0,null_len,0.34504275717320815
9ddd00f0,null_len,0.3785617635973828
9ddd00f0,null_len,0.35555168912579055
9ddd00f0,null_len,0.345688518072061
9ddd00f0,null_len,0.0
9ddd00f0,null_len,0.32865207046588535
9ddd00f0,null_len,0.24750612633535818
9ddd00f0,null_len,0.28411822495349176
9ddd00f0,null_len,0.20865972952959974
9ddd00f0,null_len,0.23747195885366046
9ddd00f0,null_len,0.2191420512910155
9ddd00f0,null_len,-0.0740072202166065
9ddd00f0,null_len,0.3129359812306252
9ddd00f0,null_len,0.24017524801060727
9ddd00f0,null_len,0.0
9ddd00f0,null_len,0.22600830027297897
9ddd00f0,null_len,0.3970882629971449
9ddd00f0,null_len,0.2967167839248554
9ddd00f0,null_len,0.2460705009276438
9ddd00f0,null_len,0.2749387012920836
9ddd00f0,null_len,0.3394680298870657
9ddd00f0,null_len,0.3587965375030601
9ddd00f0,null_len,0.29783183348501197
9ddd00f0,null_len,0.29854425576250454
9ddd00f0,null_len,0.33363347060881277
9ddd00f0,null_len,0.22376382858359214
9ddd00f0,null_len,0.2888361195876943
9ddd00f0,null_len,0.30600301343736747
9ddd00f0,null_len,0.35734580039578173
9ddd00f0,null_len,0.21428678053338826
9ddd00f0,null_len,0.3790866366979975
9ddd00f0,null_len,0.26625361959241156
9ddd00f0,null_len,0.37933846787137016
9ddd00f0,null_len,0.25500287009362443
9dfd6313,real,0.375
9dfd6313,real,0.8299845440494591
9dfd6313,real,0.3137254901960784
9dfd6313,real,0.8836317135549873
9dfd6313,real,0.0
9dfd6313,real,-0.058823529411764705
9dfd6313,real,0.0
9dfd6313,real,-0.07863544376987569
9dfd6313,real,0.8206896551724138
9dfd6313,real,0.4473684210526316
9dfd6313,real,0.233983286908078
9dfd6313,real,0.3716012084592145
9dfd6313,real,0.0
9dfd6313,real,0.11244979919678715
9dfd6313,real,1.0
9dfd6313,real,0.3258426966292135
9dfd6313,real,-0.2
9dfd6313,real,0.05405405405405406
9dfd6313,real,0.4878048780487805
9dfd6313,real,1.0
9dfd6313,real,0.14285714285714285
9dfd6313,real,0.9103448275862069
9dfd6313,real,0.06532663316582915
9dfd6313,real,0.8
9dfd6313,real,-0.11594202898550725
9dfd6313,real,-0.1111111111111111
9dfd6313,real,0.17467248908296942
9dfd6313,real,0.3714746172441579
9dfd6313,real,0.015209125475285171
9dfd6313,real,1.0
9dfd6313,real,0.6186485070717653
9dfd6313,real,0.4008714596949891
9dfd6313,real,0.01729106628242075
9dfd6313,real,0.05263157894736842
9dfd6313,real,-0.10785463071512309
9dfd6313,real,0.711340206185567
9dfd6313,real,0.5454545454545454
9dfd6313,real,-0.125
9dfd6313,real,0.0
9dfd6313,real,-0.1609907120743034
9dfd6313,real,-0.07606263982102908
9dfd6313,real,0.5317324185248714
9dfd6313,real,0.46153846153846156
9dfd6313,real,-0.12903225806451613
9dfd6313,real,0.7272727272727273
9dfd6313,real,0.12359550561797752
9dfd6313,real,1.0
9dfd6313,real,0.37337413925019125
9dfd6313,real,1.0
9dfd6313,real,0.0
9dfd6313,null_cut,0.0625
9dfd6313,null_cut,0.2
9dfd6313,null_cut,0.3000669792364367
9dfd6313,null_cut,0.12935323383084577
9dfd6313,null_cut,0.3146002317497103
9dfd6313,null_cut,0.08665105386416862
9dfd6313,null_cut,0.13568521031207598
9dfd6313,null_cut,0.4233289646133683
9dfd6313,null_cut,0.20233747260774287
9dfd6313,null_cut,0.2222222222222222
9dfd6313,null_cut,0.13612565445026178
9dfd6313,null_cut,-0.07216494845360824
9dfd6313,null_cut,-0.12413377523350407
9dfd6313,null_cut,0.16942384483742157
9dfd6313,null_cut,1.0
9dfd6313,null_cut,0.0
9dfd6313,null_cut,0.23636363636363636
9dfd6313,null_cut,-0.007655502392344498
9dfd6313,null_cut,-0.07142857142857142
9dfd6313,null_cut,0.0
9dfd6313,null_cut,0.05405405405405406
9dfd6313,null_cut,-0.05925925925925926
9dfd6313,null_cut,0.44103194103194104
9dfd6313,null_cut,0.10533707865168539
9dfd6313,null_cut,0.1891891891891892
9dfd6313,null_cut,-0.045627376425855515
9dfd6313,null_cut,-0.023255813953488372
9dfd6313,null_cut,-0.16666666666666666
9dfd6313,null_cut,-0.5
9dfd6313,null_cut,0.4444444444444444
9dfd6313,null_cut,0.0034071550255536627
9dfd6313,null_cut,0.1291234684260132
9dfd6313,null_cut,0.042988741044012284
9dfd6313,null_cut,0.25
9dfd6313,null_cut,0.1891891891891892
9dfd6313,null_cut,0.0
9dfd6313,null_cut,-0.05
9dfd6313,null_cut,0.10256410256410256
9dfd6313,null_cut,0.0
9dfd6313,null_cut,-0.019417475728155338
9dfd6313,null_cut,0.27419354838709675
9dfd6313,null_cut,1.0
9dfd6313,null_cut,0.11761025961839225
9dfd6313,null_cut,0.0
9dfd6313,null_cut,0.2857142857142857
9dfd6313,null_cut,0.24615384615384617
9dfd6313,null_cut,0.06077981651376147
9dfd6313,null_cut,0.34051724137931033
9dfd6313,null_cut,-0.06060606060606061
9dfd6313,null_cut,0.0
9dfd6313,null_len,0.0
9dfd6313,null_len,1.0
9dfd6313,null_len,0.29680998613037446
9dfd6313,null_len,-0.018518518518518517
9dfd6313,null_len,0.13937282229965156
9dfd6313,null_len,0.3076923076923077
9dfd6313,null_len,0.542713567839196
9dfd6313,null_len,0.05258386219401632
9dfd6313,null_len,0.02722177742193755
9dfd6313,null_len,-0.1951219512195122
9dfd6313,null_len,0.25
9dfd6313,null_len,-0.2
9dfd6313,null_len,-0.04336043360433604
9dfd6313,null_len,0.0
9dfd6313,null_len,0.3076923076923077
9dfd6313,null_len,0.26547085201793724
9dfd6313,null_len,0.30996309963099633
9dfd6313,null_len,0.34146341463414637
9dfd6313,null_len,0.14075887392900857
9dfd6313,null_len,0.30434782608695654
9dfd6313,null_len,-0.011914217633042097
9dfd6313,null_len,0.2222222222222222
9dfd6313,null_len,-0.03636363636363636
9dfd6313,null_len,1.0
9dfd6313,null_len,0.0
9dfd6313,null_len,0.5945945945945946
9dfd6313,null_len,0.0
9dfd6313,null_len,-0.06779661016949153
9dfd6313,null_len,-0.17647058823529413
9dfd6313,null_len,0.3976411120471778
9dfd6313,null_len,0.3286384976525822
9dfd6313,null_len,0.27586206896551724
9dfd6313,null_len,0.2063157894736842
9dfd6313,null_len,0.38430311231393777
9dfd6313,null_len,0.1148936170212766
9dfd6313,null_len,-0.0783101494075219
9dfd6313,null_len,0.1539838854073411
9dfd6313,null_len,0.11219512195121951
9dfd6313,null_len,-0.06451612903225806
9dfd6313,null_len,0.46153846153846156
9dfd6313,null_len,1.0
9dfd6313,null_len,0.0
9dfd6313,null_len,0.054187192118226604
9dfd6313,null_len,0.10846745976207138
9dfd6313,null_len,0.35714285714285715
9dfd6313,null_len,0.1915303176130895
9dfd6313,null_len,0.07368421052631578
9dfd6313,null_len,0.43407960199004975
9dfd6313,null_len,-0.018656716417910446
9dfd6313,null_len,0.041025641025641026
a1570a43,real,0.5056179775280899
a1570a43,real,0.7837455830388692
a1570a43,real,0.3953488372093023
a1570a43,real,0.2708333333333333
a1570a43,real,0.40308988764044945
a1570a43,real,0.5263157894736842
a1570a43,real,0.6035242290748899
a1570a43,real,0.8347613219094248
a1570a43,real,-0.11764705882352941
a1570a43,real,0.6409504253446758
a1570a43,real,0.8347613219094248
a1570a43,real,0.5288828673481956
a1570a43,real,0.18181818181818182
a1570a43,real,0.9049773755656109
a1570a43,real,0.5454545454545454
a1570a43,real,0.0
a1570a43,real,0.0
a1570a43,real,0.7293147568950811
a1570a43,real,-0.2857142857142857
a1570a43,real,0.5759162303664922
a1570a43,real,0.39655172413793105
a1570a43,real,0.7732997481108312
a1570a43,real,0.7356051703877791
a1570a43,real,0.7732997481108312
a1570a43,real,0.3253410500206697
a1570a43,real,0.9239130434782609
a1570a43,real,0.9361702127659575
a1570a43,real,0.3029259896729776
a1570a43,real,0.0
a1570a43,real,0.20774647887323944
a1570a43,real,0.9021230658510255
a1570a43,real,0.9416342412451362
a1570a43,real,0.8920863309352518
a1570a43,real,1.0
a1570a43,real,0.37223870755028027
a1570a43,real,-0.2857142857142857
a1570a43,real,0.0
a1570a43,real,0.5508982035928144
a1570a43,real,-0.19047619047619047
a1570a43,real,0.0
a1570a43,real,0.78125
a1570a43,real,0.6652746965940233
a1570a43,real,0.5339805825242718
a1570a43,real,0.0
a1570a43,real,0.0
a1570a43,real,0.0625
a1570a43,real,-0.20689655172413793
a1570a43,real,0.0
a1570a43,real,0.5054945054945055
a1570a43,real,1.0
a1570a43,null_cut,0.041932237504193226
a1570a43,null_cut,0.2608695652173913
a1570a43,null_cut,0.4886052871467639
a1570a43,null_cut,0.027210884353741496
a1570a43,null_cut,0.48824082784571965
a1570a43,null_cut,0.05782652043868395
a1570a43,null_cut,0.6003552397868561
a1570a43,null_cut,0.2354368932038835
a1570a43,null_cut,0.11497730711043873
a1570a43,null_cut,0.3723076923076923
a1570a43,null_cut,0.3064113238967527
a1570a43,null_cut,0.19322709163346613
a1570a43,null_cut,-0.06060606060606061
a1570a43,null_cut,0.22727272727272727
a1570a43,null_cut,0.3093767546322291
a1570a43,null_cut,0.46107784431137727
a1570a43,null_cut,-0.14285714285714285
a1570a43,null_cut,0.33114754098360655
a1570a43,null_cut,0.3409558067831449
a1570a43,null_cut,0.7762408462164361
a1570a43,null_cut,0.31115276476101217
a1570a43,null_cut,0.05209222886421862
a1570a43,null_cut,0.13399778516057587
a1570a43,null_cut,0.15254237288135594
a1570a43,null_cut,0.5588822355289421
a1570a43,null_cut,0.012903225806451613
a1570a43,null_cut,0.2863233847163004
a1570a43,null_cut,0.1693099014144878
a1570a43,null_cut,0.5494933749025721
a1570a43,null_cut,0.41791501070009174
a1570a43,null_cut,0.14299706170421156
a1570a43,null_cut,0.0
a1570a43,null_cut,0.1407035175879397
a1570a43,null_cut,0.24345549738219896
a1570a43,null_cut,0.0
a1570a43,null_cut,0.02493765586034913
a1570a43,null_cut,0.6570605187319885
a1570a43,null_cut,0.0226628895184136
a1570a43,null_cut,0.2918454935622318
a1570a43,null_cut,0.38679549114331724
a1570a43,null_cut,0.30059721300597214
a1570a43,null_cut,0.34467120181405897
a1570a43,null_cut,-0.0273972602739726
a1570a43,null_cut,-0.12903225806451613
a1570a43,null_cut,0.1366906474820144
a1570a43,null_cut,0.3159383841559258
a1570a43,null_cut,0.1509433962264151
a1570a43,null_cut,0.2554153772911212
a1570a43,null_cut,0.34828711256117456
a1570a43,null_cut,0.37553296162676286
a1570a43,null_len,-0.2962962962962963
a1570a43,null_len,0.0
a1570a43,null_len,0.00881057268722467
a1570a43,null_len,0.02877697841726619
a1570a43,null_len,0.0
a1570a43,null_len,0.34146341463414637
a1570a43,null_len,0.09879839786381843
a1570a43,null_len,0.08312958435207823
a1570a43,null_len,-0.038461538461538464
a1570a43,null_len,0.3385665529010239
a1570a43,null_len,0.0
a1570a43,null_len,0.0
a1570a43,null_len,-0.026845637583892617
a1570a43,null_len,0.32112068965517243
a1570a43,null_len,-0.004700352526439483
a1570a43,null_len,0.055944055944055944
a1570a43,null_len,0.625
a1570a43,null_len,0.1444805194805195
a1570a43,null_len,0.0
a1570a43,null_len,0.7671232876712328
a1570a43,null_len,0.5921450151057401
a1570a43,null_len,0.18221574344023322
a1570a43,null_len,0.5655172413793104
a1570a43,null_len,-0.09406322282189669
a1570a43,null_len,0.04807692307692308
a1570a43,null_len,0.18181818181818182
a1570a43,null_len,0.09879839786381843
a1570a43,null_len,-0.29850746268656714
a1570a43,null_len,0.1630901287553648
a1570a43,null_len,0.024390243902439025
a1570a43,null_len,0.5792349726775956
a1570a43,null_len,-0.08288770053475936
a1570a43,null_len,0.0
a1570a43,null_len,0.27884615384615385
a1570a43,null_len,0.0
a1570a43,null_len,0.17380660954712362
a1570a43,null_len,0.18181818181818182
a1570a43,null_len,0.0
a1570a43,null_len,0.5333333333333333
a1570a43,null_len,0.10011551790527531
a1570a43,null_len,0.08529501681442984
a1570a43,null_len,0.08578745198463508
a1570a43,null_len,0.1630901287553648
a1570a43,null_len,0.0
a1570a43,null_len,0.751931330472103
a1570a43,null_len,0.25
a1570a43,null_len,0.318118948824343
a1570a43,null_len,0.0
a1570a43,null_len,-0.1847649918962723
a1570a43,null_len,0.08571428571428572
a3df8b1e,real,0.0
a3df8b1e,real,1.0
a3df8b1e,real,0.0
a3df8b1e,real,0.0
a3df8b1e,real,0.37209302325581395
a3df8b1e,real,0.0
a3df8b1e,real,-0.1511627906976744
a3df8b1e,real,0.0
a3df8b1e,real,0.0
a3df8b1e,real,0.0
a3df8b1e,real,0.0
a3df8b1e,real,0.0
a3df8b1e,real,0.0
a3df8b1e,real,0.0
a3df8b1e,real,0.0
a3df8b1e,real,1.0
a3df8b1e,real,0.0
a3df8b1e,real,0.0
a3df8b1e,real,0.0
a3df8b1e,real,1.0
a3df8b1e,real,-0.1111111111111111
a3df8b1e,real,0.0
a3df8b1e,real,1.0
a3df8b1e,real,0.36942675159235666
a3df8b1e,real,1.0
a3df8b1e,real,1.0
a3df8b1e,real,1.0
a3df8b1e,real,0.0
a3df8b1e,real,0.0
a3df8b1e,real,1.0
a3df8b1e,real,0.0
a3df8b1e,real,0.7368421052631579
a3df8b1e,real,0.0
a3df8b1e,real,0.0
a3df8b1e,real,0.0
a3df8b1e,real,1.0
a3df8b1e,real,0.0
a3df8b1e,real,1.0
a3df8b1e,real,1.0
a3df8b1e,real,1.0
a3df8b1e,real,1.0
a3df8b1e,real,0.0
a3df8b1e,real,0.0
a3df8b1e,real,0.0
a3df8b1e,real,1.0
a3df8b1e,real,0.0
a3df8b1e,real,0.0
a3df8b1e,real,0.13897280966767372
a3df8b1e,real,1.0
a3df8b1e,real,1.0
a3df8b1e,null_cut,0.0
a3df8b1e,null_cut,0.0
a3df8b1e,null_cut,1.0
a3df8b1e,null_cut,1.0
a3df8b1e,null_cut,0.0
a3df8b1e,null_cut,0.0
a3df8b1e,null_cut,0.0
a3df8b1e,null_cut,0.0
a3df8b1e,null_cut,0.0
a3df8b1e,null_cut,0.0
a3df8b1e,null_cut,0.0
a3df8b1e,null_cut,1.0
a3df8b1e,null_cut,0.0
a3df8b1e,null_cut,0.0
a3df8b1e,null_cut,1.0
a3df8b1e,null_cut,0.0
a3df8b1e,null_cut,0.0
a3df8b1e,null_cut,0.0
a3df8b1e,null_cut,0.0
a3df8b1e,null_cut,-0.08695652173913043
a3df8b1e,null_cut,1.0
a3df8b1e,null_cut,0.0
a3df8b1e,null_cut,0.0
a3df8b1e,null_cut,-0.09090909090909091
a3df8b1e,null_cut,0.55
a3df8b1e,null_cut,0.0
a3df8b1e,null_cut,0.37209302325581395
a3df8b1e,null_cut,0.0
a3df8b1e,null_cut,1.0
a3df8b1e,null_cut,0.0
a3df8b1e,null_cut,0.18181818181818182
a3df8b1e,null_cut,0.0
a3df8b1e,null_cut,0.0
a3df8b1e,null_cut,0.0
a3df8b1e,null_cut,1.0
a3df8b1e,null_cut,1.0
a3df8b1e,null_cut,0.0
a3df8b1e,null_cut,1.0
a3df8b1e,null_cut,0.0
a3df8b1e,null_cut,1.0
a3df8b1e,null_cut,0.0
a3df8b1e,null_cut,0.0
a3df8b1e,null_cut,0.0
a3df8b1e,null_cut,0.0
a3df8b1e,null_cut,0.0
a3df8b1e,null_cut,0.0
a3df8b1e,null_cut,0.0
a3df8b1e,null_cut,0.0
a3df8b1e,null_cut,1.0
a3df8b1e,null_cut,0.0
a3df8b1e,null_len,1.0
a3df8b1e,null_len,0.0
a3df8b1e,null_len,1.0
a3df8b1e,null_len,1.0
a3df8b1e,null_len,1.0
a3df8b1e,null_len,0.0
a3df8b1e,null_len,0.0
a3df8b1e,null_len,-0.06837606837606838
a3df8b1e,null_len,1.0
a3df8b1e,null_len,0.0
a3df8b1e,null_len,1.0
a3df8b1e,null_len,0.5555555555555556
a3df8b1e,null_len,0.0
a3df8b1e,null_len,0.0
a3df8b1e,null_len,0.0
a3df8b1e,null_len,1.0
a3df8b1e,null_len,0.0
a3df8b1e,null_len,0.0
a3df8b1e,null_len,0.0
a3df8b1e,null_len,0.25
a3df8b1e,null_len,-0.1511627906976744
a3df8b1e,null_len,-0.1111111111111111
a3df8b1e,null_len,0.40331491712707185
a3df8b1e,null_len,0.0
a3df8b1e,null_len,-0.1511627906976744
a3df8b1e,null_len,0.0
a3df8b1e,null_len,0.0
a3df8b1e,null_len,0.0
a3df8b1e,null_len,0.25
a3df8b1e,null_len,0.0
a3df8b1e,null_len,1.0
a3df8b1e,null_len,0.0881057268722467
a3df8b1e,null_len,1.0
a3df8b1e,null_len,1.0
a3df8b1e,null_len,0.0
a3df8b1e,null_len,1.0
a3df8b1e,null_len,1.0
a3df8b1e,null_len,1.0
a3df8b1e,null_len,-0.14
a3df8b1e,null_len,0.0
a3df8b1e,null_len,0.3333333333333333
a3df8b1e,null_len,0.0
a3df8b1e,null_len,0.0
a3df8b1e,null_len,0.26744186046511625
a3df8b1e,null_len,1.0
a3df8b1e,null_len,0.0
a3df8b1e,null_len,1.0
a3df8b1e,null_len,0.4117647058823529
a3df8b1e,null_len,0.0
a3df8b1e,null_len,0.0
baf41dbf,real,0.4781459422364932
baf41dbf,real,0.3710201023848171
baf41dbf,real,0.3930791845390139
baf41dbf,real,0.6084531108654136
baf41dbf,real,0.15578108220543135
baf41dbf,real,0.2783171521035599
baf41dbf,real,0.42311067113640966
baf41dbf,real,0.0
baf41dbf,real,0.3424925726646678
baf41dbf,real,0.37909224533428354
baf41dbf,real,0.4776450985837267
baf41dbf,real,0.3591640466062512
baf41dbf,real,0.2704966423616783
baf41dbf,real,0.5659127472319485
baf41dbf,real,0.0
baf41dbf,real,0.23106382978723405
baf41dbf,real,0.0
baf41dbf,real,0.5158207343412528
baf41dbf,real,0.01922917070737857
baf41dbf,real,0.2926401749310447
baf41dbf,real,0.4942064835307903
baf41dbf,real,0.39854022800387906
baf41dbf,real,0.5714285714285714
baf41dbf,real,0.39678206460029475
baf41dbf,real,0.18518518518518517
baf41dbf,real,0.15187863442267666
baf41dbf,real,0.4459507140336868
baf41dbf,real,0.3561989521515249
baf41dbf,real,0.7731913918068153
baf41dbf,real,0.34974840905727395
baf41dbf,real,0.3924385888061462
baf41dbf,real,0.504421052631579
baf41dbf,real,0.41025641025641024
baf41dbf,real,0.3884926054202016
baf41dbf,real,0.2899360448404714
baf41dbf,real,0.3599823710885853
baf41dbf,real,0.1882876799336761
baf41dbf,real,0.28205296399722624
baf41dbf,real,0.3955253172837891
baf41dbf,real,0.5925925925925926
baf41dbf,real,0.43495830301673477
baf41dbf,real,0.11860463387620697
baf41dbf,real,0.5516007008941665
baf41dbf,real,0.5894628781461327
baf41dbf,real,0.5783709787816564
baf41dbf,real,0.36117046792551566
baf41dbf,real,0.5474904767884801
baf41dbf,real,0.09011497509266474
baf41dbf,real,0.11269005571162483
baf41dbf,real,0.41397913443611406
baf41dbf,null_cut,0.10745268236259473
baf41dbf,null_cut,0.26163391933815927
baf41dbf,null_cut,0.30394024196895053
baf41dbf,null_cut,0.3285400101505667
baf41dbf,null_cut,0.0
baf41dbf,null_cut,0.21883946651770128
baf41dbf,null_cut,0.14403449928126497
baf41dbf,null_cut,0.35330627834805445
baf41dbf,null_cut,0.007662835249042145
baf41dbf,null_cut,0.15551142619020672
baf41dbf,null_cut,0.11048979591836734
baf41dbf,null_cut,0.19993662864385298
baf41dbf,null_cut,1.0
baf41dbf,null_cut,0.0
baf41dbf,null_cut,0.32928522413545475
baf41dbf,null_cut,0.3268523384130321
baf41dbf,null_cut,0.22214549848723003
baf41dbf,null_cut,0.26149607967789784
baf41dbf,null_cut,0.0
baf41dbf,null_cut,0.21479523120666433
baf41dbf,null_cut,0.27258406543471675
baf41dbf,null_cut,0.24565267231257684
baf41dbf,null_cut,0.2543171114599686
baf41dbf,null_cut,0.2755417956656347
baf41dbf,null_cut,0.25923654954562564
baf41dbf,null_cut,0.30575876668234736
baf41dbf,null_cut,0.21365292656917087
baf41dbf,null_cut,0.05263157894736842
baf41dbf,null_cut,0.11334060711706868
baf41dbf,null_cut,0.3452503818684721
baf41dbf,null_cut,0.2789120354349782
baf41dbf,null_cut,0.2770154983648514
baf41dbf,null_cut,0.23685974835807877
baf41dbf,null_cut,0.24173414304993252
baf41dbf,null_cut,0.2803432601215005
baf41dbf,null_cut,0.14297612437534704
baf41dbf,null_cut,0.3096803445930628
baf41dbf,null_cut,0.1891891891891892
baf41dbf,null_cut,0.33190540461240536
baf41dbf,null_cut,0.17728136297050098
baf41dbf,null_cut,0.31001727940123536
baf41dbf,null_cut,0.0
baf41dbf,null_cut,0.17144579541575983
baf41dbf,null_cut,0.08327238640694692
baf41dbf,null_cut,0.09542847339802639
baf41dbf,null_cut,0.2503927764913875
baf41dbf,null_cut,0.30037711683506474
baf41dbf,null_cut,0.2665182846346955
baf41dbf,null_cut,0.0990155599876895
baf41dbf,null_cut,0.3482681250876455
baf41dbf,null_len,0.3484662204210494
baf41dbf,null_len,0.08599790878696735
baf41dbf,null_len,0.2484845423317842
baf41dbf,null_len,0.1324244446563066
baf41dbf,null_len,0.3312284668963531
baf41dbf,null_len,0.5945945945945946
baf41dbf,null_len,0.09029024073271862
baf41dbf,null_len,0.2584802577598111
baf41dbf,null_len,0.44969592184190954
baf41dbf,null_len,0.1688810604795238
baf41dbf,null_len,0.2865536723163842
baf41dbf,null_len,0.10810810810810811
baf41dbf,null_len,-0.010175763182238668
baf41dbf,null_len,0.3485595773659664
baf41dbf,null_len,0.3807391688378062
baf41dbf,null_len,0.5128399356134414
baf41dbf,null_len,0.0
baf41dbf,null_len,0.1061654684370755
baf41dbf,null_len,0.34087465384816346
baf41dbf,null_len,0.21384169361283786
baf41dbf,null_len,0.27000827655015247
baf41dbf,null_len,0.14338033081577076
baf41dbf,null_len,0.2950778660328976
baf41dbf,null_len,0.39824671258609895
baf41dbf,null_len,0.4458649717377065
baf41dbf,null_len,0.12255755465273747
baf41dbf,null_len,0.08504993494093989
baf41dbf,null_len,0.2524271844660194
baf41dbf,null_len,0.0
baf41dbf,null_len,0.0
baf41dbf,null_len,0.15646032736396343
baf41dbf,null_len,0.32272459745074095
baf41dbf,null_len,1.0
baf41dbf,null_len,0.14195469972986077
baf41dbf,null_len,0.22854240731335704
baf41dbf,null_len,0.3757963612233895
baf41dbf,null_len,0.3077957469940704
baf41dbf,null_len,0.20334546099920134
baf41dbf,null_len,0.10426540284360189
baf41dbf,null_len,0.2669709070165431
baf41dbf,null_len,0.2994251074583337
baf41dbf,null_len,0.24259025913548457
baf41dbf,null_len,0.216620373360894
baf41dbf,null_len,0.2973613774270349
baf41dbf,null_len,0.1500828379300263
baf41dbf,null_len,0.20967505701671793
baf41dbf,null_len,0.19137400478679237
baf41dbf,null_len,0.0
baf41dbf,null_len,0.21976798459713334
baf41dbf,null_len,0.31038021590316534
bcb3040b,real,0.32604735883424407
bcb3040b,real,0.0
bcb3040b,real,0.5
bcb3040b,real,0.0
bcb3040b,real,0.48863636363636365
bcb3040b,real,0.0
bcb3040b,real,0.34121621621621623
bcb3040b,real,0.36666666666666664
bcb3040b,real,0.0
bcb3040b,real,0.31716082659478884
bcb3040b,real,0.0
bcb3040b,real,0.7608695652173914
bcb3040b,real,0.0
bcb3040b,real,0.7587719298245614
bcb3040b,real,0.2803030303030303
bcb3040b,real,-0.04430379746835443
bcb3040b,real,0.8305084745762712
bcb3040b,real,0.31666666666666665
bcb3040b,real,0.0
bcb3040b,real,0.4410480349344978
bcb3040b,real,0.2961165048543689
bcb3040b,real,0.6273291925465838
bcb3040b,real,0.0
bcb3040b,real,0.0
bcb3040b,real,0.0
bcb3040b,real,0.6
bcb3040b,real,0.9390243902439024
bcb3040b,real,0.6166666666666667
bcb3040b,real,0.19753086419753085
bcb3040b,real,0.0
bcb3040b,real,0.0
bcb3040b,real,0.7123893805309734
bcb3040b,real,0.4645669291338583
bcb3040b,real,0.7342192691029901
bcb3040b,real,0.6
bcb3040b,real,0.9253731343283582
bcb3040b,real,0.4827586206896552
bcb3040b,real,0.5659722222222222
bcb3040b,real,0.6
bcb3040b,real,0.0
bcb3040b,real,0.7123893805309734
bcb3040b,real,0.1
bcb3040b,real,0.32432432432432434
bcb3040b,real,0.0
bcb3040b,real,0.0
bcb3040b,real,0.8529411764705882
bcb3040b,real,0.21875
bcb3040b,real,0.2572463768115942
bcb3040b,real,0.5808383233532934
bcb3040b,real,0.35656836461126007
bcb3040b,null_cut,0.49876237623762376
bcb3040b,null_cut,0.0
bcb3040b,null_cut,0.1
bcb3040b,null_cut,0.7222222222222222
bcb3040b,null_cut,0.0
bcb3040b,null_cut,0.0410958904109589
bcb3040b,null_cut,0.16094986807387862
bcb3040b,null_cut,0.0
bcb3040b,null_cut,0.08172635445362718
bcb3040b,null_cut,0.0
bcb3040b,null_cut,0.0
bcb3040b,null_cut,-0.08621860149355058
bcb3040b,null_cut,0.28308823529411764
bcb3040b,null_cut,0.0
bcb3040b,null_cut,0.05
bcb3040b,null_cut,0.0
bcb3040b,null_cut,0.0
bcb3040b,null_cut,0.10185486495281484
bcb3040b,null_cut,0.0
bcb3040b,null_cut,0.0
bcb3040b,null_cut,0.2958579881656805
bcb3040b,null_cut,1.0
bcb3040b,null_cut,0.042651119975452595
bcb3040b,null_cut,0.03333333333333333
bcb3040b,null_cut,-0.13043478260869565
bcb3040b,null_cut,-0.009615384615384616
bcb3040b,null_cut,0.003663003663003663
bcb3040b,null_cut,0.13793103448275862
bcb3040b,null_cut,-0.06382978723404255
bcb3040b,null_cut,0.0
bcb3040b,null_cut,0.0
bcb3040b,null_cut,0.2602739726027397
bcb3040b,null_cut,0.22713610991841993
bcb3040b,null_cut,0.4793926247288503
bcb3040b,null_cut,0.03485254691689008
bcb3040b,null_cut,-0.1461794019933555
bcb3040b,null_cut,0.6833333333333333
bcb3040b,null_cut,-0.08333333333333333
bcb3040b,null_cut,-0.08016877637130802
bcb3040b,null_cut,0.1509433962264151
bcb3040b,null_cut,0.3076923076923077
bcb3040b,null_cut,0.2052980132450331
bcb3040b,null_cut,0.29582326544701415
bcb3040b,null_cut,0.1836734693877551
bcb3040b,null_cut,0.2080745341614907
bcb3040b,null_cut,0.16753926701570682
bcb3040b,null_cut,0.1206896551724138
bcb3040b,null_cut,0.1
bcb3040b,null_cut,0.0231023102310231
bcb3040b,null_cut,0.14666666666666667
bcb3040b,null_len,0.2222222222222222
bcb3040b,null_len,0.1977077363896848
bcb3040b,null_len,0.35
bcb3040b,null_len,0.0
bcb3040b,null_len,0.0
bcb3040b,null_len,0.0
bcb3040b,null_len,0.0
bcb3040b,null_len,0.3702290076335878
bcb3040b,null_len,-0.039182282793867124
bcb3040b,null_len,-0.046413502109704644
bcb3040b,null_len,0.6920115495668913
bcb3040b,null_len,0.3333333333333333
bcb3040b,null_len,0.0
bcb3040b,null_len,0.0
bcb3040b,null_len,0.0
bcb3040b,null_len,0.2050587172538392
bcb3040b,null_len,0.2537313432835821
bcb3040b,null_len,0.13716814159292035
bcb3040b,null_len,0.07342657342657342
bcb3040b,null_len,0.5159121470192739
bcb3040b,null_len,0.0
bcb3040b,null_len,0.0
bcb3040b,null_len,0.47278911564625853
bcb3040b,null_len,0.85
bcb3040b,null_len,0.30390492359932086
bcb3040b,null_len,1.0
bcb3040b,null_len,0.19753086419753085
bcb3040b,null_len,0.0
bcb3040b,null_len,-0.05
bcb3040b,null_len,0.6186440677966102
bcb3040b,null_len,0.3
bcb3040b,null_len,0.2833333333333333
bcb3040b,null_len,0.6778523489932886
bcb3040b,null_len,-0.017287234042553192
bcb3040b,null_len,0.696969696969697
bcb3040b,null_len,0.2
bcb3040b,null_len,0.7129186602870813
bcb3040b,null_len,0.6825396825396826
bcb3040b,null_len,0.05218617771509168
bcb3040b,null_len,0.11666666666666667
bcb3040b,null_len,0.17204301075268819
bcb3040b,null_len,0.0
bcb3040b,null_len,0.26991150442477874
bcb3040b,null_len,0.47633434038267874
bcb3040b,null_len,0.6
bcb3040b,null_len,0.07960199004975124
bcb3040b,null_len,0.33157431838170626
bcb3040b,null_len,0.0
bcb3040b,null_len,0.0
bcb3040b,null_len,0.2833333333333333
c0f76784,real,0.8206896551724138
c0f76784,real,1.0
c0f76784,real,1.0
c0f76784,real,0.5894736842105263
c0f76784,real,1.0
c0f76784,real,1.0
c0f76784,real,1.0
c0f76784,real,0.6829268292682927
c0f76784,real,1.0
c0f76784,real,0.8206896551724138
c0f76784,real,1.0
c0f76784,real,0.910958904109589
c0f76784,real,1.0
c0f76784,real,1.0
c0f76784,real,1.0
c0f76784,real,1.0
c0f76784,real,1.0
c0f76784,real,1.0
c0f76784,real,1.0
c0f76784,real,1.0
c0f76784,real,1.0
c0f76784,real,0.9333333333333333
c0f76784,real,1.0
c0f76784,real,1.0
c0f76784,real,1.0
c0f76784,real,0.6829268292682927
c0f76784,real,0.6829268292682927
c0f76784,real,1.0
c0f76784,real,1.0
c0f76784,real,0.6829268292682927
c0f76784,real,1.0
c0f76784,real,1.0
c0f76784,real,1.0
c0f76784,real,1.0
c0f76784,real,1.0
c0f76784,real,0.9333333333333333
c0f76784,real,1.0
c0f76784,real,1.0
c0f76784,real,1.0
c0f76784,real,1.0
c0f76784,real,0.910958904109589
c0f76784,real,1.0
c0f76784,real,1.0
c0f76784,real,1.0
c0f76784,real,1.0
c0f76784,real,1.0
c0f76784,real,1.0
c0f76784,real,1.0
c0f76784,real,0.6829268292682927
c0f76784,real,0.5894736842105263
c0f76784,null_cut,0.10449859418931584
c0f76784,null_cut,-0.07142857142857142
c0f76784,null_cut,-0.06343906510851419
c0f76784,null_cut,0.061855670103092786
c0f76784,null_cut,0.1765834932821497
c0f76784,null_cut,0.20771144278606965
c0f76784,null_cut,0.002308136180034622
c0f76784,null_cut,0.8661764705882353
c0f76784,null_cut,0.4727694090382387
c0f76784,null_cut,0.12686567164179105
c0f76784,null_cut,0.23255813953488372
c0f76784,null_cut,0.3172561629153269
c0f76784,null_cut,-0.12720343020485947
c0f76784,null_cut,0.042105263157894736
c0f76784,null_cut,0.21762493283181086
c0f76784,null_cut,0.05118483412322275
c0f76784,null_cut,0.3876177658142665
c0f76784,null_cut,0.055176505487985764
c0f76784,null_cut,0.6474820143884892
c0f76784,null_cut,0.1805902951475738
c0f76784,null_cut,0.18887015177065766
c0f76784,null_cut,0.5053067564069376
c0f76784,null_cut,0.19066147859922178
c0f76784,null_cut,-0.21805792163543442
c0f76784,null_cut,0.17894736842105263
c0f76784,null_cut,0.013793103448275862
c0f76784,null_cut,-0.23929961089494164
c0f76784,null_cut,0.1453287197231834
c0f76784,null_cut,-0.11804384485666104
c0f76784,null_cut,0.021004098360655737
c0f76784,null_cut,0.08904109589041095
c0f76784,null_cut,0.09672650475184794
c0f76784,null_cut,0.12321167883211678
c0f76784,null_cut,0.31095406360424027
c0f76784,null_cut,0.022006141248720572
c0f76784,null_cut,0.2157676348547718
c0f76784,null_cut,0.327212020033389
c0f76784,null_cut,0.0632688927943761
c0f76784,null_cut,-0.21098475683522866
c0f76784,null_cut,0.417910447761194
c0f76784,null_cut,0.11859201511930073
c0f76784,null_cut,0.2631578947368421
c0f76784,null_cut,-0.028481012658227847
c0f76784,null_cut,0.3486973947895792
c0f76784,null_cut,0.022006141248720572
c0f76784,null_cut,-0.0743801652892562
c0f76784,null_cut,0.3168521874191043
c0f76784,null_cut,0.3466204506065858
c0f76784,null_cut,-0.23151280811986466
c0f76784,null_cut,0.3074581430745814
c0f76784,null_len,0.12218649517684887
c0f76784,null_len,-0.03103448275862069
c0f76784,null_len,-0.017006802721088437
c0f76784,null_len,-0.13333333333333333
c0f76784,null_len,0.037037037037037035
c0f76784,null_len,0.03873239436619718
c0f76784,null_len,0.3466204506065858
c0f76784,null_len,-0.017006802721088437
c0f76784,null_len,-0.03103448275862069
c0f76784,null_len,-0.061224489795918366
c0f76784,null_len,-0.061224489795918366
c0f76784,null_len,0.21143847487001732
c0f76784,null_len,-0.046511627906976744
c0f76784,null_len,0.5470383275261324
c0f76784,null_len,0.13028169014084506
c0f76784,null_len,0.5136054421768708
c0f76784,null_len,0.3466204506065858
c0f76784,null_len,0.003484320557491289
c0f76784,null_len,0.04894213612031609
c0f76784,null_len,0.5102739726027398
c0f76784,null_len,0.07801418439716312
c0f76784,null_len,0.21143847487001732
c0f76784,null_len,-0.16611295681063123
c0f76784,null_len,0.07142857142857142
c0f76784,null_len,0.11564625850340136
c0f76784,null_len,0.398576512455516
c0f76784,null_len,-0.19410745233968804
c0f76784,null_len,-0.03103448275862069
c0f76784,null_len,-0.061224489795918366
c0f76784,null_len,0.044444444444444446
c0f76784,null_len,-0.1853035143769968
c0f76784,null_len,0.20408163265306123
c0f76784,null_len,0.03873239436619718
c0f76784,null_len,0.033783783783783786
c0f76784,null_len,0.1482758620689655
c0f76784,null_len,-0.13259932982288175
c0f76784,null_len,-0.061224489795918366
c0f76784,null_len,-0.017006802721088437
c0f76784,null_len,0.8673469387755102
c0f76784,null_len,-0.03103448275862069
c0f76784,null_len,0.6462585034013606
c0f76784,null_len,-0.14965986394557823
c0f76784,null_len,0.5136054421768708
c0f76784,null_len,0.18463209340211784
c0f76784,null_len,0.3724137931034483
c0f76784,null_len,0.044444444444444446
c0f76784,null_len,0.5136054421768708
c0f76784,null_len,-0.061224489795918366
c0f76784,null_len,0.13333333333333333
c0f76784,null_len,-0.07586206896551724
c444b776,real,0.11370735223450264
c444b776,real,0.29135724443039973
c444b776,real,0.3578138496976677
c444b776,real,-0.0007160759040458289
c444b776,real,0.34628278446065863
c444b776,real,0.0
c444b776,real,0.29411764705882354
c444b776,real,0.0467382328654005
c444b776,real,0.2759935060351521
c444b776,real,0.0
c444b776,real,0.0
c444b776,real,0.18496884313194256
c444b776,real,0.1574824980938518
c444b776,real,0.14571005917159763
c444b776,real,0.3013899765074393
c444b776,real,0.0
c444b776,real,0.2803738317757009
c444b776,real,0.2994416309570186
c444b776,real,0.37327204865910973
c444b776,real,0.0
c444b776,real,-0.06396989651928504
c444b776,real,0.09875818785996288
c444b776,real,0.13977695167286244
c444b776,real,0.8802045737279415
c444b776,real,0.04125913434513772
c444b776,real,0.13155581599765603
c444b776,real,0.0
c444b776,real,0.11370735223450264
c444b776,real,0.1987673343605547
c444b776,real,0.14220264452408543
c444b776,real,0.31465648339022
c444b776,real,0.21030104151804824
c444b776,real,0.08539709649871904
c444b776,real,0.10287241148964596
c444b776,real,0.458568177840014
c444b776,real,0.242885506287227
c444b776,real,0.04293987185805816
c444b776,real,0.23695652173913043
c444b776,real,0.08703640144555935
c444b776,real,0.05712781361063578
c444b776,real,-0.052428681572860444
c444b776,real,0.17296222664015903
c444b776,real,0.24939354045402604
c444b776,real,0.15480390548080078
c444b776,real,0.015066087438765136
c444b776,real,0.2542565959437743
c444b776,real,0.20292583230247943
c444b776,real,0.150774398208621
c444b776,real,0.0
c444b776,real,0.4139326370932536
c444b776,null_cut,0.07729449161067074
c444b776,null_cut,0.04173259493670886
c444b776,null_cut,-0.04238523628346905
c444b776,null_cut,0.013392857142857142
c444b776,null_cut,0.3939393939393939
c444b776,null_cut,0.04838881856861818
c444b776,null_cut,0.18492181825132853
c444b776,null_cut,0.08985290552008406
c444b776,null_cut,0.5173076669870571
c444b776,null_cut,0.08123548959803341
c444b776,null_cut,0.0
c444b776,null_cut,0.03733239856279029
c444b776,null_cut,0.20324896108802418
c444b776,null_cut,0.1099190741922863
c444b776,null_cut,0.17077734308555878
c444b776,null_cut,0.2219875276604305
c444b776,null_cut,0.024020100502512562
c444b776,null_cut,0.12520606437315893
c444b776,null_cut,0.26515930113052416
c444b776,null_cut,0.1259309873590707
c444b776,null_cut,0.0
c444b776,null_cut,0.1189945911549475
c444b776,null_cut,0.0
c444b776,null_cut,-0.16062176165803108
c444b776,null_cut,0.15431445209105346
c444b776,null_cut,0.14038369513203114
c444b776,null_cut,0.04109472898844396
c444b776,null_cut,0.116758933064922
c444b776,null_cut,0.19056201867933803
c444b776,null_cut,0.10477990818255468
c444b776,null_cut,0.06703294007995879
c444b776,null_cut,0.0
c444b776,null_cut,0.21283509341998375
c444b776,null_cut,-0.060015999247094255
c444b776,null_cut,0.09093451931414506
c444b776,null_cut,-0.00919753607290524
c444b776,null_cut,-0.16129032258064516
c444b776,null_cut,0.06187759186383274
c444b776,null_cut,0.023558273961553973
c444b776,null_cut,0.04694533762057878
c444b776,null_cut,0.06972703146720587
c444b776,null_cut,0.22112658476132738
c444b776,null_cut,0.1113013698630137
c444b776,null_cut,0.2776597483248897
c444b776,null_cut,0.22080433101314773
c444b776,null_cut,-0.06557377049180328
c444b776,null_cut,0.1181029678138498
c444b776,null_cut,0.22599678169139997
c444b776,null_cut,0.11900675935978706
c444b776,null_cut,0.008649148289977551
c444b776,null_len,0.0
c444b776,null_len,0.04582597895012094
c444b776,null_len,1.0
c444b776,null_len,0.23958404597386604
c444b776,null_len,0.24091201779546917
c444b776,null_len,0.17138115712453797
c444b776,null_len,0.14328121907777558
c444b776,null_len,0.008422664624808576
c444b776,null_len,0.2409696871911744
c444b776,null_len,-0.08561341571050309
c444b776,null_len,0.0
c444b776,null_len,0.13071643189899937
c444b776,null_len,0.07206670637284097
c444b776,null_len,0.08616295321877826
c444b776,null_len,-0.17647058823529413
c444b776,null_len,0.1915137614678899
c444b776,null_len,0.10939316803368844
c444b776,null_len,0.08832106651853909
c444b776,null_len,0.0
c444b776,null_len,0.35522233712512924
c444b776,null_len,0.17467248908296942
c444b776,null_len,0.25625214114422745
c444b776,null_len,0.009945040565297042
c444b776,null_len,0.12354970210097209
c444b776,null_len,0.125
c444b776,null_len,0.010941019629476394
c444b776,null_len,1.0
c444b776,null_len,0.030800821355236138
c444b776,null_len,1.0
c444b776,null_len,0.029876835368149304
c444b776,null_len,0.10134172782611062
c444b776,null_len,0.08299112465227182
c444b776,null_len,-0.2
c444b776,null_len,0.0
c444b776,null_len,0.0
c444b776,null_len,0.01762114537444934
c444b776,null_len,0.17863554757630162
c444b776,null_len,1.0
c444b776,null_len,0.032244342351539904
c444b776,null_len,0.04352960562451939
c444b776,null_len,0.03598858252655739
c444b776,null_len,0.11246807809539501
c444b776,null_len,0.1565054035506076
c444b776,null_len,0.1935983385557094
c444b776,null_len,0.11125165642693652
c444b776,null_len,0.0
c444b776,null_len,0.270367054610564
c444b776,null_len,0.17414410382635936
c444b776,null_len,0.23883559378101224
c444b776,null_len,0.0
c8f0f002,real,0.2857142857142857
c8f0f002,real,0.0
c8f0f002,real,1.0
c8f0f002,real,1.0
c8f0f002,real,1.0
c8f0f002,real,1.0
c8f0f002,real,1.0
c8f0f002,real,1.0
c8f0f002,real,0.9278350515463918
c8f0f002,real,0.0
c8f0f002,real,0.0
c8f0f002,real,0.0
c8f0f002,real,1.0
c8f0f002,real,1.0
c8f0f002,real,1.0
c8f0f002,real,0.0
c8f0f002,real,1.0
c8f0f002,real,1.0
c8f0f002,real,0.0
c8f0f002,real,0.0
c8f0f002,real,1.0
c8f0f002,real,1.0
c8f0f002,real,1.0
c8f0f002,real,0.0
c8f0f002,real,1.0
c8f0f002,real,1.0
c8f0f002,real,1.0
c8f0f002,real,0.0
c8f0f002,real,0.0
c8f0f002,real,1.0
c8f0f002,real,1.0
c8f0f002,real,1.0
c8f0f002,real,0.46153846153846156
c8f0f002,real,0.0
c8f0f002,real,0.0
c8f0f002,real,0.0
c8f0f002,real,0.0
c8f0f002,real,0.0
c8f0f002,real,1.0
c8f0f002,real,0.0
c8f0f002,real,1.0
c8f0f002,real,0.0
c8f0f002,real,0.0
c8f0f002,real,0.0
c8f0f002,real,1.0
c8f0f002,real,1.0
c8f0f002,real,1.0
c8f0f002,real,0.7741935483870968
c8f0f002,real,1.0
c8f0f002,real,1.0
c8f0f002,null_cut,0.0
c8f0f002,null_cut,0.0
c8f0f002,null_cut,1.0
c8f0f002,null_cut,0.0
c8f0f002,null_cut,0.0
c8f0f002,null_cut,0.0
c8f0f002,null_cut,0.0
c8f0f002,null_cut,0.0
c8f0f002,null_cut,1.0
c8f0f002,null_cut,1.0
c8f0f002,null_cut,0.5778894472361809
c8f0f002,null_cut,1.0
c8f0f002,null_cut,1.0
c8f0f002,null_cut,1.0
c8f0f002,null_cut,-0.06060606060606061
c8f0f002,null_cut,1.0
c8f0f002,null_cut,0.0
c8f0f002,null_cut,0.32116788321167883
c8f0f002,null_cut,1.0
c8f0f002,null_cut,1.0
c8f0f002,null_cut,1.0
c8f0f002,null_cut,0.0
c8f0f002,null_cut,0.0
c8f0f002,null_cut,0.0
c8f0f002,null_cut,0.0
c8f0f002,null_cut,1.0
c8f0f002,null_cut,0.0
c8f0f002,null_cut,0.0
c8f0f002,null_cut,0.0
c8f0f002,null_cut,1.0
c8f0f002,null_cut,0.0
c8f0f002,null_cut,0.0
c8f0f002,null_cut,0.0
c8f0f002,null_cut,0.0
c8f0f002,null_cut,0.0
c8f0f002,null_cut,1.0
c8f0f002,null_cut,0.0
c8f0f002,null_cut,0.0
c8f0f002,null_cut,1.0
c8f0f002,null_cut,1.0
c8f0f002,null_cut,1.0
c8f0f002,null_cut,1.0
c8f0f002,null_cut,1.0
c8f0f002,null_cut,0.0
c8f0f002,null_cut,0.0
c8f0f002,null_cut,0.2524271844660194
c8f0f002,null_cut,1.0
c8f0f002,null_cut,1.0
c8f0f002,null_cut,1.0
c8f0f002,null_cut,1.0
c8f0f002,null_len,1.0
c8f0f002,null_len,1.0
c8f0f002,null_len,0.0
c8f0f002,null_len,0.0
c8f0f002,null_len,1.0
c8f0f002,null_len,1.0
c8f0f002,null_len,0.0
c8f0f002,null_len,1.0
c8f0f002,null_len,1.0
c8f0f002,null_len,1.0
c8f0f002,null_len,1.0
c8f0f002,null_len,0.0
c8f0f002,null_len,1.0
c8f0f002,null_len,0.0
c8f0f002,null_len,1.0
c8f0f002,null_len,-0.15384615384615385
c8f0f002,null_len,1.0
c8f0f002,null_len,0.0
c8f0f002,null_len,1.0
c8f0f002,null_len,0.0
c8f0f002,null_len,0.0
c8f0f002,null_len,-0.2268041237113402
c8f0f002,null_len,0.0
c8f0f002,null_len,0.0
c8f0f002,null_len,1.0
c8f0f002,null_len,0.6093237032173342
c8f0f002,null_len,1.0
c8f0f002,null_len,1.0
c8f0f002,null_len,-0.23529411764705882
c8f0f002,null_len,1.0
c8f0f002,null_len,1.0
c8f0f002,null_len,0.0
c8f0f002,null_len,1.0
c8f0f002,null_len,0.0
c8f0f002,null_len,-0.2268041237113402
c8f0f002,null_len,1.0
c8f0f002,null_len,1.0
c8f0f002,null_len,0.0
c8f0f002,null_len,0.0
c8f0f002,null_len,0.0
c8f0f002,null_len,0.0
c8f0f002,null_len,1.0
c8f0f002,null_len,0.0
c8f0f002,null_len,0.0
c8f0f002,null_len,-0.1782178217821782
c8f0f002,null_len,1.0
c8f0f002,null_len,0.0
c8f0f002,null_len,-0.23529411764705882
c8f0f002,null_len,1.0
c8f0f002,null_len,1.0
ca8f78db,real,0.4181858632919344
ca8f78db,real,0.046412695377850005
ca8f78db,real,0.2616082281929832
ca8f78db,real,0.2693396995803615
ca8f78db,real,0.5583674995659664
ca8f78db,real,0.6368969805184453
ca8f78db,real,0.626958891664774
ca8f78db,real,0.5573651939575247
ca8f78db,real,0.6840631364562119
ca8f78db,real,0.5945510842558854
ca8f78db,real,0.2795210500826639
ca8f78db,real,0.7281247442088893
ca8f78db,real,0.6130776575145669
ca8f78db,real,0.6657805680750154
ca8f78db,real,0.4938905961893055
ca8f78db,real,0.8117733982719885
ca8f78db,real,0.7400620939263743
ca8f78db,real,0.6083532493669709
ca8f78db,real,0.13240537913188766
ca8f78db,real,0.6590077010478474
ca8f78db,real,0.24671724657303776
ca8f78db,real,0.6035495039989099
ca8f78db,real,0.5290132751388406
ca8f78db,real,0.5217236909856005
ca8f78db,real,0.5590604026845638
ca8f78db,real,0.8224974925887957
ca8f78db,real,0.8693547562368261
ca8f78db,real,0.7331078765166922
ca8f78db,real,0.704570131280229
ca8f78db,real,0.7217206372135949
ca8f78db,real,0.8881220486741737
ca8f78db,real,0.7890851728424726
ca8f78db,real,0.5916227991704445
ca8f78db,real,0.1483221476510067
ca8f78db,real,0.6998031522209796
ca8f78db,real,0.5739627261031589
ca8f78db,real,0.7281187512043492
ca8f78db,real,0.6567554362454249
ca8f78db,real,0.6587075561639817
ca8f78db,real,0.6716305058246081
ca8f78db,real,0.769935184634596
ca8f78db,real,0.6677292302033685
ca8f78db,real,0.4746536672292522
ca8f78db,real,0.6971973692873812
ca8f78db,real,0.6410882074440964
ca8f78db,real,0.41759505498454685
ca8f78db,real,0.8474450731133808
ca8f78db,real,0.5268904164981804
ca8f78db,real,0.5587848846376202
ca8f78db,real,0.5731849477250374
ca8f78db,null_cut,0.2047249846083209
ca8f78db,null_cut,0.324853228962818
ca8f78db,null_cut,0.1823152849169058
ca8f78db,null_cut,0.19236990230541956
ca8f78db,null_cut,0.152615270776488
ca8f78db,null_cut,0.21020595082113191
ca8f78db,null_cut,0.23271889400921658
ca8f78db,null_cut,0.15687423986560387
ca8f78db,null_cut,0.23691200411275812
ca8f78db,null_cut,0.08676896530473902
ca8f78db,null_cut,0.20611082340756084
ca8f78db,null_cut,0.11510617583978099
ca8f78db,null_cut,0.2752568529290098
ca8f78db,null_cut,0.16866583170860824
ca8f78db,null_cut,0.16087263156989395
ca8f78db,null_cut,0.36565286988337525
ca8f78db,null_cut,0.22314649628676927
ca8f78db,null_cut,0.31491459847126546
ca8f78db,null_cut,0.2942566755049868
ca8f78db,null_cut,0.1646862072000704
ca8f78db,null_cut,0.15075828875731187
ca8f78db,null_cut,0.328243412002437
ca8f78db,null_cut,0.20628856890978547
ca8f78db,null_cut,0.0
ca8f78db,null_cut,0.192361198006757
ca8f78db,null_cut,0.13888958017071895
ca8f78db,null_cut,0.16714281229397546
ca8f78db,null_cut,0.20630464597977027
ca8f78db,null_cut,0.14297628466950366
ca8f78db,null_cut,0.18751028016886892
ca8f78db,null_cut,0.17389263048827872
ca8f78db,null_cut,0.0
ca8f78db,null_cut,0.0
ca8f78db,null_cut,0.0375
ca8f78db,null_cut,0.2527154607060881
ca8f78db,null_cut,0.08552428085369626
ca8f78db,null_cut,0.2989115756021761
ca8f78db,null_cut,0.0
ca8f78db,null_cut,0.1242632272380556
ca8f78db,null_cut,0.24425662732354447
ca8f78db,null_cut,0.1698845122248576
ca8f78db,null_cut,0.11548242333582648
ca8f78db,null_cut,0.23701836401807524
ca8f78db,null_cut,0.22866412932164837
ca8f78db,null_cut,0.16167965664477427
ca8f78db,null_cut,0.16091954022988506
ca8f78db,null_cut,0.18357361293141108
ca8f78db,null_cut,0.2083804911431053
ca8f78db,null_cut,0.18851805662938131
ca8f78db,null_cut,0.046419361237849635
ca8f78db,null_len,0.18016765441872762
ca8f78db,null_len,0.15539977302172364
ca8f78db,null_len,0.2792914871993418
ca8f78db,null_len,0.0
ca8f78db,null_len,0.07618380952672073
ca8f78db,null_len,0.13226880656993703
ca8f78db,null_len,0.13514378914927255
ca8f78db,null_len,0.3883200845584913
ca8f78db,null_len,0.09974879484678591
ca8f78db,null_len,0.11787192556357541
ca8f78db,null_len,0.19245866539788273
ca8f78db,null_len,0.15024512285537914
ca8f78db,null_len,0.2531953432602281
ca8f78db,null_len,0.20239465144645694
ca8f78db,null_len,0.1523006250470668
ca8f78db,null_len,0.08697630564893007
ca8f78db,null_len,0.164220898908266
ca8f78db,null_len,0.13028093739826652
ca8f78db,null_len,0.2
ca8f78db,null_len,0.1459982616457986
ca8f78db,null_len,0.11568830036303662
ca8f78db,null_len,0.24377742398943814
ca8f78db,null_len,0.044200865662071175
ca8f78db,null_len,0.07933247480283953
ca8f78db,null_len,0.2160368542087732
ca8f78db,null_len,0.1947883855449287
ca8f78db,null_len,0.17127982275715167
ca8f78db,null_len,0.00707621176124029
ca8f78db,null_len,0.12763094148678472
ca8f78db,null_len,0.15270872895640855
ca8f78db,null_len,0.1694843168527379
ca8f78db,null_len,0.3232638056421322
ca8f78db,null_len,0.1922310952592319
ca8f78db,null_len,0.3217747111681643
ca8f78db,null_len,0.18527005351197617
ca8f78db,null_len,0.2008118789731735
ca8f78db,null_len,0.2112898330804249
ca8f78db,null_len,0.1710305068460245
ca8f78db,null_len,0.1705090537026781
ca8f78db,null_len,0.0755909914947733
ca8f78db,null_len,0.004268177149296449
ca8f78db,null_len,0.19549852334953546
ca8f78db,null_len,0.15854807425879744
ca8f78db,null_len,0.17432675044883303
ca8f78db,null_len,0.20235897534409727
ca8f78db,null_len,0.0
ca8f78db,null_len,0.3281018957136153
ca8f78db,null_len,0.16233526051032254
ca8f78db,null_len,0.279901356350185
ca8f78db,null_len,0.22666494412505653
ce9e57f2,real,-0.03024390243902439
ce9e57f2,real,0.8283485045513654
ce9e57f2,real,0.589041095890411
ce9e57f2,real,0.8615384615384616
ce9e57f2,real,0.9646302250803859
ce9e57f2,real,0.5585284280936454
ce9e57f2,real,0.2041343669250646
ce9e57f2,real,0.8738853503184714
ce9e57f2,real,0.7528089887640449
ce9e57f2,real,0.26214340786430224
ce9e57f2,real,-0.019169329073482427
ce9e57f2,real,0.5689404934687954
ce9e57f2,real,1.0
ce9e57f2,real,-0.023255813953488372
ce9e57f2,real,0.6024096385542169
ce9e57f2,real,0.6024096385542169
ce9e57f2,real,0.923699421965318
ce9e57f2,real,0.18374558303886926
ce9e57f2,real,0.8738853503184714
ce9e57f2,real,0.7528089887640449
ce9e57f2,real,0.0
ce9e57f2,real,0.8738853503184714
ce9e57f2,real,0.8127128263337117
ce9e57f2,real,0.7317073170731707
ce9e57f2,real,0.44863336475023563
ce9e57f2,real,0.8735632183908046
ce9e57f2,real,-0.08060453400503778
ce9e57f2,real,0.2619227857683573
ce9e57f2,real,0.923699421965318
ce9e57f2,real,0.8738853503184714
ce9e57f2,real,0.5629139072847682
ce9e57f2,real,-0.04854368932038835
ce9e57f2,real,0.18335208098987626
ce9e57f2,real,0.23699421965317918
ce9e57f2,real,-0.01263537906137184
ce9e57f2,real,0.418331374853114
ce9e57f2,real,-0.11644374508261211
ce9e57f2,real,0.5115502365711105
ce9e57f2,real,0.6267672007540056
ce9e57f2,real,0.31054131054131057
ce9e57f2,real,0.5232198142414861
ce9e57f2,real,0.41700404858299595
ce9e57f2,real,1.0
ce9e57f2,real,0.6796116504854369
ce9e57f2,real,0.5754385964912281
ce9e57f2,real,-0.10738255033557047
ce9e57f2,real,1.0
ce9e57f2,real,0.025974025974025976
ce9e57f2,real,0.022779043280182234
ce9e57f2,real,0.3333333333333333
ce9e57f2,null_cut,0.17894736842105263
ce9e57f2,null_cut,0.10116731517509728
ce9e57f2,null_cut,0.1841779975278121
ce9e57f2,null_cut,0.17204301075268819
ce9e57f2,null_cut,0.3546284224250326
ce9e57f2,null_cut,0.0
ce9e57f2,null_cut,0.25395629238884704
ce9e57f2,null_cut,0.3076923076923077
ce9e57f2,null_cut,0.0931899641577061
ce9e57f2,null_cut,0.0
ce9e57f2,null_cut,0.25
ce9e57f2,null_cut,0.043478260869565216
ce9e57f2,null_cut,0.5932203389830508
ce9e57f2,null_cut,-0.0066555740432612314
ce9e57f2,null_cut,0.007633587786259542
ce9e57f2,null_cut,0.029850746268656716
ce9e57f2,null_cut,0.15795868772782504
ce9e57f2,null_cut,0.01
ce9e57f2,null_cut,0.24398625429553264
ce9e57f2,null_cut,0.18331805682859761
ce9e57f2,null_cut,0.36538461538461536
ce9e57f2,null_cut,-0.02552415679124886
ce9e57f2,null_cut,0.5384615384615384
ce9e57f2,null_cut,0.281437125748503
ce9e57f2,null_cut,0.16
ce9e57f2,null_cut,0.20425531914893616
ce9e57f2,null_cut,0.21132075471698114
ce9e57f2,null_cut,0.030467899891186073
ce9e57f2,null_cut,0.23184357541899442
ce9e57f2,null_cut,0.0
ce9e57f2,null_cut,0.3473423980222497
ce9e57f2,null_cut,-0.1512491559756921
ce9e57f2,null_cut,0.0
ce9e57f2,null_cut,0.14174252275682706
ce9e57f2,null_cut,0.2222222222222222
ce9e57f2,null_cut,-0.15615615615615616
ce9e57f2,null_cut,0.042748091603053436
ce9e57f2,null_cut,-0.047619047619047616
ce9e57f2,null_cut,-0.02185792349726776
ce9e57f2,null_cut,0.3179650238473768
ce9e57f2,null_cut,0.0
ce9e57f2,null_cut,0.4148936170212766
ce9e57f2,null_cut,-0.0019588638589618022
ce9e57f2,null_cut,0.42813455657492355
ce9e57f2,null_cut,0.40106951871657753
ce9e57f2,null_cut,0.08421052631578947
ce9e57f2,null_cut,0.26666666666666666
ce9e57f2,null_cut,0.16906474820143885
ce9e57f2,null_cut,0.30413625304136255
ce9e57f2,null_cut,0.06143344709897611
ce9e57f2,null_len,0.21635883905013192
ce9e57f2,null_len,0.3377926421404682
ce9e57f2,null_len,0.7843137254901961
ce9e57f2,null_len,0.06691800188501414
ce9e57f2,null_len,0.061611374407582936
ce9e57f2,null_len,0.32112068965517243
ce9e57f2,null_len,-0.01606425702811245
ce9e57f2,null_len,0.31339401820546164
ce9e57f2,null_len,0.014925373134328358
ce9e57f2,null_len,0.42857142857142855
ce9e57f2,null_len,0.11719745222929936
ce9e57f2,null_len,-0.023148148148148147
ce9e57f2,null_len,0.0791268758526603
ce9e57f2,null_len,0.5192507804370448
ce9e57f2,null_len,0.17490494296577946
ce9e57f2,null_len,0.2608695652173913
ce9e57f2,null_len,-0.14035087719298245
ce9e57f2,null_len,0.11719745222929936
ce9e57f2,null_len,1.0
ce9e57f2,null_len,0.6416938110749185
ce9e57f2,null_len,-0.009791921664626682
ce9e57f2,null_len,0.4513064133016627
ce9e57f2,null_len,0.32
ce9e57f2,null_len,0.40106951871657753
ce9e57f2,null_len,0.08470089994706194
ce9e57f2,null_len,0.31345353675450766
ce9e57f2,null_len,-0.020214030915576695
ce9e57f2,null_len,0.0
ce9e57f2,null_len,1.0
ce9e57f2,null_len,0.23809523809523808
ce9e57f2,null_len,-0.07116104868913857
ce9e57f2,null_len,0.013392857142857142
ce9e57f2,null_len,0.1574468085106383
ce9e57f2,null_len,-0.01762114537444934
ce9e57f2,null_len,0.0074673304293715
ce9e57f2,null_len,-0.009174311926605505
ce9e57f2,null_len,0.09647979139504563
ce9e57f2,null_len,0.1724137931034483
ce9e57f2,null_len,0.0
ce9e57f2,null_len,-0.053164556962025315
ce9e57f2,null_len,0.2185145317545748
ce9e57f2,null_len,1.0
ce9e57f2,null_len,0.39412484700122397
ce9e57f2,null_len,0.2857142857142857
ce9e57f2,null_len,0.11310190369540873
ce9e57f2,null_len,0.09363295880149813
ce9e57f2,null_len,0.3992197659297789
ce9e57f2,null_len,0.11719745222929936
ce9e57f2,null_len,-0.03484320557491289
ce9e57f2,null_len,0.1724137931034483
d364b489,real,0.26781875310071107
d364b489,real,0.3843717001055966
d364b489,real,0.611764705882353
d364b489,real,0.4576328556922035
d364b489,real,0.7101947308132875
d364b489,real,0.5029035497533074
d364b489,real,0.43288214501250105
d364b489,real,-0.14084507042253522
d364b489,real,-0.025825779292890164
d364b489,real,-0.06663433197776368
d364b489,real,0.9019189765458422
d364b489,real,0.7837837837837838
d364b489,real,0.9374773468648061
d364b489,real,0.4573144573144573
d364b489,real,0.9399477806788512
d364b489,real,0.2764724068635029
d364b489,real,0.022205045323589346
d364b489,real,0.4573144573144573
d364b489,real,0.149800796812749
d364b489,real,0.654843110504775
d364b489,real,0.3159851301115242
d364b489,real,0.4962667994026879
d364b489,real,0.5547050877982891
d364b489,real,-0.06182256122039342
d364b489,real,0.6919642857142857
d364b489,real,0.83489784649365
d364b489,real,0.3560260191507414
d364b489,real,0.6545792146797007
d364b489,real,-0.0923213493120284
d364b489,real,-0.03471915732485951
d364b489,real,0.6018641810918774
d364b489,real,0.30297029702970296
d364b489,real,-0.04011626384560999
d364b489,real,0.3824576847665159
d364b489,real,0.6919642857142857
d364b489,real,0.3357366117941238
d364b489,real,0.28070507960576196
d364b489,real,1.0
d364b489,real,0.7066203435630187
d364b489,real,0.8756756756756757
d364b489,real,0.19285488460322478
d364b489,real,0.40890456248622437
d364b489,real,0.13803872579637727
d364b489,real,0.07207437734561584
d364b489,real,0.8098514193212696
d364b489,real,0.5136333320255797
d364b489,real,0.7379891035165924
d364b489,real,1.0
d364b489,real,0.0
d364b489,real,-0.06418776815007991
d364b489,null_cut,0.1450962830273175
d364b489,null_cut,0.25285036073417816
d364b489,null_cut,0.084090187361067
d364b489,null_cut,0.0
d364b489,null_cut,0.02183306800090971
d364b489,null_cut,-0.017415534656913968
d364b489,null_cut,0.06769482735089395
d364b489,null_cut,-0.03512979683972912
d364b489,null_cut,-0.0917135961383749
d364b489,null_cut,-0.0356839422259983
d364b489,null_cut,0.3721028057039499
d364b489,null_cut,0.1247857387727117
d364b489,null_cut,0.16555199267063675
d364b489,null_cut,0.3078125678551266
d364b489,null_cut,0.34035656401944897
d364b489,null_cut,0.17264469244744354
d364b489,null_cut,0.045715147857573926
d364b489,null_cut,0.34743813175322413
d364b489,null_cut,0.047845010963118106
d364b489,null_cut,0.38965144330754514
d364b489,null_cut,0.19904759371092606
d364b489,null_cut,0.27903795736920095
d364b489,null_cut,0.03889668841357668
d364b489,null_cut,0.333703985486042
d364b489,null_cut,0.014490495481458398
d364b489,null_cut,0.0885160543824125
d364b489,null_cut,0.243605359317905
d364b489,null_cut,0.11853832442067737
d364b489,null_cut,0.0873932697137117
d364b489,null_cut,0.3961402073104201
d364b489,null_cut,0.08964080550470299
d364b489,null_cut,-0.16666666666666666
d364b489,null_cut,0.11676005515299087
d364b489,null_cut,0.07741935483870968
d364b489,null_cut,0.2799558575826218
d364b489,null_cut,-0.09622215046819503
d364b489,null_cut,-0.017443986003029197
d364b489,null_cut,0.11138067132563276
d364b489,null_cut,0.17180268653346878
d364b489,null_cut,0.18509423733137736
d364b489,null_cut,0.1057508597630875
d364b489,null_cut,-0.06591465072030443
d364b489,null_cut,0.04905093027626386
d364b489,null_cut,0.4348839467806157
d364b489,null_cut,0.007918681235009708
d364b489,null_cut,0.12013223992099953
d364b489,null_cut,0.16363636363636364
d364b489,null_cut,0.26796334994373894
d364b489,null_cut,0.23365487674169347
d364b489,null_cut,0.2575
d364b489,null_len,-0.07142857142857142
d364b489,null_len,0.27609055770292656
d364b489,null_len,-0.029643073200241985
d364b489,null_len,0.3404915590863952
d364b489,null_len,0.13578967568604874
d364b489,null_len,0.09917783388360199
d364b489,null_len,0.26446361081500147
d364b489,null_len,0.3983512128098082
d364b489,null_len,0.4420289855072464
d364b489,null_len,0.2550302633731392
d364b489,null_len,0.11779316933365178
d364b489,null_len,0.2357710651828299
d364b489,null_len,0.21096579476861166
d364b489,null_len,0.09410288582183186
d364b489,null_len,-0.025699992887455843
d364b489,null_len,0.0689727683734623
d364b489,null_len,0.0429000429000429
d364b489,null_len,0.1355214399152991
d364b489,null_len,0.0
d364b489,null_len,0.27507163323782235
d364b489,null_len,0.12033511043412033
d364b489,null_len,0.3240223463687151
d364b489,null_len,-0.0009891196834817012
d364b489,null_len,0.024551296255262575
d364b489,null_len,0.11148713364408402
d364b489,null_len,0.09015853720305932
d364b489,null_len,0.5432098765432098
d364b489,null_len,0.29294755877034356
d364b489,null_len,0.20846525579070155
d364b489,null_len,0.26813746287653795
d364b489,null_len,-0.07139747496734872
d364b489,null_len,1.0
d364b489,null_len,0.38367844092570036
d364b489,null_len,0.15227934044616878
d364b489,null_len,0.7706879361914257
d364b489,null_len,0.4211172498465316
d364b489,null_len,0.38247762600094204
d364b489,null_len,0.09341600972174617
d364b489,null_len,0.2972972972972973
d364b489,null_len,0.26439232409381663
d364b489,null_len,0.2922494651966431
d364b489,null_len,0.48686879192885746
d364b489,null_len,0.207362443704719
d364b489,null_len,0.29314420803782504
d364b489,null_len,0.14083100279664404
d364b489,null_len,0.07486973215101929
d364b489,null_len,0.09493403084971343
d364b489,null_len,0.06965174129353234
d364b489,null_len,0.441802872709262
d364b489,null_len,0.5153256704980843
d43fd935,real,0.9049773755656109
d43fd935,real,0.08695652173913043
d43fd935,real,0.9049773755656109
d43fd935,real,1.0
d43fd935,real,1.0
d43fd935,real,1.0
d43fd935,real,1.0
d43fd935,real,1.0
d43fd935,real,1.0
d43fd935,real,1.0
d43fd935,real,1.0
d43fd935,real,1.0
d43fd935,real,1.0
d43fd935,real,0.9049773755656109
d43fd935,real,1.0
d43fd935,real,0.9049773755656109
d43fd935,real,1.0
d43fd935,real,0.9049773755656109
d43fd935,real,0.9049773755656109
d43fd935,real,0.0
d43fd935,real,0.0
d43fd935,real,1.0
d43fd935,real,1.0
d43fd935,real,1.0
d43fd935,real,1.0
d43fd935,real,-0.2857142857142857
d43fd935,real,1.0
d43fd935,real,0.9049773755656109
d43fd935,real,0.9049773755656109
d43fd935,real,1.0
d43fd935,real,1.0
d43fd935,real,0.9049773755656109
d43fd935,real,1.0
d43fd935,real,1.0
d43fd935,real,1.0
d43fd935,real,0.9049773755656109
d43fd935,real,0.9049773755656109
d43fd935,real,1.0
d43fd935,real,1.0
d43fd935,real,1.0
d43fd935,real,1.0
d43fd935,real,0.5161290322580645
d43fd935,real,1.0
d43fd935,real,1.0
d43fd935,real,0.9049773755656109
d43fd935,real,0.9049773755656109
d43fd935,real,1.0
d43fd935,real,1.0
d43fd935,real,0.9049773755656109
d43fd935,real,1.0
d43fd935,null_cut,0.5333333333333333
d43fd935,null_cut,0.12093023255813953
d43fd935,null_cut,-0.125
d43fd935,null_cut,0.0
d43fd935,null_cut,-0.25806451612903225
d43fd935,null_cut,0.2
d43fd935,null_cut,0.625
d43fd935,null_cut,0.5714285714285714
d43fd935,null_cut,0.0
d43fd935,null_cut,0.35714285714285715
d43fd935,null_cut,0.4444444444444444
d43fd935,null_cut,-0.21333333333333335
d43fd935,null_cut,0.4444444444444444
d43fd935,null_cut,0.31627906976744186
d43fd935,null_cut,-0.15384615384615385
d43fd935,null_cut,1.0
d43fd935,null_cut,0.0
d43fd935,null_cut,-0.17647058823529413
d43fd935,null_cut,0.22413793103448276
d43fd935,null_cut,-0.04597701149425287
d43fd935,null_cut,0.46798029556650245
d43fd935,null_cut,-0.125
d43fd935,null_cut,0.6956521739130435
d43fd935,null_cut,1.0
d43fd935,null_cut,0.23636363636363636
d43fd935,null_cut,-0.08888888888888889
d43fd935,null_cut,-0.04597701149425287
d43fd935,null_cut,-0.0547945205479452
d43fd935,null_cut,0.5161290322580645
d43fd935,null_cut,0.5384615384615384
d43fd935,null_cut,0.2222222222222222
d43fd935,null_cut,0.631578947368421
d43fd935,null_cut,0.16
d43fd935,null_cut,-0.05945945945945946
d43fd935,null_cut,0.07079646017699115
d43fd935,null_cut,-0.2222222222222222
d43fd935,null_cut,-0.07142857142857142
d43fd935,null_cut,0.4166666666666667
d43fd935,null_cut,0.4444444444444444
d43fd935,null_cut,0.2222222222222222
d43fd935,null_cut,0.12078152753108348
d43fd935,null_cut,-0.125
d43fd935,null_cut,0.0
d43fd935,null_cut,0.0
d43fd935,null_cut,-0.16666666666666666
d43fd935,null_cut,0.5161290322580645
d43fd935,null_cut,0.15151515151515152
d43fd935,null_cut,-0.2222222222222222
d43fd935,null_cut,0.06666666666666667
d43fd935,null_cut,0.0
d43fd935,null_len,-0.33636363636363636
d43fd935,null_len,1.0
d43fd935,null_len,0.5333333333333333
d43fd935,null_len,0.14479638009049775
d43fd935,null_len,-0.23529411764705882
d43fd935,null_len,-0.23529411764705882
d43fd935,null_len,0.027777777777777776
d43fd935,null_len,0.0
d43fd935,null_len,0.23636363636363636
d43fd935,null_len,0.9049773755656109
d43fd935,null_len,-0.23529411764705882
d43fd935,null_len,-0.23529411764705882
d43fd935,null_len,0.0
d43fd935,null_len,-0.23529411764705882
d43fd935,null_len,1.0
d43fd935,null_len,-0.33636363636363636
d43fd935,null_len,-0.23529411764705882
d43fd935,null_len,-0.23529411764705882
d43fd935,null_len,-0.037037037037037035
d43fd935,null_len,-0.23529411764705882
d43fd935,null_len,0.14479638009049775
d43fd935,null_len,0.23636363636363636
d43fd935,null_len,1.0
d43fd935,null_len,-0.23529411764705882
d43fd935,null_len,0.9049773755656109
d43fd935,null_len,-0.17757009345794392
d43fd935,null_len,0.23636363636363636
d43fd935,null_len,0.9049773755656109
d43fd935,null_len,0.14479638009049775
d43fd935,null_len,-0.23529411764705882
d43fd935,null_len,0.6111111111111112
d43fd935,null_len,-0.23529411764705882
d43fd935,null_len,1.0
d43fd935,null_len,-0.16666666666666666
d43fd935,null_len,1.0
d43fd935,null_len,0.9049773755656109
d43fd935,null_len,0.23636363636363636
d43fd935,null_len,-0.23529411764705882
d43fd935,null_len,-0.33636363636363636
d43fd935,null_len,-0.33636363636363636
d43fd935,null_len,-0.33636363636363636
d43fd935,null_len,-0.23529411764705882
d43fd935,null_len,0.625
d43fd935,null_len,0.0
d43fd935,null_len,0.31627906976744186
d43fd935,null_len,0.23636363636363636
d43fd935,null_len,-0.23529411764705882
d43fd935,null_len,-0.23529411764705882
d43fd935,null_len,-0.33636363636363636
d43fd935,null_len,-0.14545454545454545
d511f180,real,0.4424778761061947
d511f180,real,1.0
d511f180,real,0.5384615384615384
d511f180,real,0.4424778761061947
d511f180,real,1.0
d511f180,real,0.4424778761061947
d511f180,real,1.0
d511f180,real,0.4424778761061947
d511f180,real,0.4424778761061947
d511f180,real,1.0
d511f180,real,-0.05104198127453941
d511f180,real,0.4424778761061947
d511f180,real,1.0
d511f180,real,1.0
d511f180,real,0.4424778761061947
d511f180,real,1.0
d511f180,real,1.0
d511f180,real,0.4424778761061947
d511f180,real,1.0
d511f180,real,0.4424778761061947
d511f180,real,0.4424778761061947
d511f180,real,0.4424778761061947
d511f180,real,1.0
d511f180,real,1.0
d511f180,real,0.4424778761061947
d511f180,real,1.0
d511f180,real,0.4424778761061947
d511f180,real,1.0
d511f180,real,0.4424778761061947
d511f180,real,0.0
d511f180,real,1.0
d511f180,real,1.0
d511f180,real,1.0
d511f180,real,0.4424778761061947
d511f180,real,0.4424778761061947
d511f180,real,0.0
d511f180,real,1.0
d511f180,real,1.0
d511f180,real,1.0
d511f180,real,0.4444444444444444
d511f180,real,0.12378303198887343
d511f180,real,1.0
d511f180,real,1.0
d511f180,real,1.0
d511f180,real,1.0
d511f180,real,1.0
d511f180,real,1.0
d511f180,real,1.0
d511f180,real,0.4375
d511f180,real,0.4424778761061947
d511f180,null_cut,0.31627906976744186
d511f180,null_cut,0.027777777777777776
d511f180,null_cut,0.14285714285714285
d511f180,null_cut,-0.15384615384615385
d511f180,null_cut,0.4444444444444444
d511f180,null_cut,0.16666666666666666
d511f180,null_cut,0.06666666666666667
d511f180,null_cut,0.16
d511f180,null_cut,0.8
d511f180,null_cut,-0.16666666666666666
d511f180,null_cut,-0.13513513513513514
d511f180,null_cut,0.31627906976744186
d511f180,null_cut,0.6956521739130435
d511f180,null_cut,0.0
d511f180,null_cut,0.125
d511f180,null_cut,-0.3333333333333333
d511f180,null_cut,0.0
d511f180,null_cut,0.11764705882352941
d511f180,null_cut,0.05405405405405406
d511f180,null_cut,-0.125
d511f180,null_cut,0.07692307692307693
d511f180,null_cut,-0.33636363636363636
d511f180,null_cut,0.0
d511f180,null_cut,-0.0547945205479452
d511f180,null_cut,0.3076923076923077
d511f180,null_cut,0.14035087719298245
d511f180,null_cut,-0.07142857142857142
d511f180,null_cut,-0.08888888888888889
d511f180,null_cut,-0.16666666666666666
d511f180,null_cut,1.0
d511f180,null_cut,-0.10526315789473684
d511f180,null_cut,-0.25806451612903225
d511f180,null_cut,-0.16666666666666666
d511f180,null_cut,0.2222222222222222
d511f180,null_cut,-0.23529411764705882
d511f180,null_cut,1.0
d511f180,null_cut,0.27586206896551724
d511f180,null_cut,0.625
d511f180,null_cut,0.16666666666666666
d511f180,null_cut,0.2
d511f180,null_cut,0.009433962264150943
d511f180,null_cut,-0.07692307692307693
d511f180,null_cut,0.0
d511f180,null_cut,-0.01762114537444934
d511f180,null_cut,0.0
d511f180,null_cut,0.5871559633027523
d511f180,null_cut,-0.11504424778761062
d511f180,null_cut,0.021505376344086023
d511f180,null_cut,0.5333333333333333
d511f180,null_cut,0.4166666666666667
d511f180,null_len,0.2125
d511f180,null_len,1.0
d511f180,null_len,1.0
d511f180,null_len,0.07079646017699115
d511f180,null_len,-0.14545454545454545
d511f180,null_len,0.2857142857142857
d511f180,null_len,0.475
d511f180,null_len,0.475
d511f180,null_len,0.07079646017699115
d511f180,null_len,0.475
d511f180,null_len,0.07079646017699115
d511f180,null_len,0.07079646017699115
d511f180,null_len,1.0
d511f180,null_len,1.0
d511f180,null_len,-0.14545454545454545
d511f180,null_len,0.07079646017699115
d511f180,null_len,0.4424778761061947
d511f180,null_len,1.0
d511f180,null_len,0.475
d511f180,null_len,0.475
d511f180,null_len,-0.11504424778761062
d511f180,null_len,0.07079646017699115
d511f180,null_len,0.07079646017699115
d511f180,null_len,1.0
d511f180,null_len,1.0
d511f180,null_len,0.0
d511f180,null_len,1.0
d511f180,null_len,0.2125
d511f180,null_len,0.4424778761061947
d511f180,null_len,0.0
d511f180,null_len,-0.15384615384615385
d511f180,null_len,0.14479638009049775
d511f180,null_len,0.17647058823529413
d511f180,null_len,-0.07441860465116279
d511f180,null_len,0.0
d511f180,null_len,0.07079646017699115
d511f180,null_len,0.4424778761061947
d511f180,null_len,0.475
d511f180,null_len,1.0
d511f180,null_len,0.4424778761061947
d511f180,null_len,-0.14545454545454545
d511f180,null_len,0.0
d511f180,null_len,0.475
d511f180,null_len,0.4424778761061947
d511f180,null_len,-0.23529411764705882
d511f180,null_len,-0.14545454545454545
d511f180,null_len,0.4424778761061947
d511f180,null_len,0.4424778761061947
d511f180,null_len,1.0
d511f180,null_len,0.475
d5d6de2d,real,0.6489859594383776
d5d6de2d,real,0.818047084307131
d5d6de2d,real,0.7919350948742072
d5d6de2d,real,0.7803772444533985
d5d6de2d,real,0.5258498560017028
d5d6de2d,real,0.7763374109914186
d5d6de2d,real,0.2711626273270109
d5d6de2d,real,0.199288256227758
d5d6de2d,real,0.27474310438074634
d5d6de2d,real,0.7572377427369061
d5d6de2d,real,0.032426778242677826
d5d6de2d,real,0.8113953676055201
d5d6de2d,real,0.43319746559586747
d5d6de2d,real,0.36051064101235136
d5d6de2d,real,0.6406009068563838
d5d6de2d,real,0.23255813953488372
d5d6de2d,real,0.8314297988064004
d5d6de2d,real,0.8654929940549608
d5d6de2d,real,0.6319131361166008
d5d6de2d,real,0.41402771051605813
d5d6de2d,real,0.5651795851258937
d5d6de2d,real,0.3359853525486754
d5d6de2d,real,0.9685862261367254
d5d6de2d,real,0.43036663999623476
d5d6de2d,real,0.9315470156120842
d5d6de2d,real,0.3614450003248652
d5d6de2d,real,0.23070741829663732
d5d6de2d,real,0.3678777297417138
d5d6de2d,real,1.0
d5d6de2d,real,0.10673903211216644
d5d6de2d,real,0.48724362181090547
d5d6de2d,real,0.4004360465116279
d5d6de2d,real,0.24483306836248012
d5d6de2d,real,0.6510262583061655
d5d6de2d,real,0.15232133541992696
d5d6de2d,real,0.43717663712579624
d5d6de2d,real,0.6900651068540443
d5d6de2d,real,0.10673903211216644
d5d6de2d,real,0.49680044386905864
d5d6de2d,real,-0.06865284974093264
d5d6de2d,real,0.7839500173550851
d5d6de2d,real,0.5173856864597998
d5d6de2d,real,0.35677004357472347
d5d6de2d,real,0.2625545164942076
d5d6de2d,real,0.33622750109750743
d5d6de2d,real,0.6220105368396222
d5d6de2d,real,0.4158493773908663
d5d6de2d,real,0.35040876093447426
d5d6de2d,real,0.33579575309863074
d5d6de2d,real,0.3831968133214453
d5d6de2d,null_cut,0.14008755472170106
d5d6de2d,null_cut,0.4674181049665375
d5d6de2d,null_cut,0.20652999240698558
d5d6de2d,null_cut,0.044682525578207115
d5d6de2d,null_cut,0.21254942306140565
d5d6de2d,null_cut,0.3323522600790337
d5d6de2d,null_cut,0.24476239742293493
d5d6de2d,null_cut,0.16915058810930444
d5d6de2d,null_cut,0.2212624584717608
d5d6de2d,null_cut,0.2759385568017122
d5d6de2d,null_cut,0.23085653753026633
d5d6de2d,null_cut,0.06064601186552406
d5d6de2d,null_cut,0.19105882352941175
d5d6de2d,null_cut,0.3712098730058022
d5d6de2d,null_cut,0.04924884220038405
d5d6de2d,null_cut,1.0
d5d6de2d,null_cut,0.3255957402418338
d5d6de2d,null_cut,0.4133435582822086
d5d6de2d,null_cut,-0.008245205233912888
d5d6de2d,null_cut,0.19745071649117252
d5d6de2d,null_cut,0.2768502526706326
d5d6de2d,null_cut,0.16801839517126754
d5d6de2d,null_cut,0.08666666666666667
d5d6de2d,null_cut,0.36953516090584027
d5d6de2d,null_cut,0.33397534668721107
d5d6de2d,null_cut,0.04973664337402377
d5d6de2d,null_cut,0.029192279351766225
d5d6de2d,null_cut,0.46650174695876157
d5d6de2d,null_cut,0.17172020414290004
d5d6de2d,null_cut,0.026626475759859332
d5d6de2d,null_cut,0.053782717820007174
d5d6de2d,null_cut,0.03603230482501553
d5d6de2d,null_cut,0.6118437422244339
d5d6de2d,null_cut,0.3547247112942642
d5d6de2d,null_cut,0.16902760770343983
d5d6de2d,null_cut,0.03339567192091905
d5d6de2d,null_cut,0.32849282521024165
d5d6de2d,null_cut,0.06477732793522267
d5d6de2d,null_cut,0.387873591214779
d5d6de2d,null_cut,0.4472318339100346
d5d6de2d,null_cut,0.3345070422535211
d5d6de2d,null_cut,0.14145349822124342
d5d6de2d,null_cut,0.04810470848206697
d5d6de2d,null_cut,0.4226264639920259
d5d6de2d,null_cut,0.2063658062452324
d5d6de2d,null_cut,0.1460463560252539
d5d6de2d,null_cut,0.19541536740651072
d5d6de2d,null_cut,0.014530516631160829
d5d6de2d,null_cut,-0.006275886820637676
d5d6de2d,null_cut,-0.013805004314063849
d5d6de2d,null_len,0.5174633750697014
d5d6de2d,null_len,0.11421609555778962
d5d6de2d,null_len,0.49838314778029286
d5d6de2d,null_len,0.3420814336498045
d5d6de2d,null_len,0.6237673830594185
d5d6de2d,null_len,0.43201203634048957
d5d6de2d,null_len,0.5955831332216825
d5d6de2d,null_len,0.4254107481835439
d5d6de2d,null_len,0.2242791878172589
d5d6de2d,null_len,0.19614088181581008
d5d6de2d,null_len,0.24576963875361785
d5d6de2d,null_len,0.048806087641039095
d5d6de2d,null_len,0.21826469283207617
d5d6de2d,null_len,0.2935864406779661
d5d6de2d,null_len,0.29567958614557655
d5d6de2d,null_len,0.2815178441673351
d5d6de2d,null_len,0.278569573940753
d5d6de2d,null_len,0.31612573092152
d5d6de2d,null_len,0.2348636681426241
d5d6de2d,null_len,0.17412044720172534
d5d6de2d,null_len,0.17474113358011278
d5d6de2d,null_len,0.23126712877374217
d5d6de2d,null_len,0.2944347527668945
d5d6de2d,null_len,0.22504992140034838
d5d6de2d,null_len,0.5500884902884708
d5d6de2d,null_len,0.1915481487944624
d5d6de2d,null_len,0.44142813395060615
d5d6de2d,null_len,0.4371042393527838
d5d6de2d,null_len,0.26030149085234255
d5d6de2d,null_len,0.6047699377581293
d5d6de2d,null_len,-0.06009547879809042
d5d6de2d,null_len,0.006183745583038869
d5d6de2d,null_len,0.27583504385146485
d5d6de2d,null_len,0.16795665634674922
d5d6de2d,null_len,0.06414973604223324
d5d6de2d,null_len,-0.025179856115107913
d5d6de2d,null_len,0.1922569125727722
d5d6de2d,null_len,-0.043511257272957245
d5d6de2d,null_len,0.6407245890640725
d5d6de2d,null_len,0.4030229403901135
d5d6de2d,null_len,0.10921425376472342
d5d6de2d,null_len,-0.05526975333069516
d5d6de2d,null_len,0.21195814515445902
d5d6de2d,null_len,0.043105312477474234
d5d6de2d,null_len,0.31367706082124114
d5d6de2d,null_len,0.05252729648834366
d5d6de2d,null_len,0.37183815336515275
d5d6de2d,null_len,0.4150559511698881
d5d6de2d,null_len,0.0008024394158241052
d5d6de2d,null_len,0.0
d9f24cd1,real,0.584450850148306
d9f24cd1,real,0.7478260869565218
d9f24cd1,real,0.9229601518026566
d9f24cd1,real,0.8140370657458953
d9f24cd1,real,0.5241476783067324
d9f24cd1,real,0.7143491945935938
d9f24cd1,real,0.7483685150752852
d9f24cd1,real,0.9335775335775336
d9f24cd1,real,0.5697589923701102
d9f24cd1,real,0.7224338314288504
d9f24cd1,real,0.6986513376077824
d9f24cd1,real,0.7002583979328165
d9f24cd1,real,0.1935483870967742
d9f24cd1,real,0.640505662365025
d9f24cd1,real,0.4632255360759936
d9f24cd1,real,0.3990790483499616
d9f24cd1,real,0.8851363298794073
d9f24cd1,real,0.6613664596273292
d9f24cd1,real,0.5923852183650616
d9f24cd1,real,0.6161026837806302
d9f24cd1,real,0.6254248810333106
d9f24cd1,real,0.868923531039572
d9f24cd1,real,0.7357688302672684
d9f24cd1,real,0.3138350312191916
d9f24cd1,real,0.7982966643009226
d9f24cd1,real,0.7661290322580645
d9f24cd1,real,0.43383947939262474
d9f24cd1,real,0.9667245844671016
d9f24cd1,real,0.7661290322580645
d9f24cd1,real,0.3557600761662964
d9f24cd1,real,0.8355404605365656
d9f24cd1,real,0.6551492035001122
d9f24cd1,real,0.6247932812348
d9f24cd1,real,-0.28169014084507044
d9f24cd1,real,0.6560837596991157
d9f24cd1,real,0.4831829368334701
d9f24cd1,real,0.5559375
d9f24cd1,real,0.6063348416289592
d9f24cd1,real,0.5693670781096659
d9f24cd1,real,0.776817967645673
d9f24cd1,real,0.8218597754712984
d9f24cd1,real,0.36510536897758583
d9f24cd1,real,0.9570915239906996
d9f24cd1,real,0.6872335089039378
d9f24cd1,real,0.7672552166934189
d9f24cd1,real,0.4921911973497397
d9f24cd1,real,0.7381810095619302
d9f24cd1,real,0.3355155482815057
d9f24cd1,real,0.4489157165213503
d9f24cd1,real,0.7478260869565218
d9f24cd1,null_cut,0.4875452416436023
d9f24cd1,null_cut,0.12362959387712887
d9f24cd1,null_cut,0.21997052321296978
d9f24cd1,null_cut,0.3544625821496714
d9f24cd1,null_cut,0.07592446892210858
d9f24cd1,null_cut,0.04395604395604396
d9f24cd1,null_cut,0.06332162860210686
d9f24cd1,null_cut,0.4414814814814815
d9f24cd1,null_cut,0.22241758241758242
d9f24cd1,null_cut,0.17540121195977892
d9f24cd1,null_cut,-0.016558041218953674
d9f24cd1,null_cut,0.21214002949623534
d9f24cd1,null_cut,0.3387322987829706
d9f24cd1,null_cut,0.20427128037035786
d9f24cd1,null_cut,0.3844363738937273
d9f24cd1,null_cut,0.10741766697445368
d9f24cd1,null_cut,0.541210127306537
d9f24cd1,null_cut,0.7144489867686492
d9f24cd1,null_cut,0.6671524867917653
d9f24cd1,null_cut,0.16590977898879805
d9f24cd1,null_cut,0.3194204556705794
d9f24cd1,null_cut,0.4978386347167737
d9f24cd1,null_cut,0.1475295755045233
d9f24cd1,null_cut,0.27729163200798534
d9f24cd1,null_cut,0.42085145278785696
d9f24cd1,null_cut,0.3291061409576512
d9f24cd1,null_cut,0.48920739077879466
d9f24cd1,null_cut,0.3885081707959937
d9f24cd1,null_cut,0.2560665588167321
d9f24cd1,null_cut,0.49216355835741177
d9f24cd1,null_cut,0.5185037007401481
d9f24cd1,null_cut,0.5736130170554793
d9f24cd1,null_cut,0.2381878193245015
d9f24cd1,null_cut,0.4705684399450349
d9f24cd1,null_cut,0.25219959204798004
d9f24cd1,null_cut,0.19647774208352456
d9f24cd1,null_cut,0.23770760351823383
d9f24cd1,null_cut,0.1666521093545288
d9f24cd1,null_cut,0.13457517582208706
d9f24cd1,null_cut,0.3452855245683931
d9f24cd1,null_cut,0.041630901287553645
d9f24cd1,null_cut,0.5720346092083504
d9f24cd1,null_cut,0.3578579137359979
d9f24cd1,null_cut,0.6231510868914306
d9f24cd1,null_cut,0.17055655296229802
d9f24cd1,null_cut,0.26339381003201706
d9f24cd1,null_cut,0.4226060431180181
d9f24cd1,null_cut,0.19640929265464432
d9f24cd1,null_cut,0.21452353099973004
d9f24cd1,null_cut,-0.17647058823529413
d9f24cd1,null_len,0.25582613249541764
d9f24cd1,null_len,0.3163967711583222
d9f24cd1,null_len,0.32129061576914336
d9f24cd1,null_len,0.6099178676584535
d9f24cd1,null_len,0.3648531201112463
d9f24cd1,null_len,0.27200902934537247
d9f24cd1,null_len,0.49298510684221886
d9f24cd1,null_len,0.24720123145815842
d9f24cd1,null_len,0.088355091383812
d9f24cd1,null_len,0.3058510638297872
d9f24cd1,null_len,0.12866737363025804
d9f24cd1,null_len,0.5471221059937534
d9f24cd1,null_len,0.1494413407821229
d9f24cd1,null_len,0.46241186401403556
d9f24cd1,null_len,0.2918083462132921
d9f24cd1,null_len,0.4756262293527976
d9f24cd1,null_len,0.6291831068244922
d9f24cd1,null_len,0.36646697994762706
d9f24cd1,null_len,0.27614601330735583
d9f24cd1,null_len,0.42719614921780985
d9f24cd1,null_len,0.3656918161710494
d9f24cd1,null_len,0.5120702267739575
d9f24cd1,null_len,0.3899740472613031
d9f24cd1,null_len,0.28588824245704236
d9f24cd1,null_len,0.35036002215520956
d9f24cd1,null_len,0.2744299092143827
d9f24cd1,null_len,0.024939959357103268
d9f24cd1,null_len,0.4750540938881746
d9f24cd1,null_len,0.7648159700561448
d9f24cd1,null_len,0.5768759195684159
d9f24cd1,null_len,0.8542713567839196
d9f24cd1,null_len,0.5907258064516129
d9f24cd1,null_len,0.7928571428571428
d9f24cd1,null_len,-0.0975609756097561
d9f24cd1,null_len,0.4031575979701156
d9f24cd1,null_len,0.2621759147080204
d9f24cd1,null_len,0.4682515998541066
d9f24cd1,null_len,0.2116340251388483
d9f24cd1,null_len,-0.17857142857142858
d9f24cd1,null_len,0.3611985223696812
d9f24cd1,null_len,0.4771010696354508
d9f24cd1,null_len,0.610886299327593
d9f24cd1,null_len,0.459531416400426
d9f24cd1,null_len,0.26640103780578206
d9f24cd1,null_len,0.5412429378531074
d9f24cd1,null_len,0.70970882648249
d9f24cd1,null_len,0.4843057506064309
d9f24cd1,null_len,0.0
d9f24cd1,null_len,0.34660157716860684
d9f24cd1,null_len,0.36058412209965246
e69241bd,real,1.0
e69241bd,real,0.6248127468337192
e69241bd,real,0.6798418972332015
e69241bd,real,0.6955128205128205
e69241bd,real,0.8760600130463144
e69241bd,real,0.6955128205128205
e69241bd,real,0.8920863309352518
e69241bd,real,1.0
e69241bd,real,0.0
e69241bd,real,0.5810363836824697
e69241bd,real,0.8290048855746979
e69241bd,real,0.9044265593561368
e69241bd,real,0.618740184958995
e69241bd,real,0.5529774460490021
e69241bd,real,0.547945205479452
e69241bd,real,0.6955128205128205
e69241bd,real,0.5216515609264853
e69241bd,real,0.7366336633663366
e69241bd,real,1.0
e69241bd,real,0.8031088082901554
e69241bd,real,0.7744998304510003
e69241bd,real,0.6612466124661247
e69241bd,real,0.6729589428975932
e69241bd,real,0.7366336633663366
e69241bd,real,0.6675639300134589
e69241bd,real,0.8920863309352518
e69241bd,real,0.614635729352588
e69241bd,real,0.61602787456446
e69241bd,real,0.7193195625759417
e69241bd,real,0.8920863309352518
e69241bd,real,1.0
e69241bd,real,1.0
e69241bd,real,0.6884272997032641
e69241bd,real,0.9044265593561368
e69241bd,real,0.5528455284552846
e69241bd,real,0.9565217391304348
e69241bd,real,0.6534252128090798
e69241bd,real,1.0
e69241bd,real,0.7366336633663366
e69241bd,real,0.7866666666666666
e69241bd,real,1.0
e69241bd,real,0.7185920892141489
e69241bd,real,0.8031088082901554
e69241bd,real,0.5810363836824697
e69241bd,real,1.0
e69241bd,real,0.6955128205128205
e69241bd,real,0.5292620865139949
e69241bd,real,0.6947791164658634
e69241bd,real,0.7366336633663366
e69241bd,real,1.0
e69241bd,null_cut,0.25167388735722723
e69241bd,null_cut,-0.06499701848539058
e69241bd,null_cut,0.39672093291767696
e69241bd,null_cut,0.7412376779846659
e69241bd,null_cut,0.3390259329538267
e69241bd,null_cut,0.1886685351403129
e69241bd,null_cut,0.11932736876145306
e69241bd,null_cut,0.28794992175273865
e69241bd,null_cut,0.0
e69241bd,null_cut,0.3526813880126183
e69241bd,null_cut,0.019921736036997508
e69241bd,null_cut,0.5925925925925926
e69241bd,null_cut,0.21075137446548564
e69241bd,null_cut,0.5140664961636828
e69241bd,null_cut,-0.04204753199268738
e69241bd,null_cut,0.4701195219123506
e69241bd,null_cut,0.5163636363636364
e69241bd,null_cut,0.2898757832252391
e69241bd,null_cut,0.23799582463465555
e69241bd,null_cut,0.31838000193779675
e69241bd,null_cut,0.4008409250175193
e69241bd,null_cut,0.14116109356279272
e69241bd,null_cut,0.3191841234840132
e69241bd,null_cut,0.16132596685082873
e69241bd,null_cut,0.41400940930475694
e69241bd,null_cut,0.2076943771859026
e69241bd,null_cut,0.1424802110817942
e69241bd,null_cut,0.12112988775132602
e69241bd,null_cut,0.26262883318488356
e69241bd,null_cut,0.1607361963190184
e69241bd,null_cut,0.3047423887587822
e69241bd,null_cut,0.20367821844113598
e69241bd,null_cut,0.4479101684341859
e69241bd,null_cut,-0.5
e69241bd,null_cut,0.07079646017699115
e69241bd,null_cut,1.0
e69241bd,null_cut,0.5122280772868532
e69241bd,null_cut,0.0725563456671086
e69241bd,null_cut,-0.11578947368421053
e69241bd,null_cut,0.2951971885982038
e69241bd,null_cut,0.2954520667466463
e69241bd,null_cut,0.06460363709434341
e69241bd,null_cut,0.21905651564689396
e69241bd,null_cut,0.3333333333333333
e69241bd,null_cut,-0.02290720996516415
e69241bd,null_cut,0.38660209846650523
e69241bd,null_cut,0.08967815852515364
e69241bd,null_cut,0.10102003195280816
e69241bd,null_cut,0.05472636815920398
e69241bd,null_cut,0.34328577732019416
e69241bd,null_len,0.2593780057710805
e69241bd,null_len,0.41935483870967744
e69241bd,null_len,0.37367831819878095
e69241bd,null_len,0.19654259461143125
e69241bd,null_len,0.2318696355268068
e69241bd,null_len,0.31807305790397195
e69241bd,null_len,0.3144570286475683
e69241bd,null_len,0.24281984334203655
e69241bd,null_len,0.31137724550898205
e69241bd,null_len,0.0399002493765586
e69241bd,null_len,0.3333333333333333
e69241bd,null_len,0.57372737118985
e69241bd,null_len,0.5409197194076384
e69241bd,null_len,0.2918791683012946
e69241bd,null_len,0.18171714365101416
e69241bd,null_len,0.2570869990224829
e69241bd,null_len,0.3902439024390244
e69241bd,null_len,0.22278162366268092
e69241bd,null_len,0.33098591549295775
e69241bd,null_len,0.0
e69241bd,null_len,0.28142634169768277
e69241bd,null_len,0.29707112970711297
e69241bd,null_len,0.3136982495137538
e69241bd,null_len,0.4101599247412982
e69241bd,null_len,0.33361847733105215
e69241bd,null_len,0.3687261416654885
e69241bd,null_len,0.3504491218662019
e69241bd,null_len,0.38547854785478547
e69241bd,null_len,0.3453693495038589
e69241bd,null_len,0.2935052057511155
e69241bd,null_len,0.2235101798186952
e69241bd,null_len,0.4638447971781305
e69241bd,null_len,0.16096529419081976
e69241bd,null_len,0.38303512259774686
e69241bd,null_len,0.36768149882903983
e69241bd,null_len,1.0
e69241bd,null_len,0.2099009900990099
e69241bd,null_len,0.14679781888164226
e69241bd,null_len,1.0
e69241bd,null_len,0.18171714365101416
e69241bd,null_len,0.22062350119904076
e69241bd,null_len,0.2218177090105318
e69241bd,null_len,0.33252263207674637
e69241bd,null_len,0.2851485148514851
e69241bd,null_len,0.22062350119904076
e69241bd,null_len,0.36739659367396593
e69241bd,null_len,0.41247002398081534
e69241bd,null_len,0.19585522475189726
e69241bd,null_len,0.45656511906345615
e69241bd,null_len,0.32417352489887014
e8593010,real,0.6086956521739131
e8593010,real,0.3667306827932824
e8593010,real,0.8467619337184554
e8593010,real,0.7692307692307693
e8593010,real,0.14930555555555555
e8593010,real,0.4777148485594681
e8593010,real,0.5348128989195278
e8593010,real,0.661478101411574
e8593010,real,0.6648936170212766
e8593010,real,0.5798132503334815
e8593010,real,0.4672897196261682
e8593010,real,0.7674641148325358
e8593010,real,0.5761725273152345
e8593010,real,0.8168421052631579
e8593010,real,0.9205702647657841
e8593010,real,0.04060913705583756
e8593010,real,0.6325167037861915
e8593010,real,0.5387994143484627
e8593010,real,0.5276073619631901
e8593010,real,1.0
e8593010,real,0.4799701534300238
e8593010,real,0.8301886792452831
e8593010,real,0.22585160989267383
e8593010,real,0.5345430978613092
e8593010,real,0.5945945945945946
e8593010,real,0.16802472604664231
e8593010,real,0.85
e8593010,real,1.0
e8593010,real,0.46715328467153283
e8593010,real,0.570779712339137
e8593010,real,0.5452802526220819
e8593010,real,0.6658506731946144
e8593010,real,0.5626626998884343
e8593010,real,0.7105426549112133
e8593010,real,0.23428264373992477
e8593010,real,0.8524289642529789
e8593010,real,0.7724171148751706
e8593010,real,1.0
e8593010,real,0.7741010142403443
e8593010,real,0.693579766536965
e8593010,real,0.24821002386634844
e8593010,real,0.9694105460783996
e8593010,real,0.47790055248618785
e8593010,real,0.3782894736842105
e8593010,real,0.85
e8593010,real,0.42279776305873956
e8593010,real,0.8392911805720894
e8593010,real,0.7246722288438617
e8593010,real,0.5291369847016233
e8593010,real,0.2561307901907357
e8593010,null_cut,0.513188353819569
e8593010,null_cut,0.23492245835726594
e8593010,null_cut,0.30228595768848504
e8593010,null_cut,0.39938985636201857
e8593010,null_cut,0.07127522541863461
e8593010,null_cut,0.23235613463626492
e8593010,null_cut,0.17224246439218285
e8593010,null_cut,0.22943905525094896
e8593010,null_cut,0.2623562325147653
e8593010,null_cut,0.18303771053808318
e8593010,null_cut,0.0
e8593010,null_cut,0.1851106639839034
e8593010,null_cut,0.13858726071868352
e8593010,null_cut,0.2870045158053186
e8593010,null_cut,0.12717584369449378
e8593010,null_cut,0.4966565349544073
e8593010,null_cut,0.09052631578947369
e8593010,null_cut,0.24925521350546176
e8593010,null_cut,0.2476460231187323
e8593010,null_cut,0.197918958850712
e8593010,null_cut,0.23714536414156187
e8593010,null_cut,0.14819850441876276
e8593010,null_cut,0.4345260051641461
e8593010,null_cut,0.2857142857142857
e8593010,null_cut,0.09400544959128065
e8593010,null_cut,0.24705639330716794
e8593010,null_cut,0.5066705336426914
e8593010,null_cut,0.15397746671218845
e8593010,null_cut,0.212685687337892
e8593010,null_cut,0.147831926323868
e8593010,null_cut,0.46677115987460815
e8593010,null_cut,0.0674955595026643
e8593010,null_cut,0.0
e8593010,null_cut,0.23053775622189968
e8593010,null_cut,0.47958972946926415
e8593010,null_cut,0.1647699951915371
e8593010,null_cut,0.5231286795626577
e8593010,null_cut,0.05867970660146699
e8593010,null_cut,0.25925925925925924
e8593010,null_cut,0.07842602380059331
e8593010,null_cut,0.2860712054965647
e8593010,null_cut,0.4476650563607085
e8593010,null_cut,0.1816043898615103
e8593010,null_cut,0.14857762576124134
e8593010,null_cut,0.512202293443105
e8593010,null_cut,0.32630404614840414
e8593010,null_cut,0.12746567540020384
e8593010,null_cut,0.07987738910926794
e8593010,null_cut,0.06209850107066381
e8593010,null_cut,0.446532582461786
e8593010,null_len,0.21706710853355426
e8593010,null_len,0.09958711225606098
e8593010,null_len,0.13120445987578855
e8593010,null_len,0.08849557522123894
e8593010,null_len,0.27114967462039047
e8593010,null_len,0.10175402605395426
e8593010,null_len,0.08542579538959802
e8593010,null_len,0.5770925110132159
e8593010,null_len,0.25484544279892657
e8593010,null_len,0.044543429844097995
e8593010,null_len,0.20025906735751295
e8593010,null_len,0.19649752330434103
e8593010,null_len,0.3330365093499555
e8593010,null_len,0.34754935452551333
e8593010,null_len,0.2328635928307566
e8593010,null_len,0.21557776778611698
e8593010,null_len,0.1156954487452148
e8593010,null_len,0.29008462687242614
e8593010,null_len,0.43012411471846296
e8593010,null_len,0.11764705882352941
e8593010,null_len,0.27456258411843876
e8593010,null_len,0.2553191489361702
e8593010,null_len,0.2813688212927757
e8593010,null_len,0.15434291249596382
e8593010,null_len,0.45517241379310347
e8593010,null_len,0.0
e8593010,null_len,0.2527257478333799
e8593010,null_len,0.3781190019193858
e8593010,null_len,0.29692508607384543
e8593010,null_len,0.22391491807990802
e8593010,null_len,0.36915403798196816
e8593010,null_len,0.24918263315169625
e8593010,null_len,0.15833057303742962
e8593010,null_len,0.14549635577035508
e8593010,null_len,0.2596605145216501
e8593010,null_len,0.1919104014529494
e8593010,null_len,0.05526612221909321
e8593010,null_len,0.42904561220303583
e8593010,null_len,0.4084392750879091
e8593010,null_len,0.2260127931769723
e8593010,null_len,0.013509364445809026
e8593010,null_len,0.07228915662650602
e8593010,null_len,0.07899461400359066
e8593010,null_len,0.07150328040315679
e8593010,null_len,0.0002975304968759298
e8593010,null_len,0.11836734693877551
e8593010,null_len,0.40068767908309455
e8593010,null_len,0.19775280898876405
e8593010,null_len,0.4045031330760789
e8593010,null_len,0.14541234844544035
ecaa0ec1,real,0.5471698113207547
ecaa0ec1,real,0.5039370078740157
ecaa0ec1,real,0.18947368421052632
ecaa0ec1,real,0.0
ecaa0ec1,real,0.1450381679389313
ecaa0ec1,real,0.5985130111524164
ecaa0ec1,real,0.4424778761061947
ecaa0ec1,real,0.2831858407079646
ecaa0ec1,real,0.0
ecaa0ec1,real,0.09900990099009901
ecaa0ec1,real,0.45454545454545453
ecaa0ec1,real,0.018691588785046728
ecaa0ec1,real,0.3076923076923077
ecaa0ec1,real,0.26666666666666666
ecaa0ec1,real,1.0
ecaa0ec1,real,0.7476635514018691
ecaa0ec1,real,0.0
ecaa0ec1,real,0.352
ecaa0ec1,real,0.2222222222222222
ecaa0ec1,real,0.0
ecaa0ec1,real,0.4444444444444444
ecaa0ec1,real,0.5512239347234814
ecaa0ec1,real,0.1951219512195122
ecaa0ec1,real,0.0
ecaa0ec1,real,0.13793103448275862
ecaa0ec1,real,0.0
ecaa0ec1,real,0.6956521739130435
ecaa0ec1,real,1.0
ecaa0ec1,real,0.4827586206896552
ecaa0ec1,real,0.0625
ecaa0ec1,real,0.8085106382978723
ecaa0ec1,real,0.352
ecaa0ec1,real,0.2857142857142857
ecaa0ec1,real,0.14285714285714285
ecaa0ec1,real,0.3424657534246575
ecaa0ec1,real,-0.23529411764705882
ecaa0ec1,real,0.2777777777777778
ecaa0ec1,real,0.509090909090909
ecaa0ec1,real,0.6590909090909091
ecaa0ec1,real,0.35051546391752575
ecaa0ec1,real,0.15
ecaa0ec1,real,0.5714285714285714
ecaa0ec1,real,-0.25
ecaa0ec1,real,0.562753036437247
ecaa0ec1,real,0.782608695652174
ecaa0ec1,real,0.4295774647887324
ecaa0ec1,real,0.7683235046335299
ecaa0ec1,real,-0.2857142857142857
ecaa0ec1,real,0.0
ecaa0ec1,real,0.38235294117647056
ecaa0ec1,null_cut,0.0
ecaa0ec1,null_cut,0.0
ecaa0ec1,null_cut,0.38197424892703863
ecaa0ec1,null_cut,0.0
ecaa0ec1,null_cut,0.4098360655737705
ecaa0ec1,null_cut,0.10989010989010989
ecaa0ec1,null_cut,0.27586206896551724
ecaa0ec1,null_cut,0.0
ecaa0ec1,null_cut,-0.17391304347826086
ecaa0ec1,null_cut,0.2857142857142857
ecaa0ec1,null_cut,0.021505376344086023
ecaa0ec1,null_cut,0.0
ecaa0ec1,null_cut,-0.15384615384615385
ecaa0ec1,null_cut,0.4444444444444444
ecaa0ec1,null_cut,0.2204724409448819
ecaa0ec1,null_cut,0.2222222222222222
ecaa0ec1,null_cut,0.40476190476190477
ecaa0ec1,null_cut,0.02608695652173913
ecaa0ec1,null_cut,-0.04727272727272727
ecaa0ec1,null_cut,0.3333333333333333
ecaa0ec1,null_cut,0.2222222222222222
ecaa0ec1,null_cut,0.40331491712707185
ecaa0ec1,null_cut,0.0
ecaa0ec1,null_cut,0.0
ecaa0ec1,null_cut,0.05555555555555555
ecaa0ec1,null_cut,0.3076923076923077
ecaa0ec1,null_cut,-0.03924418604651163
ecaa0ec1,null_cut,0.09688013136288999
ecaa0ec1,null_cut,0.0055248618784530384
ecaa0ec1,null_cut,0.0
ecaa0ec1,null_cut,0.0
ecaa0ec1,null_cut,-0.32432432432432434
ecaa0ec1,null_cut,0.0
ecaa0ec1,null_cut,0.16494845360824742
ecaa0ec1,null_cut,-0.17391304347826086
ecaa0ec1,null_cut,0.2857142857142857
ecaa0ec1,null_cut,0.0
ecaa0ec1,null_cut,-0.07142857142857142
ecaa0ec1,null_cut,0.16279069767441862
ecaa0ec1,null_cut,0.047619047619047616
ecaa0ec1,null_cut,0.0
ecaa0ec1,null_cut,-0.2962962962962963
ecaa0ec1,null_cut,0.23636363636363636
ecaa0ec1,null_cut,-0.015037593984962405
ecaa0ec1,null_cut,-0.11627906976744186
ecaa0ec1,null_cut,-0.035398230088495575
ecaa0ec1,null_cut,1.0
ecaa0ec1,null_cut,0.4444444444444444
ecaa0ec1,null_cut,0.422680412371134
ecaa0ec1,null_cut,-0.2962962962962963
ecaa0ec1,null_len,0.47761194029850745
ecaa0ec1,null_len,1.0
ecaa0ec1,null_len,0.21428571428571427
ecaa0ec1,null_len,0.0
ecaa0ec1,null_len,-0.0016556291390728477
ecaa0ec1,null_len,0.034334763948497854
ecaa0ec1,null_len,-0.1111111111111111
ecaa0ec1,null_len,0.07476635514018691
ecaa0ec1,null_len,-0.2
ecaa0ec1,null_len,1.0
ecaa0ec1,null_len,-0.17647058823529413
ecaa0ec1,null_len,-0.020618556701030927
ecaa0ec1,null_len,-0.15384615384615385
ecaa0ec1,null_len,-0.07441860465116279
ecaa0ec1,null_len,0.027777777777777776
ecaa0ec1,null_len,-0.05263157894736842
ecaa0ec1,null_len,-0.1111111111111111
ecaa0ec1,null_len,0.13793103448275862
ecaa0ec1,null_len,-0.3333333333333333
ecaa0ec1,null_len,-0.11535688536409516
ecaa0ec1,null_len,0.0
ecaa0ec1,null_len,0.29411764705882354
ecaa0ec1,null_len,-0.06403940886699508
ecaa0ec1,null_len,-0.23853211009174313
ecaa0ec1,null_len,0.18181818181818182
ecaa0ec1,null_len,-0.06060606060606061
ecaa0ec1,null_len,0.24615384615384617
ecaa0ec1,null_len,0.20441988950276244
ecaa0ec1,null_len,-0.3157894736842105
ecaa0ec1,null_len,0.0
ecaa0ec1,null_len,0.0
ecaa0ec1,null_len,0.05263157894736842
ecaa0ec1,null_len,0.7049180327868853
ecaa0ec1,null_len,-0.046511627906976744
ecaa0ec1,null_len,0.375
ecaa0ec1,null_len,-0.2222222222222222
ecaa0ec1,null_len,-0.1111111111111111
ecaa0ec1,null_len,0.0
ecaa0ec1,null_len,0.2857142857142857
ecaa0ec1,null_len,0.6746987951807228
ecaa0ec1,null_len,0.0
ecaa0ec1,null_len,1.0
ecaa0ec1,null_len,-0.16470588235294117
ecaa0ec1,null_len,0.1891891891891892
ecaa0ec1,null_len,1.0
ecaa0ec1,null_len,0.47761194029850745
ecaa0ec1,null_len,0.2857142857142857
ecaa0ec1,null_len,-0.18604651162790697
ecaa0ec1,null_len,0.46357615894039733
ecaa0ec1,null_len,0.0
fe9372f3,real,0.07199855324728169
fe9372f3,real,0.41800379788805275
fe9372f3,real,0.57957855171798
fe9372f3,real,0.5168883430030544
fe9372f3,real,0.334710121904316
fe9372f3,real,0.29660821894877804
fe9372f3,real,0.5905011219147345
fe9372f3,real,0.5949091626232161
fe9372f3,real,0.3547883143258866
fe9372f3,real,0.0
fe9372f3,real,0.4594575534900777
fe9372f3,real,0.5525728132275384
fe9372f3,real,0.5374710387457812
fe9372f3,real,0.6925953627524308
fe9372f3,real,0.2852299249353435
fe9372f3,real,0.4377451302758085
fe9372f3,real,0.4321002403406935
fe9372f3,real,0.32734146014393267
fe9372f3,real,0.5134186526606536
fe9372f3,real,0.7208140965221975
fe9372f3,real,0.41853889300817465
fe9372f3,real,0.4415072131825484
fe9372f3,real,0.3609861869579184
fe9372f3,real,0.3826927360235515
fe9372f3,real,0.4594575534900777
fe9372f3,real,0.5169551023273774
fe9372f3,real,0.3943664648806865
fe9372f3,real,0.6461056922405009
fe9372f3,real,0.45688017072529014
fe9372f3,real,0.3487014821972252
fe9372f3,real,0.3576393442622951
fe9372f3,real,0.3548387096774194
fe9372f3,real,0.5141624270023837
fe9372f3,real,0.39641774943979374
fe9372f3,real,-0.1111111111111111
fe9372f3,real,0.16195624195624195
fe9372f3,real,0.27611937230460576
fe9372f3,real,0.4782608695652174
fe9372f3,real,0.3981268306794759
fe9372f3,real,0.0
fe9372f3,real,0.24428289423733962
fe9372f3,real,0.41945953088139354
fe9372f3,real,0.6941243606322215
fe9372f3,real,0.43130643826140863
fe9372f3,real,0.558311345646438
fe9372f3,real,0.3555468472371643
fe9372f3,real,0.41531168683789815
fe9372f3,real,0.28945645055664704
fe9372f3,real,0.4233082888411084
fe9372f3,real,0.6161756277462601
fe9372f3,null_cut,0.16373456858924917
fe9372f3,null_cut,0.39824227407435486
fe9372f3,null_cut,0.13500273843867805
fe9372f3,null_cut,0.19454316624171009
fe9372f3,null_cut,0.2760935495748289
fe9372f3,null_cut,0.2288319471545673
fe9372f3,null_cut,0.13043478260869565
fe9372f3,null_cut,-0.08
fe9372f3,null_cut,0.20097150864082206
fe9372f3,null_cut,0.2149983225327989
fe9372f3,null_cut,0.28596862277401447
fe9372f3,null_cut,0.2322071167018092
fe9372f3,null_cut,0.13492760159131542
fe9372f3,null_cut,0.14701203062728468
fe9372f3,null_cut,0.18948638981832383
fe9372f3,null_cut,0.1527435148599897
fe9372f3,null_cut,0.1978732421986197
fe9372f3,null_cut,0.2608131971298925
fe9372f3,null_cut,0.3239799881917902
fe9372f3,null_cut,0.20909409865974318
fe9372f3,null_cut,0.15262782691892804
fe9372f3,null_cut,0.2297248493920726
fe9372f3,null_cut,0.1025646176317821
fe9372f3,null_cut,-0.0975609756097561
fe9372f3,null_cut,0.29880478087649404
fe9372f3,null_cut,0.3225456096289627
fe9372f3,null_cut,0.16451398187549046
fe9372f3,null_cut,0.0
fe9372f3,null_cut,0.19366795138735066
fe9372f3,null_cut,0.12755325487617747
fe9372f3,null_cut,0.12038787760954626
fe9372f3,null_cut,-0.06060606060606061
fe9372f3,null_cut,0.07146431391338492
fe9372f3,null_cut,0.1802002512855718
fe9372f3,null_cut,0.19827465668973057
fe9372f3,null_cut,0.08388852961965922
fe9372f3,null_cut,0.2959625196343534
fe9372f3,null_cut,0.17342845208653243
fe9372f3,null_cut,0.1602429379015724
fe9372f3,null_cut,0.21764884150205252
fe9372f3,null_cut,0.36886739894491405
fe9372f3,null_cut,0.299925205684368
fe9372f3,null_cut,0.18933149810232772
fe9372f3,null_cut,0.3156390629724714
fe9372f3,null_cut,0.18823529411764706
fe9372f3,null_cut,0.15937621971596722
fe9372f3,null_cut,0.08556377715577834
fe9372f3,null_cut,0.09559268315541053
fe9372f3,null_cut,0.2725800697093614
fe9372f3,null_cut,0.1787641348685909
fe9372f3,null_len,0.20768369368593334
fe9372f3,null_len,0.04513380625304958
fe9372f3,null_len,0.3270655139994038
fe9372f3,null_len,0.15307668850550282
fe9372f3,null_len,0.207492795389049
fe9372f3,null_len,0.08820960698689956
fe9372f3,null_len,0.19501856804131523
fe9372f3,null_len,0.5001942501942502
fe9372f3,null_len,0.22616259250706516
fe9372f3,null_len,0.19214089923495478
fe9372f3,null_len,0.3006310165353968
fe9372f3,null_len,0.29761187737155936
fe9372f3,null_len,0.366454868151515
fe9372f3,null_len,0.12442885117493473
fe9372f3,null_len,0.2566515718675111
fe9372f3,null_len,0.3158712802768166
fe9372f3,null_len,0.2423929321134995
fe9372f3,null_len,0.3436118711850137
fe9372f3,null_len,0.1222936211181515
fe9372f3,null_len,0.08394176351147017
fe9372f3,null_len,0.11937097927090778
fe9372f3,null_len,0.12933920420898276
fe9372f3,null_len,0.15377766698124967
fe9372f3,null_len,0.2886852724978905
fe9372f3,null_len,0.2
fe9372f3,null_len,0.00471253534401508
fe9372f3,null_len,0.23372262000061364
fe9372f3,null_len,0.19962392693733236
fe9372f3,null_len,0.3365735980384402
fe9372f3,null_len,0.2282384205433354
fe9372f3,null_len,0.29449539826103543
fe9372f3,null_len,0.2678078831369899
fe9372f3,null_len,0.25927112706143723
fe9372f3,null_len,0.3922577795015436
fe9372f3,null_len,0.26788685524126454
fe9372f3,null_len,0.20177614498434301
fe9372f3,null_len,0.1866837251452636
fe9372f3,null_len,0.22537900559375432
fe9372f3,null_len,0.24405589067851707
fe9372f3,null_len,0.326163061017969
fe9372f3,null_len,0.29050939842090495
fe9372f3,null_len,0.04
fe9372f3,null_len,0.18018347934683607
fe9372f3,null_len,0.1506661885709972
fe9372f3,null_len,0.18924538508350802
fe9372f3,null_len,0.47596760055069587
fe9372f3,null_len,0.5940074464418242
fe9372f3,null_len,0.3634447506768816
fe9372f3,null_len,0.2511742087398705
fe9372f3,null_len,0.1704318766943445
