subject_id,task_id,n_edits,n_click,n_drag,n_unknown,n_strokes,drag_frac
qu0lm98m,23581191,36,13,23,0,13,0.6388888888888888
jayyv6lz,23581191,38,6,32,0,6,0.8421052631578947
ldo5smvx,23581191,70,13,57,0,13,0.8142857142857143
0yfthc4y,23581191,86,66,20,0,66,0.23255813953488372
ei0ij8ms,23581191,39,9,30,0,9,0.7692307692307693
2tkm21z6,23581191,32,31,1,0,31,0.03125
yfyhejim,23581191,83,10,73,0,10,0.8795180722891566
g7svteiz,23581191,33,16,17,0,16,0.5151515151515151
c2lwacqc,23581191,37,33,4,0,33,0.10810810810810811
cw4tyx7n,23581191,4,1,3,0,1,0.75
72p6pxny,23581191,48,10,38,0,10,0.7916666666666666
rhbgnqhz,23581191,92,37,55,0,37,0.5978260869565217
hd5k29qy,23581191,87,18,69,0,18,0.7931034482758621
gkse9wdn,23581191,32,32,0,0,32,0.0
189iqcds,23581191,60,10,50,0,10,0.8333333333333334
mzi8f2hv,23581191,74,29,45,0,29,0.6081081081081081
xgvto4mg,23581191,32,32,0,0,32,0.0
fgxp8fzz,23581191,38,6,32,0,6,0.8421052631578947
9pjr0waw,23581191,35,21,14,0,21,0.4
kck1uue7,23581191,45,16,29,0,16,0.6444444444444445
nx0vccp8,23581191,45,45,0,0,45,0.0
8psac9uo,23581191,33,16,17,0,16,0.5151515151515151
jqeesfz7,23581191,35,35,0,0,35,0.0
xji13cu2,23581191,122,29,93,0,29,0.7622950819672131
8y2nd2sh,23581191,59,14,45,0,14,0.7627118644067796
aypxap78,23581191,49,27,22,0,27,0.4489795918367347
l0nln4b2,23581191,59,59,0,0,59,0.0
ascil7wf,23581191,33,14,19,0,14,0.5757575757575758
yebzokh4,23581191,58,18,40,0,18,0.6896551724137931
kavvl57w,23581191,35,9,26,0,9,0.7428571428571429
idma9086,23581191,65,27,38,0,27,0.5846153846153846
r99uy0qb,23581191,79,16,63,0,16,0.7974683544303798
7nszfy43,23581191,12,11,0,1,11,0.0
b73rrttr,23581191,9,9,0,0,9,0.0
g3vslpjv,23581191,54,21,33,0,21,0.6111111111111112
2d8q4qkc,23581191,44,13,31,0,13,0.7045454545454546
o2ho0580,23581191,34,26,8,0,26,0.23529411764705882
bx44xwzb,23581191,87,25,62,0,25,0.7126436781609196
c9sps7bl,23581191,40,8,32,0,8,0.8
qfiy90jx,23581191,38,6,32,0,6,0.8421052631578947
8oohxrrz,23581191,34,16,18,0,16,0.5294117647058824
x5id5i5q,23581191,32,32,0,0,32,0.0
hkj9daz7,23581191,35,10,25,0,10,0.7142857142857143
zfeorjum,23581191,57,17,40,0,17,0.7017543859649122
w12e497z,23581191,2,2,0,0,2,0.0
9ohxtpht,23581191,34,18,16,0,18,0.47058823529411764
0wk7vjg8,23581191,36,8,28,0,8,0.7777777777777778
1r6yodve,23581191,33,33,0,0,33,0.0
k0qq522n,23581191,106,36,70,0,36,0.660377358490566
cbvc5e3w,23581191,36,36,0,0,36,0.0
fl73adm5,23581191,42,7,35,0,7,0.8333333333333334
4j6cy1mk,23581191,96,36,60,0,36,0.625
oxvw1rhx,23581191,38,38,0,0,38,0.0
8d21w3yr,23581191,33,32,1,0,32,0.030303030303030304
jx6lhkbi,23581191,43,6,37,0,6,0.8604651162790697
cfclud8z,23581191,44,5,39,0,5,0.8863636363636364
z8b26ynw,23581191,48,5,43,0,5,0.8958333333333334
zelqv7az,23581191,39,9,30,0,9,0.7692307692307693
ya0wv6pm,23581191,68,34,34,0,34,0.5
9evwb372,23581191,45,5,40,0,5,0.8888888888888888
mpzcivx9,23581191,46,13,33,0,13,0.717391304347826
1qt2f29y,23581191,37,18,19,0,18,0.5135135135135135
clhkwrie,23581191,43,15,28,0,15,0.6511627906976745
sp00glmz,23581191,34,34,0,0,34,0.0
8jwr3j6t,23581191,57,14,43,0,14,0.7543859649122807
p445h6ow,23581191,47,7,40,0,7,0.851063829787234
z3die4q3,23581191,54,23,31,0,23,0.5740740740740741
mhskzwic,23581191,34,14,20,0,14,0.5882352941176471
50nsp39w,23581191,165,33,132,0,33,0.8
8yhijukj,23581191,98,15,82,1,15,0.8367346938775511
om1m73rv,23581191,102,23,79,0,23,0.7745098039215687
vbwguazj,23581191,34,18,16,0,18,0.47058823529411764
7agy8y3l,23581191,57,21,36,0,21,0.631578947368421
o1t1fb7j,23581191,39,18,21,0,18,0.5384615384615384
nrfiw9bx,23581191,32,12,20,0,12,0.625
pz38obzd,23581191,51,11,40,0,11,0.7843137254901961
xklnx39q,23581191,43,11,32,0,11,0.7441860465116279
nldu5ge3,23581191,33,12,21,0,12,0.6363636363636364
t3l0if03,23581191,37,12,25,0,12,0.6756756756756757
ler5uq42,23581191,32,32,0,0,32,0.0
4wx63ymf,23581191,87,27,60,0,27,0.6896551724137931
nfbzvhip,23581191,41,18,23,0,18,0.5609756097560976
onnumbyy,23581191,42,13,29,0,13,0.6904761904761905
m63pxnwq,23581191,38,7,31,0,7,0.8157894736842105
mr7lkk46,23581191,38,14,24,0,14,0.631578947368421
2w766g1z,23581191,36,8,28,0,8,0.7777777777777778
nqubyvew,23581191,136,37,99,0,37,0.7279411764705882
bcyhma9y,23581191,42,42,0,0,42,0.0
pcrxo3zp,23581191,51,10,41,0,10,0.803921568627451
f5ktzt2t,23581191,110,28,82,0,28,0.7454545454545455
kkeej6x5,23581191,33,33,0,0,33,0.0
74l1qvc1,23581191,1,1,0,0,1,0.0
byx9jkxm,23581191,45,18,27,0,18,0.6
j2pjmr32,23581191,55,25,30,0,25,0.5454545454545454
y8mzyzjc,23581191,71,37,34,0,37,0.4788732394366197
bmlngyh3,23581191,45,7,38,0,7,0.8444444444444444
clucow7d,23581191,72,18,54,0,18,0.75
3d2as981,23581191,96,21,75,0,21,0.78125
cghxa2ie,23581191,35,13,22,0,13,0.6285714285714286
o5qropwk,23581191,34,34,0,0,34,0.0
5nrjvc7q,23581191,93,39,54,0,39,0.5806451612903226
61zahdh9,23581191,35,9,26,0,9,0.7428571428571429
5hz183aa,23581191,67,67,0,0,67,0.0
emwp6wq7,23581191,30,27,3,0,27,0.1
pad0sufd,23581191,64,4,60,0,4,0.9375
xeu3j3ki,23581191,67,10,57,0,10,0.8507462686567164
npr5bsi2,23581191,35,35,0,0,35,0.0
ym49wqbn,23581191,65,41,24,0,41,0.36923076923076925
cp3b83py,23581191,119,21,98,0,21,0.8235294117647058
27d8totr,23581191,42,9,33,0,9,0.7857142857142857
fkx2gd88,23581191,75,19,56,0,19,0.7466666666666667
91fk0af9,23581191,125,35,90,0,35,0.72
qothvfhf,23581191,35,35,0,0,35,0.0
kmwiem6m,23581191,34,13,21,0,13,0.6176470588235294
5pds9j1d,23581191,33,33,0,0,33,0.0
ikfbpugl,23581191,39,14,25,0,14,0.6410256410256411
dmft9d3y,23581191,47,33,14,0,33,0.2978723404255319
6e5gb0yb,23581191,55,13,42,0,13,0.7636363636363637
icf7bchs,23581191,46,15,31,0,15,0.6739130434782609
aqmjput5,23581191,42,11,31,0,11,0.7380952380952381
l9krayds,23581191,75,27,48,0,27,0.64
f5ohsl5h,23581191,1,1,0,0,1,0.0
szbhlpfr,23581191,35,35,0,0,35,0.0
phbjwkyw,23581191,31,31,0,0,31,0.0
89u58v07,23581191,80,22,58,0,22,0.725
hsm45iwx,23581191,41,12,29,0,12,0.7073170731707317
e2w81k0i,23581191,68,18,50,0,18,0.7352941176470589
4s3cm7d8,23581191,35,28,7,0,28,0.2
sn10zd6g,23581191,37,12,25,0,12,0.6756756756756757
44o5xnxe,23581191,75,31,44,0,31,0.5866666666666667
ihnjt6k4,23581191,76,30,45,1,30,0.5921052631578947
qkiu92kk,23581191,72,23,49,0,23,0.6805555555555556
02333qfj,23581191,40,22,18,0,22,0.45
qfsp3ery,23581191,104,21,83,0,21,0.7980769230769231
q04yitea,23581191,75,10,65,0,10,0.8666666666666667
y32zaw9c,23581191,32,32,0,0,32,0.0
cuybsfwr,23581191,45,6,39,0,6,0.8666666666666667
0ra11hiv,23581191,38,38,0,0,38,0.0
nze0azo1,23581191,83,40,43,0,40,0.5180722891566265
r2ck84r8,23581191,31,23,8,0,23,0.25806451612903225
3cc6zm51,23581191,35,19,16,0,19,0.45714285714285713
ske58akk,23581191,30,30,0,0,30,0.0
ovhoesyy,23581191,39,9,30,0,9,0.7692307692307693
r24jdhzg,23581191,57,29,28,0,29,0.49122807017543857
stbyxpx6,23581191,32,13,19,0,13,0.59375
zvbewhqx,23581191,32,29,3,0,29,0.09375
0hrc9vve,23581191,52,22,30,0,22,0.5769230769230769
plfupad7,23581191,35,16,19,0,16,0.5428571428571428
ism64anu,23581191,43,6,37,0,6,0.8604651162790697
qazkn1sw,23581191,50,40,10,0,40,0.2
f0wpo2hr,23581191,96,14,82,0,14,0.8541666666666666
c7z6erey,23581191,35,10,25,0,10,0.7142857142857143
ni5df01j,23581191,89,18,71,0,18,0.797752808988764
mrwlcmno,23581191,32,32,0,0,32,0.0
ew4oecfi,23581191,54,28,26,0,28,0.48148148148148145
08vqizpx,23581191,37,37,0,0,37,0.0
2j8p9vyz,23581191,52,18,34,0,18,0.6538461538461539
s03ed531,23581191,33,33,0,0,33,0.0
wcau806y,23581191,32,32,0,0,32,0.0
d1vjrjhc,23581191,41,20,21,0,20,0.5121951219512195
o4kkkuj9,23581191,77,31,46,0,31,0.5974025974025974
k8txaw58,23581191,35,10,25,0,10,0.7142857142857143
t2eyvuxq,23581191,93,13,80,0,13,0.8602150537634409
qv0yh587,23581191,4,4,0,0,4,0.0
1xogp17t,23581191,16,5,11,0,5,0.6875
uktb326q,23581191,40,38,2,0,38,0.05
bw2cwy0m,23581191,122,35,87,0,35,0.7131147540983607
kwy2bqjo,23581191,55,16,39,0,16,0.7090909090909091
cdo2cmtp,23581191,39,20,19,0,20,0.48717948717948717
zj5uemkt,23581191,31,31,0,0,31,0.0
v6jvgdvg,23581191,72,72,0,0,72,0.0
l5sagbsh,23581191,30,15,15,0,15,0.5
ljwskxcq,23581191,37,10,27,0,10,0.7297297297297297
3irnkhq8,23581191,42,21,21,0,21,0.5
4s9g1cze,23581191,32,12,20,0,12,0.625
vpxztp7b,23581191,62,24,38,0,24,0.6129032258064516
f1ejz9fy,23581191,88,21,67,0,21,0.7613636363636364
a9gvtd1o,23581191,32,32,0,0,32,0.0
e0biso3r,23581191,55,6,49,0,6,0.8909090909090909
41kp06jx,23581191,32,18,14,0,18,0.4375
a0w1xgxf,23581191,41,21,20,0,21,0.4878048780487805
6eyovdd2,23581191,39,23,16,0,23,0.41025641025641024
a6jpzpek,23581191,27,8,19,0,8,0.7037037037037037
648anokh,23581191,44,7,37,0,7,0.8409090909090909
rjanlii9,23581191,36,8,28,0,8,0.7777777777777778
jeq3oy2g,23581191,25,2,23,0,2,0.92
mrypomny,23581191,37,20,17,0,20,0.4594594594594595
tc5wgx8h,23581191,40,11,29,0,11,0.725
8bgj1tsd,23581191,34,16,18,0,16,0.5294117647058824
nhds6zsd,23581191,38,6,32,0,6,0.8421052631578947
xasfvnb7,23581191,32,31,1,0,31,0.03125
03ljcqhc,23581191,43,15,28,0,15,0.6511627906976745
ce9qdbyh,23581191,56,26,30,0,26,0.5357142857142857
904h81sn,23581191,72,20,52,0,20,0.7222222222222222
j2dvablb,23581191,37,7,30,0,7,0.8108108108108109
uktb326q,baf41dbf,47,42,5,0,42,0.10638297872340426
kwy2bqjo,baf41dbf,6,6,0,0,6,0.0
bw2cwy0m,baf41dbf,120,57,63,0,57,0.525
3irnkhq8,baf41dbf,80,6,74,0,6,0.925
v6jvgdvg,baf41dbf,48,46,2,0,46,0.041666666666666664
l5sagbsh,baf41dbf,54,4,50,0,4,0.9259259259259259
ljwskxcq,baf41dbf,80,9,71,0,9,0.8875
zj5uemkt,baf41dbf,39,3,36,0,3,0.9230769230769231
s03ed531,baf41dbf,47,47,0,0,47,0.0
6p8vl3lk,baf41dbf,46,6,40,0,6,0.8695652173913043
2j8p9vyz,baf41dbf,60,7,53,0,7,0.8833333333333333
wcau806y,baf41dbf,64,16,48,0,16,0.75
eyn3wygc,baf41dbf,71,68,3,0,68,0.04225352112676056
ew4oecfi,baf41dbf,170,30,140,0,30,0.8235294117647058
mrwlcmno,baf41dbf,50,50,0,0,50,0.0
qv0yh587,baf41dbf,55,55,0,0,55,0.0
mlvcv31l,baf41dbf,50,12,38,0,12,0.76
o4kkkuj9,baf41dbf,54,35,19,0,35,0.35185185185185186
k8txaw58,baf41dbf,98,8,90,0,8,0.9183673469387755
d1vjrjhc,baf41dbf,129,9,119,1,9,0.9224806201550387
a589fsqz,baf41dbf,60,23,37,0,23,0.6166666666666667
4stfwpke,baf41dbf,90,7,83,0,7,0.9222222222222223
nhds6zsd,baf41dbf,53,53,0,0,53,0.0
vr20hyge,baf41dbf,75,19,56,0,19,0.7466666666666667
j2dvablb,baf41dbf,70,5,65,0,5,0.9285714285714286
904h81sn,baf41dbf,71,46,25,0,46,0.352112676056338
a0w1xgxf,baf41dbf,136,28,108,0,28,0.7941176470588235
lmtka1ev,baf41dbf,66,4,62,0,4,0.9393939393939394
a6jpzpek,baf41dbf,32,4,28,0,4,0.875
6eyovdd2,baf41dbf,114,12,102,0,12,0.8947368421052632
f1ejz9fy,baf41dbf,106,27,79,0,27,0.7452830188679245
vpxztp7b,baf41dbf,53,17,36,0,17,0.6792452830188679
a9gvtd1o,baf41dbf,105,13,92,0,13,0.8761904761904762
e0biso3r,baf41dbf,68,68,0,0,68,0.0
jeq3oy2g,baf41dbf,53,16,36,1,16,0.6792452830188679
mrypomny,baf41dbf,61,9,52,0,9,0.8524590163934426
rjanlii9,baf41dbf,2,2,0,0,2,0.0
c7ac53of,baf41dbf,24,11,13,0,11,0.5416666666666666
8bgj1tsd,baf41dbf,116,15,101,0,15,0.8706896551724138
tc5wgx8h,baf41dbf,241,46,195,0,46,0.8091286307053942
648anokh,baf41dbf,109,14,94,1,14,0.8623853211009175
5pds9j1d,baf41dbf,55,55,0,0,55,0.0
kmwiem6m,baf41dbf,80,10,70,0,10,0.875
d33m799j,baf41dbf,26,3,23,0,3,0.8846153846153846
ikfbpugl,baf41dbf,58,6,52,0,6,0.896551724137931
cp3b83py,baf41dbf,53,7,46,0,7,0.8679245283018868
91fk0af9,baf41dbf,42,42,0,0,42,0.0
qothvfhf,baf41dbf,85,85,0,0,85,0.0
27d8totr,baf41dbf,57,45,12,0,45,0.21052631578947367
fkx2gd88,baf41dbf,70,11,59,0,11,0.8428571428571429
icf7bchs,baf41dbf,59,23,36,0,23,0.6101694915254238
bhpug29p,baf41dbf,84,26,58,0,26,0.6904761904761905
nvlsix5c,baf41dbf,106,12,94,0,12,0.8867924528301887
f5ohsl5h,baf41dbf,190,36,154,0,36,0.8105263157894737
l9krayds,baf41dbf,116,70,45,1,70,0.3879310344827586
aqmjput5,baf41dbf,70,9,61,0,9,0.8714285714285714
bdfn1h0o,baf41dbf,235,74,161,0,74,0.6851063829787234
dmft9d3y,baf41dbf,59,11,48,0,11,0.8135593220338984
6e5gb0yb,baf41dbf,90,32,58,0,32,0.6444444444444445
pgtp756s,baf41dbf,8,8,0,0,8,0.0
bmlngyh3,baf41dbf,139,31,108,0,31,0.7769784172661871
y8mzyzjc,baf41dbf,48,23,24,1,23,0.5
3d2as981,baf41dbf,131,26,105,0,26,0.8015267175572519
cghxa2ie,baf41dbf,60,23,37,0,23,0.6166666666666667
clucow7d,baf41dbf,67,7,60,0,7,0.8955223880597015
byx9jkxm,baf41dbf,73,4,69,0,4,0.9452054794520548
emwp6wq7,baf41dbf,53,19,34,0,19,0.6415094339622641
npr5bsi2,baf41dbf,133,86,47,0,86,0.3533834586466165
ym49wqbn,baf41dbf,131,42,89,0,42,0.6793893129770993
154uk6vm,baf41dbf,57,23,34,0,23,0.5964912280701754
xeu3j3ki,baf41dbf,152,23,129,0,23,0.8486842105263158
5nrjvc7q,baf41dbf,259,42,217,0,42,0.8378378378378378
ol9lky1i,baf41dbf,62,17,45,0,17,0.7258064516129032
o5qropwk,baf41dbf,62,25,37,0,25,0.5967741935483871
5hz183aa,baf41dbf,38,1,37,0,1,0.9736842105263158
61zahdh9,baf41dbf,59,16,43,0,16,0.7288135593220338
ske58akk,baf41dbf,86,5,80,1,5,0.9302325581395349
ovhoesyy,baf41dbf,66,17,49,0,17,0.7424242424242424
3cc6zm51,baf41dbf,52,52,0,0,52,0.0
stbyxpx6,baf41dbf,21,2,19,0,2,0.9047619047619048
r24jdhzg,baf41dbf,108,25,83,0,25,0.7685185185185185
hpl7jugr,baf41dbf,63,5,58,0,5,0.9206349206349206
nze0azo1,baf41dbf,108,41,67,0,41,0.6203703703703703
r2ck84r8,baf41dbf,62,23,39,0,23,0.6290322580645161
f0wpo2hr,baf41dbf,82,16,66,0,16,0.8048780487804879
qazkn1sw,baf41dbf,53,38,15,0,38,0.2830188679245283
c7z6erey,baf41dbf,75,13,62,0,13,0.8266666666666667
8aknstxj,baf41dbf,125,9,116,0,9,0.928
zvbewhqx,baf41dbf,69,9,60,0,9,0.8695652173913043
0hrc9vve,baf41dbf,21,1,20,0,1,0.9523809523809523
n2et79bd,baf41dbf,96,15,81,0,15,0.84375
ism64anu,baf41dbf,131,19,112,0,19,0.8549618320610687
plfupad7,baf41dbf,80,29,51,0,29,0.6375
e2w81k0i,baf41dbf,124,21,103,0,21,0.8306451612903226
4s3cm7d8,baf41dbf,41,18,23,0,18,0.5609756097560976
hsm45iwx,baf41dbf,57,10,47,0,10,0.8245614035087719
sn10zd6g,baf41dbf,171,12,159,0,12,0.9298245614035088
phbjwkyw,baf41dbf,100,38,62,0,38,0.62
szbhlpfr,baf41dbf,76,20,56,0,20,0.7368421052631579
89u58v07,baf41dbf,145,45,100,0,45,0.6896551724137931
cuybsfwr,baf41dbf,191,93,98,0,93,0.5130890052356021
0ra11hiv,baf41dbf,151,145,6,0,145,0.039735099337748346
44o5xnxe,baf41dbf,62,23,39,0,23,0.6290322580645161
ihnjt6k4,baf41dbf,151,59,92,0,59,0.609271523178808
qfsp3ery,baf41dbf,137,116,21,0,116,0.15328467153284672
q04yitea,baf41dbf,85,19,66,0,19,0.7764705882352941
02333qfj,baf41dbf,65,10,55,0,10,0.8461538461538461
cfclud8z,baf41dbf,57,12,45,0,12,0.7894736842105263
z8b26ynw,baf41dbf,78,13,65,0,13,0.8333333333333334
zelqv7az,baf41dbf,61,6,55,0,6,0.9016393442622951
jx6lhkbi,baf41dbf,107,26,81,0,26,0.7570093457943925
clhkwrie,baf41dbf,143,30,113,0,30,0.7902097902097902
1qt2f29y,baf41dbf,54,16,38,0,16,0.7037037037037037
mpzcivx9,baf41dbf,130,18,112,0,18,0.8615384615384616
sp00glmz,baf41dbf,56,56,0,0,56,0.0
ya0wv6pm,baf41dbf,54,53,1,0,53,0.018518518518518517
9evwb372,baf41dbf,90,15,75,0,15,0.8333333333333334
23iyreiv,baf41dbf,72,11,61,0,11,0.8472222222222222
wz0zoo1d,baf41dbf,15,15,0,0,15,0.0
1r6yodve,baf41dbf,86,86,0,0,86,0.0
zfeorjum,baf41dbf,79,13,66,0,13,0.8354430379746836
hkj9daz7,baf41dbf,60,11,49,0,11,0.8166666666666667
w12e497z,baf41dbf,20,7,13,0,7,0.65
9ohxtpht,baf41dbf,75,27,48,0,27,0.64
4j6cy1mk,baf41dbf,111,39,72,0,39,0.6486486486486487
fl73adm5,baf41dbf,61,4,57,0,4,0.9344262295081968
oxvw1rhx,baf41dbf,128,127,1,0,127,0.0078125
onnumbyy,baf41dbf,136,56,80,0,56,0.5882352941176471
m63pxnwq,baf41dbf,61,10,50,1,10,0.819672131147541
t3l0if03,baf41dbf,55,11,44,0,11,0.8
4wx63ymf,baf41dbf,55,11,44,0,11,0.8
ler5uq42,baf41dbf,112,112,0,0,112,0.0
bcyhma9y,baf41dbf,2,1,0,1,1,0.0
pcrxo3zp,baf41dbf,2,1,1,0,1,0.5
f5ktzt2t,baf41dbf,67,8,59,0,8,0.8805970149253731
kkeej6x5,baf41dbf,126,40,86,0,40,0.6825396825396826
2w766g1z,baf41dbf,41,7,34,0,7,0.8292682926829268
mr7lkk46,baf41dbf,56,18,38,0,18,0.6785714285714286
5vv1rrzw,baf41dbf,130,117,13,0,117,0.1
nqubyvew,baf41dbf,98,42,56,0,42,0.5714285714285714
vbwguazj,baf41dbf,105,28,77,0,28,0.7333333333333333
7agy8y3l,baf41dbf,49,5,44,0,5,0.8979591836734694
om1m73rv,baf41dbf,139,9,130,0,9,0.935251798561151
8jwr3j6t,baf41dbf,1,1,0,0,1,0.0
z3die4q3,baf41dbf,58,7,51,0,7,0.8793103448275862
8yhijukj,baf41dbf,74,16,58,0,16,0.7837837837837838
pz38obzd,baf41dbf,58,10,48,0,10,0.8275862068965517
xklnx39q,baf41dbf,163,18,145,0,18,0.8895705521472392
nrfiw9bx,baf41dbf,72,15,57,0,15,0.7916666666666666
cw4tyx7n,baf41dbf,6,1,5,0,1,0.8333333333333334
g7svteiz,baf41dbf,305,171,134,0,171,0.43934426229508194
c2lwacqc,baf41dbf,120,67,53,0,67,0.44166666666666665
mzi8f2hv,baf41dbf,139,19,120,0,19,0.8633093525179856
189iqcds,baf41dbf,61,11,50,0,11,0.819672131147541
fgxp8fzz,baf41dbf,75,4,71,0,4,0.9466666666666667
hd5k29qy,baf41dbf,124,22,102,0,22,0.8225806451612904
72p6pxny,baf41dbf,236,67,169,0,67,0.7161016949152542
gkse9wdn,baf41dbf,113,113,0,0,113,0.0
ldo5smvx,baf41dbf,145,30,115,0,30,0.7931034482758621
jayyv6lz,baf41dbf,53,13,40,0,13,0.7547169811320755
qu0lm98m,baf41dbf,137,38,99,0,38,0.7226277372262774
yfyhejim,baf41dbf,212,18,194,0,18,0.9150943396226415
ei0ij8ms,baf41dbf,59,8,51,0,8,0.864406779661017
0yfthc4y,baf41dbf,60,23,37,0,23,0.6166666666666667
2tkm21z6,baf41dbf,50,50,0,0,50,0.0
idma9086,baf41dbf,87,6,81,0,6,0.9310344827586207
r99uy0qb,baf41dbf,10,3,7,0,3,0.7
b73rrttr,baf41dbf,25,25,0,0,25,0.0
yebzokh4,baf41dbf,125,125,0,0,125,0.0
kavvl57w,baf41dbf,72,10,62,0,10,0.8611111111111112
8oohxrrz,baf41dbf,94,8,86,0,8,0.9148936170212766
qfiy90jx,baf41dbf,62,18,44,0,18,0.7096774193548387
g3vslpjv,baf41dbf,186,18,168,0,18,0.9032258064516129
c9sps7bl,baf41dbf,72,6,66,0,6,0.9166666666666666
bx44xwzb,baf41dbf,50,50,0,0,50,0.0
o2ho0580,baf41dbf,33,18,15,0,18,0.45454545454545453
jqeesfz7,baf41dbf,67,67,0,0,67,0.0
nx0vccp8,baf41dbf,82,82,0,0,82,0.0
8psac9uo,baf41dbf,60,59,1,0,59,0.016666666666666666
kck1uue7,baf41dbf,137,21,116,0,21,0.8467153284671532
l0nln4b2,baf41dbf,169,41,128,0,41,0.757396449704142
aypxap78,baf41dbf,91,14,77,0,14,0.8461538461538461
ascil7wf,baf41dbf,58,25,33,0,25,0.5689655172413793
8y2nd2sh,baf41dbf,229,40,189,0,40,0.8253275109170306
r99uy0qb,4258a5f9,40,5,35,0,5,0.875
idma9086,4258a5f9,40,9,31,0,9,0.775
0fy66fv2,4258a5f9,7,7,0,0,7,0.0
7nszfy43,4258a5f9,40,5,35,0,5,0.875
b73rrttr,4258a5f9,40,40,0,0,40,0.0
yebzokh4,4258a5f9,40,40,0,0,40,0.0
kavvl57w,4258a5f9,42,6,36,0,6,0.8571428571428571
8oohxrrz,4258a5f9,40,5,35,0,5,0.875
qfiy90jx,4258a5f9,41,16,25,0,16,0.6097560975609756
2d8q4qkc,4258a5f9,41,6,35,0,6,0.8536585365853658
g3vslpjv,4258a5f9,40,5,35,0,5,0.875
c9sps7bl,4258a5f9,46,7,39,0,7,0.8478260869565217
bx44xwzb,4258a5f9,40,40,0,0,40,0.0
o2ho0580,4258a5f9,5,5,0,0,5,0.0
xji13cu2,4258a5f9,41,5,36,0,5,0.8780487804878049
jqeesfz7,4258a5f9,40,40,0,0,40,0.0
9pjr0waw,4258a5f9,40,8,32,0,8,0.8
8psac9uo,4258a5f9,40,39,1,0,39,0.025
kck1uue7,4258a5f9,42,6,36,0,6,0.8571428571428571
l0nln4b2,4258a5f9,40,40,0,0,40,0.0
aypxap78,4258a5f9,45,7,38,0,7,0.8444444444444444
ascil7wf,4258a5f9,46,8,38,0,8,0.8260869565217391
8y2nd2sh,4258a5f9,41,5,36,0,5,0.8780487804878049
yc52i3qf,4258a5f9,40,40,0,0,40,0.0
cw4tyx7n,4258a5f9,45,44,1,0,44,0.022222222222222223
c2lwacqc,4258a5f9,40,33,7,0,33,0.175
g7svteiz,4258a5f9,40,12,28,0,12,0.7
mzi8f2hv,4258a5f9,42,6,36,0,6,0.8571428571428571
189iqcds,4258a5f9,40,39,1,0,39,0.025
fgxp8fzz,4258a5f9,42,5,37,0,5,0.8809523809523809
xgvto4mg,4258a5f9,40,40,0,0,40,0.0
hd5k29qy,4258a5f9,43,5,38,0,5,0.8837209302325582
rhbgnqhz,4258a5f9,40,6,34,0,6,0.85
72p6pxny,4258a5f9,40,5,35,0,5,0.875
ldo5smvx,4258a5f9,40,6,34,0,6,0.85
jayyv6lz,4258a5f9,41,41,0,0,41,0.0
qu0lm98m,4258a5f9,40,6,34,0,6,0.85
yfyhejim,4258a5f9,41,6,35,0,6,0.8536585365853658
ei0ij8ms,4258a5f9,40,5,35,0,5,0.875
0yfthc4y,4258a5f9,51,14,37,0,14,0.7254901960784313
2tkm21z6,4258a5f9,40,40,0,0,40,0.0
onnumbyy,4258a5f9,40,40,0,0,40,0.0
m63pxnwq,4258a5f9,41,5,36,0,5,0.8780487804878049
t3l0if03,4258a5f9,42,5,37,0,5,0.8809523809523809
nldu5ge3,4258a5f9,41,6,35,0,6,0.8536585365853658
4wx63ymf,4258a5f9,40,5,35,0,5,0.875
nfbzvhip,4258a5f9,40,40,0,0,40,0.0
ler5uq42,4258a5f9,40,40,0,0,40,0.0
bcyhma9y,4258a5f9,80,80,0,0,80,0.0
f5ktzt2t,4258a5f9,40,5,35,0,5,0.875
kkeej6x5,4258a5f9,40,39,1,0,39,0.025
pcrxo3zp,4258a5f9,41,5,36,0,5,0.8780487804878049
2w766g1z,4258a5f9,40,5,35,0,5,0.875
mr7lkk46,4258a5f9,43,3,40,0,3,0.9302325581395349
nqubyvew,4258a5f9,1,1,0,0,1,0.0
o1t1fb7j,4258a5f9,44,43,1,0,43,0.022727272727272728
7agy8y3l,4258a5f9,41,9,32,0,9,0.7804878048780488
vbwguazj,4258a5f9,47,9,38,0,9,0.8085106382978723
om1m73rv,4258a5f9,41,5,36,0,5,0.8780487804878049
z3die4q3,4258a5f9,40,5,35,0,5,0.875
8jwr3j6t,4258a5f9,40,25,15,0,25,0.375
p445h6ow,4258a5f9,40,11,29,0,11,0.725
50nsp39w,4258a5f9,40,5,35,0,5,0.875
8yhijukj,4258a5f9,45,7,38,0,7,0.8444444444444444
pz38obzd,4258a5f9,40,5,35,0,5,0.875
xklnx39q,4258a5f9,40,5,35,0,5,0.875
cfclud8z,4258a5f9,40,5,35,0,5,0.875
zelqv7az,4258a5f9,40,12,28,0,12,0.7
z8b26ynw,4258a5f9,40,5,35,0,5,0.875
jx6lhkbi,4258a5f9,40,5,35,0,5,0.875
clhkwrie,4258a5f9,40,12,28,0,12,0.7
1qt2f29y,4258a5f9,40,40,0,0,40,0.0
mpzcivx9,4258a5f9,41,7,34,0,7,0.8292682926829268
sp00glmz,4258a5f9,41,5,36,0,5,0.8780487804878049
2ke9hbes,4258a5f9,51,10,41,0,10,0.803921568627451
9evwb372,4258a5f9,42,5,37,0,5,0.8809523809523809
ya0wv6pm,4258a5f9,46,13,33,0,13,0.717391304347826
0wk7vjg8,4258a5f9,78,28,50,0,28,0.6410256410256411
cbvc5e3w,4258a5f9,40,40,0,0,40,0.0
1r6yodve,4258a5f9,45,45,0,0,45,0.0
2anyuqd8,4258a5f9,40,40,0,0,40,0.0
zfeorjum,4258a5f9,48,8,40,0,8,0.8333333333333334
hkj9daz7,4258a5f9,40,6,34,0,6,0.85
9ohxtpht,4258a5f9,41,19,22,0,19,0.5365853658536586
oxvw1rhx,4258a5f9,42,42,0,0,42,0.0
4j6cy1mk,4258a5f9,40,33,7,0,33,0.175
318gokyy,4258a5f9,43,6,37,0,6,0.8604651162790697
8d21w3yr,4258a5f9,40,39,1,0,39,0.025
ske58akk,4258a5f9,41,6,35,0,6,0.8536585365853658
ovhoesyy,4258a5f9,43,6,37,0,6,0.8604651162790697
3cc6zm51,4258a5f9,42,42,0,0,42,0.0
r24jdhzg,4258a5f9,41,18,23,0,18,0.5609756097560976
nze0azo1,4258a5f9,40,5,35,0,5,0.875
r2ck84r8,4258a5f9,40,6,34,0,6,0.85
hpl7jugr,4258a5f9,40,5,35,0,5,0.875
f0wpo2hr,4258a5f9,40,6,34,0,6,0.85
qazkn1sw,4258a5f9,47,47,0,0,47,0.0
c7z6erey,4258a5f9,41,6,35,0,6,0.8536585365853658
8aknstxj,4258a5f9,41,6,35,0,6,0.8536585365853658
zvbewhqx,4258a5f9,40,40,0,0,40,0.0
n2et79bd,4258a5f9,5,1,4,0,1,0.8
ism64anu,4258a5f9,40,5,35,0,5,0.875
plfupad7,4258a5f9,41,11,30,0,11,0.7317073170731707
4s3cm7d8,4258a5f9,40,40,0,0,40,0.0
e2w81k0i,4258a5f9,42,5,37,0,5,0.8809523809523809
hsm45iwx,4258a5f9,42,5,37,0,5,0.8809523809523809
sn10zd6g,4258a5f9,40,5,35,0,5,0.875
phbjwkyw,4258a5f9,42,7,35,0,7,0.8333333333333334
szbhlpfr,4258a5f9,44,6,38,0,6,0.8636363636363636
89u58v07,4258a5f9,42,5,37,0,5,0.8809523809523809
y32zaw9c,4258a5f9,40,40,0,0,40,0.0
cuybsfwr,4258a5f9,42,41,1,0,41,0.023809523809523808
qkiu92kk,4258a5f9,40,39,1,0,39,0.025
44o5xnxe,4258a5f9,41,5,36,0,5,0.8780487804878049
q04yitea,4258a5f9,41,12,29,0,12,0.7073170731707317
qfsp3ery,4258a5f9,43,6,37,0,6,0.8604651162790697
02333qfj,4258a5f9,43,5,38,0,5,0.8837209302325582
d33m799j,4258a5f9,21,2,19,0,2,0.9047619047619048
ikfbpugl,4258a5f9,41,8,33,0,8,0.8048780487804879
cp3b83py,4258a5f9,78,16,62,0,16,0.7948717948717948
qothvfhf,4258a5f9,40,40,0,0,40,0.0
27d8totr,4258a5f9,40,12,28,0,12,0.7
fkx2gd88,4258a5f9,40,5,35,0,5,0.875
bhpug29p,4258a5f9,41,6,35,0,6,0.8536585365853658
l9krayds,4258a5f9,46,6,40,0,6,0.8695652173913043
dmft9d3y,4258a5f9,42,23,19,0,23,0.4523809523809524
6e5gb0yb,4258a5f9,41,5,36,0,5,0.8780487804878049
pgtp756s,4258a5f9,109,109,0,0,109,0.0
bmlngyh3,4258a5f9,42,8,34,0,8,0.8095238095238095
cghxa2ie,4258a5f9,40,8,32,0,8,0.8
3d2as981,4258a5f9,46,8,38,0,8,0.8260869565217391
clucow7d,4258a5f9,40,7,33,0,7,0.825
byx9jkxm,4258a5f9,40,5,35,0,5,0.875
j2pjmr32,4258a5f9,45,45,0,0,45,0.0
pad0sufd,4258a5f9,45,7,38,0,7,0.8444444444444444
emwp6wq7,4258a5f9,40,28,12,0,28,0.3
ym49wqbn,4258a5f9,40,40,0,0,40,0.0
154uk6vm,4258a5f9,44,6,38,0,6,0.8636363636363636
npr5bsi2,4258a5f9,40,40,0,0,40,0.0
5nrjvc7q,4258a5f9,40,40,0,0,40,0.0
o5qropwk,4258a5f9,46,23,23,0,23,0.5
5hz183aa,4258a5f9,45,45,0,0,45,0.0
61zahdh9,4258a5f9,40,6,34,0,6,0.85
vr20hyge,4258a5f9,40,40,0,0,40,0.0
nhds6zsd,4258a5f9,40,40,0,0,40,0.0
ce9qdbyh,4258a5f9,42,5,37,0,5,0.8809523809523809
j2dvablb,4258a5f9,40,5,35,0,5,0.875
904h81sn,4258a5f9,47,7,40,0,7,0.851063829787234
sesf1qnx,4258a5f9,44,8,36,0,8,0.8181818181818182
xasfvnb7,4258a5f9,42,42,0,0,42,0.0
a0w1xgxf,4258a5f9,40,10,30,0,10,0.75
41kp06jx,4258a5f9,40,12,28,0,12,0.7
lmtka1ev,4258a5f9,40,5,35,0,5,0.875
a6jpzpek,4258a5f9,42,6,36,0,6,0.8571428571428571
6eyovdd2,4258a5f9,40,9,31,0,9,0.775
f1ejz9fy,4258a5f9,46,10,36,0,10,0.782608695652174
vpxztp7b,4258a5f9,40,5,35,0,5,0.875
e0biso3r,4258a5f9,40,5,35,0,5,0.875
a9gvtd1o,4258a5f9,41,8,33,0,8,0.8048780487804879
mrypomny,4258a5f9,40,33,7,0,33,0.175
jeq3oy2g,4258a5f9,42,20,22,0,20,0.5238095238095238
c7ac53of,4258a5f9,7,3,4,0,3,0.5714285714285714
rjanlii9,4258a5f9,45,8,37,0,8,0.8222222222222222
8bgj1tsd,4258a5f9,40,10,30,0,10,0.75
tc5wgx8h,4258a5f9,40,5,35,0,5,0.875
qqqzakmg,4258a5f9,35,1,34,0,1,0.9714285714285714
648anokh,4258a5f9,42,5,37,0,5,0.8809523809523809
zc26r1al,4258a5f9,40,40,0,0,40,0.0
uktb326q,4258a5f9,42,34,8,0,34,0.19047619047619047
kwy2bqjo,4258a5f9,42,7,35,0,7,0.8333333333333334
bw2cwy0m,4258a5f9,44,16,28,0,16,0.6363636363636364
3irnkhq8,4258a5f9,40,5,35,0,5,0.875
4s9g1cze,4258a5f9,42,5,37,0,5,0.8809523809523809
l5sagbsh,4258a5f9,42,6,36,0,6,0.8571428571428571
v6jvgdvg,4258a5f9,40,40,0,0,40,0.0
ljwskxcq,4258a5f9,48,6,42,0,6,0.875
zj5uemkt,4258a5f9,40,40,0,0,40,0.0
s03ed531,4258a5f9,40,40,0,0,40,0.0
wcau806y,4258a5f9,40,40,0,0,40,0.0
ni5df01j,4258a5f9,42,14,28,0,14,0.6666666666666666
ew4oecfi,4258a5f9,41,5,36,0,5,0.8780487804878049
mrwlcmno,4258a5f9,40,40,0,0,40,0.0
qv0yh587,4258a5f9,40,38,2,0,38,0.05
t2eyvuxq,4258a5f9,40,5,35,0,5,0.875
mlvcv31l,4258a5f9,40,6,34,0,6,0.85
o4kkkuj9,4258a5f9,41,5,36,0,5,0.8780487804878049
k8txaw58,4258a5f9,41,5,36,0,5,0.8780487804878049
d1vjrjhc,4258a5f9,40,5,35,0,5,0.875
a589fsqz,4258a5f9,40,17,23,0,17,0.575
s03ed531,00dbd492,93,93,0,0,93,0.0
2j8p9vyz,00dbd492,102,11,91,0,11,0.8921568627450981
6p8vl3lk,00dbd492,90,2,88,0,2,0.9777777777777777
wcau806y,00dbd492,89,39,50,0,39,0.5617977528089888
eyn3wygc,00dbd492,103,36,67,0,36,0.6504854368932039
ni5df01j,00dbd492,89,20,69,0,20,0.7752808988764045
ew4oecfi,00dbd492,100,5,95,0,5,0.95
mrwlcmno,00dbd492,88,84,4,0,84,0.045454545454545456
qv0yh587,00dbd492,88,86,2,0,86,0.022727272727272728
t2eyvuxq,00dbd492,97,8,89,0,8,0.9175257731958762
o4kkkuj9,00dbd492,102,49,53,0,49,0.5196078431372549
k8txaw58,00dbd492,88,4,84,0,4,0.9545454545454546
mlvcv31l,00dbd492,97,5,92,0,5,0.9484536082474226
d1vjrjhc,00dbd492,105,5,100,0,5,0.9523809523809523
a589fsqz,00dbd492,99,5,94,0,5,0.9494949494949495
cdo2cmtp,00dbd492,88,87,1,0,87,0.011363636363636364
uktb326q,00dbd492,90,67,23,0,67,0.25555555555555554
kwy2bqjo,00dbd492,94,18,76,0,18,0.8085106382978723
4s9g1cze,00dbd492,95,4,91,0,4,0.9578947368421052
3irnkhq8,00dbd492,171,7,164,0,7,0.9590643274853801
ljwskxcq,00dbd492,99,7,92,0,7,0.9292929292929293
v6jvgdvg,00dbd492,88,88,0,0,88,0.0
l5sagbsh,00dbd492,97,16,81,0,16,0.8350515463917526
zj5uemkt,00dbd492,102,4,98,0,4,0.9607843137254902
41kp06jx,00dbd492,92,6,86,0,6,0.9347826086956522
a0w1xgxf,00dbd492,89,21,68,0,21,0.7640449438202247
lmtka1ev,00dbd492,97,4,93,0,4,0.9587628865979382
6eyovdd2,00dbd492,90,50,40,0,50,0.4444444444444444
a6jpzpek,00dbd492,96,25,71,0,25,0.7395833333333334
f1ejz9fy,00dbd492,98,12,86,0,12,0.8775510204081632
vpxztp7b,00dbd492,96,11,85,0,11,0.8854166666666666
e0biso3r,00dbd492,92,4,88,0,4,0.9565217391304348
a9gvtd1o,00dbd492,92,4,88,0,4,0.9565217391304348
mrypomny,00dbd492,88,51,37,0,51,0.42045454545454547
c7ac53of,00dbd492,45,12,33,0,12,0.7333333333333333
rjanlii9,00dbd492,91,40,51,0,40,0.5604395604395604
tc5wgx8h,00dbd492,90,12,78,0,12,0.8666666666666667
8bgj1tsd,00dbd492,95,22,73,0,22,0.7684210526315789
qqqzakmg,00dbd492,5,4,1,0,4,0.2
648anokh,00dbd492,96,13,83,0,13,0.8645833333333334
vr20hyge,00dbd492,14,14,0,0,14,0.0
ce9qdbyh,00dbd492,98,14,84,0,14,0.8571428571428571
03ljcqhc,00dbd492,88,7,81,0,7,0.9204545454545454
j2dvablb,00dbd492,98,5,93,0,5,0.9489795918367347
904h81sn,00dbd492,102,11,91,0,11,0.8921568627450981
xasfvnb7,00dbd492,194,190,4,0,190,0.020618556701030927
bmlngyh3,00dbd492,100,4,96,0,4,0.96
cghxa2ie,00dbd492,104,7,97,0,7,0.9326923076923077
3d2as981,00dbd492,121,17,104,0,17,0.859504132231405
clucow7d,00dbd492,105,20,85,0,20,0.8095238095238095
byx9jkxm,00dbd492,98,4,94,0,4,0.9591836734693877
74l1qvc1,00dbd492,374,31,343,0,31,0.9171122994652406
pad0sufd,00dbd492,95,6,89,0,6,0.9368421052631579
emwp6wq7,00dbd492,89,8,81,0,8,0.9101123595505618
154uk6vm,00dbd492,159,8,151,0,8,0.949685534591195
ym49wqbn,00dbd492,96,22,74,0,22,0.7708333333333334
npr5bsi2,00dbd492,112,25,87,0,25,0.7767857142857143
xeu3j3ki,00dbd492,41,24,17,0,24,0.4146341463414634
ol9lky1i,00dbd492,115,19,96,0,19,0.8347826086956521
5nrjvc7q,00dbd492,90,4,86,0,4,0.9555555555555556
o5qropwk,00dbd492,98,5,93,0,5,0.9489795918367347
5hz183aa,00dbd492,281,97,184,0,97,0.6548042704626335
61zahdh9,00dbd492,97,7,90,0,7,0.9278350515463918
5pds9j1d,00dbd492,138,138,0,0,138,0.0
kmwiem6m,00dbd492,107,4,103,0,4,0.9626168224299065
d33m799j,00dbd492,81,24,57,0,24,0.7037037037037037
ikfbpugl,00dbd492,143,7,136,0,7,0.951048951048951
cp3b83py,00dbd492,90,5,85,0,5,0.9444444444444444
91fk0af9,00dbd492,92,41,51,0,41,0.5543478260869565
qothvfhf,00dbd492,89,39,50,0,39,0.5617977528089888
fkx2gd88,00dbd492,102,5,97,0,5,0.9509803921568627
27d8totr,00dbd492,92,4,88,0,4,0.9565217391304348
icf7bchs,00dbd492,217,66,151,0,66,0.695852534562212
f5ohsl5h,00dbd492,101,6,95,0,6,0.9405940594059405
bhpug29p,00dbd492,98,41,57,0,41,0.5816326530612245
aqmjput5,00dbd492,107,7,100,0,7,0.9345794392523364
l9krayds,00dbd492,196,42,154,0,42,0.7857142857142857
dmft9d3y,00dbd492,100,51,49,0,51,0.49
6e5gb0yb,00dbd492,100,4,96,0,4,0.96
4s3cm7d8,00dbd492,95,45,50,0,45,0.5263157894736842
e2w81k0i,00dbd492,102,6,96,0,6,0.9411764705882353
hsm45iwx,00dbd492,103,4,99,0,4,0.9611650485436893
sn10zd6g,00dbd492,98,6,92,0,6,0.9387755102040817
phbjwkyw,00dbd492,94,4,90,0,4,0.9574468085106383
095bdwyc,00dbd492,88,88,0,0,88,0.0
89u58v07,00dbd492,101,5,96,0,5,0.9504950495049505
y32zaw9c,00dbd492,88,88,0,0,88,0.0
0ra11hiv,00dbd492,110,78,32,0,78,0.2909090909090909
cuybsfwr,00dbd492,94,4,90,0,4,0.9574468085106383
qkiu92kk,00dbd492,101,18,83,0,18,0.8217821782178217
44o5xnxe,00dbd492,94,7,87,0,7,0.925531914893617
q04yitea,00dbd492,90,62,28,0,62,0.3111111111111111
qfsp3ery,00dbd492,91,91,0,0,91,0.0
02333qfj,00dbd492,93,7,86,0,7,0.9247311827956989
ovhoesyy,00dbd492,98,7,91,0,7,0.9285714285714286
ske58akk,00dbd492,99,4,95,0,4,0.9595959595959596
3cc6zm51,00dbd492,106,21,85,0,21,0.8018867924528302
stbyxpx6,00dbd492,101,22,79,0,22,0.7821782178217822
r24jdhzg,00dbd492,112,19,93,0,19,0.8303571428571429
r2ck84r8,00dbd492,94,6,88,0,6,0.9361702127659575
nze0azo1,00dbd492,88,4,84,0,4,0.9545454545454546
hpl7jugr,00dbd492,94,4,90,0,4,0.9574468085106383
f0wpo2hr,00dbd492,88,4,84,0,4,0.9545454545454546
qazkn1sw,00dbd492,20,8,12,0,8,0.6
8aknstxj,00dbd492,111,6,105,0,6,0.9459459459459459
c7z6erey,00dbd492,90,6,84,0,6,0.9333333333333333
0hrc9vve,00dbd492,195,59,136,0,59,0.6974358974358974
zvbewhqx,00dbd492,99,6,93,0,6,0.9393939393939394
ism64anu,00dbd492,136,52,84,0,52,0.6176470588235294
n2et79bd,00dbd492,11,2,9,0,2,0.8181818181818182
plfupad7,00dbd492,167,8,159,0,8,0.9520958083832335
1r6yodve,00dbd492,212,212,0,0,212,0.0
2anyuqd8,00dbd492,91,91,0,0,91,0.0
hkj9daz7,00dbd492,124,7,117,0,7,0.9435483870967742
zfeorjum,00dbd492,111,7,104,0,7,0.9369369369369369
9ohxtpht,00dbd492,89,11,78,0,11,0.8764044943820225
w12e497z,00dbd492,211,43,168,0,43,0.7962085308056872
oxvw1rhx,00dbd492,88,88,0,0,88,0.0
fl73adm5,00dbd492,111,5,106,0,5,0.954954954954955
4j6cy1mk,00dbd492,91,45,46,0,45,0.5054945054945055
8d21w3yr,00dbd492,191,13,178,0,13,0.9319371727748691
cfclud8z,00dbd492,96,6,90,0,6,0.9375
zelqv7az,00dbd492,95,10,85,0,10,0.8947368421052632
z8b26ynw,00dbd492,101,7,94,0,7,0.9306930693069307
jx6lhkbi,00dbd492,91,4,87,0,4,0.9560439560439561
1qt2f29y,00dbd492,112,86,26,0,86,0.23214285714285715
clhkwrie,00dbd492,88,62,26,0,62,0.29545454545454547
mpzcivx9,00dbd492,98,4,94,0,4,0.9591836734693877
sp00glmz,00dbd492,90,90,0,0,90,0.0
9evwb372,00dbd492,90,15,75,0,15,0.8333333333333334
ya0wv6pm,00dbd492,192,43,149,0,43,0.7760416666666666
23iyreiv,00dbd492,94,8,86,0,8,0.9148936170212766
o1t1fb7j,00dbd492,101,29,72,0,29,0.7128712871287128
7agy8y3l,00dbd492,90,63,27,0,63,0.3
vbwguazj,00dbd492,93,11,82,0,11,0.8817204301075269
om1m73rv,00dbd492,91,7,84,0,7,0.9230769230769231
z3die4q3,00dbd492,93,4,89,0,4,0.956989247311828
8jwr3j6t,00dbd492,99,24,75,0,24,0.7575757575757576
8yhijukj,00dbd492,93,5,88,0,5,0.946236559139785
50nsp39w,00dbd492,180,8,172,0,8,0.9555555555555556
mhskzwic,00dbd492,92,28,64,0,28,0.6956521739130435
pz38obzd,00dbd492,91,38,53,0,38,0.5824175824175825
xklnx39q,00dbd492,96,11,85,0,11,0.8854166666666666
nrfiw9bx,00dbd492,88,7,81,0,7,0.9204545454545454
onnumbyy,00dbd492,89,55,34,0,55,0.38202247191011235
m63pxnwq,00dbd492,107,5,102,0,5,0.9532710280373832
t3l0if03,00dbd492,96,4,92,0,4,0.9583333333333334
nldu5ge3,00dbd492,99,5,94,0,5,0.9494949494949495
nfbzvhip,00dbd492,88,87,1,0,87,0.011363636363636364
4wx63ymf,00dbd492,97,5,92,0,5,0.9484536082474226
ler5uq42,00dbd492,96,96,0,0,96,0.0
bcyhma9y,00dbd492,8,8,0,0,8,0.0
f5ktzt2t,00dbd492,97,4,93,0,4,0.9587628865979382
kkeej6x5,00dbd492,93,22,71,0,22,0.7634408602150538
pcrxo3zp,00dbd492,100,7,93,0,7,0.93
2w766g1z,00dbd492,88,12,76,0,12,0.8636363636363636
5vv1rrzw,00dbd492,104,26,78,0,26,0.75
mr7lkk46,00dbd492,100,11,89,0,11,0.89
ldo5smvx,00dbd492,105,16,89,0,16,0.8476190476190476
qu0lm98m,00dbd492,89,19,70,0,19,0.7865168539325843
jayyv6lz,00dbd492,104,4,100,0,4,0.9615384615384616
yfyhejim,00dbd492,109,6,103,0,6,0.944954128440367
9wkeb5tu,00dbd492,88,15,73,0,15,0.8295454545454546
0yfthc4y,00dbd492,89,49,40,0,49,0.449438202247191
2tkm21z6,00dbd492,90,90,0,0,90,0.0
yc52i3qf,00dbd492,92,12,80,0,12,0.8695652173913043
c2lwacqc,00dbd492,88,18,70,0,18,0.7954545454545454
g7svteiz,00dbd492,92,21,71,0,21,0.7717391304347826
mzi8f2hv,00dbd492,96,4,92,0,4,0.9583333333333334
189iqcds,00dbd492,97,4,93,0,4,0.9587628865979382
fgxp8fzz,00dbd492,100,4,96,0,4,0.96
hd5k29qy,00dbd492,104,19,85,0,19,0.8173076923076923
rhbgnqhz,00dbd492,100,4,96,0,4,0.96
72p6pxny,00dbd492,92,30,62,0,30,0.6739130434782609
9pjr0waw,00dbd492,109,18,91,0,18,0.8348623853211009
8psac9uo,00dbd492,94,16,78,0,16,0.8297872340425532
nx0vccp8,00dbd492,140,85,55,0,85,0.39285714285714285
kck1uue7,00dbd492,103,9,94,0,9,0.912621359223301
l0nln4b2,00dbd492,93,24,69,0,24,0.7419354838709677
aypxap78,00dbd492,109,5,104,0,5,0.9541284403669725
ascil7wf,00dbd492,96,6,90,0,6,0.9375
8y2nd2sh,00dbd492,150,9,141,0,9,0.94
r99uy0qb,00dbd492,183,101,82,0,101,0.44808743169398907
idma9086,00dbd492,88,23,65,0,23,0.7386363636363636
4kl3i3tv,00dbd492,176,47,129,0,47,0.7329545454545454
0fy66fv2,00dbd492,54,54,0,0,54,0.0
b73rrttr,00dbd492,121,118,3,0,118,0.024793388429752067
7nszfy43,00dbd492,133,35,98,0,35,0.7368421052631579
kavvl57w,00dbd492,90,4,86,0,4,0.9555555555555556
8oohxrrz,00dbd492,145,6,139,0,6,0.9586206896551724
qfiy90jx,00dbd492,93,18,75,0,18,0.8064516129032258
x5id5i5q,00dbd492,169,106,63,0,106,0.3727810650887574
2d8q4qkc,00dbd492,88,4,84,0,4,0.9545454545454546
g3vslpjv,00dbd492,100,19,81,0,19,0.81
c9sps7bl,00dbd492,106,4,102,0,4,0.9622641509433962
o2ho0580,00dbd492,227,44,183,0,44,0.8061674008810573
bx44xwzb,00dbd492,97,41,56,0,41,0.5773195876288659
d33m799j,d5d6de2d,24,1,23,0,1,0.9583333333333334
ikfbpugl,d5d6de2d,70,9,61,0,9,0.8714285714285714
5pds9j1d,d5d6de2d,57,57,0,0,57,0.0
kmwiem6m,d5d6de2d,59,4,55,0,4,0.9322033898305084
fkx2gd88,d5d6de2d,64,4,60,0,4,0.9375
27d8totr,d5d6de2d,57,4,53,0,4,0.9298245614035088
cp3b83py,d5d6de2d,61,4,57,0,4,0.9344262295081968
bhpug29p,d5d6de2d,63,5,58,0,5,0.9206349206349206
nvlsix5c,d5d6de2d,17,17,0,0,17,0.0
aqmjput5,d5d6de2d,25,17,8,0,17,0.32
l9krayds,d5d6de2d,35,35,0,0,35,0.0
icf7bchs,d5d6de2d,26,25,1,0,25,0.038461538461538464
pgtp756s,d5d6de2d,66,65,1,0,65,0.015151515151515152
6e5gb0yb,d5d6de2d,98,9,89,0,9,0.9081632653061225
dmft9d3y,d5d6de2d,60,12,48,0,12,0.8
cghxa2ie,d5d6de2d,28,2,26,0,2,0.9285714285714286
clucow7d,d5d6de2d,61,5,56,0,5,0.9180327868852459
bmlngyh3,d5d6de2d,70,6,64,0,6,0.9142857142857143
j2pjmr32,d5d6de2d,106,106,0,0,106,0.0
74l1qvc1,d5d6de2d,60,33,27,0,33,0.45
byx9jkxm,d5d6de2d,57,4,53,0,4,0.9298245614035088
npr5bsi2,d5d6de2d,68,13,55,0,13,0.8088235294117647
154uk6vm,d5d6de2d,57,5,52,0,5,0.9122807017543859
ym49wqbn,d5d6de2d,58,6,52,0,6,0.896551724137931
pad0sufd,d5d6de2d,69,4,65,0,4,0.9420289855072463
emwp6wq7,d5d6de2d,60,4,56,0,4,0.9333333333333333
5hz183aa,d5d6de2d,25,24,1,0,24,0.04
61zahdh9,d5d6de2d,61,5,56,0,5,0.9180327868852459
5nrjvc7q,d5d6de2d,91,40,51,0,40,0.5604395604395604
o5qropwk,d5d6de2d,59,4,55,0,4,0.9322033898305084
r24jdhzg,d5d6de2d,57,7,50,0,7,0.8771929824561403
ovhoesyy,d5d6de2d,65,4,61,0,4,0.9384615384615385
ske58akk,d5d6de2d,76,21,54,1,21,0.7105263157894737
3cc6zm51,d5d6de2d,65,36,29,0,36,0.4461538461538462
hpl7jugr,d5d6de2d,60,4,56,0,4,0.9333333333333333
r2ck84r8,d5d6de2d,63,12,51,0,12,0.8095238095238095
nze0azo1,d5d6de2d,62,4,58,0,4,0.9354838709677419
8aknstxj,d5d6de2d,60,4,56,0,4,0.9333333333333333
c7z6erey,d5d6de2d,57,4,53,0,4,0.9298245614035088
f0wpo2hr,d5d6de2d,58,4,54,0,4,0.9310344827586207
qazkn1sw,d5d6de2d,90,88,1,1,88,0.011111111111111112
ism64anu,d5d6de2d,25,2,23,0,2,0.92
n2et79bd,d5d6de2d,154,15,139,0,15,0.9025974025974026
plfupad7,d5d6de2d,58,7,51,0,7,0.8793103448275862
zvbewhqx,d5d6de2d,62,5,57,0,5,0.9193548387096774
0hrc9vve,d5d6de2d,27,6,21,0,6,0.7777777777777778
sn10zd6g,d5d6de2d,57,4,53,0,4,0.9298245614035088
e2w81k0i,d5d6de2d,62,6,56,0,6,0.9032258064516129
4s3cm7d8,d5d6de2d,57,40,17,0,40,0.2982456140350877
hsm45iwx,d5d6de2d,60,4,56,0,4,0.9333333333333333
89u58v07,d5d6de2d,61,4,57,0,4,0.9344262295081968
095bdwyc,d5d6de2d,57,57,0,0,57,0.0
phbjwkyw,d5d6de2d,63,5,58,0,5,0.9206349206349206
szbhlpfr,d5d6de2d,66,8,58,0,8,0.8787878787878788
cuybsfwr,d5d6de2d,60,13,47,0,13,0.7833333333333333
0ra11hiv,d5d6de2d,37,37,0,0,37,0.0
y32zaw9c,d5d6de2d,25,25,0,0,25,0.0
qfsp3ery,d5d6de2d,64,5,59,0,5,0.921875
q04yitea,d5d6de2d,59,37,22,0,37,0.3728813559322034
02333qfj,d5d6de2d,59,5,54,0,5,0.9152542372881356
qkiu92kk,d5d6de2d,59,5,54,0,5,0.9152542372881356
44o5xnxe,d5d6de2d,57,8,49,0,8,0.8596491228070176
cdo2cmtp,d5d6de2d,74,60,14,0,60,0.1891891891891892
bw2cwy0m,d5d6de2d,66,17,49,0,17,0.7424242424242424
kwy2bqjo,d5d6de2d,76,4,72,0,4,0.9473684210526315
uktb326q,d5d6de2d,30,9,21,0,9,0.7
4s9g1cze,d5d6de2d,63,4,59,0,4,0.9365079365079365
3irnkhq8,d5d6de2d,83,6,77,0,6,0.927710843373494
ljwskxcq,d5d6de2d,76,5,71,0,5,0.9342105263157895
l5sagbsh,d5d6de2d,31,3,28,0,3,0.9032258064516129
v6jvgdvg,d5d6de2d,66,17,49,0,17,0.7424242424242424
zj5uemkt,d5d6de2d,61,4,57,0,4,0.9344262295081968
wcau806y,d5d6de2d,57,35,22,0,35,0.38596491228070173
s03ed531,d5d6de2d,57,57,0,0,57,0.0
2j8p9vyz,d5d6de2d,60,6,54,0,6,0.9
ew4oecfi,d5d6de2d,58,5,53,0,5,0.9137931034482759
mrwlcmno,d5d6de2d,57,21,36,0,21,0.631578947368421
eyn3wygc,d5d6de2d,59,29,30,0,29,0.5084745762711864
ni5df01j,d5d6de2d,63,5,58,0,5,0.9206349206349206
qv0yh587,d5d6de2d,57,55,2,0,55,0.03508771929824561
t2eyvuxq,d5d6de2d,66,4,62,0,4,0.9393939393939394
a589fsqz,d5d6de2d,77,5,72,0,5,0.935064935064935
k8txaw58,d5d6de2d,57,5,52,0,5,0.9122807017543859
o4kkkuj9,d5d6de2d,63,5,58,0,5,0.9206349206349206
mlvcv31l,d5d6de2d,59,3,56,0,3,0.9491525423728814
d1vjrjhc,d5d6de2d,58,4,54,0,4,0.9310344827586207
nhds6zsd,d5d6de2d,57,6,51,0,6,0.8947368421052632
vr20hyge,d5d6de2d,57,10,47,0,10,0.8245614035087719
j2dvablb,d5d6de2d,64,4,60,0,4,0.9375
904h81sn,d5d6de2d,59,7,52,0,7,0.8813559322033898
so5k1adg,d5d6de2d,26,26,0,0,26,0.0
03ljcqhc,d5d6de2d,64,8,56,0,8,0.875
ce9qdbyh,d5d6de2d,67,11,55,1,11,0.8208955223880597
sesf1qnx,d5d6de2d,76,7,69,0,7,0.9078947368421053
xasfvnb7,d5d6de2d,57,57,0,0,57,0.0
6eyovdd2,d5d6de2d,59,6,53,0,6,0.8983050847457628
a6jpzpek,d5d6de2d,57,8,49,0,8,0.8596491228070176
41kp06jx,d5d6de2d,64,6,58,0,6,0.90625
a0w1xgxf,d5d6de2d,64,7,57,0,7,0.890625
lmtka1ev,d5d6de2d,66,4,62,0,4,0.9393939393939394
a9gvtd1o,d5d6de2d,71,8,63,0,8,0.8873239436619719
e0biso3r,d5d6de2d,58,4,54,0,4,0.9310344827586207
f1ejz9fy,d5d6de2d,62,5,57,0,5,0.9193548387096774
vpxztp7b,d5d6de2d,60,4,56,0,4,0.9333333333333333
tc5wgx8h,d5d6de2d,59,4,55,0,4,0.9322033898305084
8bgj1tsd,d5d6de2d,59,6,53,0,6,0.8983050847457628
jeq3oy2g,d5d6de2d,59,58,1,0,58,0.01694915254237288
mrypomny,d5d6de2d,57,47,10,0,47,0.17543859649122806
rjanlii9,d5d6de2d,60,4,56,0,4,0.9333333333333333
c7ac53of,d5d6de2d,39,39,0,0,39,0.0
zc26r1al,d5d6de2d,60,60,0,0,60,0.0
648anokh,d5d6de2d,58,4,53,1,4,0.9137931034482759
cw4tyx7n,d5d6de2d,2,2,0,0,2,0.0
g7svteiz,d5d6de2d,64,18,46,0,18,0.71875
c2lwacqc,d5d6de2d,59,4,55,0,4,0.9322033898305084
yc52i3qf,d5d6de2d,62,5,57,0,5,0.9193548387096774
fgxp8fzz,d5d6de2d,62,4,58,0,4,0.9354838709677419
189iqcds,d5d6de2d,57,4,53,0,4,0.9298245614035088
hd5k29qy,d5d6de2d,64,4,60,0,4,0.9375
72p6pxny,d5d6de2d,59,4,55,0,4,0.9322033898305084
rhbgnqhz,d5d6de2d,57,6,51,0,6,0.8947368421052632
ldo5smvx,d5d6de2d,63,4,59,0,4,0.9365079365079365
qu0lm98m,d5d6de2d,58,4,54,0,4,0.9310344827586207
jayyv6lz,d5d6de2d,57,5,52,0,5,0.9122807017543859
yfyhejim,d5d6de2d,31,2,29,0,2,0.9354838709677419
2tkm21z6,d5d6de2d,57,57,0,0,57,0.0
ei0ij8ms,d5d6de2d,57,4,53,0,4,0.9298245614035088
b73rrttr,d5d6de2d,57,56,1,0,56,0.017543859649122806
idma9086,d5d6de2d,57,4,53,0,4,0.9298245614035088
r99uy0qb,d5d6de2d,64,7,57,0,7,0.890625
kavvl57w,d5d6de2d,39,9,30,0,9,0.7692307692307693
yebzokh4,d5d6de2d,59,9,50,0,9,0.847457627118644
x5id5i5q,d5d6de2d,57,6,51,0,6,0.8947368421052632
8oohxrrz,d5d6de2d,61,4,57,0,4,0.9344262295081968
qfiy90jx,d5d6de2d,63,5,58,0,5,0.9206349206349206
c9sps7bl,d5d6de2d,88,6,82,0,6,0.9318181818181818
o2ho0580,d5d6de2d,14,14,0,0,14,0.0
bx44xwzb,d5d6de2d,64,11,53,0,11,0.828125
g3vslpjv,d5d6de2d,59,8,51,0,8,0.864406779661017
xji13cu2,d5d6de2d,61,4,57,0,4,0.9344262295081968
jqeesfz7,d5d6de2d,57,57,0,0,57,0.0
8psac9uo,d5d6de2d,57,23,34,0,23,0.5964912280701754
nx0vccp8,d5d6de2d,59,47,12,0,47,0.2033898305084746
kck1uue7,d5d6de2d,67,5,62,0,5,0.9253731343283582
9pjr0waw,d5d6de2d,62,5,57,0,5,0.9193548387096774
ascil7wf,d5d6de2d,64,10,54,0,10,0.84375
l0nln4b2,d5d6de2d,60,4,56,0,4,0.9333333333333333
aypxap78,d5d6de2d,62,4,58,0,4,0.9354838709677419
8y2nd2sh,d5d6de2d,59,11,48,0,11,0.8135593220338984
qif0sa3r,d5d6de2d,60,38,22,0,38,0.36666666666666664
z8b26ynw,d5d6de2d,105,7,98,0,7,0.9333333333333333
zelqv7az,d5d6de2d,57,4,53,0,4,0.9298245614035088
cfclud8z,d5d6de2d,28,18,10,0,18,0.35714285714285715
jx6lhkbi,d5d6de2d,58,4,53,1,4,0.9137931034482759
sp00glmz,d5d6de2d,57,57,0,0,57,0.0
1qt2f29y,d5d6de2d,59,46,13,0,46,0.22033898305084745
clhkwrie,d5d6de2d,25,4,21,0,4,0.84
mpzcivx9,d5d6de2d,64,4,60,0,4,0.9375
9evwb372,d5d6de2d,28,3,25,0,3,0.8928571428571429
2ke9hbes,d5d6de2d,72,12,60,0,12,0.8333333333333334
23iyreiv,d5d6de2d,65,4,61,0,4,0.9384615384615385
k0qq522n,d5d6de2d,65,5,60,0,5,0.9230769230769231
cbvc5e3w,d5d6de2d,25,25,0,0,25,0.0
2anyuqd8,d5d6de2d,57,57,0,0,57,0.0
1r6yodve,d5d6de2d,25,25,0,0,25,0.0
w12e497z,d5d6de2d,34,4,30,0,4,0.8823529411764706
9ohxtpht,d5d6de2d,57,4,53,0,4,0.9298245614035088
hkj9daz7,d5d6de2d,68,4,64,0,4,0.9411764705882353
zfeorjum,d5d6de2d,69,8,61,0,8,0.8840579710144928
8d21w3yr,d5d6de2d,57,51,6,0,51,0.10526315789473684
fl73adm5,d5d6de2d,67,4,63,0,4,0.9402985074626866
4j6cy1mk,d5d6de2d,62,5,57,0,5,0.9193548387096774
oxvw1rhx,d5d6de2d,57,57,0,0,57,0.0
318gokyy,d5d6de2d,57,6,51,0,6,0.8947368421052632
m63pxnwq,d5d6de2d,59,4,55,0,4,0.9322033898305084
onnumbyy,d5d6de2d,60,12,48,0,12,0.8
nfbzvhip,d5d6de2d,59,35,24,0,35,0.4067796610169492
4wx63ymf,d5d6de2d,28,2,26,0,2,0.9285714285714286
ler5uq42,d5d6de2d,57,57,0,0,57,0.0
nldu5ge3,d5d6de2d,59,4,55,0,4,0.9322033898305084
t3l0if03,d5d6de2d,57,15,42,0,15,0.7368421052631579
pcrxo3zp,d5d6de2d,26,15,11,0,15,0.4230769230769231
kkeej6x5,d5d6de2d,57,4,53,0,4,0.9298245614035088
f5ktzt2t,d5d6de2d,68,4,64,0,4,0.9411764705882353
bcyhma9y,d5d6de2d,57,57,0,0,57,0.0
nqubyvew,d5d6de2d,59,8,51,0,8,0.864406779661017
2w766g1z,d5d6de2d,57,4,53,0,4,0.9298245614035088
mr7lkk46,d5d6de2d,67,6,61,0,6,0.9104477611940298
vbwguazj,d5d6de2d,25,25,0,0,25,0.0
7agy8y3l,d5d6de2d,61,29,32,0,29,0.5245901639344263
o1t1fb7j,d5d6de2d,238,51,187,0,51,0.7857142857142857
om1m73rv,d5d6de2d,57,7,50,0,7,0.8771929824561403
8yhijukj,d5d6de2d,59,5,54,0,5,0.9152542372881356
50nsp39w,d5d6de2d,67,4,63,0,4,0.9402985074626866
mhskzwic,d5d6de2d,57,15,42,0,15,0.7368421052631579
p445h6ow,d5d6de2d,72,5,67,0,5,0.9305555555555556
8jwr3j6t,d5d6de2d,72,5,67,0,5,0.9305555555555556
z3die4q3,d5d6de2d,66,4,62,0,4,0.9393939393939394
xklnx39q,d5d6de2d,70,4,66,0,4,0.9428571428571428
pz38obzd,d5d6de2d,27,5,22,0,5,0.8148148148148148
nrfiw9bx,d5d6de2d,59,6,53,0,6,0.8983050847457628
phbjwkyw,93b581b8,18,18,0,0,18,0.0
szbhlpfr,93b581b8,16,12,4,0,12,0.25
89u58v07,93b581b8,12,12,0,0,12,0.0
4s3cm7d8,93b581b8,20,20,0,0,20,0.0
hsm45iwx,93b581b8,12,6,6,0,6,0.5
sn10zd6g,93b581b8,12,5,7,0,5,0.5833333333333334
qkiu92kk,93b581b8,12,12,0,0,12,0.0
44o5xnxe,93b581b8,12,4,8,0,4,0.6666666666666666
qfsp3ery,93b581b8,12,12,0,0,12,0.0
q04yitea,93b581b8,16,6,10,0,6,0.625
02333qfj,93b581b8,18,4,13,1,4,0.7222222222222222
y32zaw9c,93b581b8,12,12,0,0,12,0.0
cuybsfwr,93b581b8,20,20,0,0,20,0.0
0ra11hiv,93b581b8,15,15,0,0,15,0.0
hpl7jugr,93b581b8,24,9,15,0,9,0.625
r2ck84r8,93b581b8,12,4,8,0,4,0.6666666666666666
nze0azo1,93b581b8,20,11,9,0,11,0.45
ovhoesyy,93b581b8,12,4,8,0,4,0.6666666666666666
ske58akk,93b581b8,12,4,8,0,4,0.6666666666666666
3cc6zm51,93b581b8,14,14,0,0,14,0.0
r24jdhzg,93b581b8,16,12,4,0,12,0.25
zvbewhqx,93b581b8,26,23,3,0,23,0.11538461538461539
0hrc9vve,93b581b8,18,2,16,0,2,0.8888888888888888
ism64anu,93b581b8,14,4,10,0,4,0.7142857142857143
plfupad7,93b581b8,12,12,0,0,12,0.0
qazkn1sw,93b581b8,22,22,0,0,22,0.0
8aknstxj,93b581b8,13,5,8,0,5,0.6153846153846154
c7z6erey,93b581b8,20,6,14,0,6,0.7
byx9jkxm,93b581b8,12,12,0,0,12,0.0
j2pjmr32,93b581b8,18,18,0,0,18,0.0
bmlngyh3,93b581b8,26,26,0,0,26,0.0
y8mzyzjc,93b581b8,14,14,0,0,14,0.0
cghxa2ie,93b581b8,12,7,5,0,7,0.4166666666666667
clucow7d,93b581b8,34,12,22,0,12,0.6470588235294118
5nrjvc7q,93b581b8,12,12,0,0,12,0.0
ol9lky1i,93b581b8,14,6,8,0,6,0.5714285714285714
o5qropwk,93b581b8,12,12,0,0,12,0.0
61zahdh9,93b581b8,12,12,0,0,12,0.0
pad0sufd,93b581b8,12,6,6,0,6,0.5
emwp6wq7,93b581b8,12,12,0,0,12,0.0
npr5bsi2,93b581b8,20,20,0,0,20,0.0
154uk6vm,93b581b8,24,5,19,0,5,0.7916666666666666
ym49wqbn,93b581b8,16,10,6,0,10,0.375
cp3b83py,93b581b8,12,9,3,0,9,0.25
91fk0af9,93b581b8,16,16,0,0,16,0.0
qothvfhf,93b581b8,12,12,0,0,12,0.0
fkx2gd88,93b581b8,12,4,8,0,4,0.6666666666666666
27d8totr,93b581b8,12,12,0,0,12,0.0
kmwiem6m,93b581b8,12,6,6,0,6,0.5
d33m799j,93b581b8,8,8,0,0,8,0.0
ikfbpugl,93b581b8,30,10,20,0,10,0.6666666666666666
bdfn1h0o,93b581b8,12,5,7,0,5,0.5833333333333334
dmft9d3y,93b581b8,12,5,7,0,5,0.5833333333333334
6e5gb0yb,93b581b8,20,7,13,0,7,0.65
icf7bchs,93b581b8,16,16,0,0,16,0.0
bhpug29p,93b581b8,12,12,0,0,12,0.0
aqmjput5,93b581b8,17,17,0,0,17,0.0
f1ejz9fy,93b581b8,16,11,5,0,11,0.3125
vpxztp7b,93b581b8,12,12,0,0,12,0.0
a9gvtd1o,93b581b8,13,13,0,0,13,0.0
e0biso3r,93b581b8,12,12,0,0,12,0.0
41kp06jx,93b581b8,12,12,0,0,12,0.0
a0w1xgxf,93b581b8,14,3,11,0,3,0.7857142857142857
lmtka1ev,93b581b8,12,4,8,0,4,0.6666666666666666
6eyovdd2,93b581b8,15,15,0,0,15,0.0
a6jpzpek,93b581b8,12,12,0,0,12,0.0
648anokh,93b581b8,12,4,8,0,4,0.6666666666666666
jeq3oy2g,93b581b8,12,5,7,0,5,0.5833333333333334
mrypomny,93b581b8,12,12,0,0,12,0.0
rjanlii9,93b581b8,12,6,6,0,6,0.5
c7ac53of,93b581b8,6,6,0,0,6,0.0
tc5wgx8h,93b581b8,32,32,0,0,32,0.0
8bgj1tsd,93b581b8,12,12,0,0,12,0.0
nhds6zsd,93b581b8,12,12,0,0,12,0.0
vr20hyge,93b581b8,40,40,0,0,40,0.0
4stfwpke,93b581b8,15,5,10,0,5,0.6666666666666666
xasfvnb7,93b581b8,12,12,0,0,12,0.0
ce9qdbyh,93b581b8,18,18,0,0,18,0.0
j2dvablb,93b581b8,12,12,0,0,12,0.0
904h81sn,93b581b8,14,14,0,0,14,0.0
eyn3wygc,93b581b8,25,25,0,0,25,0.0
ni5df01j,93b581b8,20,20,0,0,20,0.0
ew4oecfi,93b581b8,13,6,7,0,6,0.5384615384615384
mrwlcmno,93b581b8,12,12,0,0,12,0.0
s03ed531,93b581b8,14,14,0,0,14,0.0
2j8p9vyz,93b581b8,24,9,15,0,9,0.625
6p8vl3lk,93b581b8,12,12,0,0,12,0.0
wcau806y,93b581b8,12,12,0,0,12,0.0
o4kkkuj9,93b581b8,12,12,0,0,12,0.0
k8txaw58,93b581b8,13,5,8,0,5,0.6153846153846154
mlvcv31l,93b581b8,16,5,11,0,5,0.6875
d1vjrjhc,93b581b8,12,4,8,0,4,0.6666666666666666
a589fsqz,93b581b8,12,12,0,0,12,0.0
qv0yh587,93b581b8,23,23,0,0,23,0.0
t2eyvuxq,93b581b8,24,24,0,0,24,0.0
1xogp17t,93b581b8,16,16,0,0,16,0.0
uktb326q,93b581b8,12,12,0,0,12,0.0
bw2cwy0m,93b581b8,16,16,0,0,16,0.0
kwy2bqjo,93b581b8,12,12,0,0,12,0.0
cdo2cmtp,93b581b8,30,30,0,0,30,0.0
zj5uemkt,93b581b8,12,12,0,0,12,0.0
4s9g1cze,93b581b8,22,6,16,0,6,0.7272727272727273
3irnkhq8,93b581b8,15,7,8,0,7,0.5333333333333333
ljwskxcq,93b581b8,32,12,20,0,12,0.625
l5sagbsh,93b581b8,12,12,0,0,12,0.0
v6jvgdvg,93b581b8,26,22,4,0,22,0.15384615384615385
8psac9uo,93b581b8,12,11,1,0,11,0.08333333333333333
nx0vccp8,93b581b8,14,14,0,0,14,0.0
kck1uue7,93b581b8,12,12,0,0,12,0.0
xji13cu2,93b581b8,12,12,0,0,12,0.0
jqeesfz7,93b581b8,22,22,0,0,22,0.0
8y2nd2sh,93b581b8,13,6,7,0,6,0.5384615384615384
l0nln4b2,93b581b8,12,12,0,0,12,0.0
aypxap78,93b581b8,12,9,3,0,9,0.25
ascil7wf,93b581b8,12,12,0,0,12,0.0
yebzokh4,93b581b8,12,12,0,0,12,0.0
kavvl57w,93b581b8,12,4,8,0,4,0.6666666666666666
idma9086,93b581b8,12,4,8,0,4,0.6666666666666666
r99uy0qb,93b581b8,16,13,3,0,13,0.1875
b73rrttr,93b581b8,4,4,0,0,4,0.0
7nszfy43,93b581b8,16,16,0,0,16,0.0
2d8q4qkc,93b581b8,15,8,7,0,8,0.4666666666666667
g3vslpjv,93b581b8,12,10,2,0,10,0.16666666666666666
c9sps7bl,93b581b8,12,4,8,0,4,0.6666666666666666
bx44xwzb,93b581b8,12,12,0,0,12,0.0
o2ho0580,93b581b8,20,20,0,0,20,0.0
8oohxrrz,93b581b8,13,7,6,0,7,0.46153846153846156
qfiy90jx,93b581b8,12,12,0,0,12,0.0
jayyv6lz,93b581b8,12,10,2,0,10,0.16666666666666666
qu0lm98m,93b581b8,12,5,7,0,5,0.5833333333333334
ldo5smvx,93b581b8,12,4,8,0,4,0.6666666666666666
ei0ij8ms,93b581b8,12,11,1,0,11,0.08333333333333333
0yfthc4y,93b581b8,14,14,0,0,14,0.0
2tkm21z6,93b581b8,12,12,0,0,12,0.0
yfyhejim,93b581b8,12,4,8,0,4,0.6666666666666666
cw4tyx7n,93b581b8,3,1,2,0,1,0.6666666666666666
g7svteiz,93b581b8,24,24,0,0,24,0.0
c2lwacqc,93b581b8,12,12,0,0,12,0.0
hd5k29qy,93b581b8,12,12,0,0,12,0.0
72p6pxny,93b581b8,15,7,8,0,7,0.5333333333333333
rhbgnqhz,93b581b8,12,12,0,0,12,0.0
mzi8f2hv,93b581b8,16,5,11,0,5,0.6875
189iqcds,93b581b8,13,4,9,0,4,0.6923076923076923
fgxp8fzz,93b581b8,12,4,8,0,4,0.6666666666666666
p445h6ow,93b581b8,12,5,7,0,5,0.5833333333333334
8jwr3j6t,93b581b8,16,5,11,0,5,0.6875
z3die4q3,93b581b8,13,5,8,0,5,0.6153846153846154
8yhijukj,93b581b8,32,8,24,0,8,0.75
50nsp39w,93b581b8,25,25,0,0,25,0.0
mhskzwic,93b581b8,12,6,6,0,6,0.5
vbwguazj,93b581b8,12,12,0,0,12,0.0
7agy8y3l,93b581b8,13,13,0,0,13,0.0
o1t1fb7j,93b581b8,16,16,0,0,16,0.0
om1m73rv,93b581b8,30,7,23,0,7,0.7666666666666667
nrfiw9bx,93b581b8,12,6,6,0,6,0.5
pz38obzd,93b581b8,12,12,0,0,12,0.0
xklnx39q,93b581b8,12,5,7,0,5,0.5833333333333334
nldu5ge3,93b581b8,12,4,8,0,4,0.6666666666666666
t3l0if03,93b581b8,12,4,8,0,4,0.6666666666666666
nfbzvhip,93b581b8,12,12,0,0,12,0.0
4wx63ymf,93b581b8,28,6,22,0,6,0.7857142857142857
ler5uq42,93b581b8,14,14,0,0,14,0.0
m63pxnwq,93b581b8,12,12,0,0,12,0.0
2w766g1z,93b581b8,22,7,15,0,7,0.6818181818181818
mr7lkk46,93b581b8,16,16,0,0,16,0.0
nqubyvew,93b581b8,12,9,3,0,9,0.25
bcyhma9y,93b581b8,20,20,0,0,20,0.0
pcrxo3zp,93b581b8,12,11,1,0,11,0.08333333333333333
f5ktzt2t,93b581b8,13,6,7,0,6,0.5384615384615384
kkeej6x5,93b581b8,12,12,0,0,12,0.0
hkj9daz7,93b581b8,12,4,8,0,4,0.6666666666666666
zfeorjum,93b581b8,12,12,0,0,12,0.0
w12e497z,93b581b8,4,4,0,0,4,0.0
9ohxtpht,93b581b8,12,12,0,0,12,0.0
0wk7vjg8,93b581b8,12,4,8,0,4,0.6666666666666666
cbvc5e3w,93b581b8,12,12,0,0,12,0.0
k0qq522n,93b581b8,34,34,0,0,34,0.0
1r6yodve,93b581b8,16,16,0,0,16,0.0
wa9xd98o,93b581b8,20,6,14,0,6,0.7
4j6cy1mk,93b581b8,22,8,14,0,8,0.6363636363636364
oxvw1rhx,93b581b8,12,12,0,0,12,0.0
318gokyy,93b581b8,12,12,0,0,12,0.0
8d21w3yr,93b581b8,12,12,0,0,12,0.0
jx6lhkbi,93b581b8,12,12,0,0,12,0.0
cfclud8z,93b581b8,12,11,1,0,11,0.08333333333333333
z8b26ynw,93b581b8,15,12,3,0,12,0.2
zelqv7az,93b581b8,38,13,25,0,13,0.6578947368421053
ya0wv6pm,93b581b8,18,18,0,0,18,0.0
9evwb372,93b581b8,12,5,7,0,5,0.5833333333333334
1qt2f29y,93b581b8,12,12,0,0,12,0.0
clhkwrie,93b581b8,27,27,0,0,27,0.0
mpzcivx9,93b581b8,13,5,8,0,5,0.6153846153846154
sp00glmz,93b581b8,12,8,4,0,8,0.3333333333333333
yfyhejim,5c0a986e,10,4,6,0,4,0.6
ei0ij8ms,5c0a986e,8,7,1,0,7,0.125
0yfthc4y,5c0a986e,6,6,0,0,6,0.0
2tkm21z6,5c0a986e,6,6,0,0,6,0.0
ldo5smvx,5c0a986e,8,5,3,0,5,0.375
qu0lm98m,5c0a986e,6,6,0,0,6,0.0
jayyv6lz,5c0a986e,10,10,0,0,10,0.0
mzi8f2hv,5c0a986e,35,27,8,0,27,0.22857142857142856
189iqcds,5c0a986e,6,6,0,0,6,0.0
fgxp8fzz,5c0a986e,6,6,0,0,6,0.0
xgvto4mg,5c0a986e,6,6,0,0,6,0.0
hd5k29qy,5c0a986e,12,12,0,0,12,0.0
72p6pxny,5c0a986e,6,6,0,0,6,0.0
rhbgnqhz,5c0a986e,8,8,0,0,8,0.0
gkse9wdn,5c0a986e,12,12,0,0,12,0.0
cw4tyx7n,5c0a986e,12,6,6,0,6,0.5
g7svteiz,5c0a986e,34,34,0,0,34,0.0
c2lwacqc,5c0a986e,13,7,6,0,7,0.46153846153846156
l0nln4b2,5c0a986e,18,18,0,0,18,0.0
aypxap78,5c0a986e,6,6,0,0,6,0.0
ascil7wf,5c0a986e,6,6,0,0,6,0.0
qif0sa3r,5c0a986e,10,10,0,0,10,0.0
8y2nd2sh,5c0a986e,9,8,1,0,8,0.1111111111111111
xji13cu2,5c0a986e,11,11,0,0,11,0.0
jqeesfz7,5c0a986e,8,8,0,0,8,0.0
9pjr0waw,5c0a986e,6,6,0,0,6,0.0
8psac9uo,5c0a986e,6,6,0,0,6,0.0
nx0vccp8,5c0a986e,10,10,0,0,10,0.0
kck1uue7,5c0a986e,15,11,4,0,11,0.26666666666666666
8oohxrrz,5c0a986e,10,6,4,0,6,0.4
qfiy90jx,5c0a986e,17,10,7,0,10,0.4117647058823529
x5id5i5q,5c0a986e,12,12,0,0,12,0.0
g3vslpjv,5c0a986e,6,6,0,0,6,0.0
c9sps7bl,5c0a986e,13,12,1,0,12,0.07692307692307693
o2ho0580,5c0a986e,8,8,0,0,8,0.0
bx44xwzb,5c0a986e,6,6,0,0,6,0.0
idma9086,5c0a986e,20,20,0,0,20,0.0
b73rrttr,5c0a986e,8,8,0,0,8,0.0
7nszfy43,5c0a986e,8,8,0,0,8,0.0
yebzokh4,5c0a986e,10,10,0,0,10,0.0
kavvl57w,5c0a986e,6,6,0,0,6,0.0
fl73adm5,5c0a986e,6,6,0,0,6,0.0
oxvw1rhx,5c0a986e,12,12,0,0,12,0.0
318gokyy,5c0a986e,8,8,0,0,8,0.0
8d21w3yr,5c0a986e,25,24,1,0,24,0.04
0wk7vjg8,5c0a986e,6,6,0,0,6,0.0
k0qq522n,5c0a986e,14,14,0,0,14,0.0
1r6yodve,5c0a986e,16,16,0,0,16,0.0
zfeorjum,5c0a986e,6,6,0,0,6,0.0
hkj9daz7,5c0a986e,6,6,0,0,6,0.0
w12e497z,5c0a986e,8,2,6,0,2,0.75
9ohxtpht,5c0a986e,6,6,0,0,6,0.0
clhkwrie,5c0a986e,13,13,0,0,13,0.0
1qt2f29y,5c0a986e,14,14,0,0,14,0.0
mpzcivx9,5c0a986e,19,9,10,0,9,0.5263157894736842
sp00glmz,5c0a986e,11,9,2,0,9,0.18181818181818182
ya0wv6pm,5c0a986e,8,6,2,0,6,0.25
9evwb372,5c0a986e,8,8,0,0,8,0.0
cfclud8z,5c0a986e,6,6,0,0,6,0.0
z8b26ynw,5c0a986e,6,6,0,0,6,0.0
zelqv7az,5c0a986e,8,8,0,0,8,0.0
jx6lhkbi,5c0a986e,6,6,0,0,6,0.0
xklnx39q,5c0a986e,6,6,0,0,6,0.0
pz38obzd,5c0a986e,6,6,0,0,6,0.0
nrfiw9bx,5c0a986e,6,6,0,0,6,0.0
vbwguazj,5c0a986e,6,6,0,0,6,0.0
7agy8y3l,5c0a986e,6,6,0,0,6,0.0
o1t1fb7j,5c0a986e,14,14,0,0,14,0.0
om1m73rv,5c0a986e,10,10,0,0,10,0.0
p445h6ow,5c0a986e,6,6,0,0,6,0.0
8jwr3j6t,5c0a986e,6,6,0,0,6,0.0
z3die4q3,5c0a986e,8,8,0,0,8,0.0
8yhijukj,5c0a986e,11,11,0,0,11,0.0
50nsp39w,5c0a986e,6,2,4,0,2,0.6666666666666666
mhskzwic,5c0a986e,6,6,0,0,6,0.0
bcyhma9y,5c0a986e,8,8,0,0,8,0.0
pcrxo3zp,5c0a986e,8,8,0,0,8,0.0
kkeej6x5,5c0a986e,6,6,0,0,6,0.0
2w766g1z,5c0a986e,10,10,0,0,10,0.0
5vv1rrzw,5c0a986e,6,6,0,0,6,0.0
nqubyvew,5c0a986e,13,13,0,0,13,0.0
onnumbyy,5c0a986e,7,7,0,0,7,0.0
m63pxnwq,5c0a986e,10,6,4,0,6,0.4
nldu5ge3,5c0a986e,6,6,0,0,6,0.0
t3l0if03,5c0a986e,6,6,0,0,6,0.0
nfbzvhip,5c0a986e,8,8,0,0,8,0.0
4wx63ymf,5c0a986e,6,6,0,0,6,0.0
ler5uq42,5c0a986e,6,6,0,0,6,0.0
pad0sufd,5c0a986e,9,7,2,0,7,0.2222222222222222
emwp6wq7,5c0a986e,15,11,4,0,11,0.26666666666666666
npr5bsi2,5c0a986e,6,6,0,0,6,0.0
ym49wqbn,5c0a986e,10,10,0,0,10,0.0
154uk6vm,5c0a986e,35,12,23,0,12,0.6571428571428571
xeu3j3ki,5c0a986e,6,6,0,0,6,0.0
5nrjvc7q,5c0a986e,6,6,0,0,6,0.0
o5qropwk,5c0a986e,6,6,0,0,6,0.0
5hz183aa,5c0a986e,26,1,25,0,1,0.9615384615384616
61zahdh9,5c0a986e,15,10,5,0,10,0.3333333333333333
bmlngyh3,5c0a986e,6,6,0,0,6,0.0
3d2as981,5c0a986e,6,6,0,0,6,0.0
cghxa2ie,5c0a986e,12,12,0,0,12,0.0
clucow7d,5c0a986e,8,5,3,0,5,0.375
74l1qvc1,5c0a986e,7,7,0,0,7,0.0
byx9jkxm,5c0a986e,6,6,0,0,6,0.0
j2pjmr32,5c0a986e,18,18,0,0,18,0.0
icf7bchs,5c0a986e,26,25,1,0,25,0.038461538461538464
bhpug29p,5c0a986e,6,6,0,0,6,0.0
f5ohsl5h,5c0a986e,1,1,0,0,1,0.0
l9krayds,5c0a986e,7,7,0,0,7,0.0
aqmjput5,5c0a986e,8,8,0,0,8,0.0
bdfn1h0o,5c0a986e,6,6,0,0,6,0.0
dmft9d3y,5c0a986e,6,6,0,0,6,0.0
pgtp756s,5c0a986e,9,9,0,0,9,0.0
6e5gb0yb,5c0a986e,8,8,0,0,8,0.0
kmwiem6m,5c0a986e,6,6,0,0,6,0.0
d33m799j,5c0a986e,8,4,4,0,4,0.5
ikfbpugl,5c0a986e,14,14,0,0,14,0.0
cp3b83py,5c0a986e,6,6,0,0,6,0.0
qothvfhf,5c0a986e,6,6,0,0,6,0.0
91fk0af9,5c0a986e,13,13,0,0,13,0.0
27d8totr,5c0a986e,6,6,0,0,6,0.0
y32zaw9c,5c0a986e,15,15,0,0,15,0.0
cuybsfwr,5c0a986e,19,18,1,0,18,0.05263157894736842
0ra11hiv,5c0a986e,18,18,0,0,18,0.0
qkiu92kk,5c0a986e,12,12,0,0,12,0.0
44o5xnxe,5c0a986e,6,6,0,0,6,0.0
qfsp3ery,5c0a986e,6,6,0,0,6,0.0
q04yitea,5c0a986e,6,6,0,0,6,0.0
02333qfj,5c0a986e,24,24,0,0,24,0.0
e2w81k0i,5c0a986e,29,13,16,0,13,0.5517241379310345
4s3cm7d8,5c0a986e,6,6,0,0,6,0.0
hsm45iwx,5c0a986e,8,7,1,0,7,0.125
sn10zd6g,5c0a986e,6,6,0,0,6,0.0
phbjwkyw,5c0a986e,14,14,0,0,14,0.0
szbhlpfr,5c0a986e,10,10,0,0,10,0.0
89u58v07,5c0a986e,6,6,0,0,6,0.0
095bdwyc,5c0a986e,6,6,0,0,6,0.0
f0wpo2hr,5c0a986e,6,6,0,0,6,0.0
qazkn1sw,5c0a986e,16,16,0,0,16,0.0
c7z6erey,5c0a986e,6,6,0,0,6,0.0
8aknstxj,5c0a986e,7,7,0,0,7,0.0
zvbewhqx,5c0a986e,23,23,0,0,23,0.0
0hrc9vve,5c0a986e,18,18,0,0,18,0.0
ism64anu,5c0a986e,6,6,0,0,6,0.0
plfupad7,5c0a986e,8,8,0,0,8,0.0
ovhoesyy,5c0a986e,6,6,0,0,6,0.0
ske58akk,5c0a986e,6,6,0,0,6,0.0
3cc6zm51,5c0a986e,8,8,0,0,8,0.0
stbyxpx6,5c0a986e,6,6,0,0,6,0.0
r24jdhzg,5c0a986e,6,6,0,0,6,0.0
hpl7jugr,5c0a986e,6,6,0,0,6,0.0
r2ck84r8,5c0a986e,8,8,0,0,8,0.0
nze0azo1,5c0a986e,6,6,0,0,6,0.0
qv0yh587,5c0a986e,10,10,0,0,10,0.0
t2eyvuxq,5c0a986e,6,6,0,0,6,0.0
1xogp17t,5c0a986e,19,5,14,0,5,0.7368421052631579
k8txaw58,5c0a986e,6,6,0,0,6,0.0
o4kkkuj9,5c0a986e,6,6,0,0,6,0.0
mlvcv31l,5c0a986e,6,6,0,0,6,0.0
d1vjrjhc,5c0a986e,6,6,0,0,6,0.0
7o2tmcr2,5c0a986e,14,14,0,0,14,0.0
a589fsqz,5c0a986e,6,6,0,0,6,0.0
s03ed531,5c0a986e,10,10,0,0,10,0.0
2j8p9vyz,5c0a986e,12,8,4,0,8,0.3333333333333333
wcau806y,5c0a986e,6,6,0,0,6,0.0
eyn3wygc,5c0a986e,6,6,0,0,6,0.0
ni5df01j,5c0a986e,6,6,0,0,6,0.0
ew4oecfi,5c0a986e,10,6,4,0,6,0.4
08vqizpx,5c0a986e,6,6,0,0,6,0.0
mrwlcmno,5c0a986e,6,6,0,0,6,0.0
4s9g1cze,5c0a986e,10,6,4,0,6,0.4
3irnkhq8,5c0a986e,11,11,0,0,11,0.0
ljwskxcq,5c0a986e,8,8,0,0,8,0.0
v6jvgdvg,5c0a986e,18,18,0,0,18,0.0
l5sagbsh,5c0a986e,8,8,0,0,8,0.0
zj5uemkt,5c0a986e,6,6,0,0,6,0.0
uktb326q,5c0a986e,8,8,0,0,8,0.0
bw2cwy0m,5c0a986e,6,6,0,0,6,0.0
kwy2bqjo,5c0a986e,6,6,0,0,6,0.0
jeq3oy2g,5c0a986e,20,20,0,0,20,0.0
mrypomny,5c0a986e,6,6,0,0,6,0.0
rjanlii9,5c0a986e,6,6,0,0,6,0.0
c7ac53of,5c0a986e,6,3,3,0,3,0.5
8bgj1tsd,5c0a986e,10,10,0,0,10,0.0
tc5wgx8h,5c0a986e,14,14,0,0,14,0.0
648anokh,5c0a986e,6,6,0,0,6,0.0
qqqzakmg,5c0a986e,27,1,26,0,1,0.9629629629629629
a0w1xgxf,5c0a986e,14,10,4,0,10,0.2857142857142857
41kp06jx,5c0a986e,8,8,0,0,8,0.0
a6jpzpek,5c0a986e,3,1,2,0,1,0.6666666666666666
6eyovdd2,5c0a986e,12,12,0,0,12,0.0
f1ejz9fy,5c0a986e,6,6,0,0,6,0.0
vpxztp7b,5c0a986e,8,8,0,0,8,0.0
e0biso3r,5c0a986e,6,6,0,0,6,0.0
ce9qdbyh,5c0a986e,6,6,0,0,6,0.0
904h81sn,5c0a986e,6,6,0,0,6,0.0
so5k1adg,5c0a986e,14,14,0,0,14,0.0
4stfwpke,5c0a986e,6,6,0,0,6,0.0
nhds6zsd,5c0a986e,6,6,0,0,6,0.0
vr20hyge,5c0a986e,6,6,0,0,6,0.0
xji13cu2,1f876c06,14,14,0,0,14,0.0
jqeesfz7,1f876c06,18,18,0,0,18,0.0
8psac9uo,1f876c06,14,14,0,0,14,0.0
nx0vccp8,1f876c06,14,14,0,0,14,0.0
kck1uue7,1f876c06,19,15,4,0,15,0.21052631578947367
9pjr0waw,1f876c06,14,14,0,0,14,0.0
ascil7wf,1f876c06,14,14,0,0,14,0.0
l0nln4b2,1f876c06,14,14,0,0,14,0.0
aypxap78,1f876c06,14,14,0,0,14,0.0
8y2nd2sh,1f876c06,14,14,0,0,14,0.0
b73rrttr,1f876c06,9,8,1,0,8,0.1111111111111111
7nszfy43,1f876c06,14,14,0,0,14,0.0
idma9086,1f876c06,14,14,0,0,14,0.0
r99uy0qb,1f876c06,22,19,3,0,19,0.13636363636363635
kavvl57w,1f876c06,14,14,0,0,14,0.0
yebzokh4,1f876c06,14,14,0,0,14,0.0
x5id5i5q,1f876c06,14,14,0,0,14,0.0
qfiy90jx,1f876c06,16,16,0,0,16,0.0
c9sps7bl,1f876c06,30,12,18,0,12,0.6
bx44xwzb,1f876c06,15,15,0,0,15,0.0
o2ho0580,1f876c06,10,10,0,0,10,0.0
2d8q4qkc,1f876c06,14,14,0,0,14,0.0
g3vslpjv,1f876c06,16,16,0,0,16,0.0
ldo5smvx,1f876c06,14,14,0,0,14,0.0
jayyv6lz,1f876c06,28,27,1,0,27,0.03571428571428571
qu0lm98m,1f876c06,14,14,0,0,14,0.0
yfyhejim,1f876c06,14,14,0,0,14,0.0
9wkeb5tu,1f876c06,14,14,0,0,14,0.0
2tkm21z6,1f876c06,14,14,0,0,14,0.0
ei0ij8ms,1f876c06,20,20,0,0,20,0.0
0yfthc4y,1f876c06,14,14,0,0,14,0.0
cw4tyx7n,1f876c06,18,13,5,0,13,0.2777777777777778
g7svteiz,1f876c06,14,14,0,0,14,0.0
c2lwacqc,1f876c06,14,14,0,0,14,0.0
xgvto4mg,1f876c06,14,14,0,0,14,0.0
mzi8f2hv,1f876c06,14,14,0,0,14,0.0
189iqcds,1f876c06,14,14,0,0,14,0.0
gkse9wdn,1f876c06,16,16,0,0,16,0.0
hd5k29qy,1f876c06,20,13,7,0,13,0.35
72p6pxny,1f876c06,14,14,0,0,14,0.0
rhbgnqhz,1f876c06,18,16,2,0,16,0.1111111111111111
vbwguazj,1f876c06,14,14,0,0,14,0.0
7agy8y3l,1f876c06,14,14,0,0,14,0.0
om1m73rv,1f876c06,14,14,0,0,14,0.0
8yhijukj,1f876c06,43,43,0,0,43,0.0
50nsp39w,1f876c06,16,16,0,0,16,0.0
mhskzwic,1f876c06,14,14,0,0,14,0.0
8jwr3j6t,1f876c06,16,14,2,0,14,0.125
z3die4q3,1f876c06,14,14,0,0,14,0.0
pz38obzd,1f876c06,14,14,0,0,14,0.0
xklnx39q,1f876c06,14,14,0,0,14,0.0
nrfiw9bx,1f876c06,14,14,0,0,14,0.0
m63pxnwq,1f876c06,16,16,0,0,16,0.0
onnumbyy,1f876c06,14,14,0,0,14,0.0
nfbzvhip,1f876c06,14,14,0,0,14,0.0
4wx63ymf,1f876c06,14,14,0,0,14,0.0
ler5uq42,1f876c06,17,17,0,0,17,0.0
nldu5ge3,1f876c06,14,14,0,0,14,0.0
t3l0if03,1f876c06,14,14,0,0,14,0.0
pcrxo3zp,1f876c06,14,14,0,0,14,0.0
f5ktzt2t,1f876c06,14,14,0,0,14,0.0
kkeej6x5,1f876c06,14,14,0,0,14,0.0
nqubyvew,1f876c06,14,14,0,0,14,0.0
2w766g1z,1f876c06,14,14,0,0,14,0.0
mr7lkk46,1f876c06,14,14,0,0,14,0.0
cbvc5e3w,1f876c06,16,16,0,0,16,0.0
k0qq522n,1f876c06,16,16,0,0,16,0.0
2anyuqd8,1f876c06,14,14,0,0,14,0.0
1r6yodve,1f876c06,10,10,0,0,10,0.0
w12e497z,1f876c06,10,10,0,0,10,0.0
9ohxtpht,1f876c06,14,14,0,0,14,0.0
zfeorjum,1f876c06,14,14,0,0,14,0.0
hkj9daz7,1f876c06,18,14,4,0,14,0.2222222222222222
8d21w3yr,1f876c06,46,46,0,0,46,0.0
4j6cy1mk,1f876c06,14,14,0,0,14,0.0
oxvw1rhx,1f876c06,25,25,0,0,25,0.0
318gokyy,1f876c06,18,18,0,0,18,0.0
z8b26ynw,1f876c06,14,14,0,0,14,0.0
zelqv7az,1f876c06,14,14,0,0,14,0.0
cfclud8z,1f876c06,14,14,0,0,14,0.0
jx6lhkbi,1f876c06,14,14,0,0,14,0.0
sp00glmz,1f876c06,14,14,0,0,14,0.0
clhkwrie,1f876c06,24,24,0,0,24,0.0
1qt2f29y,1f876c06,17,17,0,0,17,0.0
mpzcivx9,1f876c06,14,14,0,0,14,0.0
ya0wv6pm,1f876c06,16,16,0,0,16,0.0
9evwb372,1f876c06,14,14,0,0,14,0.0
2ke9hbes,1f876c06,14,14,0,0,14,0.0
23iyreiv,1f876c06,16,16,0,0,16,0.0
sn10zd6g,1f876c06,14,14,0,0,14,0.0
e2w81k0i,1f876c06,14,14,0,0,14,0.0
4s3cm7d8,1f876c06,14,14,0,0,14,0.0
hsm45iwx,1f876c06,16,16,0,0,16,0.0
89u58v07,1f876c06,16,14,2,0,14,0.125
phbjwkyw,1f876c06,14,14,0,0,14,0.0
szbhlpfr,1f876c06,14,14,0,0,14,0.0
cuybsfwr,1f876c06,31,27,4,0,27,0.12903225806451613
0ra11hiv,1f876c06,14,14,0,0,14,0.0
y32zaw9c,1f876c06,14,14,0,0,14,0.0
qfsp3ery,1f876c06,14,14,0,0,14,0.0
q04yitea,1f876c06,14,14,0,0,14,0.0
02333qfj,1f876c06,14,14,0,0,14,0.0
qkiu92kk,1f876c06,14,14,0,0,14,0.0
44o5xnxe,1f876c06,14,14,0,0,14,0.0
stbyxpx6,1f876c06,14,14,0,0,14,0.0
r24jdhzg,1f876c06,14,14,0,0,14,0.0
ovhoesyy,1f876c06,14,14,0,0,14,0.0
ske58akk,1f876c06,14,14,0,0,14,0.0
3cc6zm51,1f876c06,18,18,0,0,18,0.0
hpl7jugr,1f876c06,16,16,0,0,16,0.0
r2ck84r8,1f876c06,14,14,0,0,14,0.0
nze0azo1,1f876c06,14,14,0,0,14,0.0
c7z6erey,1f876c06,14,14,0,0,14,0.0
8aknstxj,1f876c06,14,14,0,0,14,0.0
f0wpo2hr,1f876c06,22,14,8,0,14,0.36363636363636365
qazkn1sw,1f876c06,18,17,1,0,17,0.05555555555555555
ism64anu,1f876c06,14,14,0,0,14,0.0
zvbewhqx,1f876c06,14,14,0,0,14,0.0
0hrc9vve,1f876c06,19,3,16,0,3,0.8421052631578947
3d2as981,1f876c06,16,16,0,0,16,0.0
cghxa2ie,1f876c06,22,14,8,0,14,0.36363636363636365
bmlngyh3,1f876c06,16,16,0,0,16,0.0
j2pjmr32,1f876c06,28,28,0,0,28,0.0
byx9jkxm,1f876c06,14,14,0,0,14,0.0
npr5bsi2,1f876c06,18,18,0,0,18,0.0
ym49wqbn,1f876c06,17,15,2,0,15,0.11764705882352941
154uk6vm,1f876c06,14,14,0,0,14,0.0
xeu3j3ki,1f876c06,14,14,0,0,14,0.0
pad0sufd,1f876c06,14,14,0,0,14,0.0
emwp6wq7,1f876c06,14,14,0,0,14,0.0
5hz183aa,1f876c06,50,48,2,0,48,0.04
61zahdh9,1f876c06,20,13,7,0,13,0.35
5nrjvc7q,1f876c06,38,38,0,0,38,0.0
ol9lky1i,1f876c06,24,15,9,0,15,0.375
o5qropwk,1f876c06,14,14,0,0,14,0.0
d33m799j,1f876c06,6,6,0,0,6,0.0
ikfbpugl,1f876c06,31,24,7,0,24,0.22580645161290322
5pds9j1d,1f876c06,16,16,0,0,16,0.0
kmwiem6m,1f876c06,14,14,0,0,14,0.0
qothvfhf,1f876c06,14,14,0,0,14,0.0
fkx2gd88,1f876c06,14,14,0,0,14,0.0
27d8totr,1f876c06,14,14,0,0,14,0.0
cp3b83py,1f876c06,14,14,0,0,14,0.0
nvlsix5c,1f876c06,28,21,7,0,21,0.25
l9krayds,1f876c06,14,14,0,0,14,0.0
pgtp756s,1f876c06,14,14,0,0,14,0.0
6e5gb0yb,1f876c06,14,14,0,0,14,0.0
bdfn1h0o,1f876c06,14,14,0,0,14,0.0
dmft9d3y,1f876c06,16,16,0,0,16,0.0
a6jpzpek,1f876c06,14,14,0,0,14,0.0
6eyovdd2,1f876c06,14,14,0,0,14,0.0
a0w1xgxf,1f876c06,16,16,0,0,16,0.0
41kp06jx,1f876c06,20,20,0,0,20,0.0
lmtka1ev,1f876c06,14,14,0,0,14,0.0
a9gvtd1o,1f876c06,14,14,0,0,14,0.0
e0biso3r,1f876c06,14,14,0,0,14,0.0
f1ejz9fy,1f876c06,14,14,0,0,14,0.0
vpxztp7b,1f876c06,16,14,2,0,14,0.125
tc5wgx8h,1f876c06,17,14,2,1,14,0.11764705882352941
jeq3oy2g,1f876c06,10,2,8,0,2,0.8
mrypomny,1f876c06,14,14,0,0,14,0.0
rjanlii9,1f876c06,14,14,0,0,14,0.0
c7ac53of,1f876c06,9,3,6,0,3,0.6666666666666666
zc26r1al,1f876c06,14,14,0,0,14,0.0
648anokh,1f876c06,14,14,0,0,14,0.0
4stfwpke,1f876c06,16,16,0,0,16,0.0
nhds6zsd,1f876c06,14,14,0,0,14,0.0
vr20hyge,1f876c06,16,16,0,0,16,0.0
j2dvablb,1f876c06,14,14,0,0,14,0.0
904h81sn,1f876c06,14,14,0,0,14,0.0
so5k1adg,1f876c06,14,14,0,0,14,0.0
03ljcqhc,1f876c06,14,14,0,0,14,0.0
ce9qdbyh,1f876c06,14,14,0,0,14,0.0
sesf1qnx,1f876c06,14,14,0,0,14,0.0
xasfvnb7,1f876c06,4,1,3,0,1,0.75
wcau806y,1f876c06,14,14,0,0,14,0.0
s03ed531,1f876c06,15,15,0,0,15,0.0
6p8vl3lk,1f876c06,23,21,2,0,21,0.08695652173913043
2j8p9vyz,1f876c06,15,15,0,0,15,0.0
ew4oecfi,1f876c06,14,14,0,0,14,0.0
08vqizpx,1f876c06,14,14,0,0,14,0.0
mrwlcmno,1f876c06,16,16,0,0,16,0.0
eyn3wygc,1f876c06,15,15,0,0,15,0.0
ni5df01j,1f876c06,14,14,0,0,14,0.0
qv0yh587,1f876c06,14,14,0,0,14,0.0
t2eyvuxq,1f876c06,32,15,17,0,15,0.53125
a589fsqz,1f876c06,16,15,1,0,15,0.0625
o4kkkuj9,1f876c06,18,18,0,0,18,0.0
mlvcv31l,1f876c06,14,14,0,0,14,0.0
d1vjrjhc,1f876c06,14,14,0,0,14,0.0
bw2cwy0m,1f876c06,14,14,0,0,14,0.0
kwy2bqjo,1f876c06,16,16,0,0,16,0.0
uktb326q,1f876c06,15,15,0,0,15,0.0
4s9g1cze,1f876c06,14,14,0,0,14,0.0
3irnkhq8,1f876c06,16,16,0,0,16,0.0
ljwskxcq,1f876c06,14,14,0,0,14,0.0
v6jvgdvg,1f876c06,14,14,0,0,14,0.0
l5sagbsh,1f876c06,14,14,0,0,14,0.0
zj5uemkt,1f876c06,14,14,0,0,14,0.0
vpxztp7b,74dd1130,9,5,4,0,5,0.4444444444444444
f1ejz9fy,74dd1130,9,7,2,0,7,0.2222222222222222
e0biso3r,74dd1130,27,13,14,0,13,0.5185185185185185
a9gvtd1o,74dd1130,9,9,0,0,9,0.0
lmtka1ev,74dd1130,7,4,3,0,4,0.42857142857142855
a0w1xgxf,74dd1130,9,4,5,0,4,0.5555555555555556
41kp06jx,74dd1130,11,8,3,0,8,0.2727272727272727
a6jpzpek,74dd1130,10,10,0,0,10,0.0
6eyovdd2,74dd1130,9,5,4,0,5,0.4444444444444444
qqqzakmg,74dd1130,5,3,2,0,3,0.4
648anokh,74dd1130,28,18,10,0,18,0.35714285714285715
zc26r1al,74dd1130,22,14,8,0,14,0.36363636363636365
c7ac53of,74dd1130,9,7,2,0,7,0.2222222222222222
rjanlii9,74dd1130,27,15,12,0,15,0.4444444444444444
mrypomny,74dd1130,9,5,4,0,5,0.4444444444444444
jeq3oy2g,74dd1130,10,10,0,0,10,0.0
vr20hyge,74dd1130,5,5,0,0,5,0.0
nhds6zsd,74dd1130,9,9,0,0,9,0.0
4stfwpke,74dd1130,20,8,12,0,8,0.6
sesf1qnx,74dd1130,9,6,3,0,6,0.3333333333333333
904h81sn,74dd1130,6,6,0,0,6,0.0
j2dvablb,74dd1130,9,5,4,0,5,0.4444444444444444
eyn3wygc,74dd1130,6,6,0,0,6,0.0
ni5df01j,74dd1130,10,4,6,0,4,0.6
ew4oecfi,74dd1130,19,9,10,0,9,0.5263157894736842
2j8p9vyz,74dd1130,10,4,6,0,4,0.6
wcau806y,74dd1130,3,3,0,0,3,0.0
d1vjrjhc,74dd1130,6,6,0,0,6,0.0
o4kkkuj9,74dd1130,11,11,0,0,11,0.0
k8txaw58,74dd1130,6,6,0,0,6,0.0
mlvcv31l,74dd1130,7,5,2,0,5,0.2857142857142857
a589fsqz,74dd1130,9,7,2,0,7,0.2222222222222222
7o2tmcr2,74dd1130,9,7,2,0,7,0.2222222222222222
t2eyvuxq,74dd1130,6,6,0,0,6,0.0
qv0yh587,74dd1130,7,7,0,0,7,0.0
uktb326q,74dd1130,6,6,0,0,6,0.0
bw2cwy0m,74dd1130,6,6,0,0,6,0.0
cdo2cmtp,74dd1130,9,7,2,0,7,0.2222222222222222
zj5uemkt,74dd1130,10,10,0,0,10,0.0
ljwskxcq,74dd1130,19,17,2,0,17,0.10526315789473684
l5sagbsh,74dd1130,9,9,0,0,9,0.0
v6jvgdvg,74dd1130,7,7,0,0,7,0.0
3irnkhq8,74dd1130,10,4,6,0,4,0.6
szbhlpfr,74dd1130,6,6,0,0,6,0.0
phbjwkyw,74dd1130,4,4,0,0,4,0.0
89u58v07,74dd1130,16,16,0,0,16,0.0
hsm45iwx,74dd1130,24,24,0,0,24,0.0
4s3cm7d8,74dd1130,6,6,0,0,6,0.0
e2w81k0i,74dd1130,11,10,1,0,10,0.09090909090909091
sn10zd6g,74dd1130,9,5,4,0,5,0.4444444444444444
44o5xnxe,74dd1130,10,5,5,0,5,0.5
q04yitea,74dd1130,9,7,2,0,7,0.2222222222222222
qfsp3ery,74dd1130,6,6,0,0,6,0.0
y32zaw9c,74dd1130,9,9,0,0,9,0.0
r2ck84r8,74dd1130,9,4,5,0,4,0.5555555555555556
nze0azo1,74dd1130,6,6,0,0,6,0.0
hpl7jugr,74dd1130,7,4,3,0,4,0.42857142857142855
3cc6zm51,74dd1130,6,6,0,0,6,0.0
ovhoesyy,74dd1130,9,9,0,0,9,0.0
ske58akk,74dd1130,9,9,0,0,9,0.0
r24jdhzg,74dd1130,8,8,0,0,8,0.0
0hrc9vve,74dd1130,9,9,0,0,9,0.0
zvbewhqx,74dd1130,6,6,0,0,6,0.0
plfupad7,74dd1130,9,9,0,0,9,0.0
ism64anu,74dd1130,11,7,4,0,7,0.36363636363636365
n2et79bd,74dd1130,8,4,4,0,4,0.5
qazkn1sw,74dd1130,18,17,0,1,17,0.0
f0wpo2hr,74dd1130,6,6,0,0,6,0.0
c7z6erey,74dd1130,6,5,1,0,5,0.16666666666666666
8aknstxj,74dd1130,9,9,0,0,9,0.0
byx9jkxm,74dd1130,10,4,6,0,4,0.6
74l1qvc1,74dd1130,1,1,0,0,1,0.0
bmlngyh3,74dd1130,26,26,0,0,26,0.0
clucow7d,74dd1130,9,7,2,0,7,0.2222222222222222
cghxa2ie,74dd1130,6,6,0,0,6,0.0
3d2as981,74dd1130,17,17,0,0,17,0.0
o5qropwk,74dd1130,2,2,0,0,2,0.0
5nrjvc7q,74dd1130,9,9,0,0,9,0.0
61zahdh9,74dd1130,20,14,5,1,14,0.25
5hz183aa,74dd1130,17,17,0,0,17,0.0
emwp6wq7,74dd1130,20,14,6,0,14,0.3
pad0sufd,74dd1130,13,12,0,1,12,0.0
ym49wqbn,74dd1130,18,18,0,0,18,0.0
154uk6vm,74dd1130,27,27,0,0,27,0.0
npr5bsi2,74dd1130,4,4,0,0,4,0.0
cp3b83py,74dd1130,8,8,0,0,8,0.0
fkx2gd88,74dd1130,10,4,6,0,4,0.6
27d8totr,74dd1130,9,9,0,0,9,0.0
5pds9j1d,74dd1130,9,9,0,0,9,0.0
ikfbpugl,74dd1130,8,8,0,0,8,0.0
d33m799j,74dd1130,12,12,0,0,12,0.0
dmft9d3y,74dd1130,30,13,17,0,13,0.5666666666666667
pgtp756s,74dd1130,16,16,0,0,16,0.0
6e5gb0yb,74dd1130,22,7,15,0,7,0.6818181818181818
icf7bchs,74dd1130,23,23,0,0,23,0.0
l9krayds,74dd1130,5,5,0,0,5,0.0
aqmjput5,74dd1130,11,11,0,0,11,0.0
nvlsix5c,74dd1130,6,6,0,0,6,0.0
bhpug29p,74dd1130,36,16,20,0,16,0.5555555555555556
z3die4q3,74dd1130,9,5,4,0,5,0.4444444444444444
8jwr3j6t,74dd1130,10,9,1,0,9,0.1
mhskzwic,74dd1130,30,19,11,0,19,0.36666666666666664
8yhijukj,74dd1130,12,12,0,0,12,0.0
om1m73rv,74dd1130,27,25,2,0,25,0.07407407407407407
o1t1fb7j,74dd1130,7,7,0,0,7,0.0
7agy8y3l,74dd1130,9,9,0,0,9,0.0
vbwguazj,74dd1130,9,9,0,0,9,0.0
nrfiw9bx,74dd1130,9,5,4,0,5,0.4444444444444444
pz38obzd,74dd1130,10,5,5,0,5,0.5
xklnx39q,74dd1130,11,8,3,0,8,0.2727272727272727
t3l0if03,74dd1130,9,6,3,0,6,0.3333333333333333
nldu5ge3,74dd1130,9,7,2,0,7,0.2222222222222222
ler5uq42,74dd1130,9,9,0,0,9,0.0
nfbzvhip,74dd1130,11,11,0,0,11,0.0
4wx63ymf,74dd1130,9,5,4,0,5,0.4444444444444444
5vv1rrzw,74dd1130,9,8,1,0,8,0.1111111111111111
mr7lkk46,74dd1130,15,15,0,0,15,0.0
2w766g1z,74dd1130,7,7,0,0,7,0.0
nqubyvew,74dd1130,9,7,2,0,7,0.2222222222222222
f5ktzt2t,74dd1130,6,5,1,0,5,0.16666666666666666
kkeej6x5,74dd1130,17,6,11,0,6,0.6470588235294118
zfeorjum,74dd1130,9,7,2,0,7,0.2222222222222222
hkj9daz7,74dd1130,9,9,0,0,9,0.0
9ohxtpht,74dd1130,4,4,0,0,4,0.0
1r6yodve,74dd1130,9,9,0,0,9,0.0
k0qq522n,74dd1130,12,12,0,0,12,0.0
cbvc5e3w,74dd1130,21,21,0,0,21,0.0
oxvw1rhx,74dd1130,8,8,0,0,8,0.0
4j6cy1mk,74dd1130,10,10,0,0,10,0.0
fl73adm5,74dd1130,9,9,0,0,9,0.0
8d21w3yr,74dd1130,9,9,0,0,9,0.0
jx6lhkbi,74dd1130,6,6,0,0,6,0.0
cfclud8z,74dd1130,32,32,0,0,32,0.0
zelqv7az,74dd1130,9,7,2,0,7,0.2222222222222222
z8b26ynw,74dd1130,28,3,25,0,3,0.8928571428571429
9evwb372,74dd1130,11,7,4,0,7,0.36363636363636365
ya0wv6pm,74dd1130,72,18,54,0,18,0.75
mpzcivx9,74dd1130,10,4,6,0,4,0.6
clhkwrie,74dd1130,12,6,6,0,6,0.5
1qt2f29y,74dd1130,8,8,0,0,8,0.0
sp00glmz,74dd1130,30,30,0,0,30,0.0
8psac9uo,74dd1130,10,9,1,0,9,0.1
nx0vccp8,74dd1130,6,6,0,0,6,0.0
jqeesfz7,74dd1130,7,7,0,0,7,0.0
qif0sa3r,74dd1130,8,8,0,0,8,0.0
8y2nd2sh,74dd1130,9,7,2,0,7,0.2222222222222222
l0nln4b2,74dd1130,9,9,0,0,9,0.0
ascil7wf,74dd1130,18,18,0,0,18,0.0
r99uy0qb,74dd1130,8,3,5,0,3,0.625
idma9086,74dd1130,9,7,2,0,7,0.2222222222222222
b73rrttr,74dd1130,9,9,0,0,9,0.0
7nszfy43,74dd1130,10,10,0,0,10,0.0
g3vslpjv,74dd1130,12,12,0,0,12,0.0
2d8q4qkc,74dd1130,6,4,2,0,4,0.3333333333333333
o2ho0580,74dd1130,9,9,0,0,9,0.0
bx44xwzb,74dd1130,9,9,0,0,9,0.0
c9sps7bl,74dd1130,17,5,12,0,5,0.7058823529411765
8oohxrrz,74dd1130,10,8,2,0,8,0.2
x5id5i5q,74dd1130,13,13,0,0,13,0.0
qu0lm98m,74dd1130,10,4,6,0,4,0.6
jayyv6lz,74dd1130,9,7,2,0,7,0.2222222222222222
0yfthc4y,74dd1130,10,10,0,0,10,0.0
ei0ij8ms,74dd1130,9,5,4,0,5,0.4444444444444444
2tkm21z6,74dd1130,6,6,0,0,6,0.0
yfyhejim,74dd1130,9,5,4,0,5,0.4444444444444444
g7svteiz,74dd1130,6,6,0,0,6,0.0
cw4tyx7n,74dd1130,9,7,2,0,7,0.2222222222222222
rhbgnqhz,74dd1130,6,6,0,0,6,0.0
72p6pxny,74dd1130,27,17,10,0,17,0.37037037037037035
hd5k29qy,74dd1130,15,15,0,0,15,0.0
gkse9wdn,74dd1130,6,6,0,0,6,0.0
mzi8f2hv,74dd1130,10,4,6,0,4,0.6
fgxp8fzz,74dd1130,10,4,6,0,4,0.6
j2dvablb,d364b489,23,23,0,0,23,0.0
904h81sn,d364b489,27,27,0,0,27,0.0
vr20hyge,d364b489,23,23,0,0,23,0.0
nhds6zsd,d364b489,29,29,0,0,29,0.0
648anokh,d364b489,23,23,0,0,23,0.0
mrypomny,d364b489,23,23,0,0,23,0.0
jeq3oy2g,d364b489,23,23,0,0,23,0.0
c7ac53of,d364b489,10,3,7,0,3,0.7
rjanlii9,d364b489,23,23,0,0,23,0.0
8bgj1tsd,d364b489,23,23,0,0,23,0.0
tc5wgx8h,d364b489,23,23,0,0,23,0.0
f1ejz9fy,d364b489,23,23,0,0,23,0.0
vpxztp7b,d364b489,27,27,0,0,27,0.0
e0biso3r,d364b489,23,23,0,0,23,0.0
a9gvtd1o,d364b489,23,23,0,0,23,0.0
a0w1xgxf,d364b489,25,25,0,0,25,0.0
41kp06jx,d364b489,23,23,0,0,23,0.0
lmtka1ev,d364b489,23,23,0,0,23,0.0
a6jpzpek,d364b489,27,27,0,0,27,0.0
6eyovdd2,d364b489,25,25,0,0,25,0.0
zj5uemkt,d364b489,23,23,0,0,23,0.0
4s9g1cze,d364b489,25,25,0,0,25,0.0
3irnkhq8,d364b489,27,27,0,0,27,0.0
ljwskxcq,d364b489,29,29,0,0,29,0.0
v6jvgdvg,d364b489,34,33,1,0,33,0.029411764705882353
l5sagbsh,d364b489,23,23,0,0,23,0.0
uktb326q,d364b489,25,25,0,0,25,0.0
bw2cwy0m,d364b489,22,22,0,0,22,0.0
kwy2bqjo,d364b489,23,23,0,0,23,0.0
cdo2cmtp,d364b489,25,25,0,0,25,0.0
k8txaw58,d364b489,23,23,0,0,23,0.0
o4kkkuj9,d364b489,23,23,0,0,23,0.0
mlvcv31l,d364b489,23,23,0,0,23,0.0
d1vjrjhc,d364b489,25,25,0,0,25,0.0
a589fsqz,d364b489,25,25,0,0,25,0.0
qv0yh587,d364b489,25,25,0,0,25,0.0
t2eyvuxq,d364b489,23,23,0,0,23,0.0
eyn3wygc,d364b489,23,23,0,0,23,0.0
ni5df01j,d364b489,23,23,0,0,23,0.0
08vqizpx,d364b489,23,23,0,0,23,0.0
ew4oecfi,d364b489,23,23,0,0,23,0.0
mrwlcmno,d364b489,49,49,0,0,49,0.0
s03ed531,d364b489,37,37,0,0,37,0.0
2j8p9vyz,d364b489,25,25,0,0,25,0.0
wcau806y,d364b489,23,23,0,0,23,0.0
0hrc9vve,d364b489,13,2,11,0,2,0.8461538461538461
zvbewhqx,d364b489,28,28,0,0,28,0.0
ism64anu,d364b489,25,25,0,0,25,0.0
plfupad7,d364b489,23,23,0,0,23,0.0
f0wpo2hr,d364b489,23,23,0,0,23,0.0
qazkn1sw,d364b489,15,5,10,0,5,0.6666666666666666
c7z6erey,d364b489,23,23,0,0,23,0.0
8aknstxj,d364b489,24,24,0,0,24,0.0
r2ck84r8,d364b489,31,31,0,0,31,0.0
nze0azo1,d364b489,25,25,0,0,25,0.0
ovhoesyy,d364b489,23,23,0,0,23,0.0
ske58akk,d364b489,23,23,0,0,23,0.0
3cc6zm51,d364b489,26,26,0,0,26,0.0
stbyxpx6,d364b489,23,23,0,0,23,0.0
r24jdhzg,d364b489,23,23,0,0,23,0.0
qkiu92kk,d364b489,26,25,1,0,25,0.038461538461538464
44o5xnxe,d364b489,23,23,0,0,23,0.0
q04yitea,d364b489,29,29,0,0,29,0.0
qfsp3ery,d364b489,25,25,0,0,25,0.0
02333qfj,d364b489,23,23,0,0,23,0.0
y32zaw9c,d364b489,23,23,0,0,23,0.0
cuybsfwr,d364b489,27,27,0,0,27,0.0
phbjwkyw,d364b489,32,32,0,0,32,0.0
szbhlpfr,d364b489,32,32,0,0,32,0.0
89u58v07,d364b489,25,25,0,0,25,0.0
4s3cm7d8,d364b489,23,23,0,0,23,0.0
e2w81k0i,d364b489,23,23,0,0,23,0.0
hsm45iwx,d364b489,52,52,0,0,52,0.0
sn10zd6g,d364b489,23,23,0,0,23,0.0
dmft9d3y,d364b489,25,25,0,0,25,0.0
bdfn1h0o,d364b489,25,25,0,0,25,0.0
6e5gb0yb,d364b489,23,23,0,0,23,0.0
icf7bchs,d364b489,1,1,0,0,1,0.0
nvlsix5c,d364b489,18,18,0,0,18,0.0
bhpug29p,d364b489,23,23,0,0,23,0.0
l9krayds,d364b489,29,29,0,0,29,0.0
aqmjput5,d364b489,39,38,1,0,38,0.02564102564102564
cp3b83py,d364b489,23,23,0,0,23,0.0
qothvfhf,d364b489,23,23,0,0,23,0.0
fkx2gd88,d364b489,23,23,0,0,23,0.0
27d8totr,d364b489,23,23,0,0,23,0.0
5pds9j1d,d364b489,23,23,0,0,23,0.0
kmwiem6m,d364b489,23,23,0,0,23,0.0
d33m799j,d364b489,32,32,0,0,32,0.0
ol9lky1i,d364b489,25,25,0,0,25,0.0
5nrjvc7q,d364b489,23,23,0,0,23,0.0
o5qropwk,d364b489,23,23,0,0,23,0.0
5hz183aa,d364b489,7,2,5,0,2,0.7142857142857143
61zahdh9,d364b489,31,30,1,0,30,0.03225806451612903
pad0sufd,d364b489,23,23,0,0,23,0.0
emwp6wq7,d364b489,23,23,0,0,23,0.0
ym49wqbn,d364b489,29,29,0,0,29,0.0
154uk6vm,d364b489,29,29,0,0,29,0.0
npr5bsi2,d364b489,25,25,0,0,25,0.0
byx9jkxm,d364b489,23,23,0,0,23,0.0
74l1qvc1,d364b489,25,25,0,0,25,0.0
j2pjmr32,d364b489,1,1,0,0,1,0.0
bmlngyh3,d364b489,23,23,0,0,23,0.0
cghxa2ie,d364b489,23,23,0,0,23,0.0
3d2as981,d364b489,29,29,0,0,29,0.0
clucow7d,d364b489,23,23,0,0,23,0.0
2w766g1z,d364b489,23,23,0,0,23,0.0
mr7lkk46,d364b489,25,25,0,0,25,0.0
nqubyvew,d364b489,29,29,0,0,29,0.0
bcyhma9y,d364b489,29,29,0,0,29,0.0
kkeej6x5,d364b489,23,23,0,0,23,0.0
f5ktzt2t,d364b489,25,25,0,0,25,0.0
t3l0if03,d364b489,25,25,0,0,25,0.0
nldu5ge3,d364b489,23,23,0,0,23,0.0
nfbzvhip,d364b489,29,29,0,0,29,0.0
4wx63ymf,d364b489,23,23,0,0,23,0.0
ler5uq42,d364b489,30,30,0,0,30,0.0
onnumbyy,d364b489,23,23,0,0,23,0.0
m63pxnwq,d364b489,25,25,0,0,25,0.0
nrfiw9bx,d364b489,23,23,0,0,23,0.0
xklnx39q,d364b489,25,25,0,0,25,0.0
pz38obzd,d364b489,23,23,0,0,23,0.0
z3die4q3,d364b489,23,23,0,0,23,0.0
p445h6ow,d364b489,23,23,0,0,23,0.0
8jwr3j6t,d364b489,25,25,0,0,25,0.0
8yhijukj,d364b489,23,23,0,0,23,0.0
50nsp39w,d364b489,24,24,0,0,24,0.0
mhskzwic,d364b489,23,23,0,0,23,0.0
7agy8y3l,d364b489,25,25,0,0,25,0.0
vbwguazj,d364b489,23,23,0,0,23,0.0
om1m73rv,d364b489,23,23,0,0,23,0.0
9evwb372,d364b489,23,23,0,0,23,0.0
ya0wv6pm,d364b489,26,26,0,0,26,0.0
23iyreiv,d364b489,27,27,0,0,27,0.0
clhkwrie,d364b489,23,23,0,0,23,0.0
1qt2f29y,d364b489,29,29,0,0,29,0.0
mpzcivx9,d364b489,23,23,0,0,23,0.0
sp00glmz,d364b489,23,23,0,0,23,0.0
jx6lhkbi,d364b489,23,23,0,0,23,0.0
cfclud8z,d364b489,23,23,0,0,23,0.0
zelqv7az,d364b489,23,23,0,0,23,0.0
z8b26ynw,d364b489,29,29,0,0,29,0.0
oxvw1rhx,d364b489,26,26,0,0,26,0.0
4j6cy1mk,d364b489,23,23,0,0,23,0.0
fl73adm5,d364b489,23,23,0,0,23,0.0
318gokyy,d364b489,28,28,0,0,28,0.0
8d21w3yr,d364b489,23,23,0,0,23,0.0
zfeorjum,d364b489,23,23,0,0,23,0.0
hkj9daz7,d364b489,23,23,0,0,23,0.0
9ohxtpht,d364b489,25,25,0,0,25,0.0
w12e497z,d364b489,11,11,0,0,11,0.0
1r6yodve,d364b489,30,30,0,0,30,0.0
2d8q4qkc,d364b489,23,23,0,0,23,0.0
g3vslpjv,d364b489,25,25,0,0,25,0.0
c9sps7bl,d364b489,23,23,0,0,23,0.0
bx44xwzb,d364b489,23,23,0,0,23,0.0
o2ho0580,d364b489,5,5,0,0,5,0.0
8oohxrrz,d364b489,37,37,0,0,37,0.0
qfiy90jx,d364b489,23,23,0,0,23,0.0
x5id5i5q,d364b489,1,1,0,0,1,0.0
yebzokh4,d364b489,23,23,0,0,23,0.0
kavvl57w,d364b489,25,25,0,0,25,0.0
r99uy0qb,d364b489,6,3,3,0,3,0.5
idma9086,d364b489,23,23,0,0,23,0.0
0fy66fv2,d364b489,33,32,0,1,32,0.0
b73rrttr,d364b489,8,8,0,0,8,0.0
8y2nd2sh,d364b489,29,29,0,0,29,0.0
l0nln4b2,d364b489,23,23,0,0,23,0.0
aypxap78,d364b489,25,25,0,0,25,0.0
ascil7wf,d364b489,23,23,0,0,23,0.0
nx0vccp8,d364b489,23,23,0,0,23,0.0
kck1uue7,d364b489,23,23,0,0,23,0.0
xji13cu2,d364b489,25,25,0,0,25,0.0
jqeesfz7,d364b489,28,28,0,0,28,0.0
hd5k29qy,d364b489,23,23,0,0,23,0.0
rhbgnqhz,d364b489,23,23,0,0,23,0.0
72p6pxny,d364b489,23,23,0,0,23,0.0
mzi8f2hv,d364b489,23,23,0,0,23,0.0
189iqcds,d364b489,26,26,0,0,26,0.0
fgxp8fzz,d364b489,25,25,0,0,25,0.0
cw4tyx7n,d364b489,1,1,0,0,1,0.0
c2lwacqc,d364b489,31,31,0,0,31,0.0
g7svteiz,d364b489,24,24,0,0,24,0.0
ei0ij8ms,d364b489,23,23,0,0,23,0.0
0yfthc4y,d364b489,23,23,0,0,23,0.0
2tkm21z6,d364b489,23,23,0,0,23,0.0
yfyhejim,d364b489,28,28,0,0,28,0.0
jayyv6lz,d364b489,23,23,0,0,23,0.0
qu0lm98m,d364b489,23,23,0,0,23,0.0
ldo5smvx,d364b489,29,29,0,0,29,0.0
3cc6zm51,1a07d186,22,22,0,0,22,0.0
ske58akk,1a07d186,18,18,0,0,18,0.0
ovhoesyy,1a07d186,19,19,0,0,19,0.0
r24jdhzg,1a07d186,18,18,0,0,18,0.0
hpl7jugr,1a07d186,37,15,22,0,15,0.5945945945945946
nze0azo1,1a07d186,18,18,0,0,18,0.0
r2ck84r8,1a07d186,20,20,0,0,20,0.0
qazkn1sw,1a07d186,26,11,15,0,11,0.5769230769230769
f0wpo2hr,1a07d186,34,34,0,0,34,0.0
8aknstxj,1a07d186,19,19,0,0,19,0.0
c7z6erey,1a07d186,18,18,0,0,18,0.0
zvbewhqx,1a07d186,20,19,1,0,19,0.05
0hrc9vve,1a07d186,45,1,44,0,1,0.9777777777777777
plfupad7,1a07d186,18,18,0,0,18,0.0
n2et79bd,1a07d186,18,18,0,0,18,0.0
ism64anu,1a07d186,19,19,0,0,19,0.0
hsm45iwx,1a07d186,18,18,0,0,18,0.0
e2w81k0i,1a07d186,18,18,0,0,18,0.0
4s3cm7d8,1a07d186,32,32,0,0,32,0.0
sn10zd6g,1a07d186,19,19,0,0,19,0.0
szbhlpfr,1a07d186,35,35,0,0,35,0.0
phbjwkyw,1a07d186,60,59,1,0,59,0.016666666666666666
89u58v07,1a07d186,30,18,12,0,18,0.4
y32zaw9c,1a07d186,18,18,0,0,18,0.0
44o5xnxe,1a07d186,18,18,0,0,18,0.0
qkiu92kk,1a07d186,19,19,0,0,19,0.0
02333qfj,1a07d186,20,20,0,0,20,0.0
qfsp3ery,1a07d186,35,35,0,0,35,0.0
q04yitea,1a07d186,19,19,0,0,19,0.0
kmwiem6m,1a07d186,18,18,0,0,18,0.0
ikfbpugl,1a07d186,1,1,0,0,1,0.0
d33m799j,1a07d186,36,4,32,0,4,0.8888888888888888
cp3b83py,1a07d186,18,18,0,0,18,0.0
27d8totr,1a07d186,18,18,0,0,18,0.0
fkx2gd88,1a07d186,47,14,33,0,14,0.7021276595744681
qothvfhf,1a07d186,18,18,0,0,18,0.0
91fk0af9,1a07d186,19,19,0,0,19,0.0
icf7bchs,1a07d186,78,16,62,0,16,0.7948717948717948
l9krayds,1a07d186,409,30,379,0,30,0.9266503667481663
nvlsix5c,1a07d186,19,19,0,0,19,0.0
dmft9d3y,1a07d186,23,23,0,0,23,0.0
6e5gb0yb,1a07d186,23,21,2,0,21,0.08695652173913043
pgtp756s,1a07d186,40,40,0,0,40,0.0
bmlngyh3,1a07d186,18,18,0,0,18,0.0
clucow7d,1a07d186,19,19,0,0,19,0.0
3d2as981,1a07d186,25,25,0,0,25,0.0
cghxa2ie,1a07d186,20,20,0,0,20,0.0
byx9jkxm,1a07d186,37,14,23,0,14,0.6216216216216216
emwp6wq7,1a07d186,25,25,0,0,25,0.0
pad0sufd,1a07d186,24,18,6,0,18,0.25
xeu3j3ki,1a07d186,1,1,0,0,1,0.0
npr5bsi2,1a07d186,23,23,0,0,23,0.0
154uk6vm,1a07d186,20,20,0,0,20,0.0
ym49wqbn,1a07d186,19,19,0,0,19,0.0
o5qropwk,1a07d186,24,24,0,0,24,0.0
5nrjvc7q,1a07d186,18,18,0,0,18,0.0
ol9lky1i,1a07d186,18,18,0,0,18,0.0
61zahdh9,1a07d186,20,19,1,0,19,0.05
5hz183aa,1a07d186,99,53,46,0,53,0.46464646464646464
4stfwpke,1a07d186,60,13,47,0,13,0.7833333333333333
nhds6zsd,1a07d186,19,19,0,0,19,0.0
vr20hyge,1a07d186,19,19,0,0,19,0.0
03ljcqhc,1a07d186,31,21,10,0,21,0.3225806451612903
ce9qdbyh,1a07d186,18,18,0,0,18,0.0
904h81sn,1a07d186,19,18,1,0,18,0.05263157894736842
so5k1adg,1a07d186,21,21,0,0,21,0.0
j2dvablb,1a07d186,20,20,0,0,20,0.0
sesf1qnx,1a07d186,162,55,107,0,55,0.6604938271604939
lmtka1ev,1a07d186,64,13,51,0,13,0.796875
a0w1xgxf,1a07d186,20,20,0,0,20,0.0
6eyovdd2,1a07d186,22,22,0,0,22,0.0
a6jpzpek,1a07d186,9,2,7,0,2,0.7777777777777778
vpxztp7b,1a07d186,18,18,0,0,18,0.0
f1ejz9fy,1a07d186,81,34,47,0,34,0.5802469135802469
a9gvtd1o,1a07d186,19,19,0,0,19,0.0
e0biso3r,1a07d186,19,19,0,0,19,0.0
rjanlii9,1a07d186,36,36,0,0,36,0.0
c7ac53of,1a07d186,5,5,0,0,5,0.0
jeq3oy2g,1a07d186,59,2,57,0,2,0.9661016949152542
mrypomny,1a07d186,18,18,0,0,18,0.0
tc5wgx8h,1a07d186,20,20,0,0,20,0.0
8bgj1tsd,1a07d186,18,18,0,0,18,0.0
648anokh,1a07d186,21,21,0,0,21,0.0
zc26r1al,1a07d186,19,19,0,0,19,0.0
cdo2cmtp,1a07d186,18,18,0,0,18,0.0
uktb326q,1a07d186,20,20,0,0,20,0.0
kwy2bqjo,1a07d186,18,18,0,0,18,0.0
bw2cwy0m,1a07d186,21,21,0,0,21,0.0
v6jvgdvg,1a07d186,31,31,0,0,31,0.0
l5sagbsh,1a07d186,18,18,0,0,18,0.0
ljwskxcq,1a07d186,30,27,3,0,27,0.1
3irnkhq8,1a07d186,26,26,0,0,26,0.0
4s9g1cze,1a07d186,21,20,1,0,20,0.047619047619047616
2j8p9vyz,1a07d186,20,20,0,0,20,0.0
s03ed531,1a07d186,23,23,0,0,23,0.0
wcau806y,1a07d186,3,3,0,0,3,0.0
ni5df01j,1a07d186,18,18,0,0,18,0.0
eyn3wygc,1a07d186,18,18,0,0,18,0.0
mrwlcmno,1a07d186,23,23,0,0,23,0.0
ew4oecfi,1a07d186,21,21,0,0,21,0.0
08vqizpx,1a07d186,109,109,0,0,109,0.0
t2eyvuxq,1a07d186,18,18,0,0,18,0.0
1xogp17t,1a07d186,12,3,9,0,3,0.75
d1vjrjhc,1a07d186,19,18,1,0,18,0.05263157894736842
mlvcv31l,1a07d186,18,18,0,0,18,0.0
k8txaw58,1a07d186,18,18,0,0,18,0.0
o4kkkuj9,1a07d186,18,18,0,0,18,0.0
a589fsqz,1a07d186,18,18,0,0,18,0.0
idma9086,1a07d186,48,16,32,0,16,0.6666666666666666
r99uy0qb,1a07d186,20,20,0,0,20,0.0
b73rrttr,1a07d186,7,6,1,0,6,0.14285714285714285
0fy66fv2,1a07d186,148,148,0,0,148,0.0
yebzokh4,1a07d186,18,18,0,0,18,0.0
kavvl57w,1a07d186,18,18,0,0,18,0.0
qfiy90jx,1a07d186,22,22,0,0,22,0.0
8oohxrrz,1a07d186,54,30,24,0,30,0.4444444444444444
x5id5i5q,1a07d186,21,21,0,0,21,0.0
g3vslpjv,1a07d186,18,18,0,0,18,0.0
2d8q4qkc,1a07d186,40,13,27,0,13,0.675
o2ho0580,1a07d186,33,4,29,0,4,0.8787878787878788
bx44xwzb,1a07d186,21,21,0,0,21,0.0
c9sps7bl,1a07d186,44,15,29,0,15,0.6590909090909091
jqeesfz7,1a07d186,22,22,0,0,22,0.0
kck1uue7,1a07d186,30,15,15,0,15,0.5
nx0vccp8,1a07d186,18,18,0,0,18,0.0
8psac9uo,1a07d186,18,18,0,0,18,0.0
aypxap78,1a07d186,29,18,11,0,18,0.3793103448275862
l0nln4b2,1a07d186,18,18,0,0,18,0.0
ascil7wf,1a07d186,19,19,0,0,19,0.0
8y2nd2sh,1a07d186,65,14,51,0,14,0.7846153846153846
cw4tyx7n,1a07d186,15,2,13,0,2,0.8666666666666667
189iqcds,1a07d186,22,19,3,0,19,0.13636363636363635
mzi8f2hv,1a07d186,50,50,0,0,50,0.0
fgxp8fzz,1a07d186,24,18,6,0,18,0.25
72p6pxny,1a07d186,18,18,0,0,18,0.0
hd5k29qy,1a07d186,18,18,0,0,18,0.0
ldo5smvx,1a07d186,76,14,62,0,14,0.8157894736842105
qu0lm98m,1a07d186,19,19,0,0,19,0.0
jayyv6lz,1a07d186,42,39,2,1,39,0.047619047619047616
9wkeb5tu,1a07d186,18,18,0,0,18,0.0
yfyhejim,1a07d186,19,19,0,0,19,0.0
0yfthc4y,1a07d186,22,22,0,0,22,0.0
ei0ij8ms,1a07d186,25,18,7,0,18,0.28
2tkm21z6,1a07d186,14,14,0,0,14,0.0
onnumbyy,1a07d186,19,19,0,0,19,0.0
m63pxnwq,1a07d186,20,19,1,0,19,0.05
nsu6cwh4,1a07d186,18,18,0,0,18,0.0
nldu5ge3,1a07d186,34,34,0,0,34,0.0
t3l0if03,1a07d186,22,22,0,0,22,0.0
4wx63ymf,1a07d186,20,19,1,0,19,0.05
nfbzvhip,1a07d186,25,24,1,0,24,0.04
kkeej6x5,1a07d186,18,18,0,0,18,0.0
f5ktzt2t,1a07d186,21,21,0,0,21,0.0
mr7lkk46,1a07d186,23,23,0,0,23,0.0
2w766g1z,1a07d186,18,18,0,0,18,0.0
nqubyvew,1a07d186,37,34,3,0,34,0.08108108108108109
om1m73rv,1a07d186,38,38,0,0,38,0.0
vbwguazj,1a07d186,19,19,0,0,19,0.0
8jwr3j6t,1a07d186,19,19,0,0,19,0.0
z3die4q3,1a07d186,55,13,42,0,13,0.7636363636363637
mhskzwic,1a07d186,19,19,0,0,19,0.0
8yhijukj,1a07d186,25,25,0,0,25,0.0
xklnx39q,1a07d186,28,15,13,0,15,0.4642857142857143
pz38obzd,1a07d186,20,19,1,0,19,0.05
nrfiw9bx,1a07d186,25,17,8,0,17,0.32
cfclud8z,1a07d186,18,18,0,0,18,0.0
z8b26ynw,1a07d186,33,19,14,0,19,0.42424242424242425
zelqv7az,1a07d186,18,18,0,0,18,0.0
jx6lhkbi,1a07d186,18,18,0,0,18,0.0
mpzcivx9,1a07d186,18,18,0,0,18,0.0
1qt2f29y,1a07d186,19,19,0,0,19,0.0
clhkwrie,1a07d186,39,16,23,0,16,0.5897435897435898
sp00glmz,1a07d186,41,41,0,0,41,0.0
23iyreiv,1a07d186,20,20,0,0,20,0.0
ya0wv6pm,1a07d186,18,18,0,0,18,0.0
2ke9hbes,1a07d186,18,18,0,0,18,0.0
9evwb372,1a07d186,19,19,0,0,19,0.0
wz0zoo1d,1a07d186,18,18,0,0,18,0.0
1r6yodve,1a07d186,71,71,0,0,71,0.0
hkj9daz7,1a07d186,50,28,22,0,28,0.44
zfeorjum,1a07d186,19,19,0,0,19,0.0
w12e497z,1a07d186,148,27,121,0,27,0.8175675675675675
9ohxtpht,1a07d186,18,18,0,0,18,0.0
318gokyy,1a07d186,42,22,20,0,22,0.47619047619047616
fl73adm5,1a07d186,18,18,0,0,18,0.0
4j6cy1mk,1a07d186,18,18,0,0,18,0.0
oxvw1rhx,1a07d186,24,24,0,0,24,0.0
8d21w3yr,1a07d186,18,18,0,0,18,0.0
wa9xd98o,32597951,16,16,0,0,16,0.0
fl73adm5,32597951,8,8,0,0,8,0.0
4j6cy1mk,32597951,8,8,0,0,8,0.0
oxvw1rhx,32597951,13,13,0,0,13,0.0
8d21w3yr,32597951,17,16,1,0,16,0.058823529411764705
hkj9daz7,32597951,8,8,0,0,8,0.0
zfeorjum,32597951,8,8,0,0,8,0.0
w12e497z,32597951,751,134,617,0,134,0.8215712383488681
9ohxtpht,32597951,8,8,0,0,8,0.0
1r6yodve,32597951,132,132,0,0,132,0.0
cbvc5e3w,32597951,8,8,0,0,8,0.0
23iyreiv,32597951,8,8,0,0,8,0.0
ya0wv6pm,32597951,8,8,0,0,8,0.0
9evwb372,32597951,8,8,0,0,8,0.0
mpzcivx9,32597951,8,8,0,0,8,0.0
1qt2f29y,32597951,8,8,0,0,8,0.0
clhkwrie,32597951,8,8,0,0,8,0.0
sp00glmz,32597951,16,16,0,0,16,0.0
jx6lhkbi,32597951,8,8,0,0,8,0.0
cfclud8z,32597951,8,8,0,0,8,0.0
z8b26ynw,32597951,8,8,0,0,8,0.0
zelqv7az,32597951,8,8,0,0,8,0.0
nrfiw9bx,32597951,10,10,0,0,10,0.0
pz38obzd,32597951,8,8,0,0,8,0.0
xklnx39q,32597951,8,8,0,0,8,0.0
8jwr3j6t,32597951,8,8,0,0,8,0.0
z3die4q3,32597951,16,16,0,0,16,0.0
mhskzwic,32597951,8,8,0,0,8,0.0
8yhijukj,32597951,8,8,0,0,8,0.0
om1m73rv,32597951,8,8,0,0,8,0.0
vbwguazj,32597951,8,8,0,0,8,0.0
o1t1fb7j,32597951,8,8,0,0,8,0.0
7agy8y3l,32597951,8,8,0,0,8,0.0
mr7lkk46,32597951,8,8,0,0,8,0.0
2w766g1z,32597951,8,8,0,0,8,0.0
bcyhma9y,32597951,27,27,0,0,27,0.0
pcrxo3zp,32597951,8,8,0,0,8,0.0
f5ktzt2t,32597951,8,8,0,0,8,0.0
kkeej6x5,32597951,8,8,0,0,8,0.0
nldu5ge3,32597951,8,8,0,0,8,0.0
t3l0if03,32597951,8,8,0,0,8,0.0
ler5uq42,32597951,2,2,0,0,2,0.0
4wx63ymf,32597951,15,15,0,0,15,0.0
nfbzvhip,32597951,10,9,1,0,9,0.1
m63pxnwq,32597951,8,8,0,0,8,0.0
0yfthc4y,32597951,11,11,0,0,11,0.0
ei0ij8ms,32597951,8,8,0,0,8,0.0
2tkm21z6,32597951,8,8,0,0,8,0.0
yfyhejim,32597951,8,8,0,0,8,0.0
qu0lm98m,32597951,22,22,0,0,22,0.0
jayyv6lz,32597951,10,10,0,0,10,0.0
ldo5smvx,32597951,8,8,0,0,8,0.0
72p6pxny,32597951,27,19,8,0,19,0.2962962962962963
rhbgnqhz,32597951,9,9,0,0,9,0.0
hd5k29qy,32597951,8,8,0,0,8,0.0
189iqcds,32597951,8,8,0,0,8,0.0
mzi8f2hv,32597951,8,8,0,0,8,0.0
fgxp8fzz,32597951,8,8,0,0,8,0.0
g7svteiz,32597951,8,8,0,0,8,0.0
c2lwacqc,32597951,8,8,0,0,8,0.0
cw4tyx7n,32597951,13,9,4,0,9,0.3076923076923077
qif0sa3r,32597951,8,8,0,0,8,0.0
8y2nd2sh,32597951,14,12,2,0,12,0.14285714285714285
aypxap78,32597951,8,8,0,0,8,0.0
l0nln4b2,32597951,8,8,0,0,8,0.0
ascil7wf,32597951,8,8,0,0,8,0.0
kck1uue7,32597951,12,11,1,0,11,0.08333333333333333
nx0vccp8,32597951,8,8,0,0,8,0.0
8psac9uo,32597951,17,15,2,0,15,0.11764705882352941
jqeesfz7,32597951,8,8,0,0,8,0.0
g3vslpjv,32597951,8,8,0,0,8,0.0
2d8q4qkc,32597951,8,8,0,0,8,0.0
o2ho0580,32597951,80,7,73,0,7,0.9125
bx44xwzb,32597951,8,8,0,0,8,0.0
c9sps7bl,32597951,8,8,0,0,8,0.0
qfiy90jx,32597951,8,8,0,0,8,0.0
8oohxrrz,32597951,8,8,0,0,8,0.0
x5id5i5q,32597951,8,8,0,0,8,0.0
yebzokh4,32597951,8,8,0,0,8,0.0
kavvl57w,32597951,8,8,0,0,8,0.0
idma9086,32597951,8,8,0,0,8,0.0
r99uy0qb,32597951,8,8,0,0,8,0.0
b73rrttr,32597951,11,6,5,0,6,0.45454545454545453
0fy66fv2,32597951,9,9,0,0,9,0.0
d1vjrjhc,32597951,8,8,0,0,8,0.0
mlvcv31l,32597951,8,8,0,0,8,0.0
o4kkkuj9,32597951,11,11,0,0,11,0.0
k8txaw58,32597951,8,8,0,0,8,0.0
a589fsqz,32597951,8,8,0,0,8,0.0
t2eyvuxq,32597951,8,8,0,0,8,0.0
qv0yh587,32597951,8,7,1,0,7,0.125
ni5df01j,32597951,8,8,0,0,8,0.0
eyn3wygc,32597951,8,8,0,0,8,0.0
mrwlcmno,32597951,8,8,0,0,8,0.0
ew4oecfi,32597951,8,8,0,0,8,0.0
08vqizpx,32597951,10,10,0,0,10,0.0
2j8p9vyz,32597951,8,8,0,0,8,0.0
s03ed531,32597951,8,8,0,0,8,0.0
wcau806y,32597951,8,8,0,0,8,0.0
zj5uemkt,32597951,15,15,0,0,15,0.0
l5sagbsh,32597951,8,8,0,0,8,0.0
v6jvgdvg,32597951,8,8,0,0,8,0.0
ljwskxcq,32597951,8,8,0,0,8,0.0
3irnkhq8,32597951,8,8,0,0,8,0.0
4s9g1cze,32597951,10,10,0,0,10,0.0
uktb326q,32597951,9,9,0,0,9,0.0
kwy2bqjo,32597951,10,10,0,0,10,0.0
bw2cwy0m,32597951,10,10,0,0,10,0.0
cdo2cmtp,32597951,8,8,0,0,8,0.0
648anokh,32597951,8,8,0,0,8,0.0
zc26r1al,32597951,8,8,0,0,8,0.0
rjanlii9,32597951,8,8,0,0,8,0.0
c7ac53of,32597951,47,18,29,0,18,0.6170212765957447
mrypomny,32597951,8,8,0,0,8,0.0
tc5wgx8h,32597951,271,211,60,0,211,0.22140221402214022
8bgj1tsd,32597951,8,8,0,0,8,0.0
f1ejz9fy,32597951,8,8,0,0,8,0.0
a9gvtd1o,32597951,8,8,0,0,8,0.0
e0biso3r,32597951,8,8,0,0,8,0.0
lmtka1ev,32597951,8,8,0,0,8,0.0
41kp06jx,32597951,8,8,0,0,8,0.0
a0w1xgxf,32597951,10,10,0,0,10,0.0
6eyovdd2,32597951,8,8,0,0,8,0.0
a6jpzpek,32597951,5,5,0,0,5,0.0
xasfvnb7,32597951,10,10,0,0,10,0.0
ce9qdbyh,32597951,11,11,0,0,11,0.0
904h81sn,32597951,8,8,0,0,8,0.0
so5k1adg,32597951,12,12,0,0,12,0.0
j2dvablb,32597951,10,10,0,0,10,0.0
nhds6zsd,32597951,8,8,0,0,8,0.0
vr20hyge,32597951,14,14,0,0,14,0.0
o5qropwk,32597951,8,8,0,0,8,0.0
5nrjvc7q,32597951,8,8,0,0,8,0.0
61zahdh9,32597951,8,8,0,0,8,0.0
5hz183aa,32597951,58,57,1,0,57,0.017241379310344827
emwp6wq7,32597951,8,8,0,0,8,0.0
pad0sufd,32597951,8,8,0,0,8,0.0
xeu3j3ki,32597951,8,8,0,0,8,0.0
npr5bsi2,32597951,8,8,0,0,8,0.0
154uk6vm,32597951,8,8,0,0,8,0.0
ym49wqbn,32597951,16,15,1,0,15,0.0625
74l1qvc1,32597951,8,8,0,0,8,0.0
byx9jkxm,32597951,8,8,0,0,8,0.0
bmlngyh3,32597951,8,8,0,0,8,0.0
clucow7d,32597951,8,8,0,0,8,0.0
3d2as981,32597951,19,19,0,0,19,0.0
cghxa2ie,32597951,8,8,0,0,8,0.0
6e5gb0yb,32597951,8,8,0,0,8,0.0
aqmjput5,32597951,170,151,19,0,151,0.11176470588235295
l9krayds,32597951,70,31,39,0,31,0.5571428571428572
bhpug29p,32597951,8,8,0,0,8,0.0
nvlsix5c,32597951,58,58,0,0,58,0.0
f5ohsl5h,32597951,8,8,0,0,8,0.0
cp3b83py,32597951,8,8,0,0,8,0.0
27d8totr,32597951,8,8,0,0,8,0.0
fkx2gd88,32597951,8,8,0,0,8,0.0
qothvfhf,32597951,17,17,0,0,17,0.0
kmwiem6m,32597951,8,8,0,0,8,0.0
5pds9j1d,32597951,8,8,0,0,8,0.0
d33m799j,32597951,64,2,62,0,2,0.96875
44o5xnxe,32597951,8,8,0,0,8,0.0
ihnjt6k4,32597951,16,16,0,0,16,0.0
qkiu92kk,32597951,10,10,0,0,10,0.0
02333qfj,32597951,25,12,13,0,12,0.52
qfsp3ery,32597951,8,8,0,0,8,0.0
q04yitea,32597951,8,8,0,0,8,0.0
y32zaw9c,32597951,8,8,0,0,8,0.0
cuybsfwr,32597951,8,8,0,0,8,0.0
0ra11hiv,32597951,8,8,0,0,8,0.0
phbjwkyw,32597951,8,8,0,0,8,0.0
89u58v07,32597951,8,8,0,0,8,0.0
hsm45iwx,32597951,8,8,0,0,8,0.0
e2w81k0i,32597951,10,10,0,0,10,0.0
4s3cm7d8,32597951,8,8,0,0,8,0.0
sn10zd6g,32597951,8,8,0,0,8,0.0
zvbewhqx,32597951,8,8,0,0,8,0.0
plfupad7,32597951,8,8,0,0,8,0.0
n2et79bd,32597951,8,8,0,0,8,0.0
ism64anu,32597951,8,8,0,0,8,0.0
qazkn1sw,32597951,11,5,6,0,5,0.5454545454545454
f0wpo2hr,32597951,8,8,0,0,8,0.0
c7z6erey,32597951,8,8,0,0,8,0.0
hpl7jugr,32597951,8,8,0,0,8,0.0
nze0azo1,32597951,8,8,0,0,8,0.0
r2ck84r8,32597951,9,9,0,0,9,0.0
3cc6zm51,32597951,10,10,0,0,10,0.0
ske58akk,32597951,8,8,0,0,8,0.0
ovhoesyy,32597951,8,8,0,0,8,0.0
r24jdhzg,32597951,8,8,0,0,8,0.0
stbyxpx6,32597951,10,10,0,0,10,0.0
4s3cm7d8,6455b5f5,141,21,120,0,21,0.851063829787234
e2w81k0i,6455b5f5,86,4,82,0,4,0.9534883720930233
hsm45iwx,6455b5f5,97,6,91,0,6,0.9381443298969072
sn10zd6g,6455b5f5,76,5,71,0,5,0.9342105263157895
phbjwkyw,6455b5f5,70,4,66,0,4,0.9428571428571428
szbhlpfr,6455b5f5,288,12,276,0,12,0.9583333333333334
89u58v07,6455b5f5,104,10,94,0,10,0.9038461538461539
y32zaw9c,6455b5f5,70,67,3,0,67,0.04285714285714286
0ra11hiv,6455b5f5,86,11,75,0,11,0.872093023255814
cuybsfwr,6455b5f5,178,7,171,0,7,0.9606741573033708
44o5xnxe,6455b5f5,69,13,56,0,13,0.8115942028985508
q04yitea,6455b5f5,96,3,93,0,3,0.96875
qfsp3ery,6455b5f5,75,15,60,0,15,0.8
02333qfj,6455b5f5,95,6,89,0,6,0.9368421052631579
ovhoesyy,6455b5f5,91,6,85,0,6,0.9340659340659341
ske58akk,6455b5f5,82,5,77,0,5,0.9390243902439024
3cc6zm51,6455b5f5,80,16,64,0,16,0.8
stbyxpx6,6455b5f5,47,4,43,0,4,0.9148936170212766
r24jdhzg,6455b5f5,123,19,104,0,19,0.8455284552845529
r2ck84r8,6455b5f5,83,6,77,0,6,0.927710843373494
nze0azo1,6455b5f5,113,23,90,0,23,0.7964601769911505
hpl7jugr,6455b5f5,92,4,88,0,4,0.9565217391304348
f0wpo2hr,6455b5f5,72,5,67,0,5,0.9305555555555556
qazkn1sw,6455b5f5,94,12,82,0,12,0.8723404255319149
c7z6erey,6455b5f5,69,4,65,0,4,0.9420289855072463
8aknstxj,6455b5f5,99,4,95,0,4,0.9595959595959596
0hrc9vve,6455b5f5,16,2,14,0,2,0.875
zvbewhqx,6455b5f5,72,4,68,0,4,0.9444444444444444
ism64anu,6455b5f5,74,4,70,0,4,0.9459459459459459
n2et79bd,6455b5f5,112,9,103,0,9,0.9196428571428571
plfupad7,6455b5f5,198,15,183,0,15,0.9242424242424242
bmlngyh3,6455b5f5,97,3,94,0,3,0.9690721649484536
cghxa2ie,6455b5f5,84,6,78,0,6,0.9285714285714286
3d2as981,6455b5f5,73,5,68,0,5,0.9315068493150684
clucow7d,6455b5f5,111,4,107,0,4,0.963963963963964
byx9jkxm,6455b5f5,78,4,74,0,4,0.9487179487179487
74l1qvc1,6455b5f5,123,30,93,0,30,0.7560975609756098
pad0sufd,6455b5f5,74,10,64,0,10,0.8648648648648649
emwp6wq7,6455b5f5,82,10,72,0,10,0.8780487804878049
154uk6vm,6455b5f5,70,10,60,0,10,0.8571428571428571
npr5bsi2,6455b5f5,112,10,102,0,10,0.9107142857142857
ol9lky1i,6455b5f5,141,9,132,0,9,0.9361702127659575
5nrjvc7q,6455b5f5,69,16,53,0,16,0.7681159420289855
o5qropwk,6455b5f5,81,10,71,0,10,0.8765432098765432
5hz183aa,6455b5f5,23,2,21,0,2,0.9130434782608695
61zahdh9,6455b5f5,76,4,72,0,4,0.9473684210526315
5pds9j1d,6455b5f5,70,70,0,0,70,0.0
kmwiem6m,6455b5f5,69,4,65,0,4,0.9420289855072463
ikfbpugl,6455b5f5,107,12,95,0,12,0.8878504672897196
cp3b83py,6455b5f5,207,15,192,0,15,0.927536231884058
qothvfhf,6455b5f5,66,66,0,0,66,0.0
fkx2gd88,6455b5f5,97,4,93,0,4,0.9587628865979382
27d8totr,6455b5f5,69,4,65,0,4,0.9420289855072463
icf7bchs,6455b5f5,174,31,143,0,31,0.8218390804597702
f5ohsl5h,6455b5f5,94,4,90,0,4,0.9574468085106383
bhpug29p,6455b5f5,95,11,84,0,11,0.8842105263157894
l9krayds,6455b5f5,88,5,83,0,5,0.9431818181818182
aqmjput5,6455b5f5,99,4,95,0,4,0.9595959595959596
dmft9d3y,6455b5f5,71,8,63,0,8,0.8873239436619719
bdfn1h0o,6455b5f5,70,5,65,0,5,0.9285714285714286
6e5gb0yb,6455b5f5,121,7,114,0,7,0.9421487603305785
a0w1xgxf,6455b5f5,127,8,119,0,8,0.937007874015748
41kp06jx,6455b5f5,92,4,88,0,4,0.9565217391304348
lmtka1ev,6455b5f5,84,4,80,0,4,0.9523809523809523
a6jpzpek,6455b5f5,91,7,84,0,7,0.9230769230769231
6eyovdd2,6455b5f5,300,19,281,0,19,0.9366666666666666
f1ejz9fy,6455b5f5,171,10,161,0,10,0.9415204678362573
vpxztp7b,6455b5f5,83,7,76,0,7,0.9156626506024096
e0biso3r,6455b5f5,87,4,83,0,4,0.9540229885057471
a9gvtd1o,6455b5f5,80,12,68,0,12,0.85
mrypomny,6455b5f5,69,23,46,0,23,0.6666666666666666
jeq3oy2g,6455b5f5,85,8,77,0,8,0.9058823529411765
c7ac53of,6455b5f5,14,3,11,0,3,0.7857142857142857
rjanlii9,6455b5f5,97,5,92,0,5,0.9484536082474226
8bgj1tsd,6455b5f5,78,11,67,0,11,0.8589743589743589
tc5wgx8h,6455b5f5,69,6,63,0,6,0.9130434782608695
648anokh,6455b5f5,72,5,67,0,5,0.9305555555555556
vr20hyge,6455b5f5,3,3,0,0,3,0.0
nhds6zsd,6455b5f5,71,15,56,0,15,0.7887323943661971
ce9qdbyh,6455b5f5,104,4,100,0,4,0.9615384615384616
j2dvablb,6455b5f5,72,4,68,0,4,0.9444444444444444
904h81sn,6455b5f5,74,4,70,0,4,0.9459459459459459
sesf1qnx,6455b5f5,96,5,91,0,5,0.9479166666666666
xasfvnb7,6455b5f5,1,1,0,0,1,0.0
s03ed531,6455b5f5,99,99,0,0,99,0.0
6p8vl3lk,6455b5f5,93,4,89,0,4,0.956989247311828
2j8p9vyz,6455b5f5,78,7,71,0,7,0.9102564102564102
wcau806y,6455b5f5,1,1,0,0,1,0.0
eyn3wygc,6455b5f5,91,24,67,0,24,0.7362637362637363
ni5df01j,6455b5f5,94,7,87,0,7,0.925531914893617
ew4oecfi,6455b5f5,79,4,75,0,4,0.9493670886075949
mrwlcmno,6455b5f5,69,15,54,0,15,0.782608695652174
qv0yh587,6455b5f5,81,81,0,0,81,0.0
t2eyvuxq,6455b5f5,89,4,85,0,4,0.9550561797752809
k8txaw58,6455b5f5,74,27,47,0,27,0.6351351351351351
o4kkkuj9,6455b5f5,298,21,277,0,21,0.9295302013422819
mlvcv31l,6455b5f5,155,7,148,0,7,0.9548387096774194
d1vjrjhc,6455b5f5,72,2,70,0,2,0.9722222222222222
a589fsqz,6455b5f5,112,4,108,0,4,0.9642857142857143
uktb326q,6455b5f5,86,10,76,0,10,0.8837209302325582
kwy2bqjo,6455b5f5,165,13,152,0,13,0.9212121212121213
bw2cwy0m,6455b5f5,78,14,64,0,14,0.8205128205128205
4s9g1cze,6455b5f5,108,4,104,0,4,0.9629629629629629
3irnkhq8,6455b5f5,72,3,69,0,3,0.9583333333333334
ljwskxcq,6455b5f5,93,4,89,0,4,0.956989247311828
v6jvgdvg,6455b5f5,80,11,69,0,11,0.8625
l5sagbsh,6455b5f5,94,6,88,0,6,0.9361702127659575
zj5uemkt,6455b5f5,161,13,147,1,13,0.9130434782608695
jqeesfz7,6455b5f5,77,77,0,0,77,0.0
9pjr0waw,6455b5f5,90,5,85,0,5,0.9444444444444444
8psac9uo,6455b5f5,202,13,189,0,13,0.9356435643564357
nx0vccp8,6455b5f5,142,31,111,0,31,0.7816901408450704
kck1uue7,6455b5f5,273,15,258,0,15,0.945054945054945
l0nln4b2,6455b5f5,175,18,157,0,18,0.8971428571428571
aypxap78,6455b5f5,89,5,84,0,5,0.9438202247191011
ascil7wf,6455b5f5,76,4,72,0,4,0.9473684210526315
8y2nd2sh,6455b5f5,174,11,163,0,11,0.9367816091954023
r99uy0qb,6455b5f5,92,4,88,0,4,0.9565217391304348
b73rrttr,6455b5f5,22,16,6,0,16,0.2727272727272727
7nszfy43,6455b5f5,135,7,128,0,7,0.9481481481481482
yebzokh4,6455b5f5,85,11,74,0,11,0.8705882352941177
8oohxrrz,6455b5f5,85,8,77,0,8,0.9058823529411765
qfiy90jx,6455b5f5,126,5,121,0,5,0.9603174603174603
x5id5i5q,6455b5f5,75,2,73,0,2,0.9733333333333334
2d8q4qkc,6455b5f5,94,4,90,0,4,0.9574468085106383
g3vslpjv,6455b5f5,71,6,65,0,6,0.9154929577464789
c9sps7bl,6455b5f5,96,4,92,0,4,0.9583333333333334
bx44xwzb,6455b5f5,76,11,65,0,11,0.8552631578947368
o2ho0580,6455b5f5,52,12,40,0,12,0.7692307692307693
jayyv6lz,6455b5f5,231,13,218,0,13,0.9437229437229437
qu0lm98m,6455b5f5,297,12,285,0,12,0.9595959595959596
yfyhejim,6455b5f5,100,4,96,0,4,0.96
9wkeb5tu,6455b5f5,109,16,93,0,16,0.8532110091743119
ei0ij8ms,6455b5f5,95,5,90,0,5,0.9473684210526315
0yfthc4y,6455b5f5,114,13,101,0,13,0.8859649122807017
2tkm21z6,6455b5f5,69,68,1,0,68,0.014492753623188406
yc52i3qf,6455b5f5,61,3,58,0,3,0.9508196721311475
c2lwacqc,6455b5f5,1,1,0,0,1,0.0
g7svteiz,6455b5f5,83,18,65,0,18,0.7831325301204819
mzi8f2hv,6455b5f5,97,7,90,0,7,0.9278350515463918
189iqcds,6455b5f5,75,4,71,0,4,0.9466666666666667
hd5k29qy,6455b5f5,129,17,112,0,17,0.8682170542635659
rhbgnqhz,6455b5f5,93,4,89,0,4,0.956989247311828
72p6pxny,6455b5f5,256,24,232,0,24,0.90625
o1t1fb7j,6455b5f5,112,6,106,0,6,0.9464285714285714
7agy8y3l,6455b5f5,75,20,55,0,20,0.7333333333333333
vbwguazj,6455b5f5,73,6,67,0,6,0.9178082191780822
om1m73rv,6455b5f5,251,14,237,0,14,0.9442231075697212
z3die4q3,6455b5f5,203,13,190,0,13,0.9359605911330049
8jwr3j6t,6455b5f5,82,10,72,0,10,0.8780487804878049
8yhijukj,6455b5f5,94,6,88,0,6,0.9361702127659575
50nsp39w,6455b5f5,296,13,283,0,13,0.956081081081081
mhskzwic,6455b5f5,76,6,70,0,6,0.9210526315789473
xklnx39q,6455b5f5,117,6,111,0,6,0.9487179487179487
pz38obzd,6455b5f5,70,11,59,0,11,0.8428571428571429
nrfiw9bx,6455b5f5,91,5,86,0,5,0.945054945054945
t3l0if03,6455b5f5,78,7,71,0,7,0.9102564102564102
nldu5ge3,6455b5f5,70,5,65,0,5,0.9285714285714286
4wx63ymf,6455b5f5,78,4,74,0,4,0.9487179487179487
ler5uq42,6455b5f5,92,92,0,0,92,0.0
kkeej6x5,6455b5f5,76,24,52,0,24,0.6842105263157895
f5ktzt2t,6455b5f5,78,5,73,0,5,0.9358974358974359
pcrxo3zp,6455b5f5,74,5,69,0,5,0.9324324324324325
2w766g1z,6455b5f5,77,4,73,0,4,0.948051948051948
mr7lkk46,6455b5f5,86,7,79,0,7,0.9186046511627907
1r6yodve,6455b5f5,119,119,0,0,119,0.0
zfeorjum,6455b5f5,84,5,79,0,5,0.9404761904761905
hkj9daz7,6455b5f5,84,4,80,0,4,0.9523809523809523
9ohxtpht,6455b5f5,86,33,53,0,33,0.6162790697674418
w12e497z,6455b5f5,68,12,56,0,12,0.8235294117647058
oxvw1rhx,6455b5f5,98,7,91,0,7,0.9285714285714286
4j6cy1mk,6455b5f5,100,23,77,0,23,0.77
fl73adm5,6455b5f5,75,4,71,0,4,0.9466666666666667
8d21w3yr,6455b5f5,103,4,99,0,4,0.9611650485436893
cfclud8z,6455b5f5,83,6,77,0,6,0.927710843373494
zelqv7az,6455b5f5,69,5,64,0,5,0.927536231884058
z8b26ynw,6455b5f5,72,4,68,0,4,0.9444444444444444
jx6lhkbi,6455b5f5,73,4,69,0,4,0.9452054794520548
clhkwrie,6455b5f5,71,10,61,0,10,0.8591549295774648
1qt2f29y,6455b5f5,70,46,24,0,46,0.34285714285714286
mpzcivx9,6455b5f5,78,4,74,0,4,0.9487179487179487
sp00glmz,6455b5f5,124,23,101,0,23,0.8145161290322581
9evwb372,6455b5f5,202,7,195,0,7,0.9653465346534653
ya0wv6pm,6455b5f5,118,6,112,0,6,0.9491525423728814
23iyreiv,6455b5f5,91,5,86,0,5,0.945054945054945
nrfiw9bx,a1570a43,28,3,25,0,3,0.8928571428571429
pz38obzd,a1570a43,16,9,7,0,9,0.4375
xklnx39q,a1570a43,59,28,27,4,28,0.4576271186440678
8jwr3j6t,a1570a43,25,7,18,0,7,0.72
z3die4q3,a1570a43,10,6,4,0,6,0.4
mhskzwic,a1570a43,25,8,17,0,8,0.68
50nsp39w,a1570a43,29,13,16,0,13,0.5517241379310345
8yhijukj,a1570a43,11,11,0,0,11,0.0
vbwguazj,a1570a43,28,16,12,0,16,0.42857142857142855
7agy8y3l,a1570a43,25,25,0,0,25,0.0
mr7lkk46,a1570a43,27,13,14,0,13,0.5185185185185185
2w766g1z,a1570a43,27,13,14,0,13,0.5185185185185185
pcrxo3zp,a1570a43,10,6,4,0,6,0.4
f5ktzt2t,a1570a43,23,22,1,0,22,0.043478260869565216
kkeej6x5,a1570a43,38,14,24,0,14,0.631578947368421
nldu5ge3,a1570a43,57,19,38,0,19,0.6666666666666666
t3l0if03,a1570a43,24,15,9,0,15,0.375
ler5uq42,a1570a43,34,34,0,0,34,0.0
4wx63ymf,a1570a43,35,14,21,0,14,0.6
nfbzvhip,a1570a43,31,31,0,0,31,0.0
onnumbyy,a1570a43,18,18,0,0,18,0.0
m63pxnwq,a1570a43,16,8,8,0,8,0.5
4j6cy1mk,a1570a43,29,15,14,0,15,0.4827586206896552
oxvw1rhx,a1570a43,80,80,0,0,80,0.0
8d21w3yr,a1570a43,22,22,0,0,22,0.0
hkj9daz7,a1570a43,10,6,4,0,6,0.4
zfeorjum,a1570a43,78,49,29,0,49,0.3717948717948718
w12e497z,a1570a43,19,15,4,0,15,0.21052631578947367
9ohxtpht,a1570a43,27,13,14,0,13,0.5185185185185185
2anyuqd8,a1570a43,16,16,0,0,16,0.0
1r6yodve,a1570a43,16,16,0,0,16,0.0
23iyreiv,a1570a43,11,7,4,0,7,0.36363636363636365
ya0wv6pm,a1570a43,10,10,0,0,10,0.0
9evwb372,a1570a43,35,8,27,0,8,0.7714285714285715
mpzcivx9,a1570a43,30,4,26,0,4,0.8666666666666667
1qt2f29y,a1570a43,51,17,34,0,17,0.6666666666666666
clhkwrie,a1570a43,29,17,12,0,17,0.41379310344827586
sp00glmz,a1570a43,24,24,0,0,24,0.0
jx6lhkbi,a1570a43,10,6,4,0,6,0.4
cfclud8z,a1570a43,16,12,4,0,12,0.25
z8b26ynw,a1570a43,10,6,4,0,6,0.4
zelqv7az,a1570a43,10,10,0,0,10,0.0
qif0sa3r,a1570a43,25,15,10,0,15,0.4
aypxap78,a1570a43,16,11,5,0,11,0.3125
l0nln4b2,a1570a43,77,36,41,0,36,0.5324675324675324
ascil7wf,a1570a43,53,33,20,0,33,0.37735849056603776
9pjr0waw,a1570a43,31,15,16,0,15,0.5161290322580645
kck1uue7,a1570a43,13,8,5,0,8,0.38461538461538464
nx0vccp8,a1570a43,10,10,0,0,10,0.0
8psac9uo,a1570a43,48,48,0,0,48,0.0
jqeesfz7,a1570a43,10,10,0,0,10,0.0
g3vslpjv,a1570a43,16,16,0,0,16,0.0
2d8q4qkc,a1570a43,10,6,4,0,6,0.4
o2ho0580,a1570a43,22,6,16,0,6,0.7272727272727273
bx44xwzb,a1570a43,10,10,0,0,10,0.0
c9sps7bl,a1570a43,29,6,23,0,6,0.7931034482758621
qfiy90jx,a1570a43,11,11,0,0,11,0.0
8oohxrrz,a1570a43,27,6,21,0,6,0.7777777777777778
x5id5i5q,a1570a43,14,14,0,0,14,0.0
yebzokh4,a1570a43,11,11,0,0,11,0.0
kavvl57w,a1570a43,33,20,13,0,20,0.3939393939393939
idma9086,a1570a43,27,9,18,0,9,0.6666666666666666
r99uy0qb,a1570a43,3,3,0,0,3,0.0
7nszfy43,a1570a43,47,47,0,0,47,0.0
b73rrttr,a1570a43,4,4,0,0,4,0.0
0fy66fv2,a1570a43,52,52,0,0,52,0.0
0yfthc4y,a1570a43,27,17,10,0,17,0.37037037037037035
ei0ij8ms,a1570a43,24,8,16,0,8,0.6666666666666666
2tkm21z6,a1570a43,53,53,0,0,53,0.0
qu0lm98m,a1570a43,30,6,24,0,6,0.8
jayyv6lz,a1570a43,10,10,0,0,10,0.0
ldo5smvx,a1570a43,2,2,0,0,2,0.0
72p6pxny,a1570a43,27,6,21,0,6,0.7777777777777778
rhbgnqhz,a1570a43,18,6,12,0,6,0.6666666666666666
hd5k29qy,a1570a43,93,20,73,0,20,0.7849462365591398
189iqcds,a1570a43,30,9,21,0,9,0.7
mzi8f2hv,a1570a43,13,5,8,0,5,0.6153846153846154
xgvto4mg,a1570a43,38,37,0,1,37,0.0
fgxp8fzz,a1570a43,27,4,23,0,4,0.8518518518518519
g7svteiz,a1570a43,10,10,0,0,10,0.0
c2lwacqc,a1570a43,24,24,0,0,24,0.0
cw4tyx7n,a1570a43,5,3,2,0,3,0.4
qqqzakmg,a1570a43,36,1,35,0,1,0.9722222222222222
648anokh,a1570a43,39,4,35,0,4,0.8974358974358975
zc26r1al,a1570a43,34,34,0,0,34,0.0
c7ac53of,a1570a43,30,30,0,0,30,0.0
jeq3oy2g,a1570a43,105,75,30,0,75,0.2857142857142857
mrypomny,a1570a43,25,18,7,0,18,0.28
tc5wgx8h,a1570a43,25,7,18,0,7,0.72
8bgj1tsd,a1570a43,28,13,15,0,13,0.5357142857142857
vpxztp7b,a1570a43,32,14,18,0,14,0.5625
f1ejz9fy,a1570a43,31,10,21,0,10,0.6774193548387096
a9gvtd1o,a1570a43,37,14,23,0,14,0.6216216216216216
e0biso3r,a1570a43,10,10,0,0,10,0.0
41kp06jx,a1570a43,30,13,17,0,13,0.5666666666666667
a0w1xgxf,a1570a43,11,7,4,0,7,0.36363636363636365
6eyovdd2,a1570a43,70,29,41,0,29,0.5857142857142857
a6jpzpek,a1570a43,15,11,4,0,11,0.26666666666666666
xasfvnb7,a1570a43,37,37,0,0,37,0.0
03ljcqhc,a1570a43,30,9,21,0,9,0.7
ce9qdbyh,a1570a43,10,10,0,0,10,0.0
904h81sn,a1570a43,10,6,4,0,6,0.4
so5k1adg,a1570a43,24,24,0,0,24,0.0
j2dvablb,a1570a43,33,5,28,0,5,0.8484848484848485
nhds6zsd,a1570a43,10,10,0,0,10,0.0
vr20hyge,a1570a43,2,1,1,0,1,0.5
mlvcv31l,a1570a43,10,6,4,0,6,0.4
o4kkkuj9,a1570a43,11,7,4,0,7,0.36363636363636365
k8txaw58,a1570a43,10,10,0,0,10,0.0
a589fsqz,a1570a43,33,15,18,0,15,0.5454545454545454
t2eyvuxq,a1570a43,11,11,0,0,11,0.0
1xogp17t,a1570a43,10,5,5,0,5,0.5
ni5df01j,a1570a43,52,20,32,0,20,0.6153846153846154
eyn3wygc,a1570a43,24,24,0,0,24,0.0
mrwlcmno,a1570a43,24,24,0,0,24,0.0
ew4oecfi,a1570a43,27,6,21,0,6,0.7777777777777778
08vqizpx,a1570a43,24,24,0,0,24,0.0
s03ed531,a1570a43,32,32,0,0,32,0.0
wcau806y,a1570a43,3,2,0,1,2,0.0
zj5uemkt,a1570a43,25,25,0,0,25,0.0
v6jvgdvg,a1570a43,10,10,0,0,10,0.0
l5sagbsh,a1570a43,26,7,19,0,7,0.7307692307692307
ljwskxcq,a1570a43,31,9,22,0,9,0.7096774193548387
3irnkhq8,a1570a43,27,4,23,0,4,0.8518518518518519
4s9g1cze,a1570a43,31,5,26,0,5,0.8387096774193549
bw2cwy0m,a1570a43,53,14,39,0,14,0.7358490566037735
kwy2bqjo,a1570a43,18,14,4,0,14,0.2222222222222222
44o5xnxe,a1570a43,26,7,19,0,7,0.7307692307692307
ihnjt6k4,a1570a43,12,12,0,0,12,0.0
02333qfj,a1570a43,40,40,0,0,40,0.0
qfsp3ery,a1570a43,30,7,23,0,7,0.7666666666666667
q04yitea,a1570a43,26,13,13,0,13,0.5
y32zaw9c,a1570a43,16,16,0,0,16,0.0
cuybsfwr,a1570a43,44,22,22,0,22,0.5
89u58v07,a1570a43,53,20,33,0,20,0.6226415094339622
hsm45iwx,a1570a43,10,10,0,0,10,0.0
e2w81k0i,a1570a43,17,11,6,0,11,0.35294117647058826
4s3cm7d8,a1570a43,26,26,0,0,26,0.0
zvbewhqx,a1570a43,51,26,25,0,26,0.49019607843137253
0hrc9vve,a1570a43,13,12,1,0,12,0.07692307692307693
plfupad7,a1570a43,10,6,4,0,6,0.4
n2et79bd,a1570a43,28,7,21,0,7,0.75
ism64anu,a1570a43,29,8,21,0,8,0.7241379310344828
qazkn1sw,a1570a43,18,10,8,0,10,0.4444444444444444
f0wpo2hr,a1570a43,10,6,4,0,6,0.4
8aknstxj,a1570a43,29,5,24,0,5,0.8275862068965517
c7z6erey,a1570a43,30,7,23,0,7,0.7666666666666667
hpl7jugr,a1570a43,29,3,26,0,3,0.896551724137931
nze0azo1,a1570a43,10,6,4,0,6,0.4
r2ck84r8,a1570a43,10,10,0,0,10,0.0
3cc6zm51,a1570a43,11,11,0,0,11,0.0
ske58akk,a1570a43,29,13,16,0,13,0.5517241379310345
ovhoesyy,a1570a43,26,8,18,0,8,0.6923076923076923
r24jdhzg,a1570a43,10,10,0,0,10,0.0
o5qropwk,a1570a43,10,10,0,0,10,0.0
5nrjvc7q,a1570a43,34,30,4,0,30,0.11764705882352941
ol9lky1i,a1570a43,10,10,0,0,10,0.0
61zahdh9,a1570a43,40,21,19,0,21,0.475
emwp6wq7,a1570a43,34,22,12,0,22,0.35294117647058826
pad0sufd,a1570a43,10,10,0,0,10,0.0
npr5bsi2,a1570a43,46,46,0,0,46,0.0
154uk6vm,a1570a43,25,13,12,0,13,0.48
byx9jkxm,a1570a43,25,8,17,0,8,0.68
bmlngyh3,a1570a43,45,28,17,0,28,0.37777777777777777
clucow7d,a1570a43,33,6,27,0,6,0.8181818181818182
3d2as981,a1570a43,25,18,7,0,18,0.28
cghxa2ie,a1570a43,11,7,3,1,7,0.2727272727272727
dmft9d3y,a1570a43,10,6,4,0,6,0.4
6e5gb0yb,a1570a43,10,6,4,0,6,0.4
icf7bchs,a1570a43,16,16,0,0,16,0.0
aqmjput5,a1570a43,16,16,0,0,16,0.0
l9krayds,a1570a43,22,21,1,0,21,0.045454545454545456
cp3b83py,a1570a43,25,6,19,0,6,0.76
27d8totr,a1570a43,14,13,1,0,13,0.07142857142857142
fkx2gd88,a1570a43,26,6,20,0,6,0.7692307692307693
qothvfhf,a1570a43,24,24,0,0,24,0.0
kmwiem6m,a1570a43,26,5,21,0,5,0.8076923076923077
d33m799j,a1570a43,15,1,14,0,1,0.9333333333333333
f1ejz9fy,90f3ed37,31,6,25,0,6,0.8064516129032258
vpxztp7b,90f3ed37,22,3,19,0,3,0.8636363636363636
e0biso3r,90f3ed37,10,2,8,0,2,0.8
a9gvtd1o,90f3ed37,31,5,26,0,5,0.8387096774193549
41kp06jx,90f3ed37,35,3,32,0,3,0.9142857142857143
a0w1xgxf,90f3ed37,10,2,8,0,2,0.8
6eyovdd2,90f3ed37,10,2,8,0,2,0.8
648anokh,90f3ed37,10,2,8,0,2,0.8
zc26r1al,90f3ed37,10,10,0,0,10,0.0
mrypomny,90f3ed37,10,2,8,0,2,0.8
jeq3oy2g,90f3ed37,15,5,10,0,5,0.6666666666666666
c7ac53of,90f3ed37,30,4,26,0,4,0.8666666666666667
rjanlii9,90f3ed37,10,2,8,0,2,0.8
tc5wgx8h,90f3ed37,10,2,8,0,2,0.8
8bgj1tsd,90f3ed37,15,11,4,0,11,0.26666666666666666
vr20hyge,90f3ed37,10,6,4,0,6,0.4
nhds6zsd,90f3ed37,10,10,0,0,10,0.0
ce9qdbyh,90f3ed37,88,6,82,0,6,0.9318181818181818
03ljcqhc,90f3ed37,24,11,13,0,11,0.5416666666666666
j2dvablb,90f3ed37,10,2,8,0,2,0.8
so5k1adg,90f3ed37,10,10,0,0,10,0.0
904h81sn,90f3ed37,10,2,8,0,2,0.8
ni5df01j,90f3ed37,10,2,8,0,2,0.8
eyn3wygc,90f3ed37,10,10,0,0,10,0.0
08vqizpx,90f3ed37,37,37,0,0,37,0.0
mrwlcmno,90f3ed37,10,10,0,0,10,0.0
s03ed531,90f3ed37,12,12,0,0,12,0.0
2j8p9vyz,90f3ed37,10,2,8,0,2,0.8
wcau806y,90f3ed37,13,4,9,0,4,0.6923076923076923
mlvcv31l,90f3ed37,10,2,8,0,2,0.8
k8txaw58,90f3ed37,15,3,12,0,3,0.8
o4kkkuj9,90f3ed37,10,10,0,0,10,0.0
d1vjrjhc,90f3ed37,10,2,8,0,2,0.8
a589fsqz,90f3ed37,25,3,22,0,3,0.88
qv0yh587,90f3ed37,10,9,1,0,9,0.1
t2eyvuxq,90f3ed37,10,2,8,0,2,0.8
uktb326q,90f3ed37,12,12,0,0,12,0.0
kwy2bqjo,90f3ed37,10,2,8,0,2,0.8
bw2cwy0m,90f3ed37,10,2,8,0,2,0.8
cdo2cmtp,90f3ed37,10,2,8,0,2,0.8
zj5uemkt,90f3ed37,10,10,0,0,10,0.0
3irnkhq8,90f3ed37,50,3,47,0,3,0.94
4s9g1cze,90f3ed37,10,2,8,0,2,0.8
v6jvgdvg,90f3ed37,10,2,8,0,2,0.8
l5sagbsh,90f3ed37,10,2,8,0,2,0.8
ljwskxcq,90f3ed37,42,7,35,0,7,0.8333333333333334
phbjwkyw,90f3ed37,63,15,48,0,15,0.7619047619047619
89u58v07,90f3ed37,10,2,8,0,2,0.8
4s3cm7d8,90f3ed37,71,14,57,0,14,0.8028169014084507
e2w81k0i,90f3ed37,10,2,8,0,2,0.8
hsm45iwx,90f3ed37,10,2,8,0,2,0.8
sn10zd6g,90f3ed37,10,2,8,0,2,0.8
qkiu92kk,90f3ed37,38,4,34,0,4,0.8947368421052632
44o5xnxe,90f3ed37,10,2,8,0,2,0.8
q04yitea,90f3ed37,38,12,26,0,12,0.6842105263157895
qfsp3ery,90f3ed37,10,10,0,0,10,0.0
02333qfj,90f3ed37,10,2,8,0,2,0.8
y32zaw9c,90f3ed37,10,10,0,0,10,0.0
cuybsfwr,90f3ed37,10,10,0,0,10,0.0
nze0azo1,90f3ed37,10,3,7,0,3,0.7
r2ck84r8,90f3ed37,10,2,8,0,2,0.8
hpl7jugr,90f3ed37,17,3,14,0,3,0.8235294117647058
ske58akk,90f3ed37,10,10,0,0,10,0.0
ovhoesyy,90f3ed37,10,2,8,0,2,0.8
3cc6zm51,90f3ed37,10,10,0,0,10,0.0
stbyxpx6,90f3ed37,16,2,14,0,2,0.875
r24jdhzg,90f3ed37,23,3,20,0,3,0.8695652173913043
0hrc9vve,90f3ed37,20,5,15,0,5,0.75
zvbewhqx,90f3ed37,10,10,0,0,10,0.0
n2et79bd,90f3ed37,21,7,14,0,7,0.6666666666666666
ism64anu,90f3ed37,10,2,8,0,2,0.8
plfupad7,90f3ed37,26,4,22,0,4,0.8461538461538461
f0wpo2hr,90f3ed37,10,1,9,0,1,0.9
qazkn1sw,90f3ed37,23,12,11,0,12,0.4782608695652174
8aknstxj,90f3ed37,10,3,7,0,3,0.7
c7z6erey,90f3ed37,10,2,8,0,2,0.8
byx9jkxm,90f3ed37,38,3,35,0,3,0.9210526315789473
j2pjmr32,90f3ed37,41,15,26,0,15,0.6341463414634146
bmlngyh3,90f3ed37,12,3,9,0,3,0.75
cghxa2ie,90f3ed37,10,2,8,0,2,0.8
3d2as981,90f3ed37,41,4,37,0,4,0.9024390243902439
clucow7d,90f3ed37,10,2,8,0,2,0.8
ol9lky1i,90f3ed37,10,2,8,0,2,0.8
5nrjvc7q,90f3ed37,31,23,8,0,23,0.25806451612903225
o5qropwk,90f3ed37,10,2,8,0,2,0.8
5hz183aa,90f3ed37,2,2,0,0,2,0.0
61zahdh9,90f3ed37,10,2,8,0,2,0.8
pad0sufd,90f3ed37,16,3,13,0,3,0.8125
emwp6wq7,90f3ed37,10,2,8,0,2,0.8
154uk6vm,90f3ed37,10,10,0,0,10,0.0
ym49wqbn,90f3ed37,10,2,8,0,2,0.8
npr5bsi2,90f3ed37,10,1,9,0,1,0.9
xeu3j3ki,90f3ed37,10,2,8,0,2,0.8
cp3b83py,90f3ed37,17,2,15,0,2,0.8823529411764706
qothvfhf,90f3ed37,10,10,0,0,10,0.0
fkx2gd88,90f3ed37,24,4,20,0,4,0.8333333333333334
5pds9j1d,90f3ed37,10,10,0,0,10,0.0
kmwiem6m,90f3ed37,18,2,16,0,2,0.8888888888888888
ikfbpugl,90f3ed37,10,3,7,0,3,0.7
dmft9d3y,90f3ed37,10,3,7,0,3,0.7
6e5gb0yb,90f3ed37,10,2,8,0,2,0.8
icf7bchs,90f3ed37,43,15,28,0,15,0.6511627906976745
f5ohsl5h,90f3ed37,17,3,14,0,3,0.8235294117647058
nvlsix5c,90f3ed37,10,10,0,0,10,0.0
l9krayds,90f3ed37,2,2,0,0,2,0.0
z3die4q3,90f3ed37,25,2,23,0,2,0.92
8jwr3j6t,90f3ed37,34,3,31,0,3,0.9117647058823529
p445h6ow,90f3ed37,10,2,8,0,2,0.8
50nsp39w,90f3ed37,10,10,0,0,10,0.0
8yhijukj,90f3ed37,40,3,37,0,3,0.925
mhskzwic,90f3ed37,14,4,10,0,4,0.7142857142857143
o1t1fb7j,90f3ed37,10,2,8,0,2,0.8
7agy8y3l,90f3ed37,170,26,144,0,26,0.8470588235294118
vbwguazj,90f3ed37,38,5,33,0,5,0.868421052631579
om1m73rv,90f3ed37,11,2,9,0,2,0.8181818181818182
nrfiw9bx,90f3ed37,10,2,8,0,2,0.8
xklnx39q,90f3ed37,10,2,8,0,2,0.8
pz38obzd,90f3ed37,10,10,0,0,10,0.0
t3l0if03,90f3ed37,20,5,15,0,5,0.75
nldu5ge3,90f3ed37,10,2,8,0,2,0.8
4wx63ymf,90f3ed37,33,11,22,0,11,0.6666666666666666
nfbzvhip,90f3ed37,26,7,19,0,7,0.7307692307692307
ler5uq42,90f3ed37,10,10,0,0,10,0.0
onnumbyy,90f3ed37,44,44,0,0,44,0.0
m63pxnwq,90f3ed37,16,3,13,0,3,0.8125
2w766g1z,90f3ed37,10,2,8,0,2,0.8
mr7lkk46,90f3ed37,10,2,8,0,2,0.8
nqubyvew,90f3ed37,24,3,21,0,3,0.875
bcyhma9y,90f3ed37,14,14,0,0,14,0.0
kkeej6x5,90f3ed37,10,2,8,0,2,0.8
f5ktzt2t,90f3ed37,14,3,11,0,3,0.7857142857142857
pcrxo3zp,90f3ed37,19,2,17,0,2,0.8947368421052632
hkj9daz7,90f3ed37,10,2,8,0,2,0.8
zfeorjum,90f3ed37,15,3,12,0,3,0.8
9ohxtpht,90f3ed37,10,10,0,0,10,0.0
w12e497z,90f3ed37,131,21,110,0,21,0.8396946564885496
k0qq522n,90f3ed37,10,10,0,0,10,0.0
1r6yodve,90f3ed37,35,35,0,0,35,0.0
oxvw1rhx,90f3ed37,32,6,26,0,6,0.8125
fl73adm5,90f3ed37,10,2,8,0,2,0.8
4j6cy1mk,90f3ed37,18,2,16,0,2,0.8888888888888888
8d21w3yr,90f3ed37,50,49,1,0,49,0.02
jx6lhkbi,90f3ed37,10,2,8,0,2,0.8
cfclud8z,90f3ed37,20,4,16,0,4,0.8
zelqv7az,90f3ed37,10,2,8,0,2,0.8
z8b26ynw,90f3ed37,10,2,8,0,2,0.8
9evwb372,90f3ed37,10,2,8,0,2,0.8
ya0wv6pm,90f3ed37,12,12,0,0,12,0.0
1qt2f29y,90f3ed37,28,27,1,0,27,0.03571428571428571
clhkwrie,90f3ed37,10,2,8,0,2,0.8
mpzcivx9,90f3ed37,12,2,10,0,2,0.8333333333333334
sp00glmz,90f3ed37,12,12,0,0,12,0.0
9pjr0waw,90f3ed37,28,15,13,0,15,0.4642857142857143
nx0vccp8,90f3ed37,10,2,8,0,2,0.8
8psac9uo,90f3ed37,10,2,8,0,2,0.8
kck1uue7,90f3ed37,181,42,139,0,42,0.7679558011049724
xji13cu2,90f3ed37,10,2,8,0,2,0.8
jqeesfz7,90f3ed37,10,10,0,0,10,0.0
qif0sa3r,90f3ed37,19,11,8,0,11,0.42105263157894735
8y2nd2sh,90f3ed37,10,2,8,0,2,0.8
l0nln4b2,90f3ed37,10,2,8,0,2,0.8
aypxap78,90f3ed37,10,3,7,0,3,0.7
ascil7wf,90f3ed37,10,2,8,0,2,0.8
yebzokh4,90f3ed37,10,10,0,0,10,0.0
kavvl57w,90f3ed37,12,2,10,0,2,0.8333333333333334
r99uy0qb,90f3ed37,18,8,10,0,8,0.5555555555555556
4kl3i3tv,90f3ed37,29,6,23,0,6,0.7931034482758621
idma9086,90f3ed37,10,2,8,0,2,0.8
0fy66fv2,90f3ed37,3,3,0,0,3,0.0
b73rrttr,90f3ed37,5,5,0,0,5,0.0
2d8q4qkc,90f3ed37,18,2,16,0,2,0.8888888888888888
g3vslpjv,90f3ed37,10,2,8,0,2,0.8
c9sps7bl,90f3ed37,10,2,8,0,2,0.8
bx44xwzb,90f3ed37,10,10,0,0,10,0.0
o2ho0580,90f3ed37,20,6,14,0,6,0.7
8oohxrrz,90f3ed37,10,3,7,0,3,0.7
qfiy90jx,90f3ed37,10,2,8,0,2,0.8
x5id5i5q,90f3ed37,47,16,31,0,16,0.6595744680851063
jayyv6lz,90f3ed37,34,34,0,0,34,0.0
qu0lm98m,90f3ed37,30,4,26,0,4,0.8666666666666667
ei0ij8ms,90f3ed37,10,2,8,0,2,0.8
0yfthc4y,90f3ed37,10,2,8,0,2,0.8
yfyhejim,90f3ed37,10,2,8,0,2,0.8
9wkeb5tu,90f3ed37,10,2,8,0,2,0.8
cw4tyx7n,90f3ed37,29,5,24,0,5,0.8275862068965517
c2lwacqc,90f3ed37,32,4,28,0,4,0.875
g7svteiz,90f3ed37,10,3,7,0,3,0.7
hd5k29qy,90f3ed37,16,2,14,0,2,0.875
rhbgnqhz,90f3ed37,10,2,8,0,2,0.8
72p6pxny,90f3ed37,12,4,8,0,4,0.6666666666666666
gkse9wdn,90f3ed37,10,10,0,0,10,0.0
mzi8f2hv,90f3ed37,52,5,47,0,5,0.9038461538461539
189iqcds,90f3ed37,10,10,0,0,10,0.0
fgxp8fzz,90f3ed37,11,2,9,0,2,0.8181818181818182
xgvto4mg,90f3ed37,10,10,0,0,10,0.0
y32zaw9c,55783887,27,27,0,0,27,0.0
qkiu92kk,55783887,9,9,0,0,9,0.0
44o5xnxe,55783887,25,25,0,0,25,0.0
q04yitea,55783887,29,23,6,0,23,0.20689655172413793
qfsp3ery,55783887,7,7,0,0,7,0.0
02333qfj,55783887,25,25,0,0,25,0.0
4s3cm7d8,55783887,30,11,19,0,11,0.6333333333333333
e2w81k0i,55783887,25,25,0,0,25,0.0
hsm45iwx,55783887,37,33,4,0,33,0.10810810810810811
sn10zd6g,55783887,34,34,0,0,34,0.0
phbjwkyw,55783887,27,27,0,0,27,0.0
095bdwyc,55783887,72,72,0,0,72,0.0
89u58v07,55783887,45,35,10,0,35,0.2222222222222222
f0wpo2hr,55783887,25,25,0,0,25,0.0
c7z6erey,55783887,25,25,0,0,25,0.0
zvbewhqx,55783887,32,32,0,0,32,0.0
ism64anu,55783887,34,32,2,0,32,0.058823529411764705
plfupad7,55783887,28,26,2,0,26,0.07142857142857142
ovhoesyy,55783887,51,51,0,0,51,0.0
ske58akk,55783887,25,25,0,0,25,0.0
3cc6zm51,55783887,38,38,0,0,38,0.0
stbyxpx6,55783887,25,25,0,0,25,0.0
r24jdhzg,55783887,27,27,0,0,27,0.0
r2ck84r8,55783887,32,32,0,0,32,0.0
nze0azo1,55783887,40,40,0,0,40,0.0
hpl7jugr,55783887,31,31,0,0,31,0.0
pad0sufd,55783887,68,35,33,0,35,0.4852941176470588
emwp6wq7,55783887,16,16,0,0,16,0.0
ym49wqbn,55783887,97,97,0,0,97,0.0
154uk6vm,55783887,27,27,0,0,27,0.0
npr5bsi2,55783887,41,41,0,0,41,0.0
xeu3j3ki,55783887,25,25,0,0,25,0.0
5nrjvc7q,55783887,29,25,4,0,25,0.13793103448275862
61zahdh9,55783887,47,40,7,0,40,0.14893617021276595
bmlngyh3,55783887,36,36,0,0,36,0.0
cghxa2ie,55783887,25,25,0,0,25,0.0
3d2as981,55783887,15,7,8,0,7,0.5333333333333333
clucow7d,55783887,25,25,0,0,25,0.0
byx9jkxm,55783887,25,25,0,0,25,0.0
74l1qvc1,55783887,24,24,0,0,24,0.0
icf7bchs,55783887,450,116,334,0,116,0.7422222222222222
f5ohsl5h,55783887,27,25,2,0,25,0.07407407407407407
l9krayds,55783887,289,4,285,0,4,0.986159169550173
aqmjput5,55783887,8,8,0,0,8,0.0
dmft9d3y,55783887,6,4,2,0,4,0.3333333333333333
bdfn1h0o,55783887,51,51,0,0,51,0.0
6e5gb0yb,55783887,29,28,1,0,28,0.034482758620689655
kmwiem6m,55783887,25,25,0,0,25,0.0
d33m799j,55783887,8,8,0,0,8,0.0
ikfbpugl,55783887,7,1,6,0,1,0.8571428571428571
cp3b83py,55783887,32,22,10,0,22,0.3125
qothvfhf,55783887,42,42,0,0,42,0.0
fkx2gd88,55783887,28,28,0,0,28,0.0
27d8totr,55783887,25,25,0,0,25,0.0
mrypomny,55783887,25,25,0,0,25,0.0
c7ac53of,55783887,66,66,0,0,66,0.0
rjanlii9,55783887,9,9,0,0,9,0.0
8bgj1tsd,55783887,25,25,0,0,25,0.0
648anokh,55783887,25,25,0,0,25,0.0
a0w1xgxf,55783887,5,1,4,0,1,0.8
41kp06jx,55783887,7,7,0,0,7,0.0
lmtka1ev,55783887,27,27,0,0,27,0.0
a6jpzpek,55783887,24,2,22,0,2,0.9166666666666666
6eyovdd2,55783887,40,40,0,0,40,0.0
f1ejz9fy,55783887,33,33,0,0,33,0.0
vpxztp7b,55783887,27,24,3,0,24,0.1111111111111111
e0biso3r,55783887,25,25,0,0,25,0.0
a9gvtd1o,55783887,49,49,0,0,49,0.0
ce9qdbyh,55783887,123,38,85,0,38,0.6910569105691057
j2dvablb,55783887,57,50,7,0,50,0.12280701754385964
904h81sn,55783887,37,31,6,0,31,0.16216216216216217
sesf1qnx,55783887,69,65,4,0,65,0.057971014492753624
nhds6zsd,55783887,25,25,0,0,25,0.0
qv0yh587,55783887,47,47,0,0,47,0.0
t2eyvuxq,55783887,29,29,0,0,29,0.0
k8txaw58,55783887,25,25,0,0,25,0.0
o4kkkuj9,55783887,13,13,0,0,13,0.0
mlvcv31l,55783887,18,18,0,0,18,0.0
a589fsqz,55783887,60,40,20,0,40,0.3333333333333333
s03ed531,55783887,50,50,0,0,50,0.0
6p8vl3lk,55783887,61,45,16,0,45,0.26229508196721313
2j8p9vyz,55783887,25,25,0,0,25,0.0
wcau806y,55783887,15,15,0,0,15,0.0
eyn3wygc,55783887,29,29,0,0,29,0.0
ni5df01j,55783887,8,6,2,0,6,0.25
08vqizpx,55783887,35,35,0,0,35,0.0
ew4oecfi,55783887,69,69,0,0,69,0.0
4s9g1cze,55783887,17,11,6,0,11,0.35294117647058826
3irnkhq8,55783887,66,64,2,0,64,0.030303030303030304
ljwskxcq,55783887,27,27,0,0,27,0.0
v6jvgdvg,55783887,41,31,10,0,31,0.24390243902439024
l5sagbsh,55783887,25,25,0,0,25,0.0
zj5uemkt,55783887,26,26,0,0,26,0.0
cdo2cmtp,55783887,27,27,0,0,27,0.0
uktb326q,55783887,27,27,0,0,27,0.0
bw2cwy0m,55783887,32,32,0,0,32,0.0
kwy2bqjo,55783887,30,30,0,0,30,0.0
l0nln4b2,55783887,31,31,0,0,31,0.0
aypxap78,55783887,104,104,0,0,104,0.0
8y2nd2sh,55783887,31,24,7,0,24,0.22580645161290322
jqeesfz7,55783887,27,27,0,0,27,0.0
8psac9uo,55783887,30,28,2,0,28,0.06666666666666667
nx0vccp8,55783887,32,32,0,0,32,0.0
kck1uue7,55783887,14,10,4,0,10,0.2857142857142857
qfiy90jx,55783887,40,34,6,0,34,0.15
x5id5i5q,55783887,64,64,0,0,64,0.0
2d8q4qkc,55783887,29,26,3,0,26,0.10344827586206896
g3vslpjv,55783887,39,39,0,0,39,0.0
c9sps7bl,55783887,27,27,0,0,27,0.0
bx44xwzb,55783887,16,15,0,1,15,0.0
o2ho0580,55783887,356,69,287,0,69,0.8061797752808989
r99uy0qb,55783887,31,6,24,1,6,0.7741935483870968
idma9086,55783887,71,71,0,0,71,0.0
4kl3i3tv,55783887,50,26,24,0,26,0.48
b73rrttr,55783887,7,7,0,0,7,0.0
yebzokh4,55783887,103,103,0,0,103,0.0
yfyhejim,55783887,25,25,0,0,25,0.0
ei0ij8ms,55783887,106,104,2,0,104,0.018867924528301886
0yfthc4y,55783887,31,31,0,0,31,0.0
2tkm21z6,55783887,34,34,0,0,34,0.0
jayyv6lz,55783887,28,28,0,0,28,0.0
qu0lm98m,55783887,27,27,0,0,27,0.0
mzi8f2hv,55783887,23,21,2,0,21,0.08695652173913043
189iqcds,55783887,34,34,0,0,34,0.0
hd5k29qy,55783887,21,17,4,0,17,0.19047619047619047
rhbgnqhz,55783887,41,21,20,0,21,0.4878048780487805
72p6pxny,55783887,43,42,0,1,42,0.0
cw4tyx7n,55783887,1,1,0,0,1,0.0
c2lwacqc,55783887,29,27,2,0,27,0.06896551724137931
g7svteiz,55783887,37,37,0,0,37,0.0
xklnx39q,55783887,36,3,33,0,3,0.9166666666666666
pz38obzd,55783887,27,27,0,0,27,0.0
nrfiw9bx,55783887,30,30,0,0,30,0.0
7agy8y3l,55783887,66,64,2,0,64,0.030303030303030304
vbwguazj,55783887,33,31,2,0,31,0.06060606060606061
om1m73rv,55783887,33,33,0,0,33,0.0
z3die4q3,55783887,29,25,4,0,25,0.13793103448275862
p445h6ow,55783887,42,42,0,0,42,0.0
8yhijukj,55783887,39,39,0,0,39,0.0
50nsp39w,55783887,28,16,12,0,16,0.42857142857142855
mhskzwic,55783887,36,36,0,0,36,0.0
f5ktzt2t,55783887,36,36,0,0,36,0.0
2w766g1z,55783887,9,9,0,0,9,0.0
mr7lkk46,55783887,6,6,0,0,6,0.0
onnumbyy,55783887,21,21,0,0,21,0.0
t3l0if03,55783887,124,124,0,0,124,0.0
nldu5ge3,55783887,16,16,0,0,16,0.0
nfbzvhip,55783887,27,27,0,0,27,0.0
4wx63ymf,55783887,35,35,0,0,35,0.0
ler5uq42,55783887,29,29,0,0,29,0.0
oxvw1rhx,55783887,87,87,0,0,87,0.0
4j6cy1mk,55783887,29,13,16,0,13,0.5517241379310345
fl73adm5,55783887,38,25,13,0,25,0.34210526315789475
8d21w3yr,55783887,71,71,0,0,71,0.0
1r6yodve,55783887,307,307,0,0,307,0.0
2anyuqd8,55783887,30,30,0,0,30,0.0
zfeorjum,55783887,24,24,0,0,24,0.0
hkj9daz7,55783887,27,24,3,0,24,0.1111111111111111
9ohxtpht,55783887,52,52,0,0,52,0.0
w12e497z,55783887,658,13,645,0,13,0.9802431610942249
clhkwrie,55783887,113,108,5,0,108,0.04424778761061947
1qt2f29y,55783887,63,59,4,0,59,0.06349206349206349
mpzcivx9,55783887,25,25,0,0,25,0.0
sp00glmz,55783887,75,75,0,0,75,0.0
9evwb372,55783887,25,25,0,0,25,0.0
2ke9hbes,55783887,18,18,0,0,18,0.0
ya0wv6pm,55783887,36,36,0,0,36,0.0
23iyreiv,55783887,65,65,0,0,65,0.0
cfclud8z,55783887,20,19,0,1,19,0.0
zelqv7az,55783887,21,21,0,0,21,0.0
z8b26ynw,55783887,34,34,0,0,34,0.0
jx6lhkbi,55783887,23,23,0,0,23,0.0
zj5uemkt,ecaa0ec1,5,5,0,0,5,0.0
3irnkhq8,ecaa0ec1,37,20,17,0,20,0.4594594594594595
4s9g1cze,ecaa0ec1,19,14,5,0,14,0.2631578947368421
l5sagbsh,ecaa0ec1,11,7,4,0,7,0.36363636363636365
v6jvgdvg,ecaa0ec1,15,14,0,1,14,0.0
ljwskxcq,ecaa0ec1,19,17,2,0,17,0.10526315789473684
uktb326q,ecaa0ec1,25,24,0,1,24,0.0
kwy2bqjo,ecaa0ec1,74,16,58,0,16,0.7837837837837838
bw2cwy0m,ecaa0ec1,18,17,1,0,17,0.05555555555555555
cdo2cmtp,ecaa0ec1,10,10,0,0,10,0.0
mlvcv31l,ecaa0ec1,16,16,0,0,16,0.0
o4kkkuj9,ecaa0ec1,21,21,0,0,21,0.0
k8txaw58,ecaa0ec1,52,40,12,0,40,0.23076923076923078
d1vjrjhc,ecaa0ec1,2,2,0,0,2,0.0
a589fsqz,ecaa0ec1,15,11,4,0,11,0.26666666666666666
qv0yh587,ecaa0ec1,8,8,0,0,8,0.0
t2eyvuxq,ecaa0ec1,17,17,0,0,17,0.0
ni5df01j,ecaa0ec1,9,9,0,0,9,0.0
eyn3wygc,ecaa0ec1,11,11,0,0,11,0.0
ew4oecfi,ecaa0ec1,11,7,4,0,7,0.36363636363636365
mrwlcmno,ecaa0ec1,11,11,0,0,11,0.0
s03ed531,ecaa0ec1,13,13,0,0,13,0.0
2j8p9vyz,ecaa0ec1,17,9,8,0,9,0.47058823529411764
wcau806y,ecaa0ec1,2,2,0,0,2,0.0
xasfvnb7,ecaa0ec1,22,22,0,0,22,0.0
j2dvablb,ecaa0ec1,11,11,0,0,11,0.0
so5k1adg,ecaa0ec1,18,18,0,0,18,0.0
904h81sn,ecaa0ec1,11,11,0,0,11,0.0
vr20hyge,ecaa0ec1,3,3,0,0,3,0.0
nhds6zsd,ecaa0ec1,15,15,0,0,15,0.0
648anokh,ecaa0ec1,9,9,0,0,9,0.0
mrypomny,ecaa0ec1,11,11,0,0,11,0.0
jeq3oy2g,ecaa0ec1,8,8,0,0,8,0.0
c7ac53of,ecaa0ec1,18,6,12,0,6,0.6666666666666666
rjanlii9,ecaa0ec1,40,13,27,0,13,0.675
tc5wgx8h,ecaa0ec1,9,9,0,0,9,0.0
f1ejz9fy,ecaa0ec1,20,11,9,0,11,0.45
vpxztp7b,ecaa0ec1,13,13,0,0,13,0.0
e0biso3r,ecaa0ec1,9,9,0,0,9,0.0
a9gvtd1o,ecaa0ec1,52,14,38,0,14,0.7307692307692307
41kp06jx,ecaa0ec1,9,5,4,0,5,0.4444444444444444
a0w1xgxf,ecaa0ec1,7,5,2,0,5,0.2857142857142857
lmtka1ev,ecaa0ec1,14,8,6,0,8,0.42857142857142855
6eyovdd2,ecaa0ec1,12,10,2,0,10,0.16666666666666666
a6jpzpek,ecaa0ec1,15,15,0,0,15,0.0
dmft9d3y,ecaa0ec1,29,12,17,0,12,0.5862068965517241
6e5gb0yb,ecaa0ec1,11,7,4,0,7,0.36363636363636365
icf7bchs,ecaa0ec1,78,40,38,0,40,0.48717948717948717
nvlsix5c,ecaa0ec1,15,15,0,0,15,0.0
f5ohsl5h,ecaa0ec1,16,16,0,0,16,0.0
aqmjput5,ecaa0ec1,17,12,5,0,12,0.29411764705882354
l9krayds,ecaa0ec1,7,7,0,0,7,0.0
cp3b83py,ecaa0ec1,33,12,21,0,12,0.6363636363636364
27d8totr,ecaa0ec1,10,10,0,0,10,0.0
fkx2gd88,ecaa0ec1,20,8,12,0,8,0.6
kmwiem6m,ecaa0ec1,11,7,4,0,7,0.36363636363636365
d33m799j,ecaa0ec1,12,2,10,0,2,0.8333333333333334
5nrjvc7q,ecaa0ec1,12,12,0,0,12,0.0
o5qropwk,ecaa0ec1,19,19,0,0,19,0.0
pad0sufd,ecaa0ec1,13,13,0,0,13,0.0
emwp6wq7,ecaa0ec1,11,11,0,0,11,0.0
ym49wqbn,ecaa0ec1,23,19,4,0,19,0.17391304347826086
npr5bsi2,ecaa0ec1,13,13,0,0,13,0.0
xeu3j3ki,ecaa0ec1,10,10,0,0,10,0.0
byx9jkxm,ecaa0ec1,18,10,8,0,10,0.4444444444444444
bmlngyh3,ecaa0ec1,55,16,39,0,16,0.7090909090909091
cghxa2ie,ecaa0ec1,16,7,9,0,7,0.5625
3d2as981,ecaa0ec1,10,10,0,0,10,0.0
clucow7d,ecaa0ec1,17,7,10,0,7,0.5882352941176471
0hrc9vve,ecaa0ec1,8,8,0,0,8,0.0
zvbewhqx,ecaa0ec1,8,8,0,0,8,0.0
ism64anu,ecaa0ec1,14,14,0,0,14,0.0
plfupad7,ecaa0ec1,10,10,0,0,10,0.0
f0wpo2hr,ecaa0ec1,9,9,0,0,9,0.0
qazkn1sw,ecaa0ec1,50,8,42,0,8,0.84
8aknstxj,ecaa0ec1,25,25,0,0,25,0.0
c7z6erey,ecaa0ec1,16,16,0,0,16,0.0
nze0azo1,ecaa0ec1,24,21,3,0,21,0.125
r2ck84r8,ecaa0ec1,11,8,3,0,8,0.2727272727272727
hpl7jugr,ecaa0ec1,12,7,5,0,7,0.4166666666666667
ske58akk,ecaa0ec1,10,10,0,0,10,0.0
ovhoesyy,ecaa0ec1,10,4,6,0,4,0.6
3cc6zm51,ecaa0ec1,5,5,0,0,5,0.0
stbyxpx6,ecaa0ec1,11,6,5,0,6,0.45454545454545453
r24jdhzg,ecaa0ec1,25,25,0,0,25,0.0
44o5xnxe,ecaa0ec1,28,13,15,0,13,0.5357142857142857
q04yitea,ecaa0ec1,16,16,0,0,16,0.0
qfsp3ery,ecaa0ec1,4,4,0,0,4,0.0
02333qfj,ecaa0ec1,13,13,0,0,13,0.0
y32zaw9c,ecaa0ec1,11,11,0,0,11,0.0
0ra11hiv,ecaa0ec1,13,13,0,0,13,0.0
phbjwkyw,ecaa0ec1,24,24,0,0,24,0.0
szbhlpfr,ecaa0ec1,1,1,0,0,1,0.0
89u58v07,ecaa0ec1,15,15,0,0,15,0.0
4s3cm7d8,ecaa0ec1,9,9,0,0,9,0.0
e2w81k0i,ecaa0ec1,11,7,4,0,7,0.36363636363636365
hsm45iwx,ecaa0ec1,14,14,0,0,14,0.0
sn10zd6g,ecaa0ec1,11,11,0,0,11,0.0
9evwb372,ecaa0ec1,10,10,0,0,10,0.0
ya0wv6pm,ecaa0ec1,9,9,0,0,9,0.0
1qt2f29y,ecaa0ec1,15,15,0,0,15,0.0
clhkwrie,ecaa0ec1,15,15,0,0,15,0.0
mpzcivx9,ecaa0ec1,42,22,20,0,22,0.47619047619047616
sp00glmz,ecaa0ec1,15,15,0,0,15,0.0
jx6lhkbi,ecaa0ec1,9,9,0,0,9,0.0
cfclud8z,ecaa0ec1,9,9,0,0,9,0.0
zelqv7az,ecaa0ec1,24,20,4,0,20,0.16666666666666666
z8b26ynw,ecaa0ec1,14,14,0,0,14,0.0
oxvw1rhx,ecaa0ec1,27,9,18,0,9,0.6666666666666666
4j6cy1mk,ecaa0ec1,9,9,0,0,9,0.0
318gokyy,ecaa0ec1,2,1,1,0,1,0.5
8d21w3yr,ecaa0ec1,16,16,0,0,16,0.0
hkj9daz7,ecaa0ec1,12,9,3,0,9,0.25
zfeorjum,ecaa0ec1,24,9,15,0,9,0.625
9ohxtpht,ecaa0ec1,20,20,0,0,20,0.0
w12e497z,ecaa0ec1,13,13,0,0,13,0.0
cbvc5e3w,ecaa0ec1,22,21,0,1,21,0.0
1r6yodve,ecaa0ec1,13,13,0,0,13,0.0
2anyuqd8,ecaa0ec1,13,13,0,0,13,0.0
2w766g1z,ecaa0ec1,21,19,2,0,19,0.09523809523809523
mr7lkk46,ecaa0ec1,17,17,0,0,17,0.0
5vv1rrzw,ecaa0ec1,9,9,0,0,9,0.0
nqubyvew,ecaa0ec1,10,10,0,0,10,0.0
f5ktzt2t,ecaa0ec1,14,5,9,0,5,0.6428571428571429
kkeej6x5,ecaa0ec1,21,12,9,0,12,0.42857142857142855
pcrxo3zp,ecaa0ec1,14,14,0,0,14,0.0
t3l0if03,ecaa0ec1,29,20,6,3,20,0.20689655172413793
nldu5ge3,ecaa0ec1,20,4,16,0,4,0.8
4wx63ymf,ecaa0ec1,12,8,4,0,8,0.3333333333333333
nfbzvhip,ecaa0ec1,12,12,0,0,12,0.0
onnumbyy,ecaa0ec1,14,14,0,0,14,0.0
m63pxnwq,ecaa0ec1,14,10,4,0,10,0.2857142857142857
nrfiw9bx,ecaa0ec1,13,9,4,0,9,0.3076923076923077
pz38obzd,ecaa0ec1,9,9,0,0,9,0.0
xklnx39q,ecaa0ec1,21,13,8,0,13,0.38095238095238093
z3die4q3,ecaa0ec1,16,5,11,0,5,0.6875
p445h6ow,ecaa0ec1,9,9,0,0,9,0.0
8yhijukj,ecaa0ec1,18,18,0,0,18,0.0
mhskzwic,ecaa0ec1,11,11,0,0,11,0.0
7agy8y3l,ecaa0ec1,13,13,0,0,13,0.0
vbwguazj,ecaa0ec1,11,11,0,0,11,0.0
om1m73rv,ecaa0ec1,11,11,0,0,11,0.0
hd5k29qy,ecaa0ec1,17,17,0,0,17,0.0
72p6pxny,ecaa0ec1,51,25,26,0,25,0.5098039215686274
mzi8f2hv,ecaa0ec1,9,9,0,0,9,0.0
189iqcds,ecaa0ec1,31,12,19,0,12,0.6129032258064516
xgvto4mg,ecaa0ec1,13,13,0,0,13,0.0
cw4tyx7n,ecaa0ec1,7,7,0,0,7,0.0
c2lwacqc,ecaa0ec1,13,13,0,0,13,0.0
g7svteiz,ecaa0ec1,14,14,0,0,14,0.0
ei0ij8ms,ecaa0ec1,9,9,0,0,9,0.0
2tkm21z6,ecaa0ec1,13,13,0,0,13,0.0
yfyhejim,ecaa0ec1,19,15,4,0,15,0.21052631578947367
jayyv6lz,ecaa0ec1,12,8,4,0,8,0.3333333333333333
qu0lm98m,ecaa0ec1,32,12,20,0,12,0.625
ldo5smvx,ecaa0ec1,19,17,2,0,17,0.10526315789473684
g3vslpjv,ecaa0ec1,13,13,0,0,13,0.0
c9sps7bl,ecaa0ec1,12,6,6,0,6,0.5
bx44xwzb,ecaa0ec1,9,9,0,0,9,0.0
o2ho0580,ecaa0ec1,12,9,3,0,9,0.25
8oohxrrz,ecaa0ec1,13,5,8,0,5,0.6153846153846154
x5id5i5q,ecaa0ec1,25,25,0,0,25,0.0
yebzokh4,ecaa0ec1,16,16,0,0,16,0.0
r99uy0qb,ecaa0ec1,14,14,0,0,14,0.0
idma9086,ecaa0ec1,18,13,5,0,13,0.2777777777777778
7nszfy43,ecaa0ec1,12,12,0,0,12,0.0
b73rrttr,ecaa0ec1,6,5,1,0,5,0.16666666666666666
qif0sa3r,ecaa0ec1,24,23,1,0,23,0.041666666666666664
8y2nd2sh,ecaa0ec1,36,27,9,0,27,0.25
l0nln4b2,ecaa0ec1,11,11,0,0,11,0.0
aypxap78,ecaa0ec1,11,11,0,0,11,0.0
ascil7wf,ecaa0ec1,29,14,15,0,14,0.5172413793103449
nx0vccp8,ecaa0ec1,9,9,0,0,9,0.0
8psac9uo,ecaa0ec1,13,13,0,0,13,0.0
kck1uue7,ecaa0ec1,10,7,3,0,7,0.3
jqeesfz7,ecaa0ec1,41,41,0,0,41,0.0
lmtka1ev,2dd70a9a,12,1,11,0,1,0.9166666666666666
41kp06jx,2dd70a9a,12,2,10,0,2,0.8333333333333334
a0w1xgxf,2dd70a9a,24,2,22,0,2,0.9166666666666666
6eyovdd2,2dd70a9a,20,4,16,0,4,0.8
a6jpzpek,2dd70a9a,4,4,0,0,4,0.0
vpxztp7b,2dd70a9a,29,13,16,0,13,0.5517241379310345
f1ejz9fy,2dd70a9a,12,2,10,0,2,0.8333333333333334
e0biso3r,2dd70a9a,12,12,0,0,12,0.0
a9gvtd1o,2dd70a9a,12,3,9,0,3,0.75
c7ac53of,2dd70a9a,54,6,48,0,6,0.8888888888888888
rjanlii9,2dd70a9a,12,1,11,0,1,0.9166666666666666
mrypomny,2dd70a9a,12,3,9,0,3,0.75
jeq3oy2g,2dd70a9a,21,5,16,0,5,0.7619047619047619
tc5wgx8h,2dd70a9a,97,67,29,1,67,0.29896907216494845
8bgj1tsd,2dd70a9a,20,20,0,0,20,0.0
648anokh,2dd70a9a,12,1,11,0,1,0.9166666666666666
zc26r1al,2dd70a9a,20,20,0,0,20,0.0
4stfwpke,2dd70a9a,12,3,9,0,3,0.75
vr20hyge,2dd70a9a,33,28,5,0,28,0.15151515151515152
nhds6zsd,2dd70a9a,15,3,12,0,3,0.8
so5k1adg,2dd70a9a,22,22,0,0,22,0.0
904h81sn,2dd70a9a,12,1,11,0,1,0.9166666666666666
j2dvablb,2dd70a9a,12,1,11,0,1,0.9166666666666666
xasfvnb7,2dd70a9a,12,12,0,0,12,0.0
sesf1qnx,2dd70a9a,12,7,5,0,7,0.4166666666666667
2j8p9vyz,2dd70a9a,12,1,11,0,1,0.9166666666666666
6p8vl3lk,2dd70a9a,29,4,25,0,4,0.8620689655172413
s03ed531,2dd70a9a,14,14,0,0,14,0.0
wcau806y,2dd70a9a,32,32,0,0,32,0.0
ni5df01j,2dd70a9a,22,3,19,0,3,0.8636363636363636
eyn3wygc,2dd70a9a,12,1,11,0,1,0.9166666666666666
mrwlcmno,2dd70a9a,12,12,0,0,12,0.0
ew4oecfi,2dd70a9a,12,12,0,0,12,0.0
t2eyvuxq,2dd70a9a,22,3,19,0,3,0.8636363636363636
d1vjrjhc,2dd70a9a,12,1,11,0,1,0.9166666666666666
mlvcv31l,2dd70a9a,12,1,11,0,1,0.9166666666666666
o4kkkuj9,2dd70a9a,12,12,0,0,12,0.0
k8txaw58,2dd70a9a,27,3,24,0,3,0.8888888888888888
a589fsqz,2dd70a9a,12,2,10,0,2,0.8333333333333334
cdo2cmtp,2dd70a9a,19,2,17,0,2,0.8947368421052632
uktb326q,2dd70a9a,14,14,0,0,14,0.0
kwy2bqjo,2dd70a9a,20,2,18,0,2,0.9
bw2cwy0m,2dd70a9a,12,12,0,0,12,0.0
v6jvgdvg,2dd70a9a,21,21,0,0,21,0.0
l5sagbsh,2dd70a9a,12,1,11,0,1,0.9166666666666666
ljwskxcq,2dd70a9a,12,1,11,0,1,0.9166666666666666
3irnkhq8,2dd70a9a,12,1,11,0,1,0.9166666666666666
4s9g1cze,2dd70a9a,12,1,11,0,1,0.9166666666666666
zj5uemkt,2dd70a9a,12,6,6,0,6,0.5
hsm45iwx,2dd70a9a,12,1,11,0,1,0.9166666666666666
4s3cm7d8,2dd70a9a,30,17,13,0,17,0.43333333333333335
e2w81k0i,2dd70a9a,13,2,11,0,2,0.8461538461538461
szbhlpfr,2dd70a9a,29,25,3,1,25,0.10344827586206896
phbjwkyw,2dd70a9a,12,1,11,0,1,0.9166666666666666
89u58v07,2dd70a9a,12,1,11,0,1,0.9166666666666666
y32zaw9c,2dd70a9a,12,12,0,0,12,0.0
0ra11hiv,2dd70a9a,12,12,0,0,12,0.0
44o5xnxe,2dd70a9a,12,3,9,0,3,0.75
qkiu92kk,2dd70a9a,12,12,0,0,12,0.0
02333qfj,2dd70a9a,12,1,11,0,1,0.9166666666666666
q04yitea,2dd70a9a,20,2,18,0,2,0.9
qfsp3ery,2dd70a9a,19,19,0,0,19,0.0
3cc6zm51,2dd70a9a,22,22,0,0,22,0.0
ske58akk,2dd70a9a,12,1,11,0,1,0.9166666666666666
ovhoesyy,2dd70a9a,12,1,11,0,1,0.9166666666666666
r24jdhzg,2dd70a9a,12,7,5,0,7,0.4166666666666667
stbyxpx6,2dd70a9a,16,6,10,0,6,0.625
nze0azo1,2dd70a9a,20,10,10,0,10,0.5
r2ck84r8,2dd70a9a,12,3,9,0,3,0.75
hpl7jugr,2dd70a9a,29,2,27,0,2,0.9310344827586207
qazkn1sw,2dd70a9a,17,7,10,0,7,0.5882352941176471
f0wpo2hr,2dd70a9a,13,1,12,0,1,0.9230769230769231
8aknstxj,2dd70a9a,12,12,0,0,12,0.0
c7z6erey,2dd70a9a,20,2,18,0,2,0.9
0hrc9vve,2dd70a9a,53,1,52,0,1,0.9811320754716981
zvbewhqx,2dd70a9a,16,3,13,0,3,0.8125
plfupad7,2dd70a9a,12,12,0,0,12,0.0
n2et79bd,2dd70a9a,13,1,12,0,1,0.9230769230769231
ism64anu,2dd70a9a,12,2,10,0,2,0.8333333333333334
bmlngyh3,2dd70a9a,27,27,0,0,27,0.0
clucow7d,2dd70a9a,12,1,11,0,1,0.9166666666666666
cghxa2ie,2dd70a9a,23,2,21,0,2,0.9130434782608695
3d2as981,2dd70a9a,48,9,39,0,9,0.8125
byx9jkxm,2dd70a9a,12,1,11,0,1,0.9166666666666666
74l1qvc1,2dd70a9a,1,1,0,0,1,0.0
j2pjmr32,2dd70a9a,61,58,3,0,58,0.04918032786885246
emwp6wq7,2dd70a9a,12,1,11,0,1,0.9166666666666666
pad0sufd,2dd70a9a,12,12,0,0,12,0.0
xeu3j3ki,2dd70a9a,31,10,21,0,10,0.6774193548387096
154uk6vm,2dd70a9a,20,20,0,0,20,0.0
ym49wqbn,2dd70a9a,13,4,9,0,4,0.6923076923076923
npr5bsi2,2dd70a9a,20,20,0,0,20,0.0
o5qropwk,2dd70a9a,14,14,0,0,14,0.0
ol9lky1i,2dd70a9a,19,2,17,0,2,0.8947368421052632
5nrjvc7q,2dd70a9a,19,2,17,0,2,0.8947368421052632
61zahdh9,2dd70a9a,21,2,19,0,2,0.9047619047619048
5hz183aa,2dd70a9a,30,16,14,0,16,0.4666666666666667
kmwiem6m,2dd70a9a,12,1,11,0,1,0.9166666666666666
5pds9j1d,2dd70a9a,12,12,0,0,12,0.0
ikfbpugl,2dd70a9a,27,6,21,0,6,0.7777777777777778
d33m799j,2dd70a9a,39,2,37,0,2,0.9487179487179487
cp3b83py,2dd70a9a,12,1,11,0,1,0.9166666666666666
27d8totr,2dd70a9a,12,1,11,0,1,0.9166666666666666
91fk0af9,2dd70a9a,19,19,0,0,19,0.0
qothvfhf,2dd70a9a,13,13,0,0,13,0.0
icf7bchs,2dd70a9a,80,78,2,0,78,0.025
aqmjput5,2dd70a9a,55,29,26,0,29,0.4727272727272727
l9krayds,2dd70a9a,57,54,3,0,54,0.05263157894736842
dmft9d3y,2dd70a9a,12,2,10,0,2,0.8333333333333334
6e5gb0yb,2dd70a9a,12,5,7,0,5,0.5833333333333334
om1m73rv,2dd70a9a,12,1,11,0,1,0.9166666666666666
7agy8y3l,2dd70a9a,18,4,14,0,4,0.7777777777777778
vbwguazj,2dd70a9a,12,2,10,0,2,0.8333333333333334
z3die4q3,2dd70a9a,17,2,15,0,2,0.8823529411764706
8jwr3j6t,2dd70a9a,12,12,0,0,12,0.0
p445h6ow,2dd70a9a,24,3,21,0,3,0.875
mhskzwic,2dd70a9a,50,7,43,0,7,0.86
50nsp39w,2dd70a9a,28,4,24,0,4,0.8571428571428571
8yhijukj,2dd70a9a,12,12,0,0,12,0.0
pz38obzd,2dd70a9a,12,5,7,0,5,0.5833333333333334
xklnx39q,2dd70a9a,26,3,23,0,3,0.8846153846153846
nrfiw9bx,2dd70a9a,12,2,10,0,2,0.8333333333333334
onnumbyy,2dd70a9a,12,12,0,0,12,0.0
m63pxnwq,2dd70a9a,12,1,11,0,1,0.9166666666666666
t3l0if03,2dd70a9a,12,12,0,0,12,0.0
nldu5ge3,2dd70a9a,15,15,0,0,15,0.0
ler5uq42,2dd70a9a,16,16,0,0,16,0.0
4wx63ymf,2dd70a9a,13,3,10,0,3,0.7692307692307693
nfbzvhip,2dd70a9a,24,2,22,0,2,0.9166666666666666
bcyhma9y,2dd70a9a,22,22,0,0,22,0.0
kkeej6x5,2dd70a9a,12,12,0,0,12,0.0
pcrxo3zp,2dd70a9a,13,1,12,0,1,0.9230769230769231
mr7lkk46,2dd70a9a,12,3,9,0,3,0.75
2w766g1z,2dd70a9a,15,2,13,0,2,0.8666666666666667
nqubyvew,2dd70a9a,12,5,7,0,5,0.5833333333333334
0wk7vjg8,2dd70a9a,1,1,0,0,1,0.0
1r6yodve,2dd70a9a,71,71,0,0,71,0.0
2anyuqd8,2dd70a9a,12,12,0,0,12,0.0
k0qq522n,2dd70a9a,12,12,0,0,12,0.0
hkj9daz7,2dd70a9a,12,1,11,0,1,0.9166666666666666
zfeorjum,2dd70a9a,16,7,9,0,7,0.5625
9ohxtpht,2dd70a9a,12,12,0,0,12,0.0
w12e497z,2dd70a9a,43,43,0,0,43,0.0
oxvw1rhx,2dd70a9a,25,2,22,1,2,0.88
fl73adm5,2dd70a9a,24,3,21,0,3,0.875
4j6cy1mk,2dd70a9a,12,1,11,0,1,0.9166666666666666
8d21w3yr,2dd70a9a,21,2,19,0,2,0.9047619047619048
cfclud8z,2dd70a9a,12,1,11,0,1,0.9166666666666666
zelqv7az,2dd70a9a,12,12,0,0,12,0.0
z8b26ynw,2dd70a9a,12,1,11,0,1,0.9166666666666666
jx6lhkbi,2dd70a9a,21,4,17,0,4,0.8095238095238095
mpzcivx9,2dd70a9a,12,1,11,0,1,0.9166666666666666
1qt2f29y,2dd70a9a,12,11,1,0,11,0.08333333333333333
clhkwrie,2dd70a9a,19,19,0,0,19,0.0
sp00glmz,2dd70a9a,12,1,11,0,1,0.9166666666666666
23iyreiv,2dd70a9a,20,4,16,0,4,0.8
2ke9hbes,2dd70a9a,36,36,0,0,36,0.0
9evwb372,2dd70a9a,12,3,9,0,3,0.75
ya0wv6pm,2dd70a9a,28,28,0,0,28,0.0
jqeesfz7,2dd70a9a,12,12,0,0,12,0.0
kck1uue7,2dd70a9a,26,4,22,0,4,0.8461538461538461
nx0vccp8,2dd70a9a,12,12,0,0,12,0.0
8psac9uo,2dd70a9a,22,22,0,0,22,0.0
aypxap78,2dd70a9a,12,1,11,0,1,0.9166666666666666
l0nln4b2,2dd70a9a,12,12,0,0,12,0.0
ascil7wf,2dd70a9a,12,1,11,0,1,0.9166666666666666
8y2nd2sh,2dd70a9a,22,4,18,0,4,0.8181818181818182
r99uy0qb,2dd70a9a,27,4,23,0,4,0.8518518518518519
4kl3i3tv,2dd70a9a,19,19,0,0,19,0.0
idma9086,2dd70a9a,12,1,11,0,1,0.9166666666666666
b73rrttr,2dd70a9a,10,10,0,0,10,0.0
yebzokh4,2dd70a9a,26,26,0,0,26,0.0
qfiy90jx,2dd70a9a,12,1,11,0,1,0.9166666666666666
8oohxrrz,2dd70a9a,12,1,11,0,1,0.9166666666666666
x5id5i5q,2dd70a9a,12,12,0,0,12,0.0
g3vslpjv,2dd70a9a,12,7,5,0,7,0.4166666666666667
2d8q4qkc,2dd70a9a,24,3,21,0,3,0.875
o2ho0580,2dd70a9a,15,13,2,0,13,0.13333333333333333
bx44xwzb,2dd70a9a,12,12,0,0,12,0.0
ldo5smvx,2dd70a9a,12,1,11,0,1,0.9166666666666666
qu0lm98m,2dd70a9a,20,2,18,0,2,0.9
jayyv6lz,2dd70a9a,12,6,6,0,6,0.5
yfyhejim,2dd70a9a,12,1,11,0,1,0.9166666666666666
0yfthc4y,2dd70a9a,20,20,0,0,20,0.0
ei0ij8ms,2dd70a9a,12,1,11,0,1,0.9166666666666666
2tkm21z6,2dd70a9a,12,12,0,0,12,0.0
c2lwacqc,2dd70a9a,20,2,18,0,2,0.9
g7svteiz,2dd70a9a,28,28,0,0,28,0.0
cw4tyx7n,2dd70a9a,34,21,13,0,21,0.38235294117647056
189iqcds,2dd70a9a,12,1,11,0,1,0.9166666666666666
mzi8f2hv,2dd70a9a,12,1,11,0,1,0.9166666666666666
fgxp8fzz,2dd70a9a,12,1,11,0,1,0.9166666666666666
rhbgnqhz,2dd70a9a,18,2,16,0,2,0.8888888888888888
72p6pxny,2dd70a9a,44,8,35,1,8,0.7954545454545454
hd5k29qy,2dd70a9a,16,2,14,0,2,0.875
gkse9wdn,2dd70a9a,14,14,0,0,14,0.0
ya0wv6pm,73c3b0d8,26,26,0,0,26,0.0
9evwb372,73c3b0d8,10,10,0,0,10,0.0
clhkwrie,73c3b0d8,13,13,0,0,13,0.0
1qt2f29y,73c3b0d8,14,14,0,0,14,0.0
mpzcivx9,73c3b0d8,10,8,2,0,8,0.2
sp00glmz,73c3b0d8,11,11,0,0,11,0.0
jx6lhkbi,73c3b0d8,8,8,0,0,8,0.0
cfclud8z,73c3b0d8,16,16,0,0,16,0.0
z8b26ynw,73c3b0d8,10,10,0,0,10,0.0
zelqv7az,73c3b0d8,8,8,0,0,8,0.0
4j6cy1mk,73c3b0d8,9,9,0,0,9,0.0
oxvw1rhx,73c3b0d8,25,25,0,0,25,0.0
8d21w3yr,73c3b0d8,9,9,0,0,9,0.0
zfeorjum,73c3b0d8,13,11,2,0,11,0.15384615384615385
hkj9daz7,73c3b0d8,8,8,0,0,8,0.0
w12e497z,73c3b0d8,14,4,10,0,4,0.7142857142857143
9ohxtpht,73c3b0d8,10,8,2,0,8,0.2
0wk7vjg8,73c3b0d8,19,12,7,0,12,0.3684210526315789
2anyuqd8,73c3b0d8,8,8,0,0,8,0.0
2w766g1z,73c3b0d8,15,15,0,0,15,0.0
5vv1rrzw,73c3b0d8,8,8,0,0,8,0.0
mr7lkk46,73c3b0d8,15,15,0,0,15,0.0
f5ktzt2t,73c3b0d8,8,8,0,0,8,0.0
kkeej6x5,73c3b0d8,8,8,0,0,8,0.0
nldu5ge3,73c3b0d8,8,8,0,0,8,0.0
t3l0if03,73c3b0d8,17,17,0,0,17,0.0
nfbzvhip,73c3b0d8,9,9,0,0,9,0.0
4wx63ymf,73c3b0d8,8,8,0,0,8,0.0
onnumbyy,73c3b0d8,15,12,3,0,12,0.2
nrfiw9bx,73c3b0d8,8,8,0,0,8,0.0
pz38obzd,73c3b0d8,41,13,28,0,13,0.6829268292682927
xklnx39q,73c3b0d8,9,7,2,0,7,0.2222222222222222
p445h6ow,73c3b0d8,13,13,0,0,13,0.0
8jwr3j6t,73c3b0d8,8,8,0,0,8,0.0
z3die4q3,73c3b0d8,8,8,0,0,8,0.0
8yhijukj,73c3b0d8,2,2,0,0,2,0.0
50nsp39w,73c3b0d8,11,11,0,0,11,0.0
mhskzwic,73c3b0d8,8,8,0,0,8,0.0
vbwguazj,73c3b0d8,8,8,0,0,8,0.0
o1t1fb7j,73c3b0d8,11,11,0,0,11,0.0
7agy8y3l,73c3b0d8,13,11,2,0,11,0.15384615384615385
om1m73rv,73c3b0d8,18,17,0,1,17,0.0
hd5k29qy,73c3b0d8,32,32,0,0,32,0.0
72p6pxny,73c3b0d8,9,9,0,0,9,0.0
rhbgnqhz,73c3b0d8,8,8,0,0,8,0.0
mzi8f2hv,73c3b0d8,11,11,0,0,11,0.0
189iqcds,73c3b0d8,10,10,0,0,10,0.0
cw4tyx7n,73c3b0d8,7,1,6,0,1,0.8571428571428571
g7svteiz,73c3b0d8,8,8,0,0,8,0.0
c2lwacqc,73c3b0d8,19,19,0,0,19,0.0
ei0ij8ms,73c3b0d8,12,12,0,0,12,0.0
0yfthc4y,73c3b0d8,30,30,0,0,30,0.0
2tkm21z6,73c3b0d8,8,8,0,0,8,0.0
yfyhejim,73c3b0d8,8,8,0,0,8,0.0
qu0lm98m,73c3b0d8,8,8,0,0,8,0.0
jayyv6lz,73c3b0d8,9,9,0,0,9,0.0
2d8q4qkc,73c3b0d8,8,8,0,0,8,0.0
g3vslpjv,73c3b0d8,8,8,0,0,8,0.0
c9sps7bl,73c3b0d8,10,8,2,0,8,0.2
o2ho0580,73c3b0d8,14,5,9,0,5,0.6428571428571429
bx44xwzb,73c3b0d8,9,9,0,0,9,0.0
8oohxrrz,73c3b0d8,9,9,0,0,9,0.0
qfiy90jx,73c3b0d8,7,7,0,0,7,0.0
x5id5i5q,73c3b0d8,11,11,0,0,11,0.0
yebzokh4,73c3b0d8,19,19,0,0,19,0.0
idma9086,73c3b0d8,12,12,0,0,12,0.0
r99uy0qb,73c3b0d8,3,3,0,0,3,0.0
b73rrttr,73c3b0d8,6,5,1,0,5,0.16666666666666666
8y2nd2sh,73c3b0d8,8,8,0,0,8,0.0
l0nln4b2,73c3b0d8,17,16,1,0,16,0.058823529411764705
aypxap78,73c3b0d8,17,10,7,0,10,0.4117647058823529
ascil7wf,73c3b0d8,8,8,0,0,8,0.0
8psac9uo,73c3b0d8,10,8,2,0,8,0.2
nx0vccp8,73c3b0d8,21,20,0,1,20,0.0
kck1uue7,73c3b0d8,6,6,0,0,6,0.0
jqeesfz7,73c3b0d8,10,10,0,0,10,0.0
zj5uemkt,73c3b0d8,8,8,0,0,8,0.0
4s9g1cze,73c3b0d8,20,17,3,0,17,0.15
3irnkhq8,73c3b0d8,10,10,0,0,10,0.0
ljwskxcq,73c3b0d8,8,8,0,0,8,0.0
v6jvgdvg,73c3b0d8,9,8,1,0,8,0.1111111111111111
l5sagbsh,73c3b0d8,8,8,0,0,8,0.0
uktb326q,73c3b0d8,11,11,0,0,11,0.0
bw2cwy0m,73c3b0d8,8,8,0,0,8,0.0
o4kkkuj9,73c3b0d8,74,27,47,0,27,0.6351351351351351
k8txaw58,73c3b0d8,14,14,0,0,14,0.0
mlvcv31l,73c3b0d8,8,8,0,0,8,0.0
d1vjrjhc,73c3b0d8,8,8,0,0,8,0.0
a589fsqz,73c3b0d8,8,8,0,0,8,0.0
qv0yh587,73c3b0d8,5,5,0,0,5,0.0
t2eyvuxq,73c3b0d8,19,18,1,0,18,0.05263157894736842
eyn3wygc,73c3b0d8,8,8,0,0,8,0.0
ew4oecfi,73c3b0d8,24,24,0,0,24,0.0
mrwlcmno,73c3b0d8,8,8,0,0,8,0.0
s03ed531,73c3b0d8,2,2,0,0,2,0.0
2j8p9vyz,73c3b0d8,8,8,0,0,8,0.0
wcau806y,73c3b0d8,3,3,0,0,3,0.0
sesf1qnx,73c3b0d8,8,8,0,0,8,0.0
03ljcqhc,73c3b0d8,25,11,14,0,11,0.56
j2dvablb,73c3b0d8,8,8,0,0,8,0.0
904h81sn,73c3b0d8,8,8,0,0,8,0.0
nhds6zsd,73c3b0d8,8,8,0,0,8,0.0
vr20hyge,73c3b0d8,4,4,0,0,4,0.0
648anokh,73c3b0d8,12,12,0,0,12,0.0
jeq3oy2g,73c3b0d8,18,3,15,0,3,0.8333333333333334
mrypomny,73c3b0d8,9,9,0,0,9,0.0
rjanlii9,73c3b0d8,14,14,0,0,14,0.0
c7ac53of,73c3b0d8,22,3,19,0,3,0.8636363636363636
8bgj1tsd,73c3b0d8,23,16,7,0,16,0.30434782608695654
tc5wgx8h,73c3b0d8,19,15,4,0,15,0.21052631578947367
f1ejz9fy,73c3b0d8,12,12,0,0,12,0.0
vpxztp7b,73c3b0d8,11,11,0,0,11,0.0
a9gvtd1o,73c3b0d8,11,11,0,0,11,0.0
e0biso3r,73c3b0d8,9,9,0,0,9,0.0
lmtka1ev,73c3b0d8,10,10,0,0,10,0.0
a6jpzpek,73c3b0d8,3,3,0,0,3,0.0
6eyovdd2,73c3b0d8,30,30,0,0,30,0.0
dmft9d3y,73c3b0d8,12,8,4,0,8,0.3333333333333333
6e5gb0yb,73c3b0d8,9,9,0,0,9,0.0
icf7bchs,73c3b0d8,31,23,8,0,23,0.25806451612903225
l9krayds,73c3b0d8,10,10,0,0,10,0.0
aqmjput5,73c3b0d8,9,9,0,0,9,0.0
91fk0af9,73c3b0d8,8,8,0,0,8,0.0
fkx2gd88,73c3b0d8,8,8,0,0,8,0.0
27d8totr,73c3b0d8,8,8,0,0,8,0.0
5pds9j1d,73c3b0d8,1,1,0,0,1,0.0
kmwiem6m,73c3b0d8,13,13,0,0,13,0.0
d33m799j,73c3b0d8,15,3,12,0,3,0.8
ikfbpugl,73c3b0d8,14,7,6,1,7,0.42857142857142855
5nrjvc7q,73c3b0d8,24,24,0,0,24,0.0
ol9lky1i,73c3b0d8,7,6,1,0,6,0.14285714285714285
o5qropwk,73c3b0d8,8,8,0,0,8,0.0
5hz183aa,73c3b0d8,48,25,23,0,25,0.4791666666666667
61zahdh9,73c3b0d8,8,8,0,0,8,0.0
pad0sufd,73c3b0d8,10,9,0,1,9,0.0
emwp6wq7,73c3b0d8,8,8,0,0,8,0.0
npr5bsi2,73c3b0d8,5,5,0,0,5,0.0
ym49wqbn,73c3b0d8,8,8,0,0,8,0.0
154uk6vm,73c3b0d8,5,5,0,0,5,0.0
xeu3j3ki,73c3b0d8,1,1,0,0,1,0.0
byx9jkxm,73c3b0d8,9,9,0,0,9,0.0
j2pjmr32,73c3b0d8,39,12,27,0,12,0.6923076923076923
bmlngyh3,73c3b0d8,10,10,0,0,10,0.0
3d2as981,73c3b0d8,14,12,2,0,12,0.14285714285714285
cghxa2ie,73c3b0d8,26,26,0,0,26,0.0
clucow7d,73c3b0d8,8,8,0,0,8,0.0
zvbewhqx,73c3b0d8,16,16,0,0,16,0.0
ism64anu,73c3b0d8,76,20,56,0,20,0.7368421052631579
n2et79bd,73c3b0d8,39,39,0,0,39,0.0
plfupad7,73c3b0d8,8,8,0,0,8,0.0
f0wpo2hr,73c3b0d8,8,8,0,0,8,0.0
qazkn1sw,73c3b0d8,12,12,0,0,12,0.0
c7z6erey,73c3b0d8,10,10,0,0,10,0.0
8aknstxj,73c3b0d8,9,9,0,0,9,0.0
hpl7jugr,73c3b0d8,10,10,0,0,10,0.0
r2ck84r8,73c3b0d8,10,8,2,0,8,0.2
nze0azo1,73c3b0d8,10,10,0,0,10,0.0
ovhoesyy,73c3b0d8,8,8,0,0,8,0.0
ske58akk,73c3b0d8,28,28,0,0,28,0.0
3cc6zm51,73c3b0d8,15,15,0,0,15,0.0
stbyxpx6,73c3b0d8,6,6,0,0,6,0.0
r24jdhzg,73c3b0d8,10,10,0,0,10,0.0
44o5xnxe,73c3b0d8,8,8,0,0,8,0.0
qfsp3ery,73c3b0d8,7,1,6,0,1,0.8571428571428571
q04yitea,73c3b0d8,10,10,0,0,10,0.0
02333qfj,73c3b0d8,8,8,0,0,8,0.0
phbjwkyw,73c3b0d8,8,8,0,0,8,0.0
89u58v07,73c3b0d8,18,18,0,0,18,0.0
e2w81k0i,73c3b0d8,12,12,0,0,12,0.0
4s3cm7d8,73c3b0d8,12,12,0,0,12,0.0
hsm45iwx,73c3b0d8,8,8,0,0,8,0.0
sn10zd6g,73c3b0d8,15,15,0,0,15,0.0
gkse9wdn,e69241bd,20,20,0,0,20,0.0
72p6pxny,e69241bd,21,13,8,0,13,0.38095238095238093
rhbgnqhz,e69241bd,20,20,0,0,20,0.0
hd5k29qy,e69241bd,20,20,0,0,20,0.0
fgxp8fzz,e69241bd,30,3,27,0,3,0.9
189iqcds,e69241bd,20,20,0,0,20,0.0
mzi8f2hv,e69241bd,20,10,10,0,10,0.5
g7svteiz,e69241bd,20,20,0,0,20,0.0
c2lwacqc,e69241bd,21,13,8,0,13,0.38095238095238093
cw4tyx7n,e69241bd,80,38,42,0,38,0.525
2tkm21z6,e69241bd,20,20,0,0,20,0.0
0yfthc4y,e69241bd,20,20,0,0,20,0.0
ei0ij8ms,e69241bd,25,5,20,0,5,0.8
9wkeb5tu,e69241bd,20,9,11,0,9,0.55
yfyhejim,e69241bd,26,6,20,0,6,0.7692307692307693
jayyv6lz,e69241bd,27,27,0,0,27,0.0
qu0lm98m,e69241bd,23,6,17,0,6,0.7391304347826086
bx44xwzb,e69241bd,20,20,0,0,20,0.0
o2ho0580,e69241bd,9,9,0,0,9,0.0
c9sps7bl,e69241bd,24,6,18,0,6,0.75
g3vslpjv,e69241bd,21,19,2,0,19,0.09523809523809523
2d8q4qkc,e69241bd,26,3,23,0,3,0.8846153846153846
x5id5i5q,e69241bd,24,5,19,0,5,0.7916666666666666
qfiy90jx,e69241bd,20,20,0,0,20,0.0
8oohxrrz,e69241bd,28,3,25,0,3,0.8928571428571429
kavvl57w,e69241bd,24,6,18,0,6,0.75
yebzokh4,e69241bd,20,20,0,0,20,0.0
b73rrttr,e69241bd,19,18,0,1,18,0.0
0fy66fv2,e69241bd,3,3,0,0,3,0.0
idma9086,e69241bd,24,9,15,0,9,0.625
r99uy0qb,e69241bd,26,6,20,0,6,0.7692307692307693
8y2nd2sh,e69241bd,24,5,19,0,5,0.7916666666666666
ascil7wf,e69241bd,29,9,20,0,9,0.6896551724137931
aypxap78,e69241bd,22,12,10,0,12,0.45454545454545453
l0nln4b2,e69241bd,20,20,0,0,20,0.0
kck1uue7,e69241bd,26,8,18,0,8,0.6923076923076923
8psac9uo,e69241bd,20,16,4,0,16,0.2
nx0vccp8,e69241bd,20,20,0,0,20,0.0
jqeesfz7,e69241bd,20,20,0,0,20,0.0
23iyreiv,e69241bd,23,7,16,0,7,0.6956521739130435
ya0wv6pm,e69241bd,25,15,10,0,15,0.4
9evwb372,e69241bd,20,10,10,0,10,0.5
sp00glmz,e69241bd,30,4,26,0,4,0.8666666666666667
mpzcivx9,e69241bd,22,8,14,0,8,0.6363636363636364
1qt2f29y,e69241bd,20,20,0,0,20,0.0
clhkwrie,e69241bd,20,20,0,0,20,0.0
jx6lhkbi,e69241bd,26,3,23,0,3,0.8846153846153846
z8b26ynw,e69241bd,23,6,17,0,6,0.7391304347826086
zelqv7az,e69241bd,20,20,0,0,20,0.0
cfclud8z,e69241bd,20,15,5,0,15,0.25
8d21w3yr,e69241bd,39,38,1,0,38,0.02564102564102564
4j6cy1mk,e69241bd,20,20,0,0,20,0.0
oxvw1rhx,e69241bd,21,21,0,0,21,0.0
w12e497z,e69241bd,36,35,1,0,35,0.027777777777777776
9ohxtpht,e69241bd,20,20,0,0,20,0.0
hkj9daz7,e69241bd,23,9,14,0,9,0.6086956521739131
zfeorjum,e69241bd,25,5,20,0,5,0.8
2anyuqd8,e69241bd,20,20,0,0,20,0.0
1r6yodve,e69241bd,55,55,0,0,55,0.0
5vv1rrzw,e69241bd,21,18,3,0,18,0.14285714285714285
mr7lkk46,e69241bd,25,6,19,0,6,0.76
2w766g1z,e69241bd,20,20,0,0,20,0.0
pcrxo3zp,e69241bd,21,18,3,0,18,0.14285714285714285
f5ktzt2t,e69241bd,26,4,22,0,4,0.8461538461538461
kkeej6x5,e69241bd,20,20,0,0,20,0.0
ler5uq42,e69241bd,20,20,0,0,20,0.0
nfbzvhip,e69241bd,20,19,1,0,19,0.05
4wx63ymf,e69241bd,20,13,7,0,13,0.35
nldu5ge3,e69241bd,20,20,0,0,20,0.0
t3l0if03,e69241bd,20,20,0,0,20,0.0
m63pxnwq,e69241bd,21,18,3,0,18,0.14285714285714285
onnumbyy,e69241bd,20,19,1,0,19,0.05
nrfiw9bx,e69241bd,20,10,10,0,10,0.5
pz38obzd,e69241bd,22,17,5,0,17,0.22727272727272727
xklnx39q,e69241bd,25,5,20,0,5,0.8
mhskzwic,e69241bd,20,20,0,0,20,0.0
8yhijukj,e69241bd,21,9,12,0,9,0.5714285714285714
8jwr3j6t,e69241bd,22,11,11,0,11,0.5
z3die4q3,e69241bd,26,3,23,0,3,0.8846153846153846
om1m73rv,e69241bd,20,10,10,0,10,0.5
vbwguazj,e69241bd,20,20,0,0,20,0.0
7agy8y3l,e69241bd,22,22,0,0,22,0.0
pgtp756s,e69241bd,20,20,0,0,20,0.0
6e5gb0yb,e69241bd,22,10,12,0,10,0.5454545454545454
dmft9d3y,e69241bd,22,9,13,0,9,0.5909090909090909
aqmjput5,e69241bd,59,37,22,0,37,0.3728813559322034
l9krayds,e69241bd,19,19,0,0,19,0.0
nvlsix5c,e69241bd,2,2,0,0,2,0.0
fkx2gd88,e69241bd,25,4,21,0,4,0.84
27d8totr,e69241bd,24,23,1,0,23,0.041666666666666664
91fk0af9,e69241bd,20,20,0,0,20,0.0
qothvfhf,e69241bd,20,20,0,0,20,0.0
cp3b83py,e69241bd,30,5,25,0,5,0.8333333333333334
ikfbpugl,e69241bd,56,56,0,0,56,0.0
kmwiem6m,e69241bd,26,3,23,0,3,0.8846153846153846
61zahdh9,e69241bd,20,20,0,0,20,0.0
o5qropwk,e69241bd,20,20,0,0,20,0.0
5nrjvc7q,e69241bd,20,20,0,0,20,0.0
npr5bsi2,e69241bd,20,20,0,0,20,0.0
154uk6vm,e69241bd,21,21,0,0,21,0.0
ym49wqbn,e69241bd,26,3,23,0,3,0.8846153846153846
emwp6wq7,e69241bd,25,24,1,0,24,0.04
pad0sufd,e69241bd,20,20,0,0,20,0.0
byx9jkxm,e69241bd,20,9,11,0,9,0.55
clucow7d,e69241bd,20,12,8,0,12,0.4
3d2as981,e69241bd,21,11,10,0,11,0.47619047619047616
cghxa2ie,e69241bd,23,6,17,0,6,0.7391304347826086
bmlngyh3,e69241bd,26,9,17,0,9,0.6538461538461539
plfupad7,e69241bd,20,18,2,0,18,0.1
ism64anu,e69241bd,28,3,25,0,3,0.8928571428571429
n2et79bd,e69241bd,25,7,18,0,7,0.72
zvbewhqx,e69241bd,20,20,0,0,20,0.0
8aknstxj,e69241bd,22,21,1,0,21,0.045454545454545456
c7z6erey,e69241bd,20,10,10,0,10,0.5
qazkn1sw,e69241bd,21,6,15,0,6,0.7142857142857143
f0wpo2hr,e69241bd,20,20,0,0,20,0.0
hpl7jugr,e69241bd,26,3,23,0,3,0.8846153846153846
r2ck84r8,e69241bd,21,11,10,0,11,0.47619047619047616
nze0azo1,e69241bd,20,16,4,0,16,0.2
r24jdhzg,e69241bd,20,20,0,0,20,0.0
stbyxpx6,e69241bd,20,19,1,0,19,0.05
3cc6zm51,e69241bd,20,20,0,0,20,0.0
ovhoesyy,e69241bd,22,22,0,0,22,0.0
ske58akk,e69241bd,20,14,6,0,14,0.3
02333qfj,e69241bd,21,13,8,0,13,0.38095238095238093
qfsp3ery,e69241bd,20,20,0,0,20,0.0
q04yitea,e69241bd,28,5,23,0,5,0.8214285714285714
44o5xnxe,e69241bd,20,20,0,0,20,0.0
qkiu92kk,e69241bd,30,10,20,0,10,0.6666666666666666
cuybsfwr,e69241bd,26,26,0,0,26,0.0
0ra11hiv,e69241bd,24,24,0,0,24,0.0
y32zaw9c,e69241bd,20,20,0,0,20,0.0
89u58v07,e69241bd,26,3,23,0,3,0.8846153846153846
szbhlpfr,e69241bd,20,20,0,0,20,0.0
phbjwkyw,e69241bd,20,20,0,0,20,0.0
sn10zd6g,e69241bd,22,11,11,0,11,0.5
hsm45iwx,e69241bd,21,21,0,0,21,0.0
e2w81k0i,e69241bd,20,10,10,0,10,0.5
4s3cm7d8,e69241bd,23,22,1,0,22,0.043478260869565216
ljwskxcq,e69241bd,21,9,12,0,9,0.5714285714285714
v6jvgdvg,e69241bd,20,20,0,0,20,0.0
l5sagbsh,e69241bd,21,11,10,0,11,0.47619047619047616
4s9g1cze,e69241bd,28,3,25,0,3,0.8928571428571429
3irnkhq8,e69241bd,31,11,20,0,11,0.6451612903225806
kwy2bqjo,e69241bd,26,4,22,0,4,0.8461538461538461
bw2cwy0m,e69241bd,20,20,0,0,20,0.0
uktb326q,e69241bd,22,21,1,0,21,0.045454545454545456
a589fsqz,e69241bd,33,27,6,0,27,0.18181818181818182
d1vjrjhc,e69241bd,21,19,2,0,19,0.09523809523809523
o4kkkuj9,e69241bd,20,20,0,0,20,0.0
k8txaw58,e69241bd,20,20,0,0,20,0.0
mlvcv31l,e69241bd,20,20,0,0,20,0.0
1xogp17t,e69241bd,23,4,19,0,4,0.8260869565217391
t2eyvuxq,e69241bd,31,21,10,0,21,0.3225806451612903
qv0yh587,e69241bd,6,5,1,0,5,0.16666666666666666
mrwlcmno,e69241bd,20,20,0,0,20,0.0
ew4oecfi,e69241bd,21,21,0,0,21,0.0
eyn3wygc,e69241bd,21,19,2,0,19,0.09523809523809523
ni5df01j,e69241bd,20,20,0,0,20,0.0
wcau806y,e69241bd,24,24,0,0,24,0.0
2j8p9vyz,e69241bd,21,10,11,0,10,0.5238095238095238
s03ed531,e69241bd,21,21,0,0,21,0.0
xasfvnb7,e69241bd,21,21,0,0,21,0.0
sesf1qnx,e69241bd,22,17,5,0,17,0.22727272727272727
904h81sn,e69241bd,20,20,0,0,20,0.0
j2dvablb,e69241bd,23,7,16,0,7,0.6956521739130435
ce9qdbyh,e69241bd,22,22,0,0,22,0.0
nhds6zsd,e69241bd,20,20,0,0,20,0.0
vr20hyge,e69241bd,20,20,0,0,20,0.0
4stfwpke,e69241bd,21,19,2,0,19,0.09523809523809523
648anokh,e69241bd,25,6,19,0,6,0.76
tc5wgx8h,e69241bd,20,20,0,0,20,0.0
rjanlii9,e69241bd,22,11,11,0,11,0.5
c7ac53of,e69241bd,8,8,0,0,8,0.0
mrypomny,e69241bd,20,9,11,0,9,0.55
a9gvtd1o,e69241bd,22,8,14,0,8,0.6363636363636364
e0biso3r,e69241bd,23,8,15,0,8,0.6521739130434783
vpxztp7b,e69241bd,21,11,10,0,11,0.47619047619047616
f1ejz9fy,e69241bd,20,20,0,0,20,0.0
6eyovdd2,e69241bd,20,12,8,0,12,0.4
a6jpzpek,e69241bd,2,2,0,0,2,0.0
41kp06jx,e69241bd,20,20,0,0,20,0.0
a0w1xgxf,e69241bd,13,9,4,0,9,0.3076923076923077
4stfwpke,7447852a,22,6,16,0,6,0.7272727272727273
vr20hyge,7447852a,12,12,0,0,12,0.0
nhds6zsd,7447852a,18,18,0,0,18,0.0
j2dvablb,7447852a,18,17,1,0,17,0.05555555555555555
904h81sn,7447852a,18,18,0,0,18,0.0
ce9qdbyh,7447852a,18,18,0,0,18,0.0
03ljcqhc,7447852a,18,9,9,0,9,0.5
sesf1qnx,7447852a,19,15,4,0,15,0.21052631578947367
xasfvnb7,7447852a,18,18,0,0,18,0.0
a6jpzpek,7447852a,3,3,0,0,3,0.0
6eyovdd2,7447852a,18,9,9,0,9,0.5
a0w1xgxf,7447852a,96,64,32,0,64,0.3333333333333333
41kp06jx,7447852a,20,15,5,0,15,0.25
lmtka1ev,7447852a,25,6,19,0,6,0.76
e0biso3r,7447852a,18,18,0,0,18,0.0
a9gvtd1o,7447852a,18,18,0,0,18,0.0
vpxztp7b,7447852a,18,15,3,0,15,0.16666666666666666
8bgj1tsd,7447852a,18,14,4,0,14,0.2222222222222222
tc5wgx8h,7447852a,18,16,2,0,16,0.1111111111111111
mrypomny,7447852a,18,18,0,0,18,0.0
jeq3oy2g,7447852a,54,46,8,0,46,0.14814814814814814
c7ac53of,7447852a,65,3,62,0,3,0.9538461538461539
rjanlii9,7447852a,27,13,14,0,13,0.5185185185185185
zc26r1al,7447852a,18,18,0,0,18,0.0
648anokh,7447852a,18,18,0,0,18,0.0
bw2cwy0m,7447852a,18,18,0,0,18,0.0
kwy2bqjo,7447852a,20,14,6,0,14,0.3
uktb326q,7447852a,18,18,0,0,18,0.0
4s9g1cze,7447852a,21,5,16,0,5,0.7619047619047619
3irnkhq8,7447852a,20,6,14,0,6,0.7
ljwskxcq,7447852a,21,5,16,0,5,0.7619047619047619
l5sagbsh,7447852a,18,8,10,0,8,0.5555555555555556
v6jvgdvg,7447852a,62,62,0,0,62,0.0
zj5uemkt,7447852a,18,18,0,0,18,0.0
wcau806y,7447852a,20,20,0,0,20,0.0
s03ed531,7447852a,32,32,0,0,32,0.0
6p8vl3lk,7447852a,42,42,0,0,42,0.0
2j8p9vyz,7447852a,20,8,12,0,8,0.6
ew4oecfi,7447852a,21,7,14,0,7,0.6666666666666666
mrwlcmno,7447852a,18,18,0,0,18,0.0
eyn3wygc,7447852a,18,18,0,0,18,0.0
ni5df01j,7447852a,50,28,22,0,28,0.44
qv0yh587,7447852a,20,20,0,0,20,0.0
t2eyvuxq,7447852a,21,5,16,0,5,0.7619047619047619
a589fsqz,7447852a,20,20,0,0,20,0.0
o4kkkuj9,7447852a,18,18,0,0,18,0.0
k8txaw58,7447852a,19,7,12,0,7,0.631578947368421
mlvcv31l,7447852a,25,6,19,0,6,0.76
d1vjrjhc,7447852a,18,18,0,0,18,0.0
stbyxpx6,7447852a,19,10,9,0,10,0.47368421052631576
r24jdhzg,7447852a,18,18,0,0,18,0.0
ovhoesyy,7447852a,21,5,16,0,5,0.7619047619047619
ske58akk,7447852a,18,18,0,0,18,0.0
3cc6zm51,7447852a,20,20,0,0,20,0.0
nze0azo1,7447852a,17,17,0,0,17,0.0
hpl7jugr,7447852a,21,5,16,0,5,0.7619047619047619
c7z6erey,7447852a,18,18,0,0,18,0.0
f0wpo2hr,7447852a,19,19,0,0,19,0.0
ism64anu,7447852a,19,7,12,0,7,0.631578947368421
n2et79bd,7447852a,18,18,0,0,18,0.0
plfupad7,7447852a,18,18,0,0,18,0.0
0hrc9vve,7447852a,42,42,0,0,42,0.0
zvbewhqx,7447852a,28,10,18,0,10,0.6428571428571429
sn10zd6g,7447852a,18,12,6,0,12,0.3333333333333333
4s3cm7d8,7447852a,30,30,0,0,30,0.0
e2w81k0i,7447852a,34,9,25,0,9,0.7352941176470589
hsm45iwx,7447852a,20,19,1,0,19,0.05
89u58v07,7447852a,21,5,16,0,5,0.7619047619047619
phbjwkyw,7447852a,31,8,22,1,8,0.7096774193548387
szbhlpfr,7447852a,18,18,0,0,18,0.0
0ra11hiv,7447852a,18,18,0,0,18,0.0
cuybsfwr,7447852a,19,5,14,0,5,0.7368421052631579
y32zaw9c,7447852a,18,18,0,0,18,0.0
q04yitea,7447852a,18,14,4,0,14,0.2222222222222222
qfsp3ery,7447852a,28,28,0,0,28,0.0
02333qfj,7447852a,27,16,11,0,16,0.4074074074074074
qkiu92kk,7447852a,18,18,0,0,18,0.0
ihnjt6k4,7447852a,110,89,21,0,89,0.19090909090909092
44o5xnxe,7447852a,18,18,0,0,18,0.0
d33m799j,7447852a,52,52,0,0,52,0.0
ikfbpugl,7447852a,106,42,64,0,42,0.6037735849056604
5pds9j1d,7447852a,18,18,0,0,18,0.0
kmwiem6m,7447852a,19,9,10,0,9,0.5263157894736842
91fk0af9,7447852a,49,49,0,0,49,0.0
qothvfhf,7447852a,18,18,0,0,18,0.0
fkx2gd88,7447852a,21,5,16,0,5,0.7619047619047619
27d8totr,7447852a,18,18,0,0,18,0.0
cp3b83py,7447852a,18,9,9,0,9,0.5
bhpug29p,7447852a,20,20,0,0,20,0.0
aqmjput5,7447852a,51,40,11,0,40,0.21568627450980393
6e5gb0yb,7447852a,19,19,0,0,19,0.0
dmft9d3y,7447852a,22,5,17,0,5,0.7727272727272727
bdfn1h0o,7447852a,81,47,34,0,47,0.41975308641975306
cghxa2ie,7447852a,62,26,36,0,26,0.5806451612903226
3d2as981,7447852a,18,18,0,0,18,0.0
clucow7d,7447852a,18,14,4,0,14,0.2222222222222222
bmlngyh3,7447852a,60,38,22,0,38,0.36666666666666664
j2pjmr32,7447852a,46,43,3,0,43,0.06521739130434782
byx9jkxm,7447852a,19,8,11,0,8,0.5789473684210527
74l1qvc1,7447852a,19,19,0,0,19,0.0
ym49wqbn,7447852a,29,12,17,0,12,0.5862068965517241
npr5bsi2,7447852a,32,32,0,0,32,0.0
xeu3j3ki,7447852a,110,110,0,0,110,0.0
pad0sufd,7447852a,18,18,0,0,18,0.0
emwp6wq7,7447852a,18,18,0,0,18,0.0
5hz183aa,7447852a,153,146,7,0,146,0.0457516339869281
61zahdh9,7447852a,18,18,0,0,18,0.0
5nrjvc7q,7447852a,18,18,0,0,18,0.0
o5qropwk,7447852a,20,20,0,0,20,0.0
m63pxnwq,7447852a,25,25,0,0,25,0.0
onnumbyy,7447852a,18,18,0,0,18,0.0
nfbzvhip,7447852a,20,20,0,0,20,0.0
ler5uq42,7447852a,23,23,0,0,23,0.0
t3l0if03,7447852a,97,25,72,0,25,0.7422680412371134
nldu5ge3,7447852a,18,18,0,0,18,0.0
f5ktzt2t,7447852a,21,5,16,0,5,0.7619047619047619
kkeej6x5,7447852a,18,14,4,0,14,0.2222222222222222
pcrxo3zp,7447852a,22,5,17,0,5,0.7727272727272727
bcyhma9y,7447852a,18,18,0,0,18,0.0
nqubyvew,7447852a,1,1,0,0,1,0.0
2w766g1z,7447852a,29,29,0,0,29,0.0
mr7lkk46,7447852a,18,16,2,0,16,0.1111111111111111
7agy8y3l,7447852a,18,18,0,0,18,0.0
vbwguazj,7447852a,18,16,2,0,16,0.1111111111111111
om1m73rv,7447852a,73,65,8,0,65,0.1095890410958904
8yhijukj,7447852a,45,19,26,0,19,0.5777777777777777
mhskzwic,7447852a,18,9,9,0,9,0.5
z3die4q3,7447852a,31,8,23,0,8,0.7419354838709677
8jwr3j6t,7447852a,18,18,0,0,18,0.0
pz38obzd,7447852a,18,18,0,0,18,0.0
xklnx39q,7447852a,19,6,13,0,6,0.6842105263157895
nrfiw9bx,7447852a,18,8,10,0,8,0.5555555555555556
zelqv7az,7447852a,18,18,0,0,18,0.0
z8b26ynw,7447852a,20,10,10,0,10,0.5
cfclud8z,7447852a,18,18,0,0,18,0.0
jx6lhkbi,7447852a,21,5,16,0,5,0.7619047619047619
sp00glmz,7447852a,18,18,0,0,18,0.0
clhkwrie,7447852a,18,14,4,0,14,0.2222222222222222
1qt2f29y,7447852a,48,47,1,0,47,0.020833333333333332
mpzcivx9,7447852a,22,8,14,0,8,0.6363636363636364
9evwb372,7447852a,31,15,16,0,15,0.5161290322580645
ya0wv6pm,7447852a,18,18,0,0,18,0.0
23iyreiv,7447852a,20,6,14,0,6,0.7
k0qq522n,7447852a,18,18,0,0,18,0.0
cbvc5e3w,7447852a,32,32,0,0,32,0.0
1r6yodve,7447852a,43,43,0,0,43,0.0
2anyuqd8,7447852a,29,29,0,0,29,0.0
0wk7vjg8,7447852a,18,18,0,0,18,0.0
9ohxtpht,7447852a,43,36,7,0,36,0.16279069767441862
w12e497z,7447852a,29,28,1,0,28,0.034482758620689655
zfeorjum,7447852a,52,32,20,0,32,0.38461538461538464
hkj9daz7,7447852a,21,11,10,0,11,0.47619047619047616
8d21w3yr,7447852a,51,49,2,0,49,0.0392156862745098
oxvw1rhx,7447852a,19,18,1,0,18,0.05263157894736842
wa9xd98o,7447852a,20,6,14,0,6,0.7
0fy66fv2,7447852a,7,7,0,0,7,0.0
b73rrttr,7447852a,51,50,1,0,50,0.0196078431372549
idma9086,7447852a,18,18,0,0,18,0.0
kavvl57w,7447852a,18,8,10,0,8,0.5555555555555556
yebzokh4,7447852a,18,18,0,0,18,0.0
x5id5i5q,7447852a,41,41,0,0,41,0.0
8oohxrrz,7447852a,41,21,20,0,21,0.4878048780487805
qfiy90jx,7447852a,18,18,0,0,18,0.0
c9sps7bl,7447852a,21,6,15,0,6,0.7142857142857143
o2ho0580,7447852a,61,61,0,0,61,0.0
bx44xwzb,7447852a,18,18,0,0,18,0.0
2d8q4qkc,7447852a,21,5,16,0,5,0.7619047619047619
g3vslpjv,7447852a,18,18,0,0,18,0.0
xji13cu2,7447852a,20,6,14,0,6,0.7
jqeesfz7,7447852a,19,19,0,0,19,0.0
8psac9uo,7447852a,26,23,3,0,23,0.11538461538461539
nx0vccp8,7447852a,20,20,0,0,20,0.0
9pjr0waw,7447852a,8,5,3,0,5,0.375
ascil7wf,7447852a,18,18,0,0,18,0.0
l0nln4b2,7447852a,18,18,0,0,18,0.0
aypxap78,7447852a,20,9,11,0,9,0.55
8y2nd2sh,7447852a,28,7,21,0,7,0.75
g7svteiz,7447852a,29,29,0,0,29,0.0
fgxp8fzz,7447852a,15,15,0,0,15,0.0
mzi8f2hv,7447852a,34,34,0,0,34,0.0
189iqcds,7447852a,21,5,16,0,5,0.7619047619047619
gkse9wdn,7447852a,37,37,0,0,37,0.0
hd5k29qy,7447852a,32,32,0,0,32,0.0
rhbgnqhz,7447852a,18,16,2,0,16,0.1111111111111111
72p6pxny,7447852a,26,12,14,0,12,0.5384615384615384
ldo5smvx,7447852a,21,5,16,0,5,0.7619047619047619
qu0lm98m,7447852a,18,8,10,0,8,0.5555555555555556
jayyv6lz,7447852a,18,16,2,0,16,0.1111111111111111
yfyhejim,7447852a,23,7,16,0,7,0.6956521739130435
9wkeb5tu,7447852a,18,12,6,0,12,0.3333333333333333
2tkm21z6,7447852a,68,68,0,0,68,0.0
ei0ij8ms,7447852a,20,7,13,0,7,0.65
0yfthc4y,7447852a,20,19,1,0,19,0.05
qu0lm98m,2546ccf6,14,9,5,0,9,0.35714285714285715
jayyv6lz,2546ccf6,14,14,0,0,14,0.0
2tkm21z6,2546ccf6,14,14,0,0,14,0.0
ei0ij8ms,2546ccf6,14,11,3,0,11,0.21428571428571427
yfyhejim,2546ccf6,20,15,5,0,15,0.25
cw4tyx7n,2546ccf6,16,16,0,0,16,0.0
c2lwacqc,2546ccf6,14,14,0,0,14,0.0
g7svteiz,2546ccf6,14,14,0,0,14,0.0
yc52i3qf,2546ccf6,14,14,0,0,14,0.0
gkse9wdn,2546ccf6,16,16,0,0,16,0.0
hd5k29qy,2546ccf6,18,18,0,0,18,0.0
rhbgnqhz,2546ccf6,14,12,2,0,12,0.14285714285714285
72p6pxny,2546ccf6,14,14,0,0,14,0.0
fgxp8fzz,2546ccf6,15,8,7,0,8,0.4666666666666667
mzi8f2hv,2546ccf6,14,10,4,0,10,0.2857142857142857
189iqcds,2546ccf6,14,14,0,0,14,0.0
nx0vccp8,2546ccf6,14,14,0,0,14,0.0
8psac9uo,2546ccf6,16,16,0,0,16,0.0
kck1uue7,2546ccf6,16,10,6,0,10,0.375
9pjr0waw,2546ccf6,16,16,0,0,16,0.0
xji13cu2,2546ccf6,14,14,0,0,14,0.0
jqeesfz7,2546ccf6,16,16,0,0,16,0.0
8y2nd2sh,2546ccf6,14,7,7,0,7,0.5
ascil7wf,2546ccf6,14,14,0,0,14,0.0
l0nln4b2,2546ccf6,14,14,0,0,14,0.0
aypxap78,2546ccf6,16,16,0,0,16,0.0
kavvl57w,2546ccf6,15,7,8,0,7,0.5333333333333333
yebzokh4,2546ccf6,14,14,0,0,14,0.0
0fy66fv2,2546ccf6,22,22,0,0,22,0.0
7nszfy43,2546ccf6,14,14,0,0,14,0.0
r99uy0qb,2546ccf6,14,12,2,0,12,0.14285714285714285
4kl3i3tv,2546ccf6,16,16,0,0,16,0.0
idma9086,2546ccf6,15,15,0,0,15,0.0
c9sps7bl,2546ccf6,14,8,6,0,8,0.42857142857142855
o2ho0580,2546ccf6,58,5,53,0,5,0.9137931034482759
bx44xwzb,2546ccf6,16,16,0,0,16,0.0
2d8q4qkc,2546ccf6,15,6,9,0,6,0.6
g3vslpjv,2546ccf6,14,14,0,0,14,0.0
x5id5i5q,2546ccf6,36,36,0,0,36,0.0
8oohxrrz,2546ccf6,14,14,0,0,14,0.0
qfiy90jx,2546ccf6,14,14,0,0,14,0.0
9ohxtpht,2546ccf6,22,9,13,0,9,0.5909090909090909
w12e497z,2546ccf6,798,261,537,0,261,0.6729323308270677
hkj9daz7,2546ccf6,14,9,5,0,9,0.35714285714285715
zfeorjum,2546ccf6,14,14,0,0,14,0.0
1r6yodve,2546ccf6,216,216,0,0,216,0.0
2anyuqd8,2546ccf6,14,14,0,0,14,0.0
wa9xd98o,2546ccf6,14,14,0,0,14,0.0
8d21w3yr,2546ccf6,13,13,0,0,13,0.0
oxvw1rhx,2546ccf6,14,14,0,0,14,0.0
fl73adm5,2546ccf6,15,6,9,0,6,0.6
4j6cy1mk,2546ccf6,16,16,0,0,16,0.0
jx6lhkbi,2546ccf6,16,16,0,0,16,0.0
zelqv7az,2546ccf6,14,14,0,0,14,0.0
z8b26ynw,2546ccf6,14,11,3,0,11,0.21428571428571427
cfclud8z,2546ccf6,14,14,0,0,14,0.0
9evwb372,2546ccf6,14,10,4,0,10,0.2857142857142857
ya0wv6pm,2546ccf6,14,13,1,0,13,0.07142857142857142
23iyreiv,2546ccf6,16,16,0,0,16,0.0
sp00glmz,2546ccf6,16,16,0,0,16,0.0
1qt2f29y,2546ccf6,16,16,0,0,16,0.0
clhkwrie,2546ccf6,14,14,0,0,14,0.0
mpzcivx9,2546ccf6,16,7,9,0,7,0.5625
50nsp39w,2546ccf6,37,21,16,0,21,0.43243243243243246
8yhijukj,2546ccf6,5,5,0,0,5,0.0
mhskzwic,2546ccf6,14,14,0,0,14,0.0
z3die4q3,2546ccf6,15,8,7,0,8,0.4666666666666667
8jwr3j6t,2546ccf6,21,21,0,0,21,0.0
7agy8y3l,2546ccf6,18,18,0,0,18,0.0
o1t1fb7j,2546ccf6,111,82,29,0,82,0.26126126126126126
vbwguazj,2546ccf6,14,14,0,0,14,0.0
om1m73rv,2546ccf6,14,14,0,0,14,0.0
nrfiw9bx,2546ccf6,14,10,4,0,10,0.2857142857142857
pz38obzd,2546ccf6,14,14,0,0,14,0.0
4wx63ymf,2546ccf6,16,13,3,0,13,0.1875
nfbzvhip,2546ccf6,16,16,0,0,16,0.0
ler5uq42,2546ccf6,20,20,0,0,20,0.0
t3l0if03,2546ccf6,15,10,5,0,10,0.3333333333333333
nldu5ge3,2546ccf6,14,14,0,0,14,0.0
m63pxnwq,2546ccf6,16,13,3,0,13,0.1875
onnumbyy,2546ccf6,14,14,0,0,14,0.0
nqubyvew,2546ccf6,18,18,0,0,18,0.0
2w766g1z,2546ccf6,14,14,0,0,14,0.0
mr7lkk46,2546ccf6,14,14,0,0,14,0.0
f5ktzt2t,2546ccf6,20,10,10,0,10,0.5
kkeej6x5,2546ccf6,14,14,0,0,14,0.0
pcrxo3zp,2546ccf6,15,15,0,0,15,0.0
bcyhma9y,2546ccf6,2,2,0,0,2,0.0
byx9jkxm,2546ccf6,14,7,7,0,7,0.5
74l1qvc1,2546ccf6,17,17,0,0,17,0.0
cghxa2ie,2546ccf6,16,14,2,0,14,0.125
3d2as981,2546ccf6,17,17,0,0,17,0.0
clucow7d,2546ccf6,18,12,6,0,12,0.3333333333333333
bmlngyh3,2546ccf6,19,19,0,0,19,0.0
5hz183aa,2546ccf6,55,52,3,0,52,0.05454545454545454
61zahdh9,2546ccf6,20,20,0,0,20,0.0
ol9lky1i,2546ccf6,14,14,0,0,14,0.0
5nrjvc7q,2546ccf6,14,14,0,0,14,0.0
o5qropwk,2546ccf6,14,14,0,0,14,0.0
154uk6vm,2546ccf6,18,18,0,0,18,0.0
ym49wqbn,2546ccf6,19,17,2,0,17,0.10526315789473684
npr5bsi2,2546ccf6,16,16,0,0,16,0.0
pad0sufd,2546ccf6,15,8,7,0,8,0.4666666666666667
emwp6wq7,2546ccf6,14,14,0,0,14,0.0
91fk0af9,2546ccf6,15,15,0,0,15,0.0
qothvfhf,2546ccf6,14,14,0,0,14,0.0
27d8totr,2546ccf6,14,14,0,0,14,0.0
fkx2gd88,2546ccf6,35,21,14,0,21,0.4
cp3b83py,2546ccf6,17,10,7,0,10,0.4117647058823529
ikfbpugl,2546ccf6,14,12,2,0,12,0.14285714285714285
kmwiem6m,2546ccf6,15,8,7,0,8,0.4666666666666667
6e5gb0yb,2546ccf6,20,9,11,0,9,0.55
pgtp756s,2546ccf6,16,16,0,0,16,0.0
dmft9d3y,2546ccf6,14,7,7,0,7,0.5
nvlsix5c,2546ccf6,24,24,0,0,24,0.0
bhpug29p,2546ccf6,16,16,0,0,16,0.0
aqmjput5,2546ccf6,317,95,222,0,95,0.7003154574132492
l9krayds,2546ccf6,1,1,0,0,1,0.0
icf7bchs,2546ccf6,306,106,200,0,106,0.6535947712418301
095bdwyc,2546ccf6,37,37,0,0,37,0.0
89u58v07,2546ccf6,14,14,0,0,14,0.0
phbjwkyw,2546ccf6,14,14,0,0,14,0.0
szbhlpfr,2546ccf6,27,27,0,0,27,0.0
sn10zd6g,2546ccf6,14,14,0,0,14,0.0
4s3cm7d8,2546ccf6,14,14,0,0,14,0.0
e2w81k0i,2546ccf6,14,14,0,0,14,0.0
hsm45iwx,2546ccf6,14,14,0,0,14,0.0
q04yitea,2546ccf6,14,14,0,0,14,0.0
qfsp3ery,2546ccf6,14,14,0,0,14,0.0
02333qfj,2546ccf6,14,14,0,0,14,0.0
44o5xnxe,2546ccf6,14,14,0,0,14,0.0
0ra11hiv,2546ccf6,20,20,0,0,20,0.0
y32zaw9c,2546ccf6,15,15,0,0,15,0.0
r2ck84r8,2546ccf6,15,12,3,0,12,0.2
hpl7jugr,2546ccf6,19,10,9,0,10,0.47368421052631576
stbyxpx6,2546ccf6,17,17,0,0,17,0.0
r24jdhzg,2546ccf6,16,16,0,0,16,0.0
ske58akk,2546ccf6,14,14,0,0,14,0.0
ovhoesyy,2546ccf6,14,14,0,0,14,0.0
n2et79bd,2546ccf6,3,2,1,0,2,0.3333333333333333
ism64anu,2546ccf6,14,14,0,0,14,0.0
plfupad7,2546ccf6,14,14,0,0,14,0.0
zvbewhqx,2546ccf6,14,14,0,0,14,0.0
8aknstxj,2546ccf6,14,14,0,0,14,0.0
c7z6erey,2546ccf6,16,16,0,0,16,0.0
f0wpo2hr,2546ccf6,17,17,0,0,17,0.0
qazkn1sw,2546ccf6,24,12,12,0,12,0.5
ew4oecfi,2546ccf6,16,16,0,0,16,0.0
mrwlcmno,2546ccf6,16,16,0,0,16,0.0
ni5df01j,2546ccf6,14,14,0,0,14,0.0
eyn3wygc,2546ccf6,26,26,0,0,26,0.0
wcau806y,2546ccf6,14,14,0,0,14,0.0
s03ed531,2546ccf6,18,18,0,0,18,0.0
2j8p9vyz,2546ccf6,18,14,4,0,14,0.2222222222222222
a589fsqz,2546ccf6,16,16,0,0,16,0.0
mlvcv31l,2546ccf6,17,10,7,0,10,0.4117647058823529
o4kkkuj9,2546ccf6,14,14,0,0,14,0.0
k8txaw58,2546ccf6,14,14,0,0,14,0.0
d1vjrjhc,2546ccf6,16,16,0,0,16,0.0
qv0yh587,2546ccf6,9,5,4,0,5,0.4444444444444444
t2eyvuxq,2546ccf6,14,14,0,0,14,0.0
bw2cwy0m,2546ccf6,16,16,0,0,16,0.0
kwy2bqjo,2546ccf6,15,15,0,0,15,0.0
uktb326q,2546ccf6,20,20,0,0,20,0.0
zj5uemkt,2546ccf6,14,14,0,0,14,0.0
3irnkhq8,2546ccf6,16,9,7,0,9,0.4375
4s9g1cze,2546ccf6,15,6,9,0,6,0.6
v6jvgdvg,2546ccf6,14,14,0,0,14,0.0
l5sagbsh,2546ccf6,14,14,0,0,14,0.0
ljwskxcq,2546ccf6,19,6,13,0,6,0.6842105263157895
e0biso3r,2546ccf6,15,6,9,0,6,0.6
a9gvtd1o,2546ccf6,14,10,4,0,10,0.2857142857142857
f1ejz9fy,2546ccf6,15,8,7,0,8,0.4666666666666667
vpxztp7b,2546ccf6,14,13,1,0,13,0.07142857142857142
6eyovdd2,2546ccf6,14,14,0,0,14,0.0
a6jpzpek,2546ccf6,14,14,0,0,14,0.0
41kp06jx,2546ccf6,19,19,0,0,19,0.0
a0w1xgxf,2546ccf6,17,10,7,0,10,0.4117647058823529
lmtka1ev,2546ccf6,18,9,9,0,9,0.5
zc26r1al,2546ccf6,16,16,0,0,16,0.0
648anokh,2546ccf6,14,14,0,0,14,0.0
tc5wgx8h,2546ccf6,21,21,0,0,21,0.0
8bgj1tsd,2546ccf6,16,16,0,0,16,0.0
mrypomny,2546ccf6,14,14,0,0,14,0.0
jeq3oy2g,2546ccf6,89,2,87,0,2,0.9775280898876404
c7ac53of,2546ccf6,24,5,19,0,5,0.7916666666666666
rjanlii9,2546ccf6,25,25,0,0,25,0.0
vr20hyge,2546ccf6,16,16,0,0,16,0.0
nhds6zsd,2546ccf6,14,14,0,0,14,0.0
j2dvablb,2546ccf6,14,14,0,0,14,0.0
904h81sn,2546ccf6,14,14,0,0,14,0.0
ce9qdbyh,2546ccf6,18,18,0,0,18,0.0
03ljcqhc,2546ccf6,14,14,0,0,14,0.0
nhds6zsd,1e0a9b12,12,12,0,0,12,0.0
vr20hyge,1e0a9b12,10,10,0,0,10,0.0
ce9qdbyh,1e0a9b12,10,10,0,0,10,0.0
j2dvablb,1e0a9b12,9,9,0,0,9,0.0
904h81sn,1e0a9b12,10,10,0,0,10,0.0
so5k1adg,1e0a9b12,10,10,0,0,10,0.0
sesf1qnx,1e0a9b12,10,10,0,0,10,0.0
xasfvnb7,1e0a9b12,10,10,0,0,10,0.0
41kp06jx,1e0a9b12,19,10,9,0,10,0.47368421052631576
a0w1xgxf,1e0a9b12,10,10,0,0,10,0.0
lmtka1ev,1e0a9b12,9,5,4,0,5,0.4444444444444444
6eyovdd2,1e0a9b12,9,5,4,0,5,0.4444444444444444
f1ejz9fy,1e0a9b12,9,6,3,0,6,0.3333333333333333
a9gvtd1o,1e0a9b12,10,10,0,0,10,0.0
e0biso3r,1e0a9b12,9,5,4,0,5,0.4444444444444444
jeq3oy2g,1e0a9b12,10,10,0,0,10,0.0
mrypomny,1e0a9b12,10,10,0,0,10,0.0
rjanlii9,1e0a9b12,10,10,0,0,10,0.0
c7ac53of,1e0a9b12,28,28,0,0,28,0.0
tc5wgx8h,1e0a9b12,10,10,0,0,10,0.0
8bgj1tsd,1e0a9b12,9,9,0,0,9,0.0
648anokh,1e0a9b12,10,10,0,0,10,0.0
cdo2cmtp,1e0a9b12,9,9,0,0,9,0.0
uktb326q,1e0a9b12,13,13,0,0,13,0.0
kwy2bqjo,1e0a9b12,16,6,10,0,6,0.625
bw2cwy0m,1e0a9b12,10,10,0,0,10,0.0
4s9g1cze,1e0a9b12,10,9,1,0,9,0.1
3irnkhq8,1e0a9b12,14,8,6,0,8,0.42857142857142855
ljwskxcq,1e0a9b12,10,10,0,0,10,0.0
v6jvgdvg,1e0a9b12,16,16,0,0,16,0.0
l5sagbsh,1e0a9b12,9,5,4,0,5,0.4444444444444444
zj5uemkt,1e0a9b12,11,11,0,0,11,0.0
2j8p9vyz,1e0a9b12,9,5,4,0,5,0.4444444444444444
6p8vl3lk,1e0a9b12,18,10,8,0,10,0.4444444444444444
wcau806y,1e0a9b12,10,10,0,0,10,0.0
eyn3wygc,1e0a9b12,10,10,0,0,10,0.0
ni5df01j,1e0a9b12,9,9,0,0,9,0.0
ew4oecfi,1e0a9b12,16,10,6,0,10,0.375
mrwlcmno,1e0a9b12,14,14,0,0,14,0.0
qv0yh587,1e0a9b12,17,17,0,0,17,0.0
t2eyvuxq,1e0a9b12,10,10,0,0,10,0.0
o4kkkuj9,1e0a9b12,11,11,0,0,11,0.0
k8txaw58,1e0a9b12,28,9,19,0,9,0.6785714285714286
mlvcv31l,1e0a9b12,10,10,0,0,10,0.0
d1vjrjhc,1e0a9b12,10,10,0,0,10,0.0
a589fsqz,1e0a9b12,11,11,0,0,11,0.0
ske58akk,1e0a9b12,9,5,4,0,5,0.4444444444444444
3cc6zm51,1e0a9b12,11,11,0,0,11,0.0
stbyxpx6,1e0a9b12,9,5,4,0,5,0.4444444444444444
r24jdhzg,1e0a9b12,10,10,0,0,10,0.0
hpl7jugr,1e0a9b12,10,9,1,0,9,0.1
r2ck84r8,1e0a9b12,10,10,0,0,10,0.0
nze0azo1,1e0a9b12,10,10,0,0,10,0.0
f0wpo2hr,1e0a9b12,10,10,0,0,10,0.0
qazkn1sw,1e0a9b12,9,9,0,0,9,0.0
8aknstxj,1e0a9b12,10,10,0,0,10,0.0
c7z6erey,1e0a9b12,9,5,4,0,5,0.4444444444444444
zvbewhqx,1e0a9b12,14,14,0,0,14,0.0
ism64anu,1e0a9b12,13,13,0,0,13,0.0
n2et79bd,1e0a9b12,9,5,4,0,5,0.4444444444444444
plfupad7,1e0a9b12,10,10,0,0,10,0.0
e2w81k0i,1e0a9b12,10,10,0,0,10,0.0
4s3cm7d8,1e0a9b12,10,10,0,0,10,0.0
hsm45iwx,1e0a9b12,10,10,0,0,10,0.0
sn10zd6g,1e0a9b12,9,9,0,0,9,0.0
phbjwkyw,1e0a9b12,10,10,0,0,10,0.0
89u58v07,1e0a9b12,10,10,0,0,10,0.0
y32zaw9c,1e0a9b12,9,9,0,0,9,0.0
cuybsfwr,1e0a9b12,10,10,0,0,10,0.0
qkiu92kk,1e0a9b12,10,10,0,0,10,0.0
44o5xnxe,1e0a9b12,10,9,1,0,9,0.1
ihnjt6k4,1e0a9b12,15,15,0,0,15,0.0
qfsp3ery,1e0a9b12,10,10,0,0,10,0.0
q04yitea,1e0a9b12,9,9,0,0,9,0.0
02333qfj,1e0a9b12,10,10,0,0,10,0.0
kmwiem6m,1e0a9b12,10,10,0,0,10,0.0
ikfbpugl,1e0a9b12,11,10,1,0,10,0.09090909090909091
cp3b83py,1e0a9b12,12,12,0,0,12,0.0
qothvfhf,1e0a9b12,14,14,0,0,14,0.0
fkx2gd88,1e0a9b12,12,9,3,0,9,0.25
27d8totr,1e0a9b12,10,10,0,0,10,0.0
icf7bchs,1e0a9b12,13,13,0,0,13,0.0
f5ohsl5h,1e0a9b12,1,1,0,0,1,0.0
aqmjput5,1e0a9b12,10,6,4,0,6,0.4
l9krayds,1e0a9b12,9,9,0,0,9,0.0
dmft9d3y,1e0a9b12,11,11,0,0,11,0.0
6e5gb0yb,1e0a9b12,15,6,9,0,6,0.6
bmlngyh3,1e0a9b12,10,10,0,0,10,0.0
3d2as981,1e0a9b12,9,5,4,0,5,0.4444444444444444
cghxa2ie,1e0a9b12,71,30,41,0,30,0.5774647887323944
clucow7d,1e0a9b12,12,8,4,0,8,0.3333333333333333
74l1qvc1,1e0a9b12,12,12,0,0,12,0.0
byx9jkxm,1e0a9b12,9,5,4,0,5,0.4444444444444444
j2pjmr32,1e0a9b12,9,8,1,0,8,0.1111111111111111
pad0sufd,1e0a9b12,10,10,0,0,10,0.0
emwp6wq7,1e0a9b12,10,10,0,0,10,0.0
npr5bsi2,1e0a9b12,13,13,0,0,13,0.0
154uk6vm,1e0a9b12,6,2,4,0,2,0.6666666666666666
ym49wqbn,1e0a9b12,15,15,0,0,15,0.0
xeu3j3ki,1e0a9b12,10,10,0,0,10,0.0
5nrjvc7q,1e0a9b12,10,10,0,0,10,0.0
ol9lky1i,1e0a9b12,12,12,0,0,12,0.0
o5qropwk,1e0a9b12,10,10,0,0,10,0.0
5hz183aa,1e0a9b12,32,32,0,0,32,0.0
61zahdh9,1e0a9b12,10,10,0,0,10,0.0
onnumbyy,1e0a9b12,9,5,4,0,5,0.4444444444444444
m63pxnwq,1e0a9b12,10,10,0,0,10,0.0
nldu5ge3,1e0a9b12,10,10,0,0,10,0.0
t3l0if03,1e0a9b12,10,10,0,0,10,0.0
nfbzvhip,1e0a9b12,9,9,0,0,9,0.0
4wx63ymf,1e0a9b12,10,10,0,0,10,0.0
ler5uq42,1e0a9b12,14,14,0,0,14,0.0
pcrxo3zp,1e0a9b12,10,9,1,0,9,0.1
f5ktzt2t,1e0a9b12,14,7,7,0,7,0.5
kkeej6x5,1e0a9b12,10,10,0,0,10,0.0
2w766g1z,1e0a9b12,10,10,0,0,10,0.0
mr7lkk46,1e0a9b12,10,9,1,0,9,0.1
nqubyvew,1e0a9b12,11,10,1,0,10,0.09090909090909091
vbwguazj,1e0a9b12,10,10,0,0,10,0.0
7agy8y3l,1e0a9b12,9,9,0,0,9,0.0
om1m73rv,1e0a9b12,30,29,0,1,29,0.0
z3die4q3,1e0a9b12,11,8,3,0,8,0.2727272727272727
8yhijukj,1e0a9b12,11,11,0,0,11,0.0
50nsp39w,1e0a9b12,9,5,4,0,5,0.4444444444444444
mhskzwic,1e0a9b12,9,9,0,0,9,0.0
pz38obzd,1e0a9b12,9,9,0,0,9,0.0
xklnx39q,1e0a9b12,12,9,3,0,9,0.25
nrfiw9bx,1e0a9b12,41,27,14,0,27,0.34146341463414637
cfclud8z,1e0a9b12,9,5,4,0,5,0.4444444444444444
z8b26ynw,1e0a9b12,9,5,4,0,5,0.4444444444444444
zelqv7az,1e0a9b12,10,10,0,0,10,0.0
jx6lhkbi,1e0a9b12,9,5,4,0,5,0.4444444444444444
1qt2f29y,1e0a9b12,10,10,0,0,10,0.0
clhkwrie,1e0a9b12,9,9,0,0,9,0.0
mpzcivx9,1e0a9b12,10,10,0,0,10,0.0
ya0wv6pm,1e0a9b12,10,10,0,0,10,0.0
9evwb372,1e0a9b12,10,10,0,0,10,0.0
23iyreiv,1e0a9b12,11,11,0,0,11,0.0
cbvc5e3w,1e0a9b12,9,9,0,0,9,0.0
2anyuqd8,1e0a9b12,10,10,0,0,10,0.0
1r6yodve,1e0a9b12,9,9,0,0,9,0.0
hkj9daz7,1e0a9b12,9,5,4,0,5,0.4444444444444444
zfeorjum,1e0a9b12,11,8,3,0,8,0.2727272727272727
w12e497z,1e0a9b12,6,6,0,0,6,0.0
9ohxtpht,1e0a9b12,12,12,0,0,12,0.0
fl73adm5,1e0a9b12,12,8,4,0,8,0.3333333333333333
4j6cy1mk,1e0a9b12,10,10,0,0,10,0.0
oxvw1rhx,1e0a9b12,11,11,0,0,11,0.0
8d21w3yr,1e0a9b12,10,10,0,0,10,0.0
wa9xd98o,1e0a9b12,9,9,0,0,9,0.0
idma9086,1e0a9b12,9,6,3,0,6,0.3333333333333333
r99uy0qb,1e0a9b12,4,3,1,0,3,0.25
b73rrttr,1e0a9b12,3,3,0,0,3,0.0
7nszfy43,1e0a9b12,13,13,0,0,13,0.0
0fy66fv2,1e0a9b12,7,7,0,0,7,0.0
yebzokh4,1e0a9b12,10,10,0,0,10,0.0
kavvl57w,1e0a9b12,19,5,14,0,5,0.7368421052631579
8oohxrrz,1e0a9b12,10,6,4,0,6,0.4
qfiy90jx,1e0a9b12,10,10,0,0,10,0.0
2d8q4qkc,1e0a9b12,9,5,4,0,5,0.4444444444444444
g3vslpjv,1e0a9b12,10,10,0,0,10,0.0
c9sps7bl,1e0a9b12,10,10,0,0,10,0.0
o2ho0580,1e0a9b12,44,44,0,0,44,0.0
bx44xwzb,1e0a9b12,10,10,0,0,10,0.0
xji13cu2,1e0a9b12,10,10,0,0,10,0.0
jqeesfz7,1e0a9b12,10,10,0,0,10,0.0
8psac9uo,1e0a9b12,10,10,0,0,10,0.0
nx0vccp8,1e0a9b12,14,13,1,0,13,0.07142857142857142
kck1uue7,1e0a9b12,9,5,4,0,5,0.4444444444444444
l0nln4b2,1e0a9b12,10,10,0,0,10,0.0
aypxap78,1e0a9b12,9,6,3,0,6,0.3333333333333333
ascil7wf,1e0a9b12,9,6,3,0,6,0.3333333333333333
qif0sa3r,1e0a9b12,9,5,4,0,5,0.4444444444444444
8y2nd2sh,1e0a9b12,12,9,3,0,9,0.25
cw4tyx7n,1e0a9b12,6,2,4,0,2,0.6666666666666666
g7svteiz,1e0a9b12,10,10,0,0,10,0.0
c2lwacqc,1e0a9b12,9,9,0,0,9,0.0
mzi8f2hv,1e0a9b12,9,5,4,0,5,0.4444444444444444
189iqcds,1e0a9b12,9,9,0,0,9,0.0
fgxp8fzz,1e0a9b12,9,9,0,0,9,0.0
hd5k29qy,1e0a9b12,10,10,0,0,10,0.0
72p6pxny,1e0a9b12,9,5,4,0,5,0.4444444444444444
rhbgnqhz,1e0a9b12,10,10,0,0,10,0.0
gkse9wdn,1e0a9b12,11,11,0,0,11,0.0
ldo5smvx,1e0a9b12,11,10,1,0,10,0.09090909090909091
qu0lm98m,1e0a9b12,10,10,0,0,10,0.0
jayyv6lz,1e0a9b12,27,26,0,1,26,0.0
yfyhejim,1e0a9b12,10,10,0,0,10,0.0
ei0ij8ms,1e0a9b12,10,10,0,0,10,0.0
0yfthc4y,1e0a9b12,10,10,0,0,10,0.0
2tkm21z6,1e0a9b12,10,10,0,0,10,0.0
3cc6zm51,96a8c0cd,48,48,0,0,48,0.0
ovhoesyy,96a8c0cd,136,28,106,2,28,0.7794117647058824
ske58akk,96a8c0cd,110,20,88,2,20,0.8
r24jdhzg,96a8c0cd,37,37,0,0,37,0.0
stbyxpx6,96a8c0cd,26,1,25,0,1,0.9615384615384616
r2ck84r8,96a8c0cd,86,14,72,0,14,0.8372093023255814
nze0azo1,96a8c0cd,178,147,31,0,147,0.17415730337078653
hpl7jugr,96a8c0cd,41,2,39,0,2,0.9512195121951219
qazkn1sw,96a8c0cd,27,12,15,0,12,0.5555555555555556
f0wpo2hr,96a8c0cd,41,1,40,0,1,0.975609756097561
8aknstxj,96a8c0cd,62,62,0,0,62,0.0
c7z6erey,96a8c0cd,41,3,38,0,3,0.926829268292683
zvbewhqx,96a8c0cd,67,57,10,0,57,0.14925373134328357
plfupad7,96a8c0cd,76,65,11,0,65,0.14473684210526316
ism64anu,96a8c0cd,42,38,4,0,38,0.09523809523809523
hsm45iwx,96a8c0cd,45,4,41,0,4,0.9111111111111111
4s3cm7d8,96a8c0cd,24,23,0,1,23,0.0
e2w81k0i,96a8c0cd,187,23,158,6,23,0.8449197860962567
sn10zd6g,96a8c0cd,213,68,144,1,68,0.676056338028169
phbjwkyw,96a8c0cd,188,9,179,0,9,0.9521276595744681
89u58v07,96a8c0cd,113,25,88,0,25,0.7787610619469026
y32zaw9c,96a8c0cd,98,98,0,0,98,0.0
0ra11hiv,96a8c0cd,98,27,70,1,27,0.7142857142857143
cuybsfwr,96a8c0cd,43,3,40,0,3,0.9302325581395349
44o5xnxe,96a8c0cd,83,82,1,0,82,0.012048192771084338
qkiu92kk,96a8c0cd,61,59,2,0,59,0.03278688524590164
02333qfj,96a8c0cd,41,41,0,0,41,0.0
q04yitea,96a8c0cd,138,74,63,1,74,0.45652173913043476
qfsp3ery,96a8c0cd,41,41,0,0,41,0.0
kmwiem6m,96a8c0cd,41,1,40,0,1,0.975609756097561
ikfbpugl,96a8c0cd,37,8,29,0,8,0.7837837837837838
d33m799j,96a8c0cd,3,3,0,0,3,0.0
cp3b83py,96a8c0cd,43,2,40,1,2,0.9302325581395349
fkx2gd88,96a8c0cd,41,6,35,0,6,0.8536585365853658
27d8totr,96a8c0cd,43,38,5,0,38,0.11627906976744186
qothvfhf,96a8c0cd,54,54,0,0,54,0.0
icf7bchs,96a8c0cd,84,83,1,0,83,0.011904761904761904
aqmjput5,96a8c0cd,123,113,10,0,113,0.08130081300813008
nvlsix5c,96a8c0cd,100,49,51,0,49,0.51
dmft9d3y,96a8c0cd,153,27,126,0,27,0.8235294117647058
6e5gb0yb,96a8c0cd,41,41,0,0,41,0.0
y8mzyzjc,96a8c0cd,139,103,36,0,103,0.2589928057553957
bmlngyh3,96a8c0cd,609,34,570,5,34,0.9359605911330049
clucow7d,96a8c0cd,115,9,106,0,9,0.9217391304347826
cghxa2ie,96a8c0cd,79,9,70,0,9,0.8860759493670886
3d2as981,96a8c0cd,149,34,115,0,34,0.7718120805369127
byx9jkxm,96a8c0cd,132,11,121,0,11,0.9166666666666666
emwp6wq7,96a8c0cd,83,8,75,0,8,0.9036144578313253
pad0sufd,96a8c0cd,62,54,8,0,54,0.12903225806451613
xeu3j3ki,96a8c0cd,75,75,0,0,75,0.0
154uk6vm,96a8c0cd,84,84,0,0,84,0.0
ym49wqbn,96a8c0cd,135,18,117,0,18,0.8666666666666667
npr5bsi2,96a8c0cd,45,45,0,0,45,0.0
ol9lky1i,96a8c0cd,72,43,29,0,43,0.4027777777777778
5nrjvc7q,96a8c0cd,83,61,21,1,61,0.25301204819277107
61zahdh9,96a8c0cd,119,3,116,0,3,0.9747899159663865
4stfwpke,96a8c0cd,65,7,58,0,7,0.8923076923076924
vr20hyge,96a8c0cd,78,50,28,0,50,0.358974358974359
nhds6zsd,96a8c0cd,41,41,0,0,41,0.0
ce9qdbyh,96a8c0cd,71,48,23,0,48,0.323943661971831
so5k1adg,96a8c0cd,61,61,0,0,61,0.0
904h81sn,96a8c0cd,81,73,8,0,73,0.09876543209876543
j2dvablb,96a8c0cd,41,34,7,0,34,0.17073170731707318
sesf1qnx,96a8c0cd,49,18,31,0,18,0.6326530612244898
lmtka1ev,96a8c0cd,74,3,71,0,3,0.9594594594594594
41kp06jx,96a8c0cd,70,10,60,0,10,0.8571428571428571
a0w1xgxf,96a8c0cd,63,39,24,0,39,0.38095238095238093
6eyovdd2,96a8c0cd,227,100,127,0,100,0.5594713656387665
a6jpzpek,96a8c0cd,3,3,0,0,3,0.0
vpxztp7b,96a8c0cd,41,41,0,0,41,0.0
f1ejz9fy,96a8c0cd,72,33,39,0,33,0.5416666666666666
e0biso3r,96a8c0cd,93,58,34,1,58,0.3655913978494624
a9gvtd1o,96a8c0cd,87,84,3,0,84,0.034482758620689655
c7ac53of,96a8c0cd,45,13,32,0,13,0.7111111111111111
rjanlii9,96a8c0cd,159,158,1,0,158,0.006289308176100629
mrypomny,96a8c0cd,41,41,0,0,41,0.0
jeq3oy2g,96a8c0cd,14,14,0,0,14,0.0
8bgj1tsd,96a8c0cd,74,74,0,0,74,0.0
648anokh,96a8c0cd,41,19,22,0,19,0.5365853658536586
cdo2cmtp,96a8c0cd,41,40,1,0,40,0.024390243902439025
uktb326q,96a8c0cd,69,60,9,0,60,0.13043478260869565
kwy2bqjo,96a8c0cd,121,98,23,0,98,0.19008264462809918
bw2cwy0m,96a8c0cd,43,42,1,0,42,0.023255813953488372
ljwskxcq,96a8c0cd,95,47,48,0,47,0.5052631578947369
l5sagbsh,96a8c0cd,80,44,36,0,44,0.45
v6jvgdvg,96a8c0cd,85,2,81,2,2,0.9529411764705882
4s9g1cze,96a8c0cd,53,5,47,1,5,0.8867924528301887
zj5uemkt,96a8c0cd,44,44,0,0,44,0.0
2j8p9vyz,96a8c0cd,41,1,40,0,1,0.975609756097561
s03ed531,96a8c0cd,78,78,0,0,78,0.0
wcau806y,96a8c0cd,46,46,0,0,46,0.0
eyn3wygc,96a8c0cd,159,124,35,0,124,0.22012578616352202
ni5df01j,96a8c0cd,59,7,51,1,7,0.864406779661017
mrwlcmno,96a8c0cd,50,40,10,0,40,0.2
08vqizpx,96a8c0cd,123,123,0,0,123,0.0
ew4oecfi,96a8c0cd,46,5,40,1,5,0.8695652173913043
t2eyvuxq,96a8c0cd,288,12,275,1,12,0.9548611111111112
qv0yh587,96a8c0cd,2,2,0,0,2,0.0
d1vjrjhc,96a8c0cd,41,41,0,0,41,0.0
k8txaw58,96a8c0cd,47,42,5,0,42,0.10638297872340426
o4kkkuj9,96a8c0cd,237,177,60,0,177,0.25316455696202533
mlvcv31l,96a8c0cd,41,17,24,0,17,0.5853658536585366
r99uy0qb,96a8c0cd,26,2,24,0,2,0.9230769230769231
idma9086,96a8c0cd,123,96,26,1,96,0.21138211382113822
0fy66fv2,96a8c0cd,60,60,0,0,60,0.0
b73rrttr,96a8c0cd,5,5,0,0,5,0.0
yebzokh4,96a8c0cd,68,68,0,0,68,0.0
qfiy90jx,96a8c0cd,95,19,76,0,19,0.8
8oohxrrz,96a8c0cd,42,2,39,1,2,0.9285714285714286
x5id5i5q,96a8c0cd,109,109,0,0,109,0.0
g3vslpjv,96a8c0cd,109,30,79,0,30,0.7247706422018348
2d8q4qkc,96a8c0cd,168,8,160,0,8,0.9523809523809523
bx44xwzb,96a8c0cd,172,172,0,0,172,0.0
o2ho0580,96a8c0cd,97,15,82,0,15,0.845360824742268
c9sps7bl,96a8c0cd,41,4,37,0,4,0.9024390243902439
jqeesfz7,96a8c0cd,68,68,0,0,68,0.0
9pjr0waw,96a8c0cd,38,6,32,0,6,0.8421052631578947
kck1uue7,96a8c0cd,62,36,26,0,36,0.41935483870967744
8psac9uo,96a8c0cd,265,148,117,0,148,0.44150943396226416
nx0vccp8,96a8c0cd,192,188,4,0,188,0.020833333333333332
aypxap78,96a8c0cd,41,34,7,0,34,0.17073170731707318
l0nln4b2,96a8c0cd,41,41,0,0,41,0.0
ascil7wf,96a8c0cd,105,16,88,1,16,0.8380952380952381
8y2nd2sh,96a8c0cd,44,5,38,1,5,0.8636363636363636
c2lwacqc,96a8c0cd,48,7,41,0,7,0.8541666666666666
g7svteiz,96a8c0cd,43,38,5,0,38,0.11627906976744186
cw4tyx7n,96a8c0cd,46,44,2,0,44,0.043478260869565216
189iqcds,96a8c0cd,44,2,42,0,2,0.9545454545454546
mzi8f2hv,96a8c0cd,59,39,20,0,39,0.3389830508474576
rhbgnqhz,96a8c0cd,47,2,45,0,2,0.9574468085106383
72p6pxny,96a8c0cd,43,25,17,1,25,0.3953488372093023
hd5k29qy,96a8c0cd,196,136,60,0,136,0.30612244897959184
ldo5smvx,96a8c0cd,43,13,30,0,13,0.6976744186046512
jayyv6lz,96a8c0cd,37,37,0,0,37,0.0
qu0lm98m,96a8c0cd,152,64,88,0,64,0.5789473684210527
yfyhejim,96a8c0cd,111,7,104,0,7,0.9369369369369369
0yfthc4y,96a8c0cd,86,73,13,0,73,0.1511627906976744
ei0ij8ms,96a8c0cd,108,41,67,0,41,0.6203703703703703
2tkm21z6,96a8c0cd,47,47,0,0,47,0.0
onnumbyy,96a8c0cd,114,107,7,0,107,0.06140350877192982
m63pxnwq,96a8c0cd,60,6,54,0,6,0.9
t3l0if03,96a8c0cd,41,41,0,0,41,0.0
nldu5ge3,96a8c0cd,108,69,39,0,69,0.3611111111111111
nfbzvhip,96a8c0cd,106,81,25,0,81,0.2358490566037736
4wx63ymf,96a8c0cd,118,69,49,0,69,0.4152542372881356
bcyhma9y,96a8c0cd,1,1,0,0,1,0.0
kkeej6x5,96a8c0cd,41,41,0,0,41,0.0
f5ktzt2t,96a8c0cd,86,5,80,1,5,0.9302325581395349
pcrxo3zp,96a8c0cd,85,2,79,4,2,0.9294117647058824
mr7lkk46,96a8c0cd,172,42,130,0,42,0.7558139534883721
2w766g1z,96a8c0cd,41,41,0,0,41,0.0
nqubyvew,96a8c0cd,93,23,69,1,23,0.7419354838709677
om1m73rv,96a8c0cd,206,18,188,0,18,0.912621359223301
o1t1fb7j,96a8c0cd,61,57,4,0,57,0.06557377049180328
7agy8y3l,96a8c0cd,139,127,12,0,127,0.08633093525179857
vbwguazj,96a8c0cd,43,42,1,0,42,0.023255813953488372
z3die4q3,96a8c0cd,41,3,38,0,3,0.926829268292683
8jwr3j6t,96a8c0cd,26,2,24,0,2,0.9230769230769231
mhskzwic,96a8c0cd,98,88,10,0,88,0.10204081632653061
8yhijukj,96a8c0cd,56,10,46,0,10,0.8214285714285714
50nsp39w,96a8c0cd,149,9,140,0,9,0.9395973154362416
pz38obzd,96a8c0cd,50,45,5,0,45,0.1
nrfiw9bx,96a8c0cd,42,2,40,0,2,0.9523809523809523
cfclud8z,96a8c0cd,195,68,126,1,68,0.6461538461538462
zelqv7az,96a8c0cd,45,45,0,0,45,0.0
z8b26ynw,96a8c0cd,95,20,75,0,20,0.7894736842105263
jx6lhkbi,96a8c0cd,41,41,0,0,41,0.0
mpzcivx9,96a8c0cd,89,5,84,0,5,0.9438202247191011
1qt2f29y,96a8c0cd,93,93,0,0,93,0.0
clhkwrie,96a8c0cd,56,38,18,0,38,0.32142857142857145
sp00glmz,96a8c0cd,41,41,0,0,41,0.0
23iyreiv,96a8c0cd,148,21,127,0,21,0.8581081081081081
9evwb372,96a8c0cd,26,8,18,0,8,0.6923076923076923
ya0wv6pm,96a8c0cd,117,117,0,0,117,0.0
1r6yodve,96a8c0cd,44,44,0,0,44,0.0
2anyuqd8,96a8c0cd,149,149,0,0,149,0.0
hkj9daz7,96a8c0cd,41,22,19,0,22,0.4634146341463415
zfeorjum,96a8c0cd,59,7,51,1,7,0.864406779661017
9ohxtpht,96a8c0cd,41,41,0,0,41,0.0
w12e497z,96a8c0cd,53,53,0,0,53,0.0
oxvw1rhx,96a8c0cd,104,11,92,1,11,0.8846153846153846
fl73adm5,96a8c0cd,51,8,43,0,8,0.8431372549019608
4j6cy1mk,96a8c0cd,43,42,1,0,42,0.023255813953488372
8d21w3yr,96a8c0cd,106,104,2,0,104,0.018867924528301886
ya0wv6pm,69889d6e,30,30,0,0,30,0.0
9evwb372,69889d6e,14,1,13,0,1,0.9285714285714286
sp00glmz,69889d6e,44,44,0,0,44,0.0
mpzcivx9,69889d6e,14,1,13,0,1,0.9285714285714286
clhkwrie,69889d6e,20,20,0,0,20,0.0
1qt2f29y,69889d6e,24,23,0,1,23,0.0
jx6lhkbi,69889d6e,32,32,0,0,32,0.0
z8b26ynw,69889d6e,29,29,0,0,29,0.0
zelqv7az,69889d6e,14,14,0,0,14,0.0
cfclud8z,69889d6e,41,41,0,0,41,0.0
wa9xd98o,69889d6e,37,36,0,1,36,0.0
8d21w3yr,69889d6e,28,28,0,0,28,0.0
4j6cy1mk,69889d6e,52,48,4,0,48,0.07692307692307693
fl73adm5,69889d6e,16,4,12,0,4,0.75
oxvw1rhx,69889d6e,30,30,0,0,30,0.0
w12e497z,69889d6e,4,4,0,0,4,0.0
9ohxtpht,69889d6e,14,14,0,0,14,0.0
zfeorjum,69889d6e,36,35,0,1,35,0.0
hkj9daz7,69889d6e,29,25,4,0,25,0.13793103448275862
cbvc5e3w,69889d6e,35,35,0,0,35,0.0
0wk7vjg8,69889d6e,15,15,0,0,15,0.0
mr7lkk46,69889d6e,20,20,0,0,20,0.0
2w766g1z,69889d6e,31,30,1,0,30,0.03225806451612903
kkeej6x5,69889d6e,29,29,0,0,29,0.0
f5ktzt2t,69889d6e,14,2,12,0,2,0.8571428571428571
bcyhma9y,69889d6e,20,20,0,0,20,0.0
ler5uq42,69889d6e,13,13,0,0,13,0.0
nfbzvhip,69889d6e,38,38,0,0,38,0.0
4wx63ymf,69889d6e,30,27,3,0,27,0.1
nldu5ge3,69889d6e,14,14,0,0,14,0.0
t3l0if03,69889d6e,17,17,0,0,17,0.0
m63pxnwq,69889d6e,13,13,0,0,13,0.0
onnumbyy,69889d6e,27,26,1,0,26,0.037037037037037035
nrfiw9bx,69889d6e,18,5,13,0,5,0.7222222222222222
xklnx39q,69889d6e,18,8,10,0,8,0.5555555555555556
pz38obzd,69889d6e,14,14,0,0,14,0.0
mhskzwic,69889d6e,26,20,6,0,20,0.23076923076923078
8yhijukj,69889d6e,18,18,0,0,18,0.0
50nsp39w,69889d6e,39,30,9,0,30,0.23076923076923078
p445h6ow,69889d6e,87,11,76,0,11,0.8735632183908046
8jwr3j6t,69889d6e,14,2,12,0,2,0.8571428571428571
z3die4q3,69889d6e,14,1,13,0,1,0.9285714285714286
om1m73rv,69889d6e,40,40,0,0,40,0.0
vbwguazj,69889d6e,16,16,0,0,16,0.0
7agy8y3l,69889d6e,29,29,0,0,29,0.0
72p6pxny,69889d6e,65,21,44,0,21,0.676923076923077
rhbgnqhz,69889d6e,18,18,0,0,18,0.0
hd5k29qy,69889d6e,14,14,0,0,14,0.0
fgxp8fzz,69889d6e,16,16,0,0,16,0.0
189iqcds,69889d6e,15,2,13,0,2,0.8666666666666667
g7svteiz,69889d6e,41,41,0,0,41,0.0
c2lwacqc,69889d6e,14,14,0,0,14,0.0
cw4tyx7n,69889d6e,21,21,0,0,21,0.0
2tkm21z6,69889d6e,14,14,0,0,14,0.0
0yfthc4y,69889d6e,17,17,0,0,17,0.0
ei0ij8ms,69889d6e,29,16,13,0,16,0.4482758620689655
jayyv6lz,69889d6e,14,13,1,0,13,0.07142857142857142
qu0lm98m,69889d6e,22,16,6,0,16,0.2727272727272727
ldo5smvx,69889d6e,14,14,0,0,14,0.0
bx44xwzb,69889d6e,14,14,0,0,14,0.0
o2ho0580,69889d6e,23,23,0,0,23,0.0
g3vslpjv,69889d6e,18,18,0,0,18,0.0
qfiy90jx,69889d6e,16,16,0,0,16,0.0
8oohxrrz,69889d6e,33,33,0,0,33,0.0
kavvl57w,69889d6e,29,29,0,0,29,0.0
yebzokh4,69889d6e,18,18,0,0,18,0.0
b73rrttr,69889d6e,10,9,1,0,9,0.1
idma9086,69889d6e,15,14,0,1,14,0.0
r99uy0qb,69889d6e,17,17,0,0,17,0.0
8y2nd2sh,69889d6e,14,7,7,0,7,0.5
ascil7wf,69889d6e,26,21,5,0,21,0.19230769230769232
aypxap78,69889d6e,15,2,12,1,2,0.8
l0nln4b2,69889d6e,17,17,0,0,17,0.0
kck1uue7,69889d6e,14,8,6,0,8,0.42857142857142855
8psac9uo,69889d6e,34,32,2,0,32,0.058823529411764705
nx0vccp8,69889d6e,14,14,0,0,14,0.0
jqeesfz7,69889d6e,32,32,0,0,32,0.0
zj5uemkt,69889d6e,14,14,0,0,14,0.0
ljwskxcq,69889d6e,29,29,0,0,29,0.0
l5sagbsh,69889d6e,14,14,0,0,14,0.0
4s9g1cze,69889d6e,14,10,4,0,10,0.2857142857142857
3irnkhq8,69889d6e,15,1,14,0,1,0.9333333333333333
kwy2bqjo,69889d6e,38,26,12,0,26,0.3157894736842105
uktb326q,69889d6e,14,14,0,0,14,0.0
a589fsqz,69889d6e,21,21,0,0,21,0.0
d1vjrjhc,69889d6e,28,28,0,0,28,0.0
k8txaw58,69889d6e,51,6,45,0,6,0.8823529411764706
o4kkkuj9,69889d6e,15,15,0,0,15,0.0
mlvcv31l,69889d6e,29,29,0,0,29,0.0
t2eyvuxq,69889d6e,34,15,17,2,15,0.5
qv0yh587,69889d6e,69,69,0,0,69,0.0
mrwlcmno,69889d6e,14,14,0,0,14,0.0
ew4oecfi,69889d6e,14,14,0,0,14,0.0
08vqizpx,69889d6e,50,50,0,0,50,0.0
eyn3wygc,69889d6e,28,28,0,0,28,0.0
ni5df01j,69889d6e,16,16,0,0,16,0.0
wcau806y,69889d6e,27,27,0,0,27,0.0
2j8p9vyz,69889d6e,22,10,11,1,10,0.5
s03ed531,69889d6e,20,20,0,0,20,0.0
xasfvnb7,69889d6e,18,18,0,0,18,0.0
904h81sn,69889d6e,14,14,0,0,14,0.0
so5k1adg,69889d6e,44,43,0,1,43,0.0
j2dvablb,69889d6e,14,1,13,0,1,0.9285714285714286
03ljcqhc,69889d6e,81,1,80,0,1,0.9876543209876543
ce9qdbyh,69889d6e,14,14,0,0,14,0.0
nhds6zsd,69889d6e,14,14,0,0,14,0.0
vr20hyge,69889d6e,15,15,0,0,15,0.0
zc26r1al,69889d6e,14,14,0,0,14,0.0
648anokh,69889d6e,14,14,0,0,14,0.0
qqqzakmg,69889d6e,12,5,7,0,5,0.5833333333333334
8bgj1tsd,69889d6e,13,13,0,0,13,0.0
tc5wgx8h,69889d6e,14,14,0,0,14,0.0
rjanlii9,69889d6e,27,15,12,0,15,0.4444444444444444
c7ac53of,69889d6e,10,4,6,0,4,0.6
jeq3oy2g,69889d6e,17,3,14,0,3,0.8235294117647058
mrypomny,69889d6e,14,14,0,0,14,0.0
a9gvtd1o,69889d6e,14,14,0,0,14,0.0
e0biso3r,69889d6e,14,14,0,0,14,0.0
vpxztp7b,69889d6e,16,16,0,0,16,0.0
f1ejz9fy,69889d6e,14,14,0,0,14,0.0
a6jpzpek,69889d6e,20,20,0,0,20,0.0
6eyovdd2,69889d6e,14,14,0,0,14,0.0
lmtka1ev,69889d6e,14,1,13,0,1,0.9285714285714286
a0w1xgxf,69889d6e,25,11,14,0,11,0.56
41kp06jx,69889d6e,27,27,0,0,27,0.0
6e5gb0yb,69889d6e,14,1,13,0,1,0.9285714285714286
bdfn1h0o,69889d6e,37,37,0,0,37,0.0
dmft9d3y,69889d6e,16,6,10,0,6,0.625
l9krayds,69889d6e,20,20,0,0,20,0.0
bhpug29p,69889d6e,15,15,0,0,15,0.0
f5ohsl5h,69889d6e,36,7,29,0,7,0.8055555555555556
icf7bchs,69889d6e,81,81,0,0,81,0.0
fkx2gd88,69889d6e,15,5,10,0,5,0.6666666666666666
27d8totr,69889d6e,14,14,0,0,14,0.0
qothvfhf,69889d6e,12,12,0,0,12,0.0
91fk0af9,69889d6e,14,14,0,0,14,0.0
cp3b83py,69889d6e,14,14,0,0,14,0.0
ikfbpugl,69889d6e,12,1,11,0,1,0.9166666666666666
d33m799j,69889d6e,15,3,12,0,3,0.8
kmwiem6m,69889d6e,14,1,13,0,1,0.9285714285714286
61zahdh9,69889d6e,14,14,0,0,14,0.0
5hz183aa,69889d6e,19,15,4,0,15,0.21052631578947367
o5qropwk,69889d6e,14,14,0,0,14,0.0
5nrjvc7q,69889d6e,14,14,0,0,14,0.0
ol9lky1i,69889d6e,16,16,0,0,16,0.0
xeu3j3ki,69889d6e,18,18,0,0,18,0.0
npr5bsi2,69889d6e,14,14,0,0,14,0.0
ym49wqbn,69889d6e,63,63,0,0,63,0.0
emwp6wq7,69889d6e,39,24,15,0,24,0.38461538461538464
pad0sufd,69889d6e,21,21,0,0,21,0.0
j2pjmr32,69889d6e,24,24,0,0,24,0.0
74l1qvc1,69889d6e,14,14,0,0,14,0.0
byx9jkxm,69889d6e,14,14,0,0,14,0.0
clucow7d,69889d6e,86,16,70,0,16,0.813953488372093
3d2as981,69889d6e,64,64,0,0,64,0.0
cghxa2ie,69889d6e,32,32,0,0,32,0.0
bmlngyh3,69889d6e,56,38,17,1,38,0.30357142857142855
plfupad7,69889d6e,14,13,1,0,13,0.07142857142857142
ism64anu,69889d6e,28,28,0,0,28,0.0
n2et79bd,69889d6e,29,28,1,0,28,0.034482758620689655
zvbewhqx,69889d6e,19,19,0,0,19,0.0
0hrc9vve,69889d6e,39,3,36,0,3,0.9230769230769231
c7z6erey,69889d6e,14,14,0,0,14,0.0
8aknstxj,69889d6e,29,29,0,0,29,0.0
qazkn1sw,69889d6e,20,20,0,0,20,0.0
f0wpo2hr,69889d6e,14,14,0,0,14,0.0
hpl7jugr,69889d6e,14,1,13,0,1,0.9285714285714286
r2ck84r8,69889d6e,28,13,15,0,13,0.5357142857142857
nze0azo1,69889d6e,28,28,0,0,28,0.0
r24jdhzg,69889d6e,15,15,0,0,15,0.0
stbyxpx6,69889d6e,14,9,5,0,9,0.35714285714285715
3cc6zm51,69889d6e,14,14,0,0,14,0.0
ovhoesyy,69889d6e,14,14,0,0,14,0.0
ske58akk,69889d6e,24,24,0,0,24,0.0
02333qfj,69889d6e,15,15,0,0,15,0.0
q04yitea,69889d6e,14,14,0,0,14,0.0
44o5xnxe,69889d6e,14,8,6,0,8,0.42857142857142855
ihnjt6k4,69889d6e,17,17,0,0,17,0.0
qkiu92kk,69889d6e,14,14,0,0,14,0.0
cuybsfwr,69889d6e,29,29,0,0,29,0.0
0ra11hiv,69889d6e,18,18,0,0,18,0.0
y32zaw9c,69889d6e,14,14,0,0,14,0.0
89u58v07,69889d6e,14,14,0,0,14,0.0
szbhlpfr,69889d6e,28,15,13,0,15,0.4642857142857143
phbjwkyw,69889d6e,64,45,19,0,45,0.296875
sn10zd6g,69889d6e,14,14,0,0,14,0.0
hsm45iwx,69889d6e,26,26,0,0,26,0.0
e2w81k0i,69889d6e,16,13,3,0,13,0.1875
4s3cm7d8,69889d6e,4,4,0,0,4,0.0
lmtka1ev,6a1e5592,88,4,84,0,4,0.9545454545454546
41kp06jx,6a1e5592,74,17,57,0,17,0.7702702702702703
a0w1xgxf,6a1e5592,55,44,11,0,44,0.2
6eyovdd2,6a1e5592,28,23,5,0,23,0.17857142857142858
a6jpzpek,6a1e5592,13,3,10,0,3,0.7692307692307693
vpxztp7b,6a1e5592,83,25,58,0,25,0.6987951807228916
f1ejz9fy,6a1e5592,80,26,54,0,26,0.675
a9gvtd1o,6a1e5592,118,80,38,0,80,0.3220338983050847
c7ac53of,6a1e5592,41,3,38,0,3,0.926829268292683
rjanlii9,6a1e5592,146,54,92,0,54,0.6301369863013698
mrypomny,6a1e5592,53,30,23,0,30,0.4339622641509434
jeq3oy2g,6a1e5592,133,87,46,0,87,0.3458646616541353
tc5wgx8h,6a1e5592,61,40,21,0,40,0.3442622950819672
qqqzakmg,6a1e5592,40,1,39,0,1,0.975
648anokh,6a1e5592,97,26,71,0,26,0.7319587628865979
zc26r1al,6a1e5592,112,112,0,0,112,0.0
4stfwpke,6a1e5592,126,22,104,0,22,0.8253968253968254
vr20hyge,6a1e5592,60,46,14,0,46,0.23333333333333334
nhds6zsd,6a1e5592,53,53,0,0,53,0.0
ce9qdbyh,6a1e5592,100,6,94,0,6,0.94
03ljcqhc,6a1e5592,96,25,71,0,25,0.7395833333333334
904h81sn,6a1e5592,59,27,32,0,27,0.5423728813559322
j2dvablb,6a1e5592,103,12,91,0,12,0.883495145631068
xasfvnb7,6a1e5592,83,16,67,0,16,0.8072289156626506
sesf1qnx,6a1e5592,109,23,86,0,23,0.7889908256880734
2j8p9vyz,6a1e5592,72,10,62,0,10,0.8611111111111112
s03ed531,6a1e5592,66,66,0,0,66,0.0
ni5df01j,6a1e5592,99,43,56,0,43,0.5656565656565656
eyn3wygc,6a1e5592,58,46,12,0,46,0.20689655172413793
mrwlcmno,6a1e5592,86,31,55,0,31,0.6395348837209303
ew4oecfi,6a1e5592,61,5,56,0,5,0.9180327868852459
t2eyvuxq,6a1e5592,73,26,47,0,26,0.6438356164383562
qv0yh587,6a1e5592,50,50,0,0,50,0.0
d1vjrjhc,6a1e5592,108,26,82,0,26,0.7592592592592593
mlvcv31l,6a1e5592,91,32,59,0,32,0.6483516483516484
o4kkkuj9,6a1e5592,31,31,0,0,31,0.0
k8txaw58,6a1e5592,50,50,0,0,50,0.0
a589fsqz,6a1e5592,151,34,117,0,34,0.7748344370860927
cdo2cmtp,6a1e5592,50,50,0,0,50,0.0
uktb326q,6a1e5592,55,48,7,0,48,0.12727272727272726
kwy2bqjo,6a1e5592,78,40,38,0,40,0.48717948717948717
bw2cwy0m,6a1e5592,65,15,50,0,15,0.7692307692307693
l5sagbsh,6a1e5592,85,8,77,0,8,0.9058823529411765
v6jvgdvg,6a1e5592,54,31,23,0,31,0.42592592592592593
ljwskxcq,6a1e5592,121,10,111,0,10,0.9173553719008265
3irnkhq8,6a1e5592,66,8,58,0,8,0.8787878787878788
4s9g1cze,6a1e5592,187,12,175,0,12,0.9358288770053476
zj5uemkt,6a1e5592,72,26,46,0,26,0.6388888888888888
hsm45iwx,6a1e5592,59,13,46,0,13,0.7796610169491526
4s3cm7d8,6a1e5592,51,40,11,0,40,0.21568627450980393
e2w81k0i,6a1e5592,73,21,52,0,21,0.7123287671232876
sn10zd6g,6a1e5592,65,10,55,0,10,0.8461538461538461
phbjwkyw,6a1e5592,63,16,47,0,16,0.746031746031746
095bdwyc,6a1e5592,58,58,0,0,58,0.0
89u58v07,6a1e5592,91,35,56,0,35,0.6153846153846154
y32zaw9c,6a1e5592,47,47,0,0,47,0.0
cuybsfwr,6a1e5592,107,13,94,0,13,0.8785046728971962
qkiu92kk,6a1e5592,124,26,98,0,26,0.7903225806451613
02333qfj,6a1e5592,106,26,80,0,26,0.7547169811320755
q04yitea,6a1e5592,56,36,20,0,36,0.35714285714285715
qfsp3ery,6a1e5592,60,27,33,0,27,0.55
3cc6zm51,6a1e5592,105,33,72,0,33,0.6857142857142857
ske58akk,6a1e5592,187,32,155,0,32,0.8288770053475936
ovhoesyy,6a1e5592,61,23,38,0,23,0.6229508196721312
r24jdhzg,6a1e5592,54,50,4,0,50,0.07407407407407407
nze0azo1,6a1e5592,64,27,37,0,27,0.578125
r2ck84r8,6a1e5592,50,15,35,0,15,0.7
qazkn1sw,6a1e5592,15,6,9,0,6,0.6
f0wpo2hr,6a1e5592,70,10,60,0,10,0.8571428571428571
8aknstxj,6a1e5592,111,29,82,0,29,0.7387387387387387
c7z6erey,6a1e5592,140,66,74,0,66,0.5285714285714286
0hrc9vve,6a1e5592,24,4,20,0,4,0.8333333333333334
zvbewhqx,6a1e5592,76,22,54,0,22,0.7105263157894737
plfupad7,6a1e5592,63,26,37,0,26,0.5873015873015873
ism64anu,6a1e5592,76,13,63,0,13,0.8289473684210527
bmlngyh3,6a1e5592,160,37,123,0,37,0.76875
clucow7d,6a1e5592,118,6,112,0,6,0.9491525423728814
cghxa2ie,6a1e5592,67,8,59,0,8,0.8805970149253731
3d2as981,6a1e5592,95,26,69,0,26,0.7263157894736842
byx9jkxm,6a1e5592,84,22,62,0,22,0.7380952380952381
j2pjmr32,6a1e5592,75,53,22,0,53,0.29333333333333333
emwp6wq7,6a1e5592,86,26,60,0,26,0.6976744186046512
pad0sufd,6a1e5592,85,26,59,0,26,0.6941176470588235
154uk6vm,6a1e5592,51,51,0,0,51,0.0
ym49wqbn,6a1e5592,146,51,95,0,51,0.6506849315068494
npr5bsi2,6a1e5592,90,27,63,0,27,0.7
o5qropwk,6a1e5592,94,34,60,0,34,0.6382978723404256
5nrjvc7q,6a1e5592,62,31,31,0,31,0.5
61zahdh9,6a1e5592,54,14,40,0,14,0.7407407407407407
kmwiem6m,6a1e5592,107,7,100,0,7,0.9345794392523364
ikfbpugl,6a1e5592,27,9,18,0,9,0.6666666666666666
cp3b83py,6a1e5592,85,17,68,0,17,0.8
27d8totr,6a1e5592,81,26,55,0,26,0.6790123456790124
fkx2gd88,6a1e5592,100,6,94,0,6,0.94
qothvfhf,6a1e5592,50,50,0,0,50,0.0
icf7bchs,6a1e5592,60,48,12,0,48,0.2
aqmjput5,6a1e5592,66,45,21,0,45,0.3181818181818182
l9krayds,6a1e5592,64,47,16,1,47,0.25
nvlsix5c,6a1e5592,27,27,0,0,27,0.0
f5ohsl5h,6a1e5592,115,8,107,0,8,0.9304347826086956
bhpug29p,6a1e5592,117,46,71,0,46,0.6068376068376068
dmft9d3y,6a1e5592,58,14,44,0,14,0.7586206896551724
bdfn1h0o,6a1e5592,64,7,57,0,7,0.890625
6e5gb0yb,6a1e5592,100,15,85,0,15,0.85
om1m73rv,6a1e5592,58,23,35,0,23,0.603448275862069
o1t1fb7j,6a1e5592,71,32,39,0,32,0.5492957746478874
7agy8y3l,6a1e5592,80,29,51,0,29,0.6375
vbwguazj,6a1e5592,54,28,26,0,28,0.48148148148148145
z3die4q3,6a1e5592,94,10,84,0,10,0.8936170212765957
8jwr3j6t,6a1e5592,65,21,44,0,21,0.676923076923077
p445h6ow,6a1e5592,123,35,88,0,35,0.7154471544715447
mhskzwic,6a1e5592,51,20,31,0,20,0.6078431372549019
50nsp39w,6a1e5592,158,41,117,0,41,0.740506329113924
8yhijukj,6a1e5592,100,39,61,0,39,0.61
pz38obzd,6a1e5592,83,17,66,0,17,0.7951807228915663
xklnx39q,6a1e5592,99,7,92,0,7,0.9292929292929293
nrfiw9bx,6a1e5592,58,12,46,0,12,0.7931034482758621
onnumbyy,6a1e5592,54,31,23,0,31,0.42592592592592593
m63pxnwq,6a1e5592,80,11,69,0,11,0.8625
t3l0if03,6a1e5592,130,29,101,0,29,0.7769230769230769
nldu5ge3,6a1e5592,53,28,25,0,28,0.4716981132075472
ler5uq42,6a1e5592,53,53,0,0,53,0.0
4wx63ymf,6a1e5592,68,18,50,0,18,0.7352941176470589
nfbzvhip,6a1e5592,47,47,0,0,47,0.0
bcyhma9y,6a1e5592,56,56,0,0,56,0.0
f5ktzt2t,6a1e5592,189,19,170,0,19,0.8994708994708994
kkeej6x5,6a1e5592,63,27,36,0,27,0.5714285714285714
pcrxo3zp,6a1e5592,90,23,67,0,23,0.7444444444444445
mr7lkk46,6a1e5592,65,51,14,0,51,0.2153846153846154
2w766g1z,6a1e5592,58,21,37,0,21,0.6379310344827587
nqubyvew,6a1e5592,116,29,87,0,29,0.75
0wk7vjg8,6a1e5592,56,48,8,0,48,0.14285714285714285
2anyuqd8,6a1e5592,57,57,0,0,57,0.0
k0qq522n,6a1e5592,58,36,22,0,36,0.3793103448275862
hkj9daz7,6a1e5592,71,14,57,0,14,0.8028169014084507
zfeorjum,6a1e5592,105,34,71,0,34,0.6761904761904762
9ohxtpht,6a1e5592,63,26,37,0,26,0.5873015873015873
w12e497z,6a1e5592,62,28,34,0,28,0.5483870967741935
oxvw1rhx,6a1e5592,112,36,76,0,36,0.6785714285714286
4j6cy1mk,6a1e5592,75,26,49,0,26,0.6533333333333333
8d21w3yr,6a1e5592,64,13,51,0,13,0.796875
wa9xd98o,6a1e5592,50,48,2,0,48,0.04
zelqv7az,6a1e5592,69,28,41,0,28,0.5942028985507246
z8b26ynw,6a1e5592,70,28,42,0,28,0.6
jx6lhkbi,6a1e5592,78,19,59,0,19,0.7564102564102564
mpzcivx9,6a1e5592,79,13,66,0,13,0.8354430379746836
1qt2f29y,6a1e5592,95,55,40,0,55,0.42105263157894735
clhkwrie,6a1e5592,51,51,0,0,51,0.0
sp00glmz,6a1e5592,56,56,0,0,56,0.0
23iyreiv,6a1e5592,77,22,55,0,22,0.7142857142857143
9evwb372,6a1e5592,72,7,65,0,7,0.9027777777777778
ya0wv6pm,6a1e5592,91,26,65,0,26,0.7142857142857143
jqeesfz7,6a1e5592,50,50,0,0,50,0.0
xji13cu2,6a1e5592,56,20,36,0,20,0.6428571428571429
kck1uue7,6a1e5592,75,12,63,0,12,0.84
nx0vccp8,6a1e5592,65,64,1,0,64,0.015384615384615385
8psac9uo,6a1e5592,65,25,40,0,25,0.6153846153846154
aypxap78,6a1e5592,82,13,69,0,13,0.8414634146341463
l0nln4b2,6a1e5592,77,28,49,0,28,0.6363636363636364
ascil7wf,6a1e5592,73,13,60,0,13,0.821917808219178
8y2nd2sh,6a1e5592,86,5,81,0,5,0.9418604651162791
r99uy0qb,6a1e5592,27,3,24,0,3,0.8888888888888888
idma9086,6a1e5592,89,33,56,0,33,0.6292134831460674
7nszfy43,6a1e5592,107,50,57,0,50,0.5327102803738317
b73rrttr,6a1e5592,28,27,1,0,27,0.03571428571428571
yebzokh4,6a1e5592,64,26,38,0,26,0.59375
kavvl57w,6a1e5592,70,8,62,0,8,0.8857142857142857
qfiy90jx,6a1e5592,79,9,70,0,9,0.8860759493670886
8oohxrrz,6a1e5592,66,7,59,0,7,0.8939393939393939
x5id5i5q,6a1e5592,72,27,45,0,27,0.625
g3vslpjv,6a1e5592,70,29,41,0,29,0.5857142857142857
2d8q4qkc,6a1e5592,81,7,74,0,7,0.9135802469135802
bx44xwzb,6a1e5592,77,27,50,0,27,0.6493506493506493
o2ho0580,6a1e5592,62,52,10,0,52,0.16129032258064516
c9sps7bl,6a1e5592,83,7,76,0,7,0.9156626506024096
ldo5smvx,6a1e5592,66,8,58,0,8,0.8787878787878788
jayyv6lz,6a1e5592,79,21,58,0,21,0.7341772151898734
yfyhejim,6a1e5592,139,7,132,0,7,0.9496402877697842
0yfthc4y,6a1e5592,95,38,57,0,38,0.6
ei0ij8ms,6a1e5592,70,12,58,0,12,0.8285714285714286
2tkm21z6,6a1e5592,50,50,0,0,50,0.0
c2lwacqc,6a1e5592,83,34,49,0,34,0.5903614457831325
g7svteiz,6a1e5592,50,44,6,0,44,0.12
cw4tyx7n,6a1e5592,26,4,22,0,4,0.8461538461538461
189iqcds,6a1e5592,21,21,0,0,21,0.0
mzi8f2hv,6a1e5592,79,14,65,0,14,0.8227848101265823
fgxp8fzz,6a1e5592,63,8,55,0,8,0.873015873015873
rhbgnqhz,6a1e5592,60,9,51,0,9,0.85
72p6pxny,6a1e5592,84,16,68,0,16,0.8095238095238095
hd5k29qy,6a1e5592,72,26,46,0,26,0.6388888888888888
yebzokh4,12eac192,70,70,0,0,70,0.0
idma9086,12eac192,25,25,0,0,25,0.0
r99uy0qb,12eac192,7,3,4,0,3,0.5714285714285714
b73rrttr,12eac192,4,4,0,0,4,0.0
0fy66fv2,12eac192,14,14,0,0,14,0.0
g3vslpjv,12eac192,18,14,4,0,14,0.2222222222222222
2d8q4qkc,12eac192,20,11,9,0,11,0.45
bx44xwzb,12eac192,19,19,0,0,19,0.0
o2ho0580,12eac192,22,22,0,0,22,0.0
c9sps7bl,12eac192,19,12,7,0,12,0.3684210526315789
qfiy90jx,12eac192,23,23,0,0,23,0.0
8oohxrrz,12eac192,21,21,0,0,21,0.0
x5id5i5q,12eac192,47,47,0,0,47,0.0
kck1uue7,12eac192,4,1,3,0,1,0.75
nx0vccp8,12eac192,30,9,21,0,9,0.7
8psac9uo,12eac192,19,19,0,0,19,0.0
jqeesfz7,12eac192,19,19,0,0,19,0.0
qif0sa3r,12eac192,7,7,0,0,7,0.0
8y2nd2sh,12eac192,43,30,13,0,30,0.3023255813953488
aypxap78,12eac192,19,19,0,0,19,0.0
l0nln4b2,12eac192,47,47,0,0,47,0.0
ascil7wf,12eac192,59,31,28,0,31,0.4745762711864407
g7svteiz,12eac192,60,60,0,0,60,0.0
cw4tyx7n,12eac192,13,13,0,0,13,0.0
72p6pxny,12eac192,58,41,17,0,41,0.29310344827586204
hd5k29qy,12eac192,37,32,4,1,32,0.10810810810810811
gkse9wdn,12eac192,39,39,0,0,39,0.0
189iqcds,12eac192,19,16,3,0,16,0.15789473684210525
mzi8f2hv,12eac192,18,8,10,0,8,0.5555555555555556
qu0lm98m,12eac192,51,28,23,0,28,0.45098039215686275
ldo5smvx,12eac192,20,19,1,0,19,0.05
0yfthc4y,12eac192,32,32,0,0,32,0.0
ei0ij8ms,12eac192,64,45,19,0,45,0.296875
2tkm21z6,12eac192,26,26,0,0,26,0.0
yfyhejim,12eac192,21,16,5,0,16,0.23809523809523808
t3l0if03,12eac192,19,19,0,0,19,0.0
ler5uq42,12eac192,5,5,0,0,5,0.0
4wx63ymf,12eac192,19,14,5,0,14,0.2631578947368421
nfbzvhip,12eac192,20,20,0,0,20,0.0
mr7lkk46,12eac192,41,30,11,0,30,0.2682926829268293
2w766g1z,12eac192,17,7,10,0,7,0.5882352941176471
nqubyvew,12eac192,35,20,15,0,20,0.42857142857142855
kkeej6x5,12eac192,19,16,3,0,16,0.15789473684210525
p445h6ow,12eac192,42,23,19,0,23,0.4523809523809524
z3die4q3,12eac192,19,13,6,0,13,0.3157894736842105
mhskzwic,12eac192,19,13,6,0,13,0.3157894736842105
8yhijukj,12eac192,27,18,9,0,18,0.3333333333333333
om1m73rv,12eac192,101,60,41,0,60,0.40594059405940597
7agy8y3l,12eac192,88,61,27,0,61,0.3068181818181818
nrfiw9bx,12eac192,19,12,7,0,12,0.3684210526315789
pz38obzd,12eac192,19,19,0,0,19,0.0
xklnx39q,12eac192,22,10,12,0,10,0.5454545454545454
jx6lhkbi,12eac192,19,15,4,0,15,0.21052631578947367
z8b26ynw,12eac192,13,7,6,0,7,0.46153846153846156
zelqv7az,12eac192,14,12,2,0,12,0.14285714285714285
23iyreiv,12eac192,26,19,7,0,19,0.2692307692307692
ya0wv6pm,12eac192,38,38,0,0,38,0.0
mpzcivx9,12eac192,19,13,6,0,13,0.3157894736842105
1qt2f29y,12eac192,18,18,0,0,18,0.0
clhkwrie,12eac192,25,21,4,0,21,0.16
sp00glmz,12eac192,50,49,0,1,49,0.0
hkj9daz7,12eac192,32,26,6,0,26,0.1875
zfeorjum,12eac192,45,20,25,0,20,0.5555555555555556
w12e497z,12eac192,34,31,3,0,31,0.08823529411764706
9ohxtpht,12eac192,28,28,0,0,28,0.0
1r6yodve,12eac192,36,36,0,0,36,0.0
cbvc5e3w,12eac192,20,20,0,0,20,0.0
4j6cy1mk,12eac192,26,26,0,0,26,0.0
oxvw1rhx,12eac192,53,52,1,0,52,0.018867924528301886
8d21w3yr,12eac192,33,33,0,0,33,0.0
hpl7jugr,12eac192,19,14,5,0,14,0.2631578947368421
nze0azo1,12eac192,18,18,0,0,18,0.0
3cc6zm51,12eac192,23,23,0,0,23,0.0
ske58akk,12eac192,20,9,11,0,9,0.55
ovhoesyy,12eac192,6,2,4,0,2,0.6666666666666666
r24jdhzg,12eac192,67,67,0,0,67,0.0
stbyxpx6,12eac192,5,5,0,0,5,0.0
zvbewhqx,12eac192,22,14,8,0,14,0.36363636363636365
plfupad7,12eac192,19,19,0,0,19,0.0
n2et79bd,12eac192,1,1,0,0,1,0.0
ism64anu,12eac192,19,13,6,0,13,0.3157894736842105
qazkn1sw,12eac192,29,12,17,0,12,0.5862068965517241
f0wpo2hr,12eac192,19,19,0,0,19,0.0
8aknstxj,12eac192,3,3,0,0,3,0.0
c7z6erey,12eac192,19,19,0,0,19,0.0
szbhlpfr,12eac192,29,29,0,0,29,0.0
phbjwkyw,12eac192,42,32,10,0,32,0.23809523809523808
89u58v07,12eac192,26,26,0,0,26,0.0
hsm45iwx,12eac192,15,9,6,0,9,0.4
e2w81k0i,12eac192,25,11,14,0,11,0.56
4s3cm7d8,12eac192,42,42,0,0,42,0.0
sn10zd6g,12eac192,32,14,18,0,14,0.5625
44o5xnxe,12eac192,47,17,30,0,17,0.6382978723404256
qfsp3ery,12eac192,24,24,0,0,24,0.0
q04yitea,12eac192,29,20,9,0,20,0.3103448275862069
y32zaw9c,12eac192,97,97,0,0,97,0.0
cuybsfwr,12eac192,5,5,0,0,5,0.0
cp3b83py,12eac192,19,15,4,0,15,0.21052631578947367
27d8totr,12eac192,19,19,0,0,19,0.0
fkx2gd88,12eac192,20,12,8,0,12,0.4
qothvfhf,12eac192,41,41,0,0,41,0.0
kmwiem6m,12eac192,19,19,0,0,19,0.0
d33m799j,12eac192,17,1,16,0,1,0.9411764705882353
bdfn1h0o,12eac192,58,44,14,0,44,0.2413793103448276
dmft9d3y,12eac192,1,1,0,0,1,0.0
6e5gb0yb,12eac192,49,39,9,1,39,0.1836734693877551
icf7bchs,12eac192,115,112,1,2,112,0.008695652173913044
aqmjput5,12eac192,29,22,7,0,22,0.2413793103448276
l9krayds,12eac192,12,12,0,0,12,0.0
bhpug29p,12eac192,5,4,1,0,4,0.2
byx9jkxm,12eac192,47,23,24,0,23,0.5106382978723404
bmlngyh3,12eac192,16,16,0,0,16,0.0
clucow7d,12eac192,45,45,0,0,45,0.0
3d2as981,12eac192,7,7,0,0,7,0.0
cghxa2ie,12eac192,26,16,10,0,16,0.38461538461538464
o5qropwk,12eac192,10,7,3,0,7,0.3
5nrjvc7q,12eac192,21,21,0,0,21,0.0
ol9lky1i,12eac192,16,16,0,0,16,0.0
61zahdh9,12eac192,39,34,5,0,34,0.1282051282051282
emwp6wq7,12eac192,96,79,17,0,79,0.17708333333333334
pad0sufd,12eac192,42,42,0,0,42,0.0
npr5bsi2,12eac192,2,2,0,0,2,0.0
154uk6vm,12eac192,25,25,0,0,25,0.0
ym49wqbn,12eac192,33,28,5,0,28,0.15151515151515152
vr20hyge,12eac192,2,2,0,0,2,0.0
03ljcqhc,12eac192,25,15,10,0,15,0.4
904h81sn,12eac192,53,44,8,1,44,0.1509433962264151
j2dvablb,12eac192,16,15,1,0,15,0.0625
vpxztp7b,12eac192,19,19,0,0,19,0.0
f1ejz9fy,12eac192,27,21,6,0,21,0.2222222222222222
e0biso3r,12eac192,19,19,0,0,19,0.0
lmtka1ev,12eac192,20,13,7,0,13,0.35
a0w1xgxf,12eac192,9,3,6,0,3,0.6666666666666666
6eyovdd2,12eac192,45,43,2,0,43,0.044444444444444446
a6jpzpek,12eac192,4,4,0,0,4,0.0
648anokh,12eac192,19,19,0,0,19,0.0
zc26r1al,12eac192,46,44,2,0,44,0.043478260869565216
rjanlii9,12eac192,8,3,5,0,3,0.625
c7ac53of,12eac192,24,3,21,0,3,0.875
mrypomny,12eac192,28,24,4,0,24,0.14285714285714285
tc5wgx8h,12eac192,19,19,0,0,19,0.0
bw2cwy0m,12eac192,11,11,0,0,11,0.0
kwy2bqjo,12eac192,25,25,0,0,25,0.0
cdo2cmtp,12eac192,33,33,0,0,33,0.0
l5sagbsh,12eac192,19,13,6,0,13,0.3157894736842105
v6jvgdvg,12eac192,7,7,0,0,7,0.0
ljwskxcq,12eac192,19,14,5,0,14,0.2631578947368421
3irnkhq8,12eac192,20,2,18,0,2,0.9
4s9g1cze,12eac192,25,21,4,0,21,0.16
ni5df01j,12eac192,19,17,2,0,17,0.10526315789473684
eyn3wygc,12eac192,75,74,1,0,74,0.013333333333333334
mrwlcmno,12eac192,21,21,0,0,21,0.0
ew4oecfi,12eac192,38,26,12,0,26,0.3157894736842105
2j8p9vyz,12eac192,55,38,16,1,38,0.2909090909090909
s03ed531,12eac192,1,1,0,0,1,0.0
wcau806y,12eac192,2,2,0,0,2,0.0
o4kkkuj9,12eac192,61,61,0,0,61,0.0
k8txaw58,12eac192,41,23,18,0,23,0.43902439024390244
a589fsqz,12eac192,15,15,0,0,15,0.0
t2eyvuxq,12eac192,48,39,9,0,39,0.1875
qv0yh587,12eac192,27,27,0,0,27,0.0
mpzcivx9,1e32b0e9,54,12,42,0,12,0.7777777777777778
clhkwrie,1e32b0e9,46,46,0,0,46,0.0
1qt2f29y,1e32b0e9,78,78,0,0,78,0.0
sp00glmz,1e32b0e9,46,46,0,0,46,0.0
23iyreiv,1e32b0e9,56,56,0,0,56,0.0
ya0wv6pm,1e32b0e9,54,54,0,0,54,0.0
cfclud8z,1e32b0e9,70,20,50,0,20,0.7142857142857143
z8b26ynw,1e32b0e9,71,23,48,0,23,0.676056338028169
zelqv7az,1e32b0e9,54,54,0,0,54,0.0
jx6lhkbi,1e32b0e9,58,19,39,0,19,0.6724137931034483
4j6cy1mk,1e32b0e9,68,34,34,0,34,0.5
oxvw1rhx,1e32b0e9,134,78,56,0,78,0.417910447761194
8d21w3yr,1e32b0e9,10,10,0,0,10,0.0
wa9xd98o,1e32b0e9,62,57,5,0,57,0.08064516129032258
0wk7vjg8,1e32b0e9,54,20,34,0,20,0.6296296296296297
1r6yodve,1e32b0e9,84,84,0,0,84,0.0
cbvc5e3w,1e32b0e9,124,124,0,0,124,0.0
k0qq522n,1e32b0e9,34,34,0,0,34,0.0
zfeorjum,1e32b0e9,90,25,65,0,25,0.7222222222222222
hkj9daz7,1e32b0e9,105,20,85,0,20,0.8095238095238095
w12e497z,1e32b0e9,213,35,178,0,35,0.8356807511737089
9ohxtpht,1e32b0e9,117,117,0,0,117,0.0
bcyhma9y,1e32b0e9,1,1,0,0,1,0.0
pcrxo3zp,1e32b0e9,57,14,43,0,14,0.7543859649122807
f5ktzt2t,1e32b0e9,131,36,95,0,36,0.7251908396946565
kkeej6x5,1e32b0e9,54,26,28,0,26,0.5185185185185185
5vv1rrzw,1e32b0e9,56,56,0,0,56,0.0
mr7lkk46,1e32b0e9,86,37,49,0,37,0.5697674418604651
2w766g1z,1e32b0e9,68,68,0,0,68,0.0
nqubyvew,1e32b0e9,163,99,64,0,99,0.39263803680981596
onnumbyy,1e32b0e9,64,50,14,0,50,0.21875
m63pxnwq,1e32b0e9,66,13,53,0,13,0.803030303030303
nldu5ge3,1e32b0e9,54,13,41,0,13,0.7592592592592593
t3l0if03,1e32b0e9,12,8,4,0,8,0.3333333333333333
ler5uq42,1e32b0e9,2,2,0,0,2,0.0
nfbzvhip,1e32b0e9,130,129,1,0,129,0.007692307692307693
4wx63ymf,1e32b0e9,54,12,42,0,12,0.7777777777777778
pz38obzd,1e32b0e9,109,37,72,0,37,0.6605504587155964
xklnx39q,1e32b0e9,89,42,47,0,42,0.5280898876404494
nrfiw9bx,1e32b0e9,56,15,41,0,15,0.7321428571428571
om1m73rv,1e32b0e9,163,37,126,0,37,0.7730061349693251
7agy8y3l,1e32b0e9,67,32,35,0,32,0.5223880597014925
z3die4q3,1e32b0e9,59,13,46,0,13,0.7796610169491526
mhskzwic,1e32b0e9,54,22,32,0,22,0.5925925925925926
8yhijukj,1e32b0e9,27,4,23,0,4,0.8518518518518519
50nsp39w,1e32b0e9,166,52,114,0,52,0.6867469879518072
189iqcds,1e32b0e9,54,54,0,0,54,0.0
mzi8f2hv,1e32b0e9,56,50,6,0,50,0.10714285714285714
fgxp8fzz,1e32b0e9,49,6,43,0,6,0.8775510204081632
72p6pxny,1e32b0e9,232,72,160,0,72,0.6896551724137931
rhbgnqhz,1e32b0e9,54,12,42,0,12,0.7777777777777778
hd5k29qy,1e32b0e9,144,38,106,0,38,0.7361111111111112
g7svteiz,1e32b0e9,178,80,98,0,80,0.550561797752809
c2lwacqc,1e32b0e9,58,15,43,0,15,0.7413793103448276
cw4tyx7n,1e32b0e9,4,1,3,0,1,0.75
9wkeb5tu,1e32b0e9,54,12,42,0,12,0.7777777777777778
yfyhejim,1e32b0e9,114,43,71,0,43,0.6228070175438597
0yfthc4y,1e32b0e9,54,54,0,0,54,0.0
ei0ij8ms,1e32b0e9,57,13,44,0,13,0.7719298245614035
2tkm21z6,1e32b0e9,64,63,1,0,63,0.015625
ldo5smvx,1e32b0e9,1,1,0,0,1,0.0
jayyv6lz,1e32b0e9,184,120,64,0,120,0.34782608695652173
qu0lm98m,1e32b0e9,54,36,18,0,36,0.3333333333333333
qfiy90jx,1e32b0e9,54,24,30,0,24,0.5555555555555556
8oohxrrz,1e32b0e9,55,12,43,0,12,0.7818181818181819
x5id5i5q,1e32b0e9,129,79,50,0,79,0.3875968992248062
g3vslpjv,1e32b0e9,73,42,31,0,42,0.4246575342465753
bx44xwzb,1e32b0e9,56,55,1,0,55,0.017857142857142856
o2ho0580,1e32b0e9,2,2,0,0,2,0.0
c9sps7bl,1e32b0e9,60,14,46,0,14,0.7666666666666667
idma9086,1e32b0e9,8,8,0,0,8,0.0
r99uy0qb,1e32b0e9,74,30,44,0,30,0.5945945945945946
b73rrttr,1e32b0e9,16,16,0,0,16,0.0
0fy66fv2,1e32b0e9,23,23,0,0,23,0.0
yebzokh4,1e32b0e9,102,100,2,0,100,0.0196078431372549
kavvl57w,1e32b0e9,54,12,42,0,12,0.7777777777777778
aypxap78,1e32b0e9,55,12,43,0,12,0.7818181818181819
l0nln4b2,1e32b0e9,54,54,0,0,54,0.0
ascil7wf,1e32b0e9,56,19,37,0,19,0.6607142857142857
8y2nd2sh,1e32b0e9,57,13,44,0,13,0.7719298245614035
jqeesfz7,1e32b0e9,56,56,0,0,56,0.0
kck1uue7,1e32b0e9,58,15,43,0,15,0.7413793103448276
8psac9uo,1e32b0e9,54,54,0,0,54,0.0
nx0vccp8,1e32b0e9,28,28,0,0,28,0.0
v6jvgdvg,1e32b0e9,103,103,0,0,103,0.0
l5sagbsh,1e32b0e9,57,14,43,0,14,0.7543859649122807
4s9g1cze,1e32b0e9,86,19,67,0,19,0.7790697674418605
3irnkhq8,1e32b0e9,60,18,42,0,18,0.7
zj5uemkt,1e32b0e9,39,39,0,0,39,0.0
cdo2cmtp,1e32b0e9,54,54,0,0,54,0.0
uktb326q,1e32b0e9,67,67,0,0,67,0.0
bw2cwy0m,1e32b0e9,58,35,23,0,35,0.39655172413793105
kwy2bqjo,1e32b0e9,54,54,0,0,54,0.0
t2eyvuxq,1e32b0e9,66,50,16,0,50,0.24242424242424243
qv0yh587,1e32b0e9,19,12,7,0,12,0.3684210526315789
o4kkkuj9,1e32b0e9,54,54,0,0,54,0.0
k8txaw58,1e32b0e9,119,28,91,0,28,0.7647058823529411
mlvcv31l,1e32b0e9,74,23,51,0,23,0.6891891891891891
a589fsqz,1e32b0e9,54,24,30,0,24,0.5555555555555556
2j8p9vyz,1e32b0e9,62,13,49,0,13,0.7903225806451613
s03ed531,1e32b0e9,62,62,0,0,62,0.0
wcau806y,1e32b0e9,55,45,10,0,45,0.18181818181818182
eyn3wygc,1e32b0e9,54,54,0,0,54,0.0
ni5df01j,1e32b0e9,55,16,39,0,16,0.7090909090909091
mrwlcmno,1e32b0e9,54,54,0,0,54,0.0
ew4oecfi,1e32b0e9,56,14,42,0,14,0.75
904h81sn,1e32b0e9,76,47,29,0,47,0.3815789473684211
so5k1adg,1e32b0e9,72,72,0,0,72,0.0
j2dvablb,1e32b0e9,54,13,41,0,13,0.7592592592592593
xasfvnb7,1e32b0e9,11,10,1,0,10,0.09090909090909091
sesf1qnx,1e32b0e9,77,26,51,0,26,0.6623376623376623
4stfwpke,1e32b0e9,121,51,70,0,51,0.5785123966942148
nhds6zsd,1e32b0e9,58,58,0,0,58,0.0
vr20hyge,1e32b0e9,28,28,0,0,28,0.0
rjanlii9,1e32b0e9,190,80,110,0,80,0.5789473684210527
c7ac53of,1e32b0e9,7,3,4,0,3,0.5714285714285714
mrypomny,1e32b0e9,56,55,1,0,55,0.017857142857142856
tc5wgx8h,1e32b0e9,71,19,52,0,19,0.7323943661971831
qqqzakmg,1e32b0e9,82,4,78,0,4,0.9512195121951219
648anokh,1e32b0e9,58,17,41,0,17,0.7068965517241379
lmtka1ev,1e32b0e9,55,12,43,0,12,0.7818181818181819
a0w1xgxf,1e32b0e9,92,91,1,0,91,0.010869565217391304
41kp06jx,1e32b0e9,64,20,44,0,20,0.6875
a6jpzpek,1e32b0e9,7,4,3,0,4,0.42857142857142855
6eyovdd2,1e32b0e9,112,70,42,0,70,0.375
vpxztp7b,1e32b0e9,56,19,37,0,19,0.6607142857142857
f1ejz9fy,1e32b0e9,122,53,69,0,53,0.5655737704918032
a9gvtd1o,1e32b0e9,54,54,0,0,54,0.0
e0biso3r,1e32b0e9,54,36,18,0,36,0.3333333333333333
icf7bchs,1e32b0e9,161,45,116,0,45,0.7204968944099379
l9krayds,1e32b0e9,199,45,153,1,45,0.7688442211055276
aqmjput5,1e32b0e9,180,58,121,1,58,0.6722222222222223
nvlsix5c,1e32b0e9,29,29,0,0,29,0.0
f5ohsl5h,1e32b0e9,63,15,48,0,15,0.7619047619047619
dmft9d3y,1e32b0e9,103,33,70,0,33,0.6796116504854369
6e5gb0yb,1e32b0e9,54,39,15,0,39,0.2777777777777778
kmwiem6m,1e32b0e9,55,12,43,0,12,0.7818181818181819
d33m799j,1e32b0e9,67,2,65,0,2,0.9701492537313433
cp3b83py,1e32b0e9,54,17,37,0,17,0.6851851851851852
fkx2gd88,1e32b0e9,59,16,43,0,16,0.7288135593220338
27d8totr,1e32b0e9,54,13,41,0,13,0.7592592592592593
91fk0af9,1e32b0e9,58,58,0,0,58,0.0
qothvfhf,1e32b0e9,60,59,0,1,59,0.0
emwp6wq7,1e32b0e9,112,54,58,0,54,0.5178571428571429
pad0sufd,1e32b0e9,54,33,21,0,33,0.3888888888888889
xeu3j3ki,1e32b0e9,58,29,29,0,29,0.5
npr5bsi2,1e32b0e9,54,54,0,0,54,0.0
ym49wqbn,1e32b0e9,286,190,96,0,190,0.3356643356643357
154uk6vm,1e32b0e9,108,108,0,0,108,0.0
o5qropwk,1e32b0e9,8,5,3,0,5,0.375
5nrjvc7q,1e32b0e9,108,108,0,0,108,0.0
bmlngyh3,1e32b0e9,234,66,168,0,66,0.717948717948718
clucow7d,1e32b0e9,79,24,55,0,24,0.6962025316455697
3d2as981,1e32b0e9,105,28,77,0,28,0.7333333333333333
cghxa2ie,1e32b0e9,87,32,55,0,32,0.632183908045977
byx9jkxm,1e32b0e9,54,12,42,0,12,0.7777777777777778
qazkn1sw,1e32b0e9,19,6,13,0,6,0.6842105263157895
f0wpo2hr,1e32b0e9,63,14,49,0,14,0.7777777777777778
c7z6erey,1e32b0e9,55,12,43,0,12,0.7818181818181819
8aknstxj,1e32b0e9,61,21,39,1,21,0.639344262295082
zvbewhqx,1e32b0e9,69,35,34,0,35,0.4927536231884058
0hrc9vve,1e32b0e9,19,4,15,0,4,0.7894736842105263
plfupad7,1e32b0e9,61,30,31,0,30,0.5081967213114754
ism64anu,1e32b0e9,65,19,46,0,19,0.7076923076923077
n2et79bd,1e32b0e9,56,56,0,0,56,0.0
3cc6zm51,1e32b0e9,54,54,0,0,54,0.0
ovhoesyy,1e32b0e9,61,18,43,0,18,0.7049180327868853
ske58akk,1e32b0e9,57,14,43,0,14,0.7543859649122807
r24jdhzg,1e32b0e9,83,83,0,0,83,0.0
stbyxpx6,1e32b0e9,61,21,40,0,21,0.6557377049180327
r2ck84r8,1e32b0e9,54,13,41,0,13,0.7592592592592593
nze0azo1,1e32b0e9,45,31,14,0,31,0.3111111111111111
y32zaw9c,1e32b0e9,56,55,1,0,55,0.017857142857142856
cuybsfwr,1e32b0e9,72,47,25,0,47,0.3472222222222222
0ra11hiv,1e32b0e9,60,41,19,0,41,0.31666666666666665
44o5xnxe,1e32b0e9,56,17,39,0,17,0.6964285714285714
02333qfj,1e32b0e9,54,54,0,0,54,0.0
qfsp3ery,1e32b0e9,21,6,15,0,6,0.7142857142857143
q04yitea,1e32b0e9,63,20,43,0,20,0.6825396825396826
hsm45iwx,1e32b0e9,63,13,50,0,13,0.7936507936507936
e2w81k0i,1e32b0e9,75,27,48,0,27,0.64
4s3cm7d8,1e32b0e9,74,71,3,0,71,0.04054054054054054
sn10zd6g,1e32b0e9,61,24,37,0,24,0.6065573770491803
szbhlpfr,1e32b0e9,58,36,22,0,36,0.3793103448275862
phbjwkyw,1e32b0e9,56,42,14,0,42,0.25
89u58v07,1e32b0e9,77,30,47,0,30,0.6103896103896104
03ljcqhc,0b17323b,2,2,0,0,2,0.0
ce9qdbyh,0b17323b,2,2,0,0,2,0.0
904h81sn,0b17323b,2,2,0,0,2,0.0
so5k1adg,0b17323b,2,2,0,0,2,0.0
j2dvablb,0b17323b,2,2,0,0,2,0.0
xasfvnb7,0b17323b,7,7,0,0,7,0.0
sesf1qnx,0b17323b,2,2,0,0,2,0.0
nhds6zsd,0b17323b,2,2,0,0,2,0.0
rjanlii9,0b17323b,2,2,0,0,2,0.0
c7ac53of,0b17323b,3,3,0,0,3,0.0
jeq3oy2g,0b17323b,6,6,0,0,6,0.0
mrypomny,0b17323b,2,2,0,0,2,0.0
8bgj1tsd,0b17323b,2,2,0,0,2,0.0
tc5wgx8h,0b17323b,6,6,0,0,6,0.0
qqqzakmg,0b17323b,51,1,50,0,1,0.9803921568627451
648anokh,0b17323b,2,2,0,0,2,0.0
lmtka1ev,0b17323b,2,2,0,0,2,0.0
a0w1xgxf,0b17323b,4,4,0,0,4,0.0
41kp06jx,0b17323b,2,2,0,0,2,0.0
a6jpzpek,0b17323b,11,11,0,0,11,0.0
6eyovdd2,0b17323b,2,2,0,0,2,0.0
vpxztp7b,0b17323b,2,2,0,0,2,0.0
f1ejz9fy,0b17323b,4,4,0,0,4,0.0
a9gvtd1o,0b17323b,2,2,0,0,2,0.0
e0biso3r,0b17323b,2,2,0,0,2,0.0
v6jvgdvg,0b17323b,6,6,0,0,6,0.0
l5sagbsh,0b17323b,2,2,0,0,2,0.0
ljwskxcq,0b17323b,2,2,0,0,2,0.0
3irnkhq8,0b17323b,2,2,0,0,2,0.0
4s9g1cze,0b17323b,2,2,0,0,2,0.0
zj5uemkt,0b17323b,2,2,0,0,2,0.0
cdo2cmtp,0b17323b,2,2,0,0,2,0.0
uktb326q,0b17323b,2,2,0,0,2,0.0
kwy2bqjo,0b17323b,4,4,0,0,4,0.0
bw2cwy0m,0b17323b,2,2,0,0,2,0.0
t2eyvuxq,0b17323b,2,2,0,0,2,0.0
qv0yh587,0b17323b,5,5,0,0,5,0.0
d1vjrjhc,0b17323b,2,2,0,0,2,0.0
mlvcv31l,0b17323b,2,2,0,0,2,0.0
o4kkkuj9,0b17323b,2,2,0,0,2,0.0
k8txaw58,0b17323b,2,2,0,0,2,0.0
a589fsqz,0b17323b,2,2,0,0,2,0.0
2j8p9vyz,0b17323b,2,2,0,0,2,0.0
s03ed531,0b17323b,2,2,0,0,2,0.0
wcau806y,0b17323b,2,2,0,0,2,0.0
ni5df01j,0b17323b,2,2,0,0,2,0.0
eyn3wygc,0b17323b,6,6,0,0,6,0.0
mrwlcmno,0b17323b,2,2,0,0,2,0.0
ew4oecfi,0b17323b,2,2,0,0,2,0.0
qazkn1sw,0b17323b,5,5,0,0,5,0.0
f0wpo2hr,0b17323b,2,2,0,0,2,0.0
c7z6erey,0b17323b,2,2,0,0,2,0.0
8aknstxj,0b17323b,2,2,0,0,2,0.0
zvbewhqx,0b17323b,2,2,0,0,2,0.0
0hrc9vve,0b17323b,11,2,9,0,2,0.8181818181818182
plfupad7,0b17323b,2,2,0,0,2,0.0
n2et79bd,0b17323b,2,2,0,0,2,0.0
3cc6zm51,0b17323b,4,4,0,0,4,0.0
ske58akk,0b17323b,2,2,0,0,2,0.0
ovhoesyy,0b17323b,2,2,0,0,2,0.0
r24jdhzg,0b17323b,10,10,0,0,10,0.0
nze0azo1,0b17323b,2,2,0,0,2,0.0
r2ck84r8,0b17323b,2,2,0,0,2,0.0
y32zaw9c,0b17323b,2,2,0,0,2,0.0
cuybsfwr,0b17323b,6,6,0,0,6,0.0
0ra11hiv,0b17323b,2,2,0,0,2,0.0
44o5xnxe,0b17323b,2,2,0,0,2,0.0
qkiu92kk,0b17323b,2,2,0,0,2,0.0
02333qfj,0b17323b,2,2,0,0,2,0.0
qfsp3ery,0b17323b,2,2,0,0,2,0.0
q04yitea,0b17323b,2,2,0,0,2,0.0
hsm45iwx,0b17323b,2,2,0,0,2,0.0
e2w81k0i,0b17323b,2,2,0,0,2,0.0
4s3cm7d8,0b17323b,2,2,0,0,2,0.0
sn10zd6g,0b17323b,2,2,0,0,2,0.0
szbhlpfr,0b17323b,2,2,0,0,2,0.0
phbjwkyw,0b17323b,2,2,0,0,2,0.0
89u58v07,0b17323b,2,2,0,0,2,0.0
095bdwyc,0b17323b,7,7,0,0,7,0.0
l9krayds,0b17323b,15,15,0,0,15,0.0
aqmjput5,0b17323b,2,2,0,0,2,0.0
f5ohsl5h,0b17323b,2,2,0,0,2,0.0
dmft9d3y,0b17323b,2,2,0,0,2,0.0
6e5gb0yb,0b17323b,2,2,0,0,2,0.0
pgtp756s,0b17323b,4,4,0,0,4,0.0
kmwiem6m,0b17323b,2,2,0,0,2,0.0
ikfbpugl,0b17323b,2,2,0,0,2,0.0
d33m799j,0b17323b,24,1,23,0,1,0.9583333333333334
cp3b83py,0b17323b,2,2,0,0,2,0.0
27d8totr,0b17323b,2,2,0,0,2,0.0
91fk0af9,0b17323b,2,2,0,0,2,0.0
qothvfhf,0b17323b,2,2,0,0,2,0.0
emwp6wq7,0b17323b,7,7,0,0,7,0.0
pad0sufd,0b17323b,2,2,0,0,2,0.0
xeu3j3ki,0b17323b,2,2,0,0,2,0.0
npr5bsi2,0b17323b,2,2,0,0,2,0.0
ym49wqbn,0b17323b,23,23,0,0,23,0.0
o5qropwk,0b17323b,2,2,0,0,2,0.0
5nrjvc7q,0b17323b,2,2,0,0,2,0.0
61zahdh9,0b17323b,3,3,0,0,3,0.0
y8mzyzjc,0b17323b,2,2,0,0,2,0.0
bmlngyh3,0b17323b,2,2,0,0,2,0.0
clucow7d,0b17323b,2,2,0,0,2,0.0
cghxa2ie,0b17323b,2,2,0,0,2,0.0
byx9jkxm,0b17323b,2,2,0,0,2,0.0
j2pjmr32,0b17323b,5,5,0,0,5,0.0
bcyhma9y,0b17323b,4,4,0,0,4,0.0
pcrxo3zp,0b17323b,2,2,0,0,2,0.0
f5ktzt2t,0b17323b,2,2,0,0,2,0.0
kkeej6x5,0b17323b,2,2,0,0,2,0.0
mr7lkk46,0b17323b,2,2,0,0,2,0.0
5vv1rrzw,0b17323b,4,4,0,0,4,0.0
2w766g1z,0b17323b,2,2,0,0,2,0.0
nqubyvew,0b17323b,4,4,0,0,4,0.0
m63pxnwq,0b17323b,2,2,0,0,2,0.0
nldu5ge3,0b17323b,2,2,0,0,2,0.0
t3l0if03,0b17323b,2,2,0,0,2,0.0
ler5uq42,0b17323b,5,5,0,0,5,0.0
4wx63ymf,0b17323b,2,2,0,0,2,0.0
nfbzvhip,0b17323b,2,2,0,0,2,0.0
pz38obzd,0b17323b,2,2,0,0,2,0.0
xklnx39q,0b17323b,2,2,0,0,2,0.0
nrfiw9bx,0b17323b,2,2,0,0,2,0.0
om1m73rv,0b17323b,2,2,0,0,2,0.0
vbwguazj,0b17323b,2,2,0,0,2,0.0
o1t1fb7j,0b17323b,2,2,0,0,2,0.0
7agy8y3l,0b17323b,2,2,0,0,2,0.0
8jwr3j6t,0b17323b,2,2,0,0,2,0.0
z3die4q3,0b17323b,2,2,0,0,2,0.0
mhskzwic,0b17323b,18,8,10,0,8,0.5555555555555556
8yhijukj,0b17323b,2,2,0,0,2,0.0
mpzcivx9,0b17323b,2,2,0,0,2,0.0
clhkwrie,0b17323b,4,4,0,0,4,0.0
1qt2f29y,0b17323b,2,2,0,0,2,0.0
sp00glmz,0b17323b,2,2,0,0,2,0.0
23iyreiv,0b17323b,2,2,0,0,2,0.0
ya0wv6pm,0b17323b,10,10,0,0,10,0.0
9evwb372,0b17323b,2,2,0,0,2,0.0
cfclud8z,0b17323b,3,3,0,0,3,0.0
z8b26ynw,0b17323b,2,2,0,0,2,0.0
zelqv7az,0b17323b,2,2,0,0,2,0.0
jx6lhkbi,0b17323b,4,4,0,0,4,0.0
4j6cy1mk,0b17323b,2,2,0,0,2,0.0
fl73adm5,0b17323b,2,2,0,0,2,0.0
oxvw1rhx,0b17323b,2,2,0,0,2,0.0
8d21w3yr,0b17323b,2,2,0,0,2,0.0
wa9xd98o,0b17323b,2,2,0,0,2,0.0
2anyuqd8,0b17323b,2,2,0,0,2,0.0
1r6yodve,0b17323b,3,3,0,0,3,0.0
cbvc5e3w,0b17323b,2,2,0,0,2,0.0
zfeorjum,0b17323b,27,9,18,0,9,0.6666666666666666
hkj9daz7,0b17323b,2,2,0,0,2,0.0
9ohxtpht,0b17323b,2,2,0,0,2,0.0
qfiy90jx,0b17323b,2,2,0,0,2,0.0
8oohxrrz,0b17323b,2,2,0,0,2,0.0
g3vslpjv,0b17323b,2,2,0,0,2,0.0
2d8q4qkc,0b17323b,6,6,0,0,6,0.0
bx44xwzb,0b17323b,5,5,0,0,5,0.0
o2ho0580,0b17323b,5,5,0,0,5,0.0
c9sps7bl,0b17323b,2,2,0,0,2,0.0
idma9086,0b17323b,2,2,0,0,2,0.0
r99uy0qb,0b17323b,2,2,0,0,2,0.0
7nszfy43,0b17323b,2,2,0,0,2,0.0
b73rrttr,0b17323b,11,11,0,0,11,0.0
yebzokh4,0b17323b,2,2,0,0,2,0.0
aypxap78,0b17323b,2,2,0,0,2,0.0
l0nln4b2,0b17323b,2,2,0,0,2,0.0
ascil7wf,0b17323b,2,2,0,0,2,0.0
8y2nd2sh,0b17323b,2,2,0,0,2,0.0
jqeesfz7,0b17323b,6,6,0,0,6,0.0
9pjr0waw,0b17323b,2,2,0,0,2,0.0
kck1uue7,0b17323b,2,2,0,0,2,0.0
nx0vccp8,0b17323b,2,2,0,0,2,0.0
8psac9uo,0b17323b,2,2,0,0,2,0.0
189iqcds,0b17323b,2,2,0,0,2,0.0
mzi8f2hv,0b17323b,2,2,0,0,2,0.0
fgxp8fzz,0b17323b,2,2,0,0,2,0.0
72p6pxny,0b17323b,14,14,0,0,14,0.0
rhbgnqhz,0b17323b,2,2,0,0,2,0.0
hd5k29qy,0b17323b,4,4,0,0,4,0.0
g7svteiz,0b17323b,2,2,0,0,2,0.0
c2lwacqc,0b17323b,2,2,0,0,2,0.0
cw4tyx7n,0b17323b,4,4,0,0,4,0.0
9wkeb5tu,0b17323b,4,4,0,0,4,0.0
yfyhejim,0b17323b,2,2,0,0,2,0.0
0yfthc4y,0b17323b,2,2,0,0,2,0.0
ei0ij8ms,0b17323b,2,2,0,0,2,0.0
2tkm21z6,0b17323b,2,2,0,0,2,0.0
ldo5smvx,0b17323b,2,2,0,0,2,0.0
jayyv6lz,0b17323b,10,10,0,0,10,0.0
qu0lm98m,0b17323b,6,6,0,0,6,0.0
fgxp8fzz,ca8f78db,80,45,35,0,45,0.4375
xgvto4mg,ca8f78db,74,74,0,0,74,0.0
mzi8f2hv,ca8f78db,81,56,25,0,56,0.30864197530864196
hd5k29qy,ca8f78db,73,73,0,0,73,0.0
72p6pxny,ca8f78db,76,47,29,0,47,0.3815789473684211
rhbgnqhz,ca8f78db,108,38,70,0,38,0.6481481481481481
cw4tyx7n,ca8f78db,1,1,0,0,1,0.0
g7svteiz,ca8f78db,74,47,27,0,47,0.36486486486486486
c2lwacqc,ca8f78db,81,48,33,0,48,0.4074074074074074
yc52i3qf,ca8f78db,75,46,29,0,46,0.38666666666666666
yfyhejim,ca8f78db,83,51,32,0,51,0.3855421686746988
2tkm21z6,ca8f78db,73,73,0,0,73,0.0
ei0ij8ms,ca8f78db,75,43,32,0,43,0.4266666666666667
0yfthc4y,ca8f78db,1412,80,1332,0,80,0.943342776203966
ldo5smvx,ca8f78db,80,46,34,0,46,0.425
qu0lm98m,ca8f78db,75,50,25,0,50,0.3333333333333333
jayyv6lz,ca8f78db,74,44,30,0,44,0.40540540540540543
x5id5i5q,ca8f78db,82,56,26,0,56,0.3170731707317073
8oohxrrz,ca8f78db,73,44,29,0,44,0.3972602739726027
qfiy90jx,ca8f78db,73,69,4,0,69,0.0547945205479452
c9sps7bl,ca8f78db,84,44,40,0,44,0.47619047619047616
o2ho0580,ca8f78db,151,86,65,0,86,0.4304635761589404
bx44xwzb,ca8f78db,73,58,15,0,58,0.2054794520547945
2d8q4qkc,ca8f78db,89,45,44,0,45,0.4943820224719101
g3vslpjv,ca8f78db,77,47,30,0,47,0.38961038961038963
b73rrttr,ca8f78db,5,4,0,1,4,0.0
7nszfy43,ca8f78db,92,88,4,0,88,0.043478260869565216
idma9086,ca8f78db,74,48,26,0,48,0.35135135135135137
r99uy0qb,ca8f78db,33,2,31,0,2,0.9393939393939394
kavvl57w,ca8f78db,76,42,34,0,42,0.4473684210526316
yebzokh4,ca8f78db,76,76,0,0,76,0.0
ascil7wf,ca8f78db,75,75,0,0,75,0.0
l0nln4b2,ca8f78db,76,47,29,0,47,0.3815789473684211
aypxap78,ca8f78db,78,46,32,0,46,0.41025641025641024
8y2nd2sh,ca8f78db,79,45,34,0,45,0.43037974683544306
jqeesfz7,ca8f78db,90,90,0,0,90,0.0
8psac9uo,ca8f78db,83,66,17,0,66,0.20481927710843373
nx0vccp8,ca8f78db,74,72,2,0,72,0.02702702702702703
kck1uue7,ca8f78db,83,45,38,0,45,0.4578313253012048
9pjr0waw,ca8f78db,76,60,16,0,60,0.21052631578947367
sp00glmz,ca8f78db,81,52,29,0,52,0.35802469135802467
1qt2f29y,ca8f78db,73,73,0,0,73,0.0
clhkwrie,ca8f78db,77,73,4,0,73,0.05194805194805195
mpzcivx9,ca8f78db,74,43,31,0,43,0.4189189189189189
ya0wv6pm,ca8f78db,76,73,3,0,73,0.039473684210526314
9evwb372,ca8f78db,83,46,37,0,46,0.4457831325301205
23iyreiv,ca8f78db,98,54,44,0,54,0.4489795918367347
z8b26ynw,ca8f78db,88,53,35,0,53,0.3977272727272727
zelqv7az,ca8f78db,77,45,32,0,45,0.4155844155844156
cfclud8z,ca8f78db,77,50,27,0,50,0.35064935064935066
jx6lhkbi,ca8f78db,88,46,42,0,46,0.4772727272727273
8d21w3yr,ca8f78db,78,78,0,0,78,0.0
fl73adm5,ca8f78db,74,42,32,0,42,0.43243243243243246
4j6cy1mk,ca8f78db,81,44,37,0,44,0.4567901234567901
oxvw1rhx,ca8f78db,85,52,33,0,52,0.38823529411764707
wa9xd98o,ca8f78db,77,48,29,0,48,0.37662337662337664
k0qq522n,ca8f78db,78,78,0,0,78,0.0
w12e497z,ca8f78db,2548,613,1935,0,613,0.7594191522762951
9ohxtpht,ca8f78db,79,44,35,0,44,0.4430379746835443
hkj9daz7,ca8f78db,80,47,33,0,47,0.4125
zfeorjum,ca8f78db,96,55,41,0,55,0.4270833333333333
pcrxo3zp,ca8f78db,1143,204,939,0,204,0.821522309711286
kkeej6x5,ca8f78db,75,47,28,0,47,0.37333333333333335
f5ktzt2t,ca8f78db,89,55,34,0,55,0.38202247191011235
bcyhma9y,ca8f78db,86,86,0,0,86,0.0
nqubyvew,ca8f78db,84,44,40,0,44,0.47619047619047616
2w766g1z,ca8f78db,78,47,31,0,47,0.3974358974358974
5vv1rrzw,ca8f78db,77,76,1,0,76,0.012987012987012988
mr7lkk46,ca8f78db,85,51,34,0,51,0.4
m63pxnwq,ca8f78db,82,46,36,0,46,0.43902439024390244
onnumbyy,ca8f78db,7,7,0,0,7,0.0
nfbzvhip,ca8f78db,89,89,0,0,89,0.0
4wx63ymf,ca8f78db,79,45,34,0,45,0.43037974683544306
ler5uq42,ca8f78db,26,26,0,0,26,0.0
nldu5ge3,ca8f78db,76,44,32,0,44,0.42105263157894735
t3l0if03,ca8f78db,75,45,30,0,45,0.4
xklnx39q,ca8f78db,84,49,35,0,49,0.4166666666666667
pz38obzd,ca8f78db,73,59,14,0,59,0.1917808219178082
nrfiw9bx,ca8f78db,77,43,34,0,43,0.44155844155844154
vbwguazj,ca8f78db,88,48,40,0,48,0.45454545454545453
o1t1fb7j,ca8f78db,78,47,31,0,47,0.3974358974358974
7agy8y3l,ca8f78db,73,73,0,0,73,0.0
om1m73rv,ca8f78db,78,45,33,0,45,0.4230769230769231
8yhijukj,ca8f78db,76,43,33,0,43,0.4342105263157895
mhskzwic,ca8f78db,73,44,29,0,44,0.3972602739726027
p445h6ow,ca8f78db,85,53,32,0,53,0.3764705882352941
8jwr3j6t,ca8f78db,122,56,66,0,56,0.5409836065573771
z3die4q3,ca8f78db,85,43,42,0,43,0.49411764705882355
f5ohsl5h,ca8f78db,93,46,47,0,46,0.5053763440860215
nvlsix5c,ca8f78db,57,1,56,0,1,0.9824561403508771
aqmjput5,ca8f78db,188,96,92,0,96,0.48936170212765956
l9krayds,ca8f78db,138,63,75,0,63,0.5434782608695652
6e5gb0yb,ca8f78db,99,50,49,0,50,0.494949494949495
dmft9d3y,ca8f78db,79,46,33,0,46,0.4177215189873418
kmwiem6m,ca8f78db,83,46,37,0,46,0.4457831325301205
qothvfhf,ca8f78db,80,80,0,0,80,0.0
91fk0af9,ca8f78db,87,87,0,0,87,0.0
fkx2gd88,ca8f78db,84,44,40,0,44,0.47619047619047616
27d8totr,ca8f78db,86,46,40,0,46,0.46511627906976744
cp3b83py,ca8f78db,89,43,46,0,43,0.5168539325842697
npr5bsi2,ca8f78db,76,69,7,0,69,0.09210526315789473
154uk6vm,ca8f78db,75,75,0,0,75,0.0
ym49wqbn,ca8f78db,77,55,22,0,55,0.2857142857142857
xeu3j3ki,ca8f78db,76,44,32,0,44,0.42105263157894735
pad0sufd,ca8f78db,81,47,34,0,47,0.41975308641975306
emwp6wq7,ca8f78db,80,51,29,0,51,0.3625
5hz183aa,ca8f78db,112,6,106,0,6,0.9464285714285714
61zahdh9,ca8f78db,74,45,29,0,45,0.3918918918918919
5nrjvc7q,ca8f78db,73,73,0,0,73,0.0
ol9lky1i,ca8f78db,75,44,31,0,44,0.41333333333333333
o5qropwk,ca8f78db,77,77,0,0,77,0.0
3d2as981,ca8f78db,157,100,57,0,100,0.3630573248407643
cghxa2ie,ca8f78db,74,43,31,0,43,0.4189189189189189
clucow7d,ca8f78db,83,43,40,0,43,0.4819277108433735
bmlngyh3,ca8f78db,75,74,1,0,74,0.013333333333333334
74l1qvc1,ca8f78db,93,78,15,0,78,0.16129032258064516
byx9jkxm,ca8f78db,112,52,60,0,52,0.5357142857142857
8aknstxj,ca8f78db,73,73,0,0,73,0.0
c7z6erey,ca8f78db,73,44,29,0,44,0.3972602739726027
f0wpo2hr,ca8f78db,83,43,40,0,43,0.4819277108433735
qazkn1sw,ca8f78db,11,6,5,0,6,0.45454545454545453
ism64anu,ca8f78db,82,45,37,0,45,0.45121951219512196
n2et79bd,ca8f78db,90,45,45,0,45,0.5
plfupad7,ca8f78db,75,72,3,0,72,0.04
zvbewhqx,ca8f78db,75,47,28,0,47,0.37333333333333335
0hrc9vve,ca8f78db,210,9,201,0,9,0.9571428571428572
stbyxpx6,ca8f78db,79,63,16,0,63,0.20253164556962025
r24jdhzg,ca8f78db,74,60,14,0,60,0.1891891891891892
ovhoesyy,ca8f78db,86,66,20,0,66,0.23255813953488372
ske58akk,ca8f78db,77,45,32,0,45,0.4155844155844156
3cc6zm51,ca8f78db,77,77,0,0,77,0.0
hpl7jugr,ca8f78db,88,44,44,0,44,0.5
r2ck84r8,ca8f78db,77,46,31,0,46,0.4025974025974026
nze0azo1,ca8f78db,73,49,24,0,49,0.3287671232876712
cuybsfwr,ca8f78db,76,50,26,0,50,0.34210526315789475
0ra11hiv,ca8f78db,73,73,0,0,73,0.0
y32zaw9c,ca8f78db,80,79,1,0,79,0.0125
qkiu92kk,ca8f78db,79,79,0,0,79,0.0
44o5xnxe,ca8f78db,110,44,66,0,44,0.6
sn10zd6g,ca8f78db,83,48,35,0,48,0.42168674698795183
e2w81k0i,ca8f78db,86,43,43,0,43,0.5
4s3cm7d8,ca8f78db,73,73,0,0,73,0.0
hsm45iwx,ca8f78db,81,54,27,0,54,0.3333333333333333
89u58v07,ca8f78db,75,46,29,0,46,0.38666666666666666
phbjwkyw,ca8f78db,73,46,27,0,46,0.3698630136986301
4s9g1cze,ca8f78db,82,45,37,0,45,0.45121951219512196
3irnkhq8,ca8f78db,78,50,28,0,50,0.358974358974359
ljwskxcq,ca8f78db,73,44,29,0,44,0.3972602739726027
l5sagbsh,ca8f78db,75,46,29,0,46,0.38666666666666666
v6jvgdvg,ca8f78db,75,75,0,0,75,0.0
zj5uemkt,ca8f78db,73,73,0,0,73,0.0
cdo2cmtp,ca8f78db,74,74,0,0,74,0.0
kwy2bqjo,ca8f78db,112,50,62,0,50,0.5535714285714286
bw2cwy0m,ca8f78db,85,51,34,0,51,0.4
uktb326q,ca8f78db,77,77,0,0,77,0.0
qv0yh587,ca8f78db,6,5,1,0,5,0.16666666666666666
t2eyvuxq,ca8f78db,80,80,0,0,80,0.0
a589fsqz,ca8f78db,78,45,33,0,45,0.4230769230769231
k8txaw58,ca8f78db,82,47,35,0,47,0.4268292682926829
o4kkkuj9,ca8f78db,74,60,14,0,60,0.1891891891891892
mlvcv31l,ca8f78db,85,54,31,0,54,0.36470588235294116
d1vjrjhc,ca8f78db,77,77,0,0,77,0.0
wcau806y,ca8f78db,76,73,3,0,73,0.039473684210526314
s03ed531,ca8f78db,107,107,0,0,107,0.0
2j8p9vyz,ca8f78db,78,47,31,0,47,0.3974358974358974
ew4oecfi,ca8f78db,77,46,31,0,46,0.4025974025974026
mrwlcmno,ca8f78db,73,73,0,0,73,0.0
eyn3wygc,ca8f78db,78,78,0,0,78,0.0
ni5df01j,ca8f78db,74,43,31,0,43,0.4189189189189189
j2dvablb,ca8f78db,76,43,33,0,43,0.4342105263157895
904h81sn,ca8f78db,73,45,28,0,45,0.3835616438356164
so5k1adg,ca8f78db,84,84,0,0,84,0.0
ce9qdbyh,ca8f78db,161,19,142,0,19,0.8819875776397516
nhds6zsd,ca8f78db,76,63,13,0,63,0.17105263157894737
tc5wgx8h,ca8f78db,81,43,38,0,43,0.4691358024691358
8bgj1tsd,ca8f78db,73,69,4,0,69,0.0547945205479452
mrypomny,ca8f78db,73,53,20,0,53,0.273972602739726
rjanlii9,ca8f78db,79,49,30,0,49,0.379746835443038
c7ac53of,ca8f78db,57,4,53,0,4,0.9298245614035088
zc26r1al,ca8f78db,83,83,0,0,83,0.0
648anokh,ca8f78db,73,44,29,0,44,0.3972602739726027
6eyovdd2,ca8f78db,78,50,28,0,50,0.358974358974359
a6jpzpek,ca8f78db,79,59,20,0,59,0.25316455696202533
41kp06jx,ca8f78db,81,50,31,0,50,0.38271604938271603
a0w1xgxf,ca8f78db,79,45,34,0,45,0.43037974683544306
lmtka1ev,ca8f78db,90,43,47,0,43,0.5222222222222223
a9gvtd1o,ca8f78db,77,44,33,0,44,0.42857142857142855
e0biso3r,ca8f78db,79,44,35,0,44,0.4430379746835443
f1ejz9fy,ca8f78db,128,51,77,0,51,0.6015625
vpxztp7b,ca8f78db,79,45,34,0,45,0.43037974683544306
g3vslpjv,3ac3eb23,24,24,0,0,24,0.0
2d8q4qkc,3ac3eb23,26,26,0,0,26,0.0
o2ho0580,3ac3eb23,27,27,0,0,27,0.0
bx44xwzb,3ac3eb23,24,24,0,0,24,0.0
c9sps7bl,3ac3eb23,26,24,2,0,24,0.07692307692307693
qfiy90jx,3ac3eb23,24,24,0,0,24,0.0
8oohxrrz,3ac3eb23,26,26,0,0,26,0.0
yebzokh4,3ac3eb23,24,24,0,0,24,0.0
kavvl57w,3ac3eb23,26,26,0,0,26,0.0
idma9086,3ac3eb23,24,24,0,0,24,0.0
r99uy0qb,3ac3eb23,24,24,0,0,24,0.0
b73rrttr,3ac3eb23,15,15,0,0,15,0.0
qif0sa3r,3ac3eb23,24,24,0,0,24,0.0
8y2nd2sh,3ac3eb23,26,23,3,0,23,0.11538461538461539
aypxap78,3ac3eb23,26,26,0,0,26,0.0
l0nln4b2,3ac3eb23,24,24,0,0,24,0.0
ascil7wf,3ac3eb23,24,24,0,0,24,0.0
9pjr0waw,3ac3eb23,27,27,0,0,27,0.0
kck1uue7,3ac3eb23,24,24,0,0,24,0.0
nx0vccp8,3ac3eb23,24,24,0,0,24,0.0
8psac9uo,3ac3eb23,30,24,6,0,24,0.2
jqeesfz7,3ac3eb23,39,39,0,0,39,0.0
xji13cu2,3ac3eb23,24,24,0,0,24,0.0
72p6pxny,3ac3eb23,24,24,0,0,24,0.0
rhbgnqhz,3ac3eb23,24,24,0,0,24,0.0
hd5k29qy,3ac3eb23,24,24,0,0,24,0.0
189iqcds,3ac3eb23,24,24,0,0,24,0.0
mzi8f2hv,3ac3eb23,24,24,0,0,24,0.0
fgxp8fzz,3ac3eb23,24,24,0,0,24,0.0
g7svteiz,3ac3eb23,24,24,0,0,24,0.0
c2lwacqc,3ac3eb23,24,24,0,0,24,0.0
0yfthc4y,3ac3eb23,26,26,0,0,26,0.0
ei0ij8ms,3ac3eb23,24,24,0,0,24,0.0
2tkm21z6,3ac3eb23,24,24,0,0,24,0.0
9wkeb5tu,3ac3eb23,24,24,0,0,24,0.0
yfyhejim,3ac3eb23,24,24,0,0,24,0.0
qu0lm98m,3ac3eb23,24,24,0,0,24,0.0
ldo5smvx,3ac3eb23,24,24,0,0,24,0.0
mr7lkk46,3ac3eb23,24,24,0,0,24,0.0
5vv1rrzw,3ac3eb23,24,24,0,0,24,0.0
2w766g1z,3ac3eb23,24,24,0,0,24,0.0
nqubyvew,3ac3eb23,33,33,0,0,33,0.0
bcyhma9y,3ac3eb23,29,29,0,0,29,0.0
pcrxo3zp,3ac3eb23,24,24,0,0,24,0.0
f5ktzt2t,3ac3eb23,26,26,0,0,26,0.0
kkeej6x5,3ac3eb23,24,24,0,0,24,0.0
nldu5ge3,3ac3eb23,24,24,0,0,24,0.0
t3l0if03,3ac3eb23,26,26,0,0,26,0.0
4wx63ymf,3ac3eb23,24,24,0,0,24,0.0
nfbzvhip,3ac3eb23,28,28,0,0,28,0.0
m63pxnwq,3ac3eb23,24,24,0,0,24,0.0
nrfiw9bx,3ac3eb23,26,26,0,0,26,0.0
xklnx39q,3ac3eb23,24,24,0,0,24,0.0
8jwr3j6t,3ac3eb23,26,26,0,0,26,0.0
z3die4q3,3ac3eb23,24,24,0,0,24,0.0
mhskzwic,3ac3eb23,24,24,0,0,24,0.0
8yhijukj,3ac3eb23,24,24,0,0,24,0.0
om1m73rv,3ac3eb23,24,24,0,0,24,0.0
vbwguazj,3ac3eb23,26,26,0,0,26,0.0
o1t1fb7j,3ac3eb23,24,24,0,0,24,0.0
7agy8y3l,3ac3eb23,24,24,0,0,24,0.0
ya0wv6pm,3ac3eb23,24,24,0,0,24,0.0
2ke9hbes,3ac3eb23,28,28,0,0,28,0.0
9evwb372,3ac3eb23,26,26,0,0,26,0.0
1qt2f29y,3ac3eb23,30,30,0,0,30,0.0
clhkwrie,3ac3eb23,26,26,0,0,26,0.0
sp00glmz,3ac3eb23,24,24,0,0,24,0.0
jx6lhkbi,3ac3eb23,26,26,0,0,26,0.0
cfclud8z,3ac3eb23,24,24,0,0,24,0.0
z8b26ynw,3ac3eb23,37,34,3,0,34,0.08108108108108109
zelqv7az,3ac3eb23,24,24,0,0,24,0.0
318gokyy,3ac3eb23,29,29,0,0,29,0.0
fl73adm5,3ac3eb23,26,26,0,0,26,0.0
4j6cy1mk,3ac3eb23,24,24,0,0,24,0.0
oxvw1rhx,3ac3eb23,44,39,5,0,39,0.11363636363636363
8d21w3yr,3ac3eb23,24,24,0,0,24,0.0
hkj9daz7,3ac3eb23,28,20,8,0,20,0.2857142857142857
zfeorjum,3ac3eb23,26,26,0,0,26,0.0
w12e497z,3ac3eb23,5,5,0,0,5,0.0
9ohxtpht,3ac3eb23,24,24,0,0,24,0.0
0wk7vjg8,3ac3eb23,24,24,0,0,24,0.0
2anyuqd8,3ac3eb23,30,30,0,0,30,0.0
1r6yodve,3ac3eb23,33,33,0,0,33,0.0
k0qq522n,3ac3eb23,37,37,0,0,37,0.0
cbvc5e3w,3ac3eb23,26,26,0,0,26,0.0
zvbewhqx,3ac3eb23,26,26,0,0,26,0.0
0hrc9vve,3ac3eb23,15,1,14,0,1,0.9333333333333333
plfupad7,3ac3eb23,28,23,5,0,23,0.17857142857142858
n2et79bd,3ac3eb23,24,24,0,0,24,0.0
ism64anu,3ac3eb23,24,24,0,0,24,0.0
qazkn1sw,3ac3eb23,24,24,0,0,24,0.0
c7z6erey,3ac3eb23,26,26,0,0,26,0.0
hpl7jugr,3ac3eb23,24,24,0,0,24,0.0
nze0azo1,3ac3eb23,28,28,0,0,28,0.0
r2ck84r8,3ac3eb23,26,26,0,0,26,0.0
3cc6zm51,3ac3eb23,34,34,0,0,34,0.0
ske58akk,3ac3eb23,24,24,0,0,24,0.0
ovhoesyy,3ac3eb23,26,26,0,0,26,0.0
r24jdhzg,3ac3eb23,24,24,0,0,24,0.0
stbyxpx6,3ac3eb23,28,28,0,0,28,0.0
qkiu92kk,3ac3eb23,26,25,1,0,25,0.038461538461538464
02333qfj,3ac3eb23,24,24,0,0,24,0.0
qfsp3ery,3ac3eb23,26,26,0,0,26,0.0
q04yitea,3ac3eb23,24,24,0,0,24,0.0
y32zaw9c,3ac3eb23,24,24,0,0,24,0.0
cuybsfwr,3ac3eb23,27,27,0,0,27,0.0
szbhlpfr,3ac3eb23,24,24,0,0,24,0.0
phbjwkyw,3ac3eb23,24,24,0,0,24,0.0
89u58v07,3ac3eb23,24,24,0,0,24,0.0
095bdwyc,3ac3eb23,27,27,0,0,27,0.0
hsm45iwx,3ac3eb23,24,24,0,0,24,0.0
e2w81k0i,3ac3eb23,24,24,0,0,24,0.0
4s3cm7d8,3ac3eb23,25,25,0,0,25,0.0
sn10zd6g,3ac3eb23,24,24,0,0,24,0.0
dmft9d3y,3ac3eb23,24,24,0,0,24,0.0
6e5gb0yb,3ac3eb23,24,24,0,0,24,0.0
pgtp756s,3ac3eb23,34,34,0,0,34,0.0
icf7bchs,3ac3eb23,29,29,0,0,29,0.0
aqmjput5,3ac3eb23,27,27,0,0,27,0.0
l9krayds,3ac3eb23,5,5,0,0,5,0.0
cp3b83py,3ac3eb23,26,26,0,0,26,0.0
27d8totr,3ac3eb23,24,24,0,0,24,0.0
fkx2gd88,3ac3eb23,28,28,0,0,28,0.0
91fk0af9,3ac3eb23,26,26,0,0,26,0.0
qothvfhf,3ac3eb23,24,24,0,0,24,0.0
kmwiem6m,3ac3eb23,26,26,0,0,26,0.0
d33m799j,3ac3eb23,27,27,0,0,27,0.0
o5qropwk,3ac3eb23,37,37,0,0,37,0.0
5nrjvc7q,3ac3eb23,26,26,0,0,26,0.0
ol9lky1i,3ac3eb23,30,30,0,0,30,0.0
61zahdh9,3ac3eb23,24,24,0,0,24,0.0
5hz183aa,3ac3eb23,10,1,9,0,1,0.9
emwp6wq7,3ac3eb23,28,28,0,0,28,0.0
pad0sufd,3ac3eb23,24,24,0,0,24,0.0
xeu3j3ki,3ac3eb23,24,24,0,0,24,0.0
npr5bsi2,3ac3eb23,32,32,0,0,32,0.0
154uk6vm,3ac3eb23,26,26,0,0,26,0.0
ym49wqbn,3ac3eb23,27,27,0,0,27,0.0
74l1qvc1,3ac3eb23,25,25,0,0,25,0.0
byx9jkxm,3ac3eb23,24,24,0,0,24,0.0
j2pjmr32,3ac3eb23,33,33,0,0,33,0.0
bmlngyh3,3ac3eb23,62,50,12,0,50,0.1935483870967742
clucow7d,3ac3eb23,24,24,0,0,24,0.0
3d2as981,3ac3eb23,26,26,0,0,26,0.0
cghxa2ie,3ac3eb23,24,24,0,0,24,0.0
ce9qdbyh,3ac3eb23,26,26,0,0,26,0.0
904h81sn,3ac3eb23,24,24,0,0,24,0.0
so5k1adg,3ac3eb23,24,24,0,0,24,0.0
j2dvablb,3ac3eb23,24,24,0,0,24,0.0
nhds6zsd,3ac3eb23,24,24,0,0,24,0.0
vr20hyge,3ac3eb23,24,24,0,0,24,0.0
qqqzakmg,3ac3eb23,1,1,0,0,1,0.0
648anokh,3ac3eb23,29,27,2,0,27,0.06896551724137931
rjanlii9,3ac3eb23,28,28,0,0,28,0.0
c7ac53of,3ac3eb23,20,5,15,0,5,0.75
jeq3oy2g,3ac3eb23,28,28,0,0,28,0.0
mrypomny,3ac3eb23,24,24,0,0,24,0.0
tc5wgx8h,3ac3eb23,26,26,0,0,26,0.0
8bgj1tsd,3ac3eb23,24,24,0,0,24,0.0
vpxztp7b,3ac3eb23,24,24,0,0,24,0.0
f1ejz9fy,3ac3eb23,24,24,0,0,24,0.0
a9gvtd1o,3ac3eb23,24,24,0,0,24,0.0
e0biso3r,3ac3eb23,24,24,0,0,24,0.0
lmtka1ev,3ac3eb23,24,24,0,0,24,0.0
41kp06jx,3ac3eb23,29,29,0,0,29,0.0
6eyovdd2,3ac3eb23,30,29,1,0,29,0.03333333333333333
a6jpzpek,3ac3eb23,26,26,0,0,26,0.0
zj5uemkt,3ac3eb23,25,25,0,0,25,0.0
v6jvgdvg,3ac3eb23,46,46,0,0,46,0.0
l5sagbsh,3ac3eb23,30,26,4,0,26,0.13333333333333333
ljwskxcq,3ac3eb23,28,27,1,0,27,0.03571428571428571
3irnkhq8,3ac3eb23,26,26,0,0,26,0.0
4s9g1cze,3ac3eb23,35,35,0,0,35,0.0
uktb326q,3ac3eb23,24,24,0,0,24,0.0
kwy2bqjo,3ac3eb23,26,26,0,0,26,0.0
bw2cwy0m,3ac3eb23,24,24,0,0,24,0.0
cdo2cmtp,3ac3eb23,24,24,0,0,24,0.0
d1vjrjhc,3ac3eb23,24,24,0,0,24,0.0
mlvcv31l,3ac3eb23,24,24,0,0,24,0.0
o4kkkuj9,3ac3eb23,26,26,0,0,26,0.0
k8txaw58,3ac3eb23,24,24,0,0,24,0.0
a589fsqz,3ac3eb23,28,28,0,0,28,0.0
t2eyvuxq,3ac3eb23,26,26,0,0,26,0.0
qv0yh587,3ac3eb23,24,24,0,0,24,0.0
ni5df01j,3ac3eb23,24,24,0,0,24,0.0
eyn3wygc,3ac3eb23,30,30,0,0,30,0.0
mrwlcmno,3ac3eb23,28,28,0,0,28,0.0
ew4oecfi,3ac3eb23,26,26,0,0,26,0.0
08vqizpx,3ac3eb23,34,34,0,0,34,0.0
2j8p9vyz,3ac3eb23,30,30,0,0,30,0.0
6p8vl3lk,3ac3eb23,26,26,0,0,26,0.0
s03ed531,3ac3eb23,24,24,0,0,24,0.0
89u58v07,5168d44c,28,5,23,0,5,0.8214285714285714
szbhlpfr,5168d44c,60,52,8,0,52,0.13333333333333333
phbjwkyw,5168d44c,10,3,7,0,3,0.7
sn10zd6g,5168d44c,17,2,15,0,2,0.8823529411764706
hsm45iwx,5168d44c,16,2,14,0,2,0.875
e2w81k0i,5168d44c,10,3,7,0,3,0.7
4s3cm7d8,5168d44c,34,27,7,0,27,0.20588235294117646
02333qfj,5168d44c,10,10,0,0,10,0.0
qfsp3ery,5168d44c,10,10,0,0,10,0.0
q04yitea,5168d44c,17,10,7,0,10,0.4117647058823529
44o5xnxe,5168d44c,14,8,6,0,8,0.42857142857142855
qkiu92kk,5168d44c,10,10,0,0,10,0.0
cuybsfwr,5168d44c,16,16,0,0,16,0.0
0ra11hiv,5168d44c,30,30,0,0,30,0.0
y32zaw9c,5168d44c,10,10,0,0,10,0.0
hpl7jugr,5168d44c,10,2,8,0,2,0.8
r2ck84r8,5168d44c,10,2,8,0,2,0.8
nze0azo1,5168d44c,10,10,0,0,10,0.0
r24jdhzg,5168d44c,26,26,0,0,26,0.0
stbyxpx6,5168d44c,10,9,1,0,9,0.1
3cc6zm51,5168d44c,12,12,0,0,12,0.0
ovhoesyy,5168d44c,17,2,15,0,2,0.8823529411764706
ske58akk,5168d44c,10,10,0,0,10,0.0
plfupad7,5168d44c,10,9,1,0,9,0.1
ism64anu,5168d44c,10,10,0,0,10,0.0
zvbewhqx,5168d44c,30,30,0,0,30,0.0
c7z6erey,5168d44c,10,2,8,0,2,0.8
8aknstxj,5168d44c,12,2,10,0,2,0.8333333333333334
qazkn1sw,5168d44c,30,29,0,1,29,0.0
f0wpo2hr,5168d44c,10,10,0,0,10,0.0
74l1qvc1,5168d44c,34,18,16,0,18,0.47058823529411764
byx9jkxm,5168d44c,11,4,7,0,4,0.6363636363636364
clucow7d,5168d44c,34,19,14,1,19,0.4117647058823529
3d2as981,5168d44c,10,7,3,0,7,0.3
cghxa2ie,5168d44c,11,11,0,0,11,0.0
y8mzyzjc,5168d44c,10,10,0,0,10,0.0
bmlngyh3,5168d44c,10,10,0,0,10,0.0
61zahdh9,5168d44c,10,10,0,0,10,0.0
5hz183aa,5168d44c,14,14,0,0,14,0.0
o5qropwk,5168d44c,10,10,0,0,10,0.0
5nrjvc7q,5168d44c,10,10,0,0,10,0.0
xeu3j3ki,5168d44c,16,2,14,0,2,0.875
npr5bsi2,5168d44c,10,10,0,0,10,0.0
ym49wqbn,5168d44c,25,8,17,0,8,0.68
emwp6wq7,5168d44c,10,10,0,0,10,0.0
pad0sufd,5168d44c,10,10,0,0,10,0.0
fkx2gd88,5168d44c,11,2,9,0,2,0.8181818181818182
27d8totr,5168d44c,10,10,0,0,10,0.0
qothvfhf,5168d44c,10,10,0,0,10,0.0
cp3b83py,5168d44c,10,10,0,0,10,0.0
ikfbpugl,5168d44c,21,6,15,0,6,0.7142857142857143
d33m799j,5168d44c,5,5,0,0,5,0.0
kmwiem6m,5168d44c,10,2,8,0,2,0.8
pgtp756s,5168d44c,16,16,0,0,16,0.0
6e5gb0yb,5168d44c,11,2,9,0,2,0.8181818181818182
dmft9d3y,5168d44c,12,2,10,0,2,0.8333333333333334
l9krayds,5168d44c,10,9,1,0,9,0.1
aqmjput5,5168d44c,10,8,2,0,8,0.2
nvlsix5c,5168d44c,10,10,0,0,10,0.0
icf7bchs,5168d44c,17,17,0,0,17,0.0
a9gvtd1o,5168d44c,21,4,17,0,4,0.8095238095238095
e0biso3r,5168d44c,10,10,0,0,10,0.0
vpxztp7b,5168d44c,11,11,0,0,11,0.0
f1ejz9fy,5168d44c,10,10,0,0,10,0.0
a6jpzpek,5168d44c,5,3,2,0,3,0.4
6eyovdd2,5168d44c,10,10,0,0,10,0.0
lmtka1ev,5168d44c,10,2,8,0,2,0.8
a0w1xgxf,5168d44c,26,6,20,0,6,0.7692307692307693
41kp06jx,5168d44c,10,9,1,0,9,0.1
648anokh,5168d44c,10,6,4,0,6,0.4
tc5wgx8h,5168d44c,15,15,0,0,15,0.0
rjanlii9,5168d44c,16,9,7,0,9,0.4375
c7ac53of,5168d44c,21,21,0,0,21,0.0
jeq3oy2g,5168d44c,10,10,0,0,10,0.0
mrypomny,5168d44c,10,10,0,0,10,0.0
nhds6zsd,5168d44c,10,10,0,0,10,0.0
vr20hyge,5168d44c,24,24,0,0,24,0.0
xasfvnb7,5168d44c,10,10,0,0,10,0.0
sesf1qnx,5168d44c,25,9,16,0,9,0.64
904h81sn,5168d44c,10,10,0,0,10,0.0
j2dvablb,5168d44c,11,2,9,0,2,0.8181818181818182
ce9qdbyh,5168d44c,10,10,0,0,10,0.0
mrwlcmno,5168d44c,10,10,0,0,10,0.0
ew4oecfi,5168d44c,12,2,10,0,2,0.8333333333333334
eyn3wygc,5168d44c,10,10,0,0,10,0.0
ni5df01j,5168d44c,10,10,0,0,10,0.0
wcau806y,5168d44c,18,18,0,0,18,0.0
6p8vl3lk,5168d44c,10,10,0,0,10,0.0
2j8p9vyz,5168d44c,10,2,8,0,2,0.8
s03ed531,5168d44c,36,36,0,0,36,0.0
a589fsqz,5168d44c,10,10,0,0,10,0.0
d1vjrjhc,5168d44c,10,10,0,0,10,0.0
k8txaw58,5168d44c,10,10,0,0,10,0.0
o4kkkuj9,5168d44c,16,16,0,0,16,0.0
mlvcv31l,5168d44c,10,3,7,0,3,0.7
t2eyvuxq,5168d44c,36,36,0,0,36,0.0
qv0yh587,5168d44c,9,9,0,0,9,0.0
kwy2bqjo,5168d44c,10,2,8,0,2,0.8
bw2cwy0m,5168d44c,10,10,0,0,10,0.0
uktb326q,5168d44c,20,20,0,0,20,0.0
cdo2cmtp,5168d44c,10,10,0,0,10,0.0
zj5uemkt,5168d44c,10,10,0,0,10,0.0
ljwskxcq,5168d44c,11,3,8,0,3,0.7272727272727273
l5sagbsh,5168d44c,10,3,7,0,3,0.7
v6jvgdvg,5168d44c,11,11,0,0,11,0.0
4s9g1cze,5168d44c,28,4,24,0,4,0.8571428571428571
3irnkhq8,5168d44c,34,5,29,0,5,0.8529411764705882
kck1uue7,5168d44c,10,2,8,0,2,0.8
8psac9uo,5168d44c,10,10,0,0,10,0.0
nx0vccp8,5168d44c,10,10,0,0,10,0.0
jqeesfz7,5168d44c,26,26,0,0,26,0.0
ascil7wf,5168d44c,10,10,0,0,10,0.0
aypxap78,5168d44c,43,43,0,0,43,0.0
l0nln4b2,5168d44c,10,10,0,0,10,0.0
kavvl57w,5168d44c,10,3,7,0,3,0.7
yebzokh4,5168d44c,10,10,0,0,10,0.0
7nszfy43,5168d44c,10,10,0,0,10,0.0
0fy66fv2,5168d44c,10,10,0,0,10,0.0
idma9086,5168d44c,35,28,7,0,28,0.2
r99uy0qb,5168d44c,3,3,0,0,3,0.0
o2ho0580,5168d44c,20,20,0,0,20,0.0
bx44xwzb,5168d44c,10,10,0,0,10,0.0
c9sps7bl,5168d44c,10,2,8,0,2,0.8
g3vslpjv,5168d44c,10,3,7,0,3,0.7
2d8q4qkc,5168d44c,10,2,8,0,2,0.8
qfiy90jx,5168d44c,10,10,0,0,10,0.0
8oohxrrz,5168d44c,11,2,9,0,2,0.8181818181818182
qu0lm98m,5168d44c,27,8,19,0,8,0.7037037037037037
jayyv6lz,5168d44c,10,7,3,0,7,0.3
2tkm21z6,5168d44c,12,12,0,0,12,0.0
0yfthc4y,5168d44c,10,10,0,0,10,0.0
ei0ij8ms,5168d44c,10,2,8,0,2,0.8
yfyhejim,5168d44c,10,2,8,0,2,0.8
g7svteiz,5168d44c,10,10,0,0,10,0.0
c2lwacqc,5168d44c,10,10,0,0,10,0.0
cw4tyx7n,5168d44c,10,8,2,0,8,0.2
gkse9wdn,5168d44c,10,10,0,0,10,0.0
72p6pxny,5168d44c,10,10,0,0,10,0.0
rhbgnqhz,5168d44c,11,3,8,0,3,0.7272727272727273
hd5k29qy,5168d44c,28,4,24,0,4,0.8571428571428571
xgvto4mg,5168d44c,74,74,0,0,74,0.0
fgxp8fzz,5168d44c,13,2,11,0,2,0.8461538461538461
189iqcds,5168d44c,11,11,0,0,11,0.0
mzi8f2hv,5168d44c,11,2,9,0,2,0.8181818181818182
mhskzwic,5168d44c,20,12,8,0,12,0.4
8yhijukj,5168d44c,10,6,4,0,6,0.4
50nsp39w,5168d44c,26,5,21,0,5,0.8076923076923077
p445h6ow,5168d44c,36,36,0,0,36,0.0
8jwr3j6t,5168d44c,10,10,0,0,10,0.0
om1m73rv,5168d44c,27,4,23,0,4,0.8518518518518519
vbwguazj,5168d44c,10,10,0,0,10,0.0
o1t1fb7j,5168d44c,35,35,0,0,35,0.0
7agy8y3l,5168d44c,10,10,0,0,10,0.0
nrfiw9bx,5168d44c,12,3,9,0,3,0.75
xklnx39q,5168d44c,26,26,0,0,26,0.0
pz38obzd,5168d44c,10,10,0,0,10,0.0
ler5uq42,5168d44c,15,15,0,0,15,0.0
nfbzvhip,5168d44c,45,42,3,0,42,0.06666666666666667
4wx63ymf,5168d44c,10,3,7,0,3,0.7
nldu5ge3,5168d44c,10,10,0,0,10,0.0
t3l0if03,5168d44c,10,4,6,0,4,0.6
m63pxnwq,5168d44c,10,10,0,0,10,0.0
nqubyvew,5168d44c,10,10,0,0,10,0.0
mr7lkk46,5168d44c,10,10,0,0,10,0.0
2w766g1z,5168d44c,10,10,0,0,10,0.0
pcrxo3zp,5168d44c,11,2,9,0,2,0.8181818181818182
kkeej6x5,5168d44c,10,10,0,0,10,0.0
f5ktzt2t,5168d44c,12,3,9,0,3,0.75
bcyhma9y,5168d44c,12,12,0,0,12,0.0
w12e497z,5168d44c,19,18,1,0,18,0.05263157894736842
9ohxtpht,5168d44c,11,6,5,0,6,0.45454545454545453
zfeorjum,5168d44c,32,4,28,0,4,0.875
hkj9daz7,5168d44c,10,5,5,0,5,0.5
2anyuqd8,5168d44c,10,10,0,0,10,0.0
1r6yodve,5168d44c,17,17,0,0,17,0.0
k0qq522n,5168d44c,38,34,4,0,34,0.10526315789473684
cbvc5e3w,5168d44c,10,10,0,0,10,0.0
0wk7vjg8,5168d44c,12,11,1,0,11,0.08333333333333333
4j6cy1mk,5168d44c,10,10,0,0,10,0.0
fl73adm5,5168d44c,11,2,9,0,2,0.8181818181818182
oxvw1rhx,5168d44c,16,16,0,0,16,0.0
jx6lhkbi,5168d44c,10,6,4,0,6,0.4
z8b26ynw,5168d44c,10,2,8,0,2,0.8
zelqv7az,5168d44c,10,10,0,0,10,0.0
cfclud8z,5168d44c,10,10,0,0,10,0.0
ya0wv6pm,5168d44c,10,10,0,0,10,0.0
9evwb372,5168d44c,14,5,9,0,5,0.6428571428571429
sp00glmz,5168d44c,10,10,0,0,10,0.0
mpzcivx9,5168d44c,10,3,7,0,3,0.7
clhkwrie,5168d44c,21,21,0,0,21,0.0
1qt2f29y,5168d44c,7,7,0,0,7,0.0
ldo5smvx,a3df8b1e,13,11,2,0,11,0.15384615384615385
qu0lm98m,a3df8b1e,10,10,0,0,10,0.0
jayyv6lz,a3df8b1e,17,17,0,0,17,0.0
yfyhejim,a3df8b1e,11,11,0,0,11,0.0
2tkm21z6,a3df8b1e,13,13,0,0,13,0.0
0yfthc4y,a3df8b1e,9,9,0,0,9,0.0
ei0ij8ms,a3df8b1e,9,9,0,0,9,0.0
c2lwacqc,a3df8b1e,9,9,0,0,9,0.0
g7svteiz,a3df8b1e,9,9,0,0,9,0.0
cw4tyx7n,a3df8b1e,10,10,0,0,10,0.0
fgxp8fzz,a3df8b1e,10,10,0,0,10,0.0
189iqcds,a3df8b1e,9,9,0,0,9,0.0
mzi8f2hv,a3df8b1e,11,11,0,0,11,0.0
rhbgnqhz,a3df8b1e,9,9,0,0,9,0.0
72p6pxny,a3df8b1e,11,11,0,0,11,0.0
hd5k29qy,a3df8b1e,9,9,0,0,9,0.0
jqeesfz7,a3df8b1e,9,9,0,0,9,0.0
xji13cu2,a3df8b1e,9,9,0,0,9,0.0
kck1uue7,a3df8b1e,11,11,0,0,11,0.0
8psac9uo,a3df8b1e,10,10,0,0,10,0.0
nx0vccp8,a3df8b1e,9,9,0,0,9,0.0
9pjr0waw,a3df8b1e,13,13,0,0,13,0.0
ascil7wf,a3df8b1e,10,10,0,0,10,0.0
aypxap78,a3df8b1e,9,9,0,0,9,0.0
l0nln4b2,a3df8b1e,9,9,0,0,9,0.0
8y2nd2sh,a3df8b1e,13,9,4,0,9,0.3076923076923077
b73rrttr,a3df8b1e,36,36,0,0,36,0.0
7nszfy43,a3df8b1e,18,14,4,0,14,0.2222222222222222
r99uy0qb,a3df8b1e,15,12,3,0,12,0.2
idma9086,a3df8b1e,9,9,0,0,9,0.0
kavvl57w,a3df8b1e,9,9,0,0,9,0.0
yebzokh4,a3df8b1e,10,10,0,0,10,0.0
x5id5i5q,a3df8b1e,29,29,0,0,29,0.0
qfiy90jx,a3df8b1e,11,11,0,0,11,0.0
8oohxrrz,a3df8b1e,14,11,3,0,11,0.21428571428571427
o2ho0580,a3df8b1e,10,10,0,0,10,0.0
bx44xwzb,a3df8b1e,10,10,0,0,10,0.0
c9sps7bl,a3df8b1e,9,9,0,0,9,0.0
g3vslpjv,a3df8b1e,9,9,0,0,9,0.0
2d8q4qkc,a3df8b1e,9,9,0,0,9,0.0
1r6yodve,a3df8b1e,10,10,0,0,10,0.0
k0qq522n,a3df8b1e,9,9,0,0,9,0.0
cbvc5e3w,a3df8b1e,24,24,0,0,24,0.0
0wk7vjg8,a3df8b1e,10,10,0,0,10,0.0
9ohxtpht,a3df8b1e,13,10,3,0,10,0.23076923076923078
w12e497z,a3df8b1e,1,1,0,0,1,0.0
hkj9daz7,a3df8b1e,11,9,2,0,9,0.18181818181818182
zfeorjum,a3df8b1e,9,9,0,0,9,0.0
8d21w3yr,a3df8b1e,18,18,0,0,18,0.0
gckdkq1t,a3df8b1e,10,10,0,0,10,0.0
oxvw1rhx,a3df8b1e,9,9,0,0,9,0.0
fl73adm5,a3df8b1e,27,8,19,0,8,0.7037037037037037
4j6cy1mk,a3df8b1e,20,20,0,0,20,0.0
zelqv7az,a3df8b1e,11,11,0,0,11,0.0
z8b26ynw,a3df8b1e,9,9,0,0,9,0.0
cfclud8z,a3df8b1e,10,10,0,0,10,0.0
jx6lhkbi,a3df8b1e,9,9,0,0,9,0.0
sp00glmz,a3df8b1e,28,14,14,0,14,0.5
mpzcivx9,a3df8b1e,10,10,0,0,10,0.0
1qt2f29y,a3df8b1e,10,10,0,0,10,0.0
clhkwrie,a3df8b1e,9,9,0,0,9,0.0
23iyreiv,a3df8b1e,11,9,2,0,9,0.18181818181818182
9evwb372,a3df8b1e,9,9,0,0,9,0.0
2ke9hbes,a3df8b1e,9,9,0,0,9,0.0
ya0wv6pm,a3df8b1e,16,10,6,0,10,0.375
om1m73rv,a3df8b1e,11,11,0,0,11,0.0
7agy8y3l,a3df8b1e,9,9,0,0,9,0.0
vbwguazj,a3df8b1e,9,9,0,0,9,0.0
mhskzwic,a3df8b1e,9,9,0,0,9,0.0
8yhijukj,a3df8b1e,14,11,3,0,11,0.21428571428571427
50nsp39w,a3df8b1e,9,9,0,0,9,0.0
z3die4q3,a3df8b1e,9,9,0,0,9,0.0
8jwr3j6t,a3df8b1e,15,9,6,0,9,0.4
pz38obzd,a3df8b1e,12,12,0,0,12,0.0
xklnx39q,a3df8b1e,19,19,0,0,19,0.0
nrfiw9bx,a3df8b1e,9,9,0,0,9,0.0
m63pxnwq,a3df8b1e,15,9,6,0,9,0.4
onnumbyy,a3df8b1e,10,10,0,0,10,0.0
ler5uq42,a3df8b1e,9,9,0,0,9,0.0
nfbzvhip,a3df8b1e,9,9,0,0,9,0.0
4wx63ymf,a3df8b1e,10,10,0,0,10,0.0
t3l0if03,a3df8b1e,13,13,0,0,13,0.0
nldu5ge3,a3df8b1e,9,9,0,0,9,0.0
f5ktzt2t,a3df8b1e,9,9,0,0,9,0.0
kkeej6x5,a3df8b1e,9,9,0,0,9,0.0
pcrxo3zp,a3df8b1e,9,9,0,0,9,0.0
bcyhma9y,a3df8b1e,18,18,0,0,18,0.0
mr7lkk46,a3df8b1e,9,9,0,0,9,0.0
2w766g1z,a3df8b1e,9,9,0,0,9,0.0
clucow7d,a3df8b1e,22,15,7,0,15,0.3181818181818182
cghxa2ie,a3df8b1e,12,8,4,0,8,0.3333333333333333
3d2as981,a3df8b1e,9,9,0,0,9,0.0
bmlngyh3,a3df8b1e,10,10,0,0,10,0.0
j2pjmr32,a3df8b1e,10,10,0,0,10,0.0
byx9jkxm,a3df8b1e,9,9,0,0,9,0.0
154uk6vm,a3df8b1e,31,31,0,0,31,0.0
ym49wqbn,a3df8b1e,12,12,0,0,12,0.0
npr5bsi2,a3df8b1e,9,9,0,0,9,0.0
emwp6wq7,a3df8b1e,9,9,0,0,9,0.0
pad0sufd,a3df8b1e,11,11,0,0,11,0.0
61zahdh9,a3df8b1e,9,9,0,0,9,0.0
5hz183aa,a3df8b1e,27,27,0,0,27,0.0
o5qropwk,a3df8b1e,30,30,0,0,30,0.0
ol9lky1i,a3df8b1e,9,9,0,0,9,0.0
5nrjvc7q,a3df8b1e,13,8,5,0,8,0.38461538461538464
d33m799j,a3df8b1e,10,10,0,0,10,0.0
kmwiem6m,a3df8b1e,9,9,0,0,9,0.0
fkx2gd88,a3df8b1e,22,8,14,0,8,0.6363636363636364
27d8totr,a3df8b1e,10,10,0,0,10,0.0
91fk0af9,a3df8b1e,10,10,0,0,10,0.0
qothvfhf,a3df8b1e,9,9,0,0,9,0.0
cp3b83py,a3df8b1e,12,12,0,0,12,0.0
aqmjput5,a3df8b1e,10,10,0,0,10,0.0
l9krayds,a3df8b1e,18,18,0,0,18,0.0
f5ohsl5h,a3df8b1e,9,9,0,0,9,0.0
bhpug29p,a3df8b1e,9,9,0,0,9,0.0
icf7bchs,a3df8b1e,10,10,0,0,10,0.0
pgtp756s,a3df8b1e,18,18,0,0,18,0.0
6e5gb0yb,a3df8b1e,11,11,0,0,11,0.0
dmft9d3y,a3df8b1e,15,9,6,0,9,0.4
bdfn1h0o,a3df8b1e,9,9,0,0,9,0.0
sn10zd6g,a3df8b1e,9,9,0,0,9,0.0
hsm45iwx,a3df8b1e,11,11,0,0,11,0.0
4s3cm7d8,a3df8b1e,9,9,0,0,9,0.0
e2w81k0i,a3df8b1e,13,9,4,0,9,0.3076923076923077
095bdwyc,a3df8b1e,9,9,0,0,9,0.0
89u58v07,a3df8b1e,9,9,0,0,9,0.0
szbhlpfr,a3df8b1e,12,10,2,0,10,0.16666666666666666
phbjwkyw,a3df8b1e,9,9,0,0,9,0.0
0ra11hiv,a3df8b1e,10,10,0,0,10,0.0
cuybsfwr,a3df8b1e,41,12,28,1,12,0.6829268292682927
y32zaw9c,a3df8b1e,11,11,0,0,11,0.0
02333qfj,a3df8b1e,11,11,0,0,11,0.0
q04yitea,a3df8b1e,9,9,0,0,9,0.0
qfsp3ery,a3df8b1e,11,11,0,0,11,0.0
ihnjt6k4,a3df8b1e,64,62,2,0,62,0.03125
44o5xnxe,a3df8b1e,9,9,0,0,9,0.0
qkiu92kk,a3df8b1e,9,9,0,0,9,0.0
r24jdhzg,a3df8b1e,11,11,0,0,11,0.0
stbyxpx6,a3df8b1e,9,9,0,0,9,0.0
3cc6zm51,a3df8b1e,13,13,0,0,13,0.0
ovhoesyy,a3df8b1e,10,10,0,0,10,0.0
ske58akk,a3df8b1e,9,9,0,0,9,0.0
r2ck84r8,a3df8b1e,10,10,0,0,10,0.0
nze0azo1,a3df8b1e,18,18,0,0,18,0.0
8aknstxj,a3df8b1e,9,9,0,0,9,0.0
qazkn1sw,a3df8b1e,9,9,0,0,9,0.0
f0wpo2hr,a3df8b1e,12,12,0,0,12,0.0
plfupad7,a3df8b1e,9,9,0,0,9,0.0
ism64anu,a3df8b1e,11,11,0,0,11,0.0
n2et79bd,a3df8b1e,9,9,0,0,9,0.0
0hrc9vve,a3df8b1e,11,11,0,0,11,0.0
zvbewhqx,a3df8b1e,9,9,0,0,9,0.0
2j8p9vyz,a3df8b1e,9,9,0,0,9,0.0
s03ed531,a3df8b1e,9,9,0,0,9,0.0
mrwlcmno,a3df8b1e,9,9,0,0,9,0.0
ew4oecfi,a3df8b1e,9,9,0,0,9,0.0
eyn3wygc,a3df8b1e,9,9,0,0,9,0.0
ni5df01j,a3df8b1e,9,9,0,0,9,0.0
t2eyvuxq,a3df8b1e,9,9,0,0,9,0.0
qv0yh587,a3df8b1e,1,1,0,0,1,0.0
a589fsqz,a3df8b1e,9,9,0,0,9,0.0
7o2tmcr2,a3df8b1e,23,21,2,0,21,0.08695652173913043
d1vjrjhc,a3df8b1e,9,9,0,0,9,0.0
o4kkkuj9,a3df8b1e,9,9,0,0,9,0.0
k8txaw58,a3df8b1e,9,9,0,0,9,0.0
mlvcv31l,a3df8b1e,11,9,2,0,9,0.18181818181818182
cdo2cmtp,a3df8b1e,20,20,0,0,20,0.0
kwy2bqjo,a3df8b1e,9,9,0,0,9,0.0
bw2cwy0m,a3df8b1e,9,9,0,0,9,0.0
uktb326q,a3df8b1e,14,14,0,0,14,0.0
ljwskxcq,a3df8b1e,9,9,0,0,9,0.0
l5sagbsh,a3df8b1e,9,9,0,0,9,0.0
v6jvgdvg,a3df8b1e,56,56,0,0,56,0.0
4s9g1cze,a3df8b1e,9,9,0,0,9,0.0
3irnkhq8,a3df8b1e,14,9,4,1,9,0.2857142857142857
zj5uemkt,a3df8b1e,10,10,0,0,10,0.0
6eyovdd2,a3df8b1e,9,9,0,0,9,0.0
a6jpzpek,a3df8b1e,13,13,0,0,13,0.0
lmtka1ev,a3df8b1e,11,11,0,0,11,0.0
41kp06jx,a3df8b1e,11,11,0,0,11,0.0
a0w1xgxf,a3df8b1e,30,10,20,0,10,0.6666666666666666
e0biso3r,a3df8b1e,9,9,0,0,9,0.0
a9gvtd1o,a3df8b1e,20,7,12,1,7,0.6
vpxztp7b,a3df8b1e,11,11,0,0,11,0.0
f1ejz9fy,a3df8b1e,10,10,0,0,10,0.0
tc5wgx8h,a3df8b1e,9,9,0,0,9,0.0
8bgj1tsd,a3df8b1e,9,9,0,0,9,0.0
c7ac53of,a3df8b1e,13,4,9,0,4,0.6923076923076923
rjanlii9,a3df8b1e,11,11,0,0,11,0.0
mrypomny,a3df8b1e,9,9,0,0,9,0.0
jeq3oy2g,a3df8b1e,10,10,0,0,10,0.0
zc26r1al,a3df8b1e,12,12,0,0,12,0.0
648anokh,a3df8b1e,9,9,0,0,9,0.0
4stfwpke,a3df8b1e,11,11,0,0,11,0.0
vr20hyge,a3df8b1e,9,9,0,0,9,0.0
nhds6zsd,a3df8b1e,9,9,0,0,9,0.0
so5k1adg,a3df8b1e,9,9,0,0,9,0.0
904h81sn,a3df8b1e,9,9,0,0,9,0.0
j2dvablb,a3df8b1e,9,9,0,0,9,0.0
ce9qdbyh,a3df8b1e,10,10,0,0,10,0.0
03ljcqhc,a3df8b1e,11,9,2,0,9,0.18181818181818182
xasfvnb7,a3df8b1e,11,11,0,0,11,0.0
sesf1qnx,a3df8b1e,9,8,1,0,8,0.1111111111111111
dmft9d3y,9ddd00f0,147,90,57,0,90,0.3877551020408163
6e5gb0yb,9ddd00f0,142,51,91,0,51,0.6408450704225352
icf7bchs,9ddd00f0,245,140,105,0,140,0.42857142857142855
bhpug29p,9ddd00f0,218,52,166,0,52,0.7614678899082569
l9krayds,9ddd00f0,302,160,142,0,160,0.47019867549668876
aqmjput5,9ddd00f0,266,79,187,0,79,0.7030075187969925
cp3b83py,9ddd00f0,188,18,170,0,18,0.9042553191489362
qothvfhf,9ddd00f0,155,155,0,0,155,0.0
91fk0af9,9ddd00f0,135,135,0,0,135,0.0
27d8totr,9ddd00f0,154,50,104,0,50,0.6753246753246753
kmwiem6m,9ddd00f0,149,13,136,0,13,0.912751677852349
o5qropwk,9ddd00f0,141,78,63,0,78,0.44680851063829785
61zahdh9,9ddd00f0,162,21,141,0,21,0.8703703703703703
pad0sufd,9ddd00f0,164,29,135,0,29,0.823170731707317
emwp6wq7,9ddd00f0,172,43,129,0,43,0.75
ym49wqbn,9ddd00f0,139,114,25,0,114,0.17985611510791366
xeu3j3ki,9ddd00f0,162,22,140,0,22,0.8641975308641975
74l1qvc1,9ddd00f0,37,22,15,0,22,0.40540540540540543
byx9jkxm,9ddd00f0,146,21,125,0,21,0.8561643835616438
bmlngyh3,9ddd00f0,155,128,27,0,128,0.17419354838709677
3d2as981,9ddd00f0,179,23,156,0,23,0.8715083798882681
cghxa2ie,9ddd00f0,151,15,136,0,15,0.9006622516556292
clucow7d,9ddd00f0,192,18,174,0,18,0.90625
zvbewhqx,9ddd00f0,160,68,92,0,68,0.575
0hrc9vve,9ddd00f0,257,196,61,0,196,0.23735408560311283
ism64anu,9ddd00f0,162,18,144,0,18,0.8888888888888888
plfupad7,9ddd00f0,154,31,123,0,31,0.7987012987012987
f0wpo2hr,9ddd00f0,210,27,183,0,27,0.8714285714285714
qazkn1sw,9ddd00f0,15,9,6,0,9,0.4
c7z6erey,9ddd00f0,145,48,97,0,48,0.6689655172413793
8aknstxj,9ddd00f0,168,27,141,0,27,0.8392857142857143
hpl7jugr,9ddd00f0,172,9,163,0,9,0.9476744186046512
nze0azo1,9ddd00f0,167,33,134,0,33,0.8023952095808383
r2ck84r8,9ddd00f0,143,42,101,0,42,0.7062937062937062
ske58akk,9ddd00f0,249,39,210,0,39,0.8433734939759037
ovhoesyy,9ddd00f0,167,11,156,0,11,0.9341317365269461
3cc6zm51,9ddd00f0,281,235,46,0,235,0.16370106761565836
stbyxpx6,9ddd00f0,153,53,100,0,53,0.6535947712418301
r24jdhzg,9ddd00f0,155,118,37,0,118,0.23870967741935484
44o5xnxe,9ddd00f0,139,33,106,0,33,0.762589928057554
qfsp3ery,9ddd00f0,150,150,0,0,150,0.0
q04yitea,9ddd00f0,138,90,48,0,90,0.34782608695652173
y32zaw9c,9ddd00f0,135,133,2,0,133,0.014814814814814815
cuybsfwr,9ddd00f0,69,69,0,0,69,0.0
0ra11hiv,9ddd00f0,334,273,60,1,273,0.17964071856287425
phbjwkyw,9ddd00f0,159,50,109,0,50,0.6855345911949685
89u58v07,9ddd00f0,173,30,143,0,30,0.8265895953757225
e2w81k0i,9ddd00f0,151,34,117,0,34,0.7748344370860927
4s3cm7d8,9ddd00f0,43,12,31,0,12,0.7209302325581395
hsm45iwx,9ddd00f0,170,21,149,0,21,0.8764705882352941
sn10zd6g,9ddd00f0,153,37,116,0,37,0.7581699346405228
zj5uemkt,9ddd00f0,162,36,126,0,36,0.7777777777777778
3irnkhq8,9ddd00f0,155,23,132,0,23,0.8516129032258064
v6jvgdvg,9ddd00f0,153,153,0,0,153,0.0
l5sagbsh,9ddd00f0,145,15,130,0,15,0.896551724137931
ljwskxcq,9ddd00f0,157,11,146,0,11,0.9299363057324841
uktb326q,9ddd00f0,156,144,12,0,144,0.07692307692307693
kwy2bqjo,9ddd00f0,135,135,0,0,135,0.0
bw2cwy0m,9ddd00f0,164,58,106,0,58,0.6463414634146342
cdo2cmtp,9ddd00f0,140,140,0,0,140,0.0
mlvcv31l,9ddd00f0,171,21,150,0,21,0.8771929824561403
k8txaw58,9ddd00f0,159,10,149,0,10,0.9371069182389937
o4kkkuj9,9ddd00f0,144,98,46,0,98,0.3194444444444444
a589fsqz,9ddd00f0,193,21,172,0,21,0.8911917098445595
qv0yh587,9ddd00f0,7,7,0,0,7,0.0
t2eyvuxq,9ddd00f0,178,49,129,0,49,0.7247191011235955
ni5df01j,9ddd00f0,146,26,120,0,26,0.821917808219178
eyn3wygc,9ddd00f0,153,88,65,0,88,0.42483660130718953
ew4oecfi,9ddd00f0,155,9,146,0,9,0.9419354838709677
mrwlcmno,9ddd00f0,143,143,0,0,143,0.0
s03ed531,9ddd00f0,158,158,0,0,158,0.0
2j8p9vyz,9ddd00f0,240,38,202,0,38,0.8416666666666667
wcau806y,9ddd00f0,140,129,11,0,129,0.07857142857142857
sesf1qnx,9ddd00f0,146,22,124,0,22,0.8493150684931506
ce9qdbyh,9ddd00f0,139,22,117,0,22,0.841726618705036
j2dvablb,9ddd00f0,158,29,129,0,29,0.8164556962025317
904h81sn,9ddd00f0,173,23,150,0,23,0.8670520231213873
nhds6zsd,9ddd00f0,153,151,2,0,151,0.013071895424836602
vr20hyge,9ddd00f0,30,30,0,0,30,0.0
4stfwpke,9ddd00f0,226,77,149,0,77,0.6592920353982301
648anokh,9ddd00f0,145,15,130,0,15,0.896551724137931
zc26r1al,9ddd00f0,144,144,0,0,144,0.0
jeq3oy2g,9ddd00f0,181,110,71,0,110,0.39226519337016574
mrypomny,9ddd00f0,153,72,81,0,72,0.5294117647058824
rjanlii9,9ddd00f0,162,22,140,0,22,0.8641975308641975
c7ac53of,9ddd00f0,28,28,0,0,28,0.0
8bgj1tsd,9ddd00f0,171,32,139,0,32,0.8128654970760234
tc5wgx8h,9ddd00f0,160,24,136,0,24,0.85
f1ejz9fy,9ddd00f0,774,52,722,0,52,0.9328165374677002
vpxztp7b,9ddd00f0,177,27,150,0,27,0.847457627118644
a9gvtd1o,9ddd00f0,231,24,207,0,24,0.8961038961038961
e0biso3r,9ddd00f0,154,13,141,0,13,0.9155844155844156
41kp06jx,9ddd00f0,148,40,108,0,40,0.7297297297297297
lmtka1ev,9ddd00f0,169,17,152,0,17,0.8994082840236687
a6jpzpek,9ddd00f0,4,4,0,0,4,0.0
6eyovdd2,9ddd00f0,143,50,93,0,50,0.6503496503496503
hd5k29qy,9ddd00f0,159,18,141,0,18,0.8867924528301887
72p6pxny,9ddd00f0,171,58,113,0,58,0.6608187134502924
rhbgnqhz,9ddd00f0,158,18,140,0,18,0.8860759493670886
gkse9wdn,9ddd00f0,158,158,0,0,158,0.0
mzi8f2hv,9ddd00f0,170,20,150,0,20,0.8823529411764706
189iqcds,9ddd00f0,166,20,146,0,20,0.8795180722891566
fgxp8fzz,9ddd00f0,168,21,147,0,21,0.875
g7svteiz,9ddd00f0,137,98,39,0,98,0.2846715328467153
c2lwacqc,9ddd00f0,168,31,137,0,31,0.8154761904761905
ei0ij8ms,9ddd00f0,150,12,138,0,12,0.92
0yfthc4y,9ddd00f0,193,32,161,0,32,0.8341968911917098
2tkm21z6,9ddd00f0,137,137,0,0,137,0.0
yfyhejim,9ddd00f0,154,13,141,0,13,0.9155844155844156
jayyv6lz,9ddd00f0,161,19,142,0,19,0.8819875776397516
qu0lm98m,9ddd00f0,144,52,92,0,52,0.6388888888888888
ldo5smvx,9ddd00f0,1,1,0,0,1,0.0
2d8q4qkc,9ddd00f0,177,16,161,0,16,0.9096045197740112
g3vslpjv,9ddd00f0,110,33,77,0,33,0.7
c9sps7bl,9ddd00f0,161,16,145,0,16,0.9006211180124224
bx44xwzb,9ddd00f0,142,50,92,0,50,0.647887323943662
o2ho0580,9ddd00f0,275,241,34,0,241,0.12363636363636364
8oohxrrz,9ddd00f0,151,32,119,0,32,0.7880794701986755
qfiy90jx,9ddd00f0,147,12,135,0,12,0.9183673469387755
x5id5i5q,9ddd00f0,137,137,0,0,137,0.0
yebzokh4,9ddd00f0,135,135,0,0,135,0.0
kavvl57w,9ddd00f0,164,19,145,0,19,0.8841463414634146
idma9086,9ddd00f0,161,20,141,0,20,0.8757763975155279
r99uy0qb,9ddd00f0,35,6,29,0,6,0.8285714285714286
b73rrttr,9ddd00f0,10,10,0,0,10,0.0
8y2nd2sh,9ddd00f0,152,12,140,0,12,0.9210526315789473
l0nln4b2,9ddd00f0,189,24,165,0,24,0.873015873015873
aypxap78,9ddd00f0,167,19,148,0,19,0.8862275449101796
ascil7wf,9ddd00f0,179,26,153,0,26,0.8547486033519553
nx0vccp8,9ddd00f0,138,65,73,0,65,0.5289855072463768
8psac9uo,9ddd00f0,173,109,64,0,109,0.3699421965317919
kck1uue7,9ddd00f0,158,21,137,0,21,0.8670886075949367
jqeesfz7,9ddd00f0,136,136,0,0,136,0.0
ya0wv6pm,9ddd00f0,137,136,1,0,136,0.0072992700729927005
9evwb372,9ddd00f0,176,20,156,0,20,0.8863636363636364
23iyreiv,9ddd00f0,142,19,122,1,19,0.8591549295774648
clhkwrie,9ddd00f0,153,153,0,0,153,0.0
1qt2f29y,9ddd00f0,144,79,65,0,79,0.4513888888888889
mpzcivx9,9ddd00f0,157,22,135,0,22,0.8598726114649682
sp00glmz,9ddd00f0,153,153,0,0,153,0.0
jx6lhkbi,9ddd00f0,133,9,124,0,9,0.9323308270676691
cfclud8z,9ddd00f0,147,10,137,0,10,0.9319727891156463
z8b26ynw,9ddd00f0,182,19,163,0,19,0.8956043956043956
zelqv7az,9ddd00f0,149,37,112,0,37,0.7516778523489933
wa9xd98o,9ddd00f0,179,20,159,0,20,0.888268156424581
4j6cy1mk,9ddd00f0,187,26,161,0,26,0.8609625668449198
fl73adm5,9ddd00f0,172,11,161,0,11,0.936046511627907
oxvw1rhx,9ddd00f0,137,136,1,0,136,0.0072992700729927005
8d21w3yr,9ddd00f0,269,96,173,0,96,0.6431226765799256
zfeorjum,9ddd00f0,184,80,104,0,80,0.5652173913043478
hkj9daz7,9ddd00f0,173,18,155,0,18,0.8959537572254336
w12e497z,9ddd00f0,129,17,112,0,17,0.8682170542635659
9ohxtpht,9ddd00f0,175,65,110,0,65,0.6285714285714286
2anyuqd8,9ddd00f0,147,147,0,0,147,0.0
1r6yodve,9ddd00f0,242,242,0,0,242,0.0
2w766g1z,9ddd00f0,114,9,105,0,9,0.9210526315789473
mr7lkk46,9ddd00f0,235,28,207,0,28,0.8808510638297873
nqubyvew,9ddd00f0,173,51,122,0,51,0.7052023121387283
bcyhma9y,9ddd00f0,43,21,22,0,21,0.5116279069767442
pcrxo3zp,9ddd00f0,146,21,125,0,21,0.8561643835616438
kkeej6x5,9ddd00f0,153,44,109,0,44,0.7124183006535948
f5ktzt2t,9ddd00f0,190,13,177,0,13,0.9315789473684211
nldu5ge3,9ddd00f0,162,19,143,0,19,0.8827160493827161
4wx63ymf,9ddd00f0,179,22,157,0,22,0.8770949720670391
onnumbyy,9ddd00f0,139,130,9,0,130,0.06474820143884892
m63pxnwq,9ddd00f0,174,19,155,0,19,0.8908045977011494
nrfiw9bx,9ddd00f0,147,16,131,0,16,0.891156462585034
xklnx39q,9ddd00f0,142,21,121,0,21,0.852112676056338
pz38obzd,9ddd00f0,136,32,104,0,32,0.7647058823529411
8jwr3j6t,9ddd00f0,1,1,0,0,1,0.0
p445h6ow,9ddd00f0,78,10,68,0,10,0.8717948717948718
z3die4q3,9ddd00f0,165,12,153,0,12,0.9272727272727272
50nsp39w,9ddd00f0,373,39,334,0,39,0.8954423592493298
8yhijukj,9ddd00f0,95,3,92,0,3,0.968421052631579
mhskzwic,9ddd00f0,137,41,96,0,41,0.7007299270072993
vbwguazj,9ddd00f0,137,41,96,0,41,0.7007299270072993
7agy8y3l,9ddd00f0,158,27,128,3,27,0.810126582278481
om1m73rv,9ddd00f0,144,88,56,0,88,0.3888888888888889
74l1qvc1,d43fd935,18,18,0,0,18,0.0
byx9jkxm,d43fd935,7,3,4,0,3,0.5714285714285714
j2pjmr32,d43fd935,24,24,0,0,24,0.0
bmlngyh3,d43fd935,7,7,0,0,7,0.0
3d2as981,d43fd935,7,3,4,0,3,0.5714285714285714
cghxa2ie,d43fd935,7,3,4,0,3,0.5714285714285714
clucow7d,d43fd935,17,5,12,0,5,0.7058823529411765
5nrjvc7q,d43fd935,7,7,0,0,7,0.0
ol9lky1i,d43fd935,7,3,4,0,3,0.5714285714285714
o5qropwk,d43fd935,20,20,0,0,20,0.0
5hz183aa,d43fd935,37,37,0,0,37,0.0
61zahdh9,d43fd935,7,3,4,0,3,0.5714285714285714
pad0sufd,d43fd935,7,3,4,0,3,0.5714285714285714
emwp6wq7,d43fd935,7,3,4,0,3,0.5714285714285714
npr5bsi2,d43fd935,14,14,0,0,14,0.0
154uk6vm,d43fd935,9,9,0,0,9,0.0
ym49wqbn,d43fd935,7,3,4,0,3,0.5714285714285714
xeu3j3ki,d43fd935,7,7,0,0,7,0.0
cp3b83py,d43fd935,7,3,4,0,3,0.5714285714285714
qothvfhf,d43fd935,7,7,0,0,7,0.0
fkx2gd88,d43fd935,7,3,4,0,3,0.5714285714285714
27d8totr,d43fd935,9,3,6,0,3,0.6666666666666666
kmwiem6m,d43fd935,7,3,4,0,3,0.5714285714285714
d33m799j,d43fd935,13,13,0,0,13,0.0
ikfbpugl,d43fd935,29,5,24,0,5,0.8275862068965517
bdfn1h0o,d43fd935,7,3,4,0,3,0.5714285714285714
dmft9d3y,d43fd935,7,3,4,0,3,0.5714285714285714
6e5gb0yb,d43fd935,7,3,4,0,3,0.5714285714285714
icf7bchs,d43fd935,25,20,5,0,20,0.2
f5ohsl5h,d43fd935,7,3,4,0,3,0.5714285714285714
aqmjput5,d43fd935,9,3,6,0,3,0.6666666666666666
l9krayds,d43fd935,20,20,0,0,20,0.0
phbjwkyw,d43fd935,7,3,4,0,3,0.5714285714285714
szbhlpfr,d43fd935,7,3,4,0,3,0.5714285714285714
89u58v07,d43fd935,7,3,4,0,3,0.5714285714285714
095bdwyc,d43fd935,8,8,0,0,8,0.0
e2w81k0i,d43fd935,7,3,4,0,3,0.5714285714285714
4s3cm7d8,d43fd935,7,3,4,0,3,0.5714285714285714
hsm45iwx,d43fd935,7,7,0,0,7,0.0
sn10zd6g,d43fd935,7,3,4,0,3,0.5714285714285714
qkiu92kk,d43fd935,7,7,0,0,7,0.0
44o5xnxe,d43fd935,7,3,4,0,3,0.5714285714285714
qfsp3ery,d43fd935,7,7,0,0,7,0.0
q04yitea,d43fd935,7,3,4,0,3,0.5714285714285714
02333qfj,d43fd935,7,3,4,0,3,0.5714285714285714
y32zaw9c,d43fd935,7,7,0,0,7,0.0
cuybsfwr,d43fd935,7,7,0,0,7,0.0
r2ck84r8,d43fd935,7,3,4,0,3,0.5714285714285714
nze0azo1,d43fd935,7,3,4,0,3,0.5714285714285714
ovhoesyy,d43fd935,7,4,3,0,4,0.42857142857142855
ske58akk,d43fd935,7,3,4,0,3,0.5714285714285714
3cc6zm51,d43fd935,7,7,0,0,7,0.0
r24jdhzg,d43fd935,7,4,3,0,4,0.42857142857142855
zvbewhqx,d43fd935,7,3,4,0,3,0.5714285714285714
ism64anu,d43fd935,7,7,0,0,7,0.0
n2et79bd,d43fd935,12,7,5,0,7,0.4166666666666667
plfupad7,d43fd935,7,3,4,0,3,0.5714285714285714
f0wpo2hr,d43fd935,12,5,7,0,5,0.5833333333333334
qazkn1sw,d43fd935,32,10,22,0,10,0.6875
8aknstxj,d43fd935,7,3,4,0,3,0.5714285714285714
c7z6erey,d43fd935,7,3,4,0,3,0.5714285714285714
eyn3wygc,d43fd935,7,7,0,0,7,0.0
ni5df01j,d43fd935,7,3,4,0,3,0.5714285714285714
ew4oecfi,d43fd935,7,3,4,0,3,0.5714285714285714
mrwlcmno,d43fd935,7,7,0,0,7,0.0
s03ed531,d43fd935,7,7,0,0,7,0.0
2j8p9vyz,d43fd935,7,3,4,0,3,0.5714285714285714
wcau806y,d43fd935,7,7,0,0,7,0.0
o4kkkuj9,d43fd935,7,7,0,0,7,0.0
k8txaw58,d43fd935,29,29,0,0,29,0.0
mlvcv31l,d43fd935,7,3,4,0,3,0.5714285714285714
d1vjrjhc,d43fd935,7,3,4,0,3,0.5714285714285714
a589fsqz,d43fd935,7,3,4,0,3,0.5714285714285714
qv0yh587,d43fd935,24,24,0,0,24,0.0
t2eyvuxq,d43fd935,7,3,4,0,3,0.5714285714285714
uktb326q,d43fd935,7,7,0,0,7,0.0
bw2cwy0m,d43fd935,7,7,0,0,7,0.0
kwy2bqjo,d43fd935,8,4,4,0,4,0.5
cdo2cmtp,d43fd935,7,3,4,0,3,0.5714285714285714
zj5uemkt,d43fd935,7,7,0,0,7,0.0
4s9g1cze,d43fd935,7,3,4,0,3,0.5714285714285714
3irnkhq8,d43fd935,18,8,10,0,8,0.5555555555555556
ljwskxcq,d43fd935,7,3,4,0,3,0.5714285714285714
v6jvgdvg,d43fd935,7,7,0,0,7,0.0
f1ejz9fy,d43fd935,7,3,4,0,3,0.5714285714285714
vpxztp7b,d43fd935,7,3,4,0,3,0.5714285714285714
a9gvtd1o,d43fd935,7,7,0,0,7,0.0
e0biso3r,d43fd935,7,3,4,0,3,0.5714285714285714
41kp06jx,d43fd935,7,3,4,0,3,0.5714285714285714
lmtka1ev,d43fd935,7,3,4,0,3,0.5714285714285714
6eyovdd2,d43fd935,7,3,4,0,3,0.5714285714285714
a6jpzpek,d43fd935,10,5,5,0,5,0.5
qqqzakmg,d43fd935,28,2,26,0,2,0.9285714285714286
648anokh,d43fd935,7,3,4,0,3,0.5714285714285714
zc26r1al,d43fd935,7,7,0,0,7,0.0
mrypomny,d43fd935,7,3,4,0,3,0.5714285714285714
rjanlii9,d43fd935,10,6,4,0,6,0.4
c7ac53of,d43fd935,19,3,16,0,3,0.8421052631578947
tc5wgx8h,d43fd935,7,3,4,0,3,0.5714285714285714
8bgj1tsd,d43fd935,7,7,0,0,7,0.0
nhds6zsd,d43fd935,7,7,0,0,7,0.0
vr20hyge,d43fd935,7,7,0,0,7,0.0
4stfwpke,d43fd935,13,7,6,0,7,0.46153846153846156
sesf1qnx,d43fd935,38,5,33,0,5,0.868421052631579
j2dvablb,d43fd935,7,3,4,0,3,0.5714285714285714
904h81sn,d43fd935,7,3,4,0,3,0.5714285714285714
jayyv6lz,d43fd935,21,21,0,0,21,0.0
qu0lm98m,d43fd935,7,3,4,0,3,0.5714285714285714
ei0ij8ms,d43fd935,7,3,4,0,3,0.5714285714285714
0yfthc4y,d43fd935,7,7,0,0,7,0.0
2tkm21z6,d43fd935,7,7,0,0,7,0.0
yfyhejim,d43fd935,7,3,4,0,3,0.5714285714285714
cw4tyx7n,d43fd935,7,3,4,0,3,0.5714285714285714
g7svteiz,d43fd935,31,31,0,0,31,0.0
c2lwacqc,d43fd935,7,3,4,0,3,0.5714285714285714
hd5k29qy,d43fd935,7,7,0,0,7,0.0
72p6pxny,d43fd935,7,3,4,0,3,0.5714285714285714
rhbgnqhz,d43fd935,7,3,4,0,3,0.5714285714285714
gkse9wdn,d43fd935,7,7,0,0,7,0.0
mzi8f2hv,d43fd935,7,3,4,0,3,0.5714285714285714
189iqcds,d43fd935,8,4,4,0,4,0.5
fgxp8fzz,d43fd935,7,3,4,0,3,0.5714285714285714
xgvto4mg,d43fd935,7,7,0,0,7,0.0
9pjr0waw,d43fd935,7,3,4,0,3,0.5714285714285714
8psac9uo,d43fd935,7,7,0,0,7,0.0
nx0vccp8,d43fd935,7,7,0,0,7,0.0
kck1uue7,d43fd935,7,3,4,0,3,0.5714285714285714
jqeesfz7,d43fd935,7,7,0,0,7,0.0
qif0sa3r,d43fd935,7,3,4,0,3,0.5714285714285714
8y2nd2sh,d43fd935,7,3,4,0,3,0.5714285714285714
l0nln4b2,d43fd935,7,7,0,0,7,0.0
aypxap78,d43fd935,7,3,4,0,3,0.5714285714285714
ascil7wf,d43fd935,7,3,4,0,3,0.5714285714285714
yebzokh4,d43fd935,7,7,0,0,7,0.0
kavvl57w,d43fd935,7,3,4,0,3,0.5714285714285714
idma9086,d43fd935,7,7,0,0,7,0.0
r99uy0qb,d43fd935,7,3,4,0,3,0.5714285714285714
b73rrttr,d43fd935,4,4,0,0,4,0.0
7nszfy43,d43fd935,19,19,0,0,19,0.0
0fy66fv2,d43fd935,25,25,0,0,25,0.0
2d8q4qkc,d43fd935,9,4,5,0,4,0.5555555555555556
g3vslpjv,d43fd935,7,3,4,0,3,0.5714285714285714
c9sps7bl,d43fd935,7,3,4,0,3,0.5714285714285714
bx44xwzb,d43fd935,7,7,0,0,7,0.0
o2ho0580,d43fd935,13,13,0,0,13,0.0
8oohxrrz,d43fd935,7,3,4,0,3,0.5714285714285714
qfiy90jx,d43fd935,7,7,0,0,7,0.0
x5id5i5q,d43fd935,7,7,0,0,7,0.0
hkj9daz7,d43fd935,7,3,4,0,3,0.5714285714285714
zfeorjum,d43fd935,7,3,4,0,3,0.5714285714285714
w12e497z,d43fd935,13,10,3,0,10,0.23076923076923078
9ohxtpht,d43fd935,7,3,4,0,3,0.5714285714285714
k0qq522n,d43fd935,7,7,0,0,7,0.0
2anyuqd8,d43fd935,7,7,0,0,7,0.0
1r6yodve,d43fd935,20,20,0,0,20,0.0
wa9xd98o,d43fd935,8,4,4,0,4,0.5
4j6cy1mk,d43fd935,7,3,4,0,3,0.5714285714285714
oxvw1rhx,d43fd935,7,7,0,0,7,0.0
8d21w3yr,d43fd935,7,7,0,0,7,0.0
jx6lhkbi,d43fd935,7,3,4,0,3,0.5714285714285714
cfclud8z,d43fd935,11,5,6,0,5,0.5454545454545454
z8b26ynw,d43fd935,11,5,6,0,5,0.5454545454545454
zelqv7az,d43fd935,7,7,0,0,7,0.0
ya0wv6pm,d43fd935,10,6,4,0,6,0.4
9evwb372,d43fd935,7,3,4,0,3,0.5714285714285714
23iyreiv,d43fd935,7,3,4,0,3,0.5714285714285714
1qt2f29y,d43fd935,9,9,0,0,9,0.0
clhkwrie,d43fd935,7,3,4,0,3,0.5714285714285714
mpzcivx9,d43fd935,7,3,4,0,3,0.5714285714285714
sp00glmz,d43fd935,7,7,0,0,7,0.0
p445h6ow,d43fd935,19,10,9,0,10,0.47368421052631576
8jwr3j6t,d43fd935,7,3,4,0,3,0.5714285714285714
z3die4q3,d43fd935,7,3,4,0,3,0.5714285714285714
8yhijukj,d43fd935,8,3,5,0,3,0.625
mhskzwic,d43fd935,7,3,4,0,3,0.5714285714285714
vbwguazj,d43fd935,14,5,9,0,5,0.6428571428571429
7agy8y3l,d43fd935,7,3,4,0,3,0.5714285714285714
o1t1fb7j,d43fd935,7,7,0,0,7,0.0
om1m73rv,d43fd935,7,3,4,0,3,0.5714285714285714
nrfiw9bx,d43fd935,7,3,4,0,3,0.5714285714285714
pz38obzd,d43fd935,7,3,4,0,3,0.5714285714285714
xklnx39q,d43fd935,7,3,4,0,3,0.5714285714285714
nldu5ge3,d43fd935,7,3,4,0,3,0.5714285714285714
t3l0if03,d43fd935,7,3,4,0,3,0.5714285714285714
nfbzvhip,d43fd935,7,7,0,0,7,0.0
4wx63ymf,d43fd935,7,3,4,0,3,0.5714285714285714
ler5uq42,d43fd935,7,7,0,0,7,0.0
m63pxnwq,d43fd935,7,3,4,0,3,0.5714285714285714
2w766g1z,d43fd935,7,3,4,0,3,0.5714285714285714
mr7lkk46,d43fd935,7,3,4,0,3,0.5714285714285714
nqubyvew,d43fd935,7,3,4,0,3,0.5714285714285714
pcrxo3zp,d43fd935,8,3,5,0,3,0.625
f5ktzt2t,d43fd935,7,3,4,0,3,0.5714285714285714
kkeej6x5,d43fd935,7,7,0,0,7,0.0
c9sps7bl,0e671a1a,24,5,19,0,5,0.7916666666666666
bx44xwzb,0e671a1a,43,43,0,0,43,0.0
o2ho0580,0e671a1a,21,21,0,0,21,0.0
2d8q4qkc,0e671a1a,33,6,27,0,6,0.8181818181818182
g3vslpjv,0e671a1a,60,10,50,0,10,0.8333333333333334
8oohxrrz,0e671a1a,160,20,140,0,20,0.875
qfiy90jx,0e671a1a,61,8,53,0,8,0.8688524590163934
yebzokh4,0e671a1a,77,27,50,0,27,0.6493506493506493
0fy66fv2,0e671a1a,4,4,0,0,4,0.0
7nszfy43,0e671a1a,28,6,22,0,6,0.7857142857142857
b73rrttr,0e671a1a,31,25,6,0,25,0.1935483870967742
r99uy0qb,0e671a1a,23,3,20,0,3,0.8695652173913043
idma9086,0e671a1a,84,17,67,0,17,0.7976190476190477
8y2nd2sh,0e671a1a,28,4,24,0,4,0.8571428571428571
qif0sa3r,0e671a1a,96,30,66,0,30,0.6875
ascil7wf,0e671a1a,46,4,42,0,4,0.9130434782608695
l0nln4b2,0e671a1a,27,27,0,0,27,0.0
aypxap78,0e671a1a,72,9,63,0,9,0.875
nx0vccp8,0e671a1a,37,26,11,0,26,0.2972972972972973
8psac9uo,0e671a1a,92,32,59,1,32,0.6413043478260869
kck1uue7,0e671a1a,30,7,23,0,7,0.7666666666666667
9pjr0waw,0e671a1a,22,3,19,0,3,0.8636363636363636
jqeesfz7,0e671a1a,73,73,0,0,73,0.0
gkse9wdn,0e671a1a,86,86,0,0,86,0.0
hd5k29qy,0e671a1a,22,2,20,0,2,0.9090909090909091
rhbgnqhz,0e671a1a,71,12,59,0,12,0.8309859154929577
72p6pxny,0e671a1a,100,16,84,0,16,0.84
fgxp8fzz,0e671a1a,23,2,21,0,2,0.9130434782608695
mzi8f2hv,0e671a1a,45,6,39,0,6,0.8666666666666667
189iqcds,0e671a1a,29,29,0,0,29,0.0
cw4tyx7n,0e671a1a,3,2,0,1,2,0.0
c2lwacqc,0e671a1a,26,6,20,0,6,0.7692307692307693
g7svteiz,0e671a1a,43,15,28,0,15,0.6511627906976745
yc52i3qf,0e671a1a,37,37,0,0,37,0.0
2tkm21z6,0e671a1a,21,21,0,0,21,0.0
ei0ij8ms,0e671a1a,114,10,104,0,10,0.9122807017543859
0yfthc4y,0e671a1a,63,63,0,0,63,0.0
yfyhejim,0e671a1a,65,7,58,0,7,0.8923076923076924
9wkeb5tu,0e671a1a,22,2,20,0,2,0.9090909090909091
jayyv6lz,0e671a1a,64,64,0,0,64,0.0
qu0lm98m,0e671a1a,107,10,97,0,10,0.9065420560747663
ldo5smvx,0e671a1a,45,12,33,0,12,0.7333333333333333
nqubyvew,0e671a1a,22,2,20,0,2,0.9090909090909091
2w766g1z,0e671a1a,46,5,41,0,5,0.8913043478260869
mr7lkk46,0e671a1a,40,9,31,0,9,0.775
kkeej6x5,0e671a1a,24,4,20,0,4,0.8333333333333334
f5ktzt2t,0e671a1a,27,6,21,0,6,0.7777777777777778
pcrxo3zp,0e671a1a,25,4,21,0,4,0.84
bcyhma9y,0e671a1a,27,27,0,0,27,0.0
4wx63ymf,0e671a1a,23,8,15,0,8,0.6521739130434783
nfbzvhip,0e671a1a,21,21,0,0,21,0.0
ler5uq42,0e671a1a,49,49,0,0,49,0.0
t3l0if03,0e671a1a,58,6,52,0,6,0.896551724137931
nldu5ge3,0e671a1a,48,10,37,1,10,0.7708333333333334
m63pxnwq,0e671a1a,52,6,46,0,6,0.8846153846153846
onnumbyy,0e671a1a,34,30,4,0,30,0.11764705882352941
nrfiw9bx,0e671a1a,55,5,50,0,5,0.9090909090909091
xklnx39q,0e671a1a,202,9,193,0,9,0.9554455445544554
pz38obzd,0e671a1a,49,5,44,0,5,0.8979591836734694
50nsp39w,0e671a1a,83,14,69,0,14,0.8313253012048193
8yhijukj,0e671a1a,77,35,42,0,35,0.5454545454545454
mhskzwic,0e671a1a,21,9,12,0,9,0.5714285714285714
z3die4q3,0e671a1a,23,2,21,0,2,0.9130434782608695
8jwr3j6t,0e671a1a,94,17,77,0,17,0.8191489361702128
p445h6ow,0e671a1a,73,11,62,0,11,0.8493150684931506
7agy8y3l,0e671a1a,71,26,45,0,26,0.6338028169014085
o1t1fb7j,0e671a1a,43,38,5,0,38,0.11627906976744186
vbwguazj,0e671a1a,24,8,16,0,8,0.6666666666666666
om1m73rv,0e671a1a,24,4,20,0,4,0.8333333333333334
9evwb372,0e671a1a,22,3,19,0,3,0.8636363636363636
23iyreiv,0e671a1a,46,7,39,0,7,0.8478260869565217
sp00glmz,0e671a1a,79,32,47,0,32,0.5949367088607594
1qt2f29y,0e671a1a,35,12,23,0,12,0.6571428571428571
clhkwrie,0e671a1a,54,9,45,0,9,0.8333333333333334
mpzcivx9,0e671a1a,22,2,20,0,2,0.9090909090909091
jx6lhkbi,0e671a1a,31,8,23,0,8,0.7419354838709677
zelqv7az,0e671a1a,22,14,8,0,14,0.36363636363636365
z8b26ynw,0e671a1a,22,2,20,0,2,0.9090909090909091
cfclud8z,0e671a1a,80,9,71,0,9,0.8875
8d21w3yr,0e671a1a,78,28,49,1,28,0.6282051282051282
oxvw1rhx,0e671a1a,53,53,0,0,53,0.0
4j6cy1mk,0e671a1a,51,13,38,0,13,0.7450980392156863
9ohxtpht,0e671a1a,22,2,20,0,2,0.9090909090909091
w12e497z,0e671a1a,3,3,0,0,3,0.0
hkj9daz7,0e671a1a,23,2,21,0,2,0.9130434782608695
zfeorjum,0e671a1a,21,11,10,0,11,0.47619047619047616
1r6yodve,0e671a1a,3,3,0,0,3,0.0
0wk7vjg8,0e671a1a,23,3,20,0,3,0.8695652173913043
plfupad7,0e671a1a,115,41,74,0,41,0.6434782608695652
zvbewhqx,0e671a1a,66,11,55,0,11,0.8333333333333334
8aknstxj,0e671a1a,55,5,50,0,5,0.9090909090909091
c7z6erey,0e671a1a,22,2,20,0,2,0.9090909090909091
f0wpo2hr,0e671a1a,32,2,29,1,2,0.90625
qazkn1sw,0e671a1a,69,56,13,0,56,0.18840579710144928
nze0azo1,0e671a1a,33,3,30,0,3,0.9090909090909091
r2ck84r8,0e671a1a,56,23,33,0,23,0.5892857142857143
hpl7jugr,0e671a1a,22,2,20,0,2,0.9090909090909091
stbyxpx6,0e671a1a,46,14,32,0,14,0.6956521739130435
r24jdhzg,0e671a1a,23,14,9,0,14,0.391304347826087
ske58akk,0e671a1a,97,21,76,0,21,0.7835051546391752
ovhoesyy,0e671a1a,22,3,19,0,3,0.8636363636363636
3cc6zm51,0e671a1a,21,21,0,0,21,0.0
q04yitea,0e671a1a,73,9,64,0,9,0.8767123287671232
qfsp3ery,0e671a1a,135,77,58,0,77,0.42962962962962964
02333qfj,0e671a1a,43,43,0,0,43,0.0
qkiu92kk,0e671a1a,21,21,0,0,21,0.0
44o5xnxe,0e671a1a,21,21,0,0,21,0.0
0ra11hiv,0e671a1a,21,21,0,0,21,0.0
cuybsfwr,0e671a1a,50,5,45,0,5,0.9
y32zaw9c,0e671a1a,63,62,1,0,62,0.015873015873015872
89u58v07,0e671a1a,22,2,20,0,2,0.9090909090909091
phbjwkyw,0e671a1a,29,3,26,0,3,0.896551724137931
szbhlpfr,0e671a1a,24,3,21,0,3,0.875
sn10zd6g,0e671a1a,76,9,67,0,9,0.881578947368421
4s3cm7d8,0e671a1a,31,8,23,0,8,0.7419354838709677
e2w81k0i,0e671a1a,22,2,20,0,2,0.9090909090909091
hsm45iwx,0e671a1a,75,6,69,0,6,0.92
6e5gb0yb,0e671a1a,22,22,0,0,22,0.0
dmft9d3y,0e671a1a,23,6,17,0,6,0.7391304347826086
f5ohsl5h,0e671a1a,22,3,19,0,3,0.8636363636363636
nvlsix5c,0e671a1a,33,6,27,0,6,0.8181818181818182
aqmjput5,0e671a1a,130,37,92,1,37,0.7076923076923077
l9krayds,0e671a1a,25,3,22,0,3,0.88
icf7bchs,0e671a1a,25,24,1,0,24,0.04
91fk0af9,0e671a1a,71,70,0,1,70,0.0
27d8totr,0e671a1a,30,6,24,0,6,0.8
fkx2gd88,0e671a1a,22,4,18,0,4,0.8181818181818182
cp3b83py,0e671a1a,50,7,43,0,7,0.86
d33m799j,0e671a1a,15,1,14,0,1,0.9333333333333333
ikfbpugl,0e671a1a,90,13,77,0,13,0.8555555555555555
kmwiem6m,0e671a1a,24,3,21,0,3,0.875
5hz183aa,0e671a1a,54,54,0,0,54,0.0
61zahdh9,0e671a1a,67,5,61,1,5,0.9104477611940298
ol9lky1i,0e671a1a,36,4,32,0,4,0.8888888888888888
5nrjvc7q,0e671a1a,124,29,95,0,29,0.7661290322580645
o5qropwk,0e671a1a,22,7,15,0,7,0.6818181818181818
154uk6vm,0e671a1a,40,7,33,0,7,0.825
ym49wqbn,0e671a1a,64,15,49,0,15,0.765625
npr5bsi2,0e671a1a,23,23,0,0,23,0.0
xeu3j3ki,0e671a1a,57,9,48,0,9,0.8421052631578947
pad0sufd,0e671a1a,29,29,0,0,29,0.0
emwp6wq7,0e671a1a,27,9,18,0,9,0.6666666666666666
j2pjmr32,0e671a1a,77,12,65,0,12,0.8441558441558441
byx9jkxm,0e671a1a,22,2,20,0,2,0.9090909090909091
74l1qvc1,0e671a1a,72,32,40,0,32,0.5555555555555556
cghxa2ie,0e671a1a,28,5,23,0,5,0.8214285714285714
3d2as981,0e671a1a,85,12,73,0,12,0.8588235294117647
clucow7d,0e671a1a,22,5,17,0,5,0.7727272727272727
bmlngyh3,0e671a1a,141,9,132,0,9,0.9361702127659575
sesf1qnx,0e671a1a,33,11,22,0,11,0.6666666666666666
j2dvablb,0e671a1a,71,10,61,0,10,0.8591549295774648
so5k1adg,0e671a1a,94,93,0,1,93,0.0
ce9qdbyh,0e671a1a,22,6,16,0,6,0.7272727272727273
03ljcqhc,0e671a1a,29,5,24,0,5,0.8275862068965517
vr20hyge,0e671a1a,46,46,0,0,46,0.0
nhds6zsd,0e671a1a,22,16,6,0,16,0.2727272727272727
zc26r1al,0e671a1a,41,41,0,0,41,0.0
648anokh,0e671a1a,22,2,20,0,2,0.9090909090909091
qqqzakmg,0e671a1a,124,12,112,0,12,0.9032258064516129
tc5wgx8h,0e671a1a,94,15,79,0,15,0.8404255319148937
mrypomny,0e671a1a,22,6,16,0,6,0.7272727272727273
jeq3oy2g,0e671a1a,33,12,21,0,12,0.6363636363636364
c7ac53of,0e671a1a,17,3,14,0,3,0.8235294117647058
rjanlii9,0e671a1a,96,12,84,0,12,0.875
e0biso3r,0e671a1a,22,3,19,0,3,0.8636363636363636
a9gvtd1o,0e671a1a,23,2,21,0,2,0.9130434782608695
f1ejz9fy,0e671a1a,91,10,81,0,10,0.8901098901098901
vpxztp7b,0e671a1a,23,14,9,0,14,0.391304347826087
6eyovdd2,0e671a1a,50,18,31,1,18,0.62
a6jpzpek,0e671a1a,20,3,17,0,3,0.85
41kp06jx,0e671a1a,30,4,26,0,4,0.8666666666666667
a0w1xgxf,0e671a1a,52,9,43,0,9,0.8269230769230769
lmtka1ev,0e671a1a,22,2,20,0,2,0.9090909090909091
zj5uemkt,0e671a1a,21,21,0,0,21,0.0
3irnkhq8,0e671a1a,67,6,61,0,6,0.9104477611940298
4s9g1cze,0e671a1a,52,5,47,0,5,0.9038461538461539
l5sagbsh,0e671a1a,22,2,20,0,2,0.9090909090909091
v6jvgdvg,0e671a1a,70,51,19,0,51,0.2714285714285714
ljwskxcq,0e671a1a,76,11,65,0,11,0.8552631578947368
bw2cwy0m,0e671a1a,48,10,38,0,10,0.7916666666666666
kwy2bqjo,0e671a1a,69,51,18,0,51,0.2608695652173913
uktb326q,0e671a1a,22,14,8,0,14,0.36363636363636365
cdo2cmtp,0e671a1a,24,8,16,0,8,0.6666666666666666
a589fsqz,0e671a1a,44,10,34,0,10,0.7727272727272727
mlvcv31l,0e671a1a,66,7,59,0,7,0.8939393939393939
k8txaw58,0e671a1a,43,43,0,0,43,0.0
o4kkkuj9,0e671a1a,45,45,0,0,45,0.0
d1vjrjhc,0e671a1a,38,12,26,0,12,0.6842105263157895
qv0yh587,0e671a1a,13,12,1,0,12,0.07692307692307693
t2eyvuxq,0e671a1a,37,5,32,0,5,0.8648648648648649
08vqizpx,0e671a1a,43,43,0,0,43,0.0
ew4oecfi,0e671a1a,25,4,21,0,4,0.84
mrwlcmno,0e671a1a,21,21,0,0,21,0.0
ni5df01j,0e671a1a,56,6,50,0,6,0.8928571428571429
eyn3wygc,0e671a1a,58,8,50,0,8,0.8620689655172413
wcau806y,0e671a1a,23,10,13,0,10,0.5652173913043478
s03ed531,0e671a1a,66,66,0,0,66,0.0
2j8p9vyz,0e671a1a,72,7,65,0,7,0.9027777777777778
ldo5smvx,1b60fb0c,17,9,8,0,9,0.47058823529411764
qu0lm98m,1b60fb0c,49,42,7,0,42,0.14285714285714285
jayyv6lz,1b60fb0c,9,9,0,0,9,0.0
9wkeb5tu,1b60fb0c,18,18,0,0,18,0.0
yfyhejim,1b60fb0c,10,3,7,0,3,0.7
2tkm21z6,1b60fb0c,11,11,0,0,11,0.0
0yfthc4y,1b60fb0c,18,18,0,0,18,0.0
ei0ij8ms,1b60fb0c,22,8,14,0,8,0.6363636363636364
g7svteiz,1b60fb0c,28,28,0,0,28,0.0
c2lwacqc,1b60fb0c,48,23,25,0,23,0.5208333333333334
cw4tyx7n,1b60fb0c,18,10,8,0,10,0.4444444444444444
fgxp8fzz,1b60fb0c,15,6,9,0,6,0.6
189iqcds,1b60fb0c,11,11,0,0,11,0.0
mzi8f2hv,1b60fb0c,21,10,11,0,10,0.5238095238095238
gkse9wdn,1b60fb0c,18,18,0,0,18,0.0
72p6pxny,1b60fb0c,28,7,21,0,7,0.75
rhbgnqhz,1b60fb0c,27,24,3,0,24,0.1111111111111111
hd5k29qy,1b60fb0c,28,28,0,0,28,0.0
jqeesfz7,1b60fb0c,17,17,0,0,17,0.0
xji13cu2,1b60fb0c,21,20,0,1,20,0.0
kck1uue7,1b60fb0c,44,35,9,0,35,0.20454545454545456
8psac9uo,1b60fb0c,21,21,0,0,21,0.0
nx0vccp8,1b60fb0c,17,17,0,0,17,0.0
9pjr0waw,1b60fb0c,11,11,0,0,11,0.0
ascil7wf,1b60fb0c,18,18,0,0,18,0.0
aypxap78,1b60fb0c,10,6,4,0,6,0.4
l0nln4b2,1b60fb0c,9,9,0,0,9,0.0
8y2nd2sh,1b60fb0c,32,17,15,0,17,0.46875
b73rrttr,1b60fb0c,14,14,0,0,14,0.0
idma9086,1b60fb0c,31,24,7,0,24,0.22580645161290322
4kl3i3tv,1b60fb0c,20,20,0,0,20,0.0
r99uy0qb,1b60fb0c,18,13,5,0,13,0.2777777777777778
kavvl57w,1b60fb0c,19,16,3,0,16,0.15789473684210525
yebzokh4,1b60fb0c,11,11,0,0,11,0.0
x5id5i5q,1b60fb0c,28,28,0,0,28,0.0
qfiy90jx,1b60fb0c,9,5,4,0,5,0.4444444444444444
8oohxrrz,1b60fb0c,14,11,3,0,11,0.21428571428571427
o2ho0580,1b60fb0c,21,4,17,0,4,0.8095238095238095
bx44xwzb,1b60fb0c,10,10,0,0,10,0.0
c9sps7bl,1b60fb0c,10,3,7,0,3,0.7
g3vslpjv,1b60fb0c,15,11,4,0,11,0.26666666666666666
2d8q4qkc,1b60fb0c,14,4,10,0,4,0.7142857142857143
2anyuqd8,1b60fb0c,9,9,0,0,9,0.0
1r6yodve,1b60fb0c,39,39,0,0,39,0.0
cbvc5e3w,1b60fb0c,11,11,0,0,11,0.0
w12e497z,1b60fb0c,42,25,17,0,25,0.40476190476190477
9ohxtpht,1b60fb0c,20,20,0,0,20,0.0
zfeorjum,1b60fb0c,19,12,7,0,12,0.3684210526315789
hkj9daz7,1b60fb0c,18,10,8,0,10,0.4444444444444444
8d21w3yr,1b60fb0c,21,21,0,0,21,0.0
gckdkq1t,1b60fb0c,44,42,2,0,42,0.045454545454545456
318gokyy,1b60fb0c,9,5,4,0,5,0.4444444444444444
4j6cy1mk,1b60fb0c,14,14,0,0,14,0.0
oxvw1rhx,1b60fb0c,27,27,0,0,27,0.0
z8b26ynw,1b60fb0c,19,13,5,1,13,0.2631578947368421
zelqv7az,1b60fb0c,17,17,0,0,17,0.0
cfclud8z,1b60fb0c,19,16,3,0,16,0.15789473684210525
jx6lhkbi,1b60fb0c,9,9,0,0,9,0.0
sp00glmz,1b60fb0c,28,17,11,0,17,0.39285714285714285
mpzcivx9,1b60fb0c,9,4,5,0,4,0.5555555555555556
clhkwrie,1b60fb0c,41,31,10,0,31,0.24390243902439024
1qt2f29y,1b60fb0c,17,17,0,0,17,0.0
23iyreiv,1b60fb0c,15,15,0,0,15,0.0
ya0wv6pm,1b60fb0c,9,9,0,0,9,0.0
9evwb372,1b60fb0c,14,14,0,0,14,0.0
2ke9hbes,1b60fb0c,22,22,0,0,22,0.0
om1m73rv,1b60fb0c,33,22,11,0,22,0.3333333333333333
vbwguazj,1b60fb0c,13,13,0,0,13,0.0
7agy8y3l,1b60fb0c,12,12,0,0,12,0.0
mhskzwic,1b60fb0c,9,6,3,0,6,0.3333333333333333
8yhijukj,1b60fb0c,9,9,0,0,9,0.0
z3die4q3,1b60fb0c,9,4,5,0,4,0.5555555555555556
xklnx39q,1b60fb0c,15,6,9,0,6,0.6
pz38obzd,1b60fb0c,25,25,0,0,25,0.0
nrfiw9bx,1b60fb0c,34,8,26,0,8,0.7647058823529411
m63pxnwq,1b60fb0c,25,23,2,0,23,0.08
onnumbyy,1b60fb0c,21,21,0,0,21,0.0
ler5uq42,1b60fb0c,12,12,0,0,12,0.0
nfbzvhip,1b60fb0c,37,36,1,0,36,0.02702702702702703
4wx63ymf,1b60fb0c,9,9,0,0,9,0.0
nldu5ge3,1b60fb0c,18,18,0,0,18,0.0
t3l0if03,1b60fb0c,9,3,6,0,3,0.6666666666666666
pcrxo3zp,1b60fb0c,32,4,28,0,4,0.875
kkeej6x5,1b60fb0c,24,21,3,0,21,0.125
f5ktzt2t,1b60fb0c,42,14,28,0,14,0.6666666666666666
nqubyvew,1b60fb0c,21,21,0,0,21,0.0
5vv1rrzw,1b60fb0c,23,23,0,0,23,0.0
mr7lkk46,1b60fb0c,35,23,12,0,23,0.34285714285714286
2w766g1z,1b60fb0c,11,8,3,0,8,0.2727272727272727
clucow7d,1b60fb0c,9,6,3,0,6,0.3333333333333333
3d2as981,1b60fb0c,59,46,13,0,46,0.22033898305084745
cghxa2ie,1b60fb0c,24,19,5,0,19,0.20833333333333334
y8mzyzjc,1b60fb0c,28,28,0,0,28,0.0
bmlngyh3,1b60fb0c,22,22,0,0,22,0.0
npr5bsi2,1b60fb0c,8,8,0,0,8,0.0
ym49wqbn,1b60fb0c,100,100,0,0,100,0.0
154uk6vm,1b60fb0c,28,28,0,0,28,0.0
emwp6wq7,1b60fb0c,55,30,25,0,30,0.45454545454545453
pad0sufd,1b60fb0c,52,41,11,0,41,0.21153846153846154
61zahdh9,1b60fb0c,23,20,3,0,20,0.13043478260869565
5hz183aa,1b60fb0c,3,3,0,0,3,0.0
o5qropwk,1b60fb0c,39,37,2,0,37,0.05128205128205128
5nrjvc7q,1b60fb0c,33,17,16,0,17,0.48484848484848486
ol9lky1i,1b60fb0c,23,23,0,0,23,0.0
ikfbpugl,1b60fb0c,31,6,25,0,6,0.8064516129032258
kmwiem6m,1b60fb0c,31,19,12,0,19,0.3870967741935484
5pds9j1d,1b60fb0c,27,27,0,0,27,0.0
fkx2gd88,1b60fb0c,25,14,11,0,14,0.44
27d8totr,1b60fb0c,27,27,0,0,27,0.0
qothvfhf,1b60fb0c,9,9,0,0,9,0.0
91fk0af9,1b60fb0c,19,19,0,0,19,0.0
cp3b83py,1b60fb0c,9,9,0,0,9,0.0
l9krayds,1b60fb0c,3,3,0,0,3,0.0
aqmjput5,1b60fb0c,50,27,23,0,27,0.46
f5ohsl5h,1b60fb0c,13,5,6,2,5,0.46153846153846156
pgtp756s,1b60fb0c,23,23,0,0,23,0.0
6e5gb0yb,1b60fb0c,9,8,1,0,8,0.1111111111111111
dmft9d3y,1b60fb0c,39,14,25,0,14,0.6410256410256411
sn10zd6g,1b60fb0c,9,9,0,0,9,0.0
hsm45iwx,1b60fb0c,37,16,21,0,16,0.5675675675675675
e2w81k0i,1b60fb0c,34,28,6,0,28,0.17647058823529413
4s3cm7d8,1b60fb0c,22,22,0,0,22,0.0
89u58v07,1b60fb0c,29,29,0,0,29,0.0
phbjwkyw,1b60fb0c,31,21,10,0,21,0.3225806451612903
cuybsfwr,1b60fb0c,20,7,13,0,7,0.65
y32zaw9c,1b60fb0c,15,15,0,0,15,0.0
02333qfj,1b60fb0c,21,21,0,0,21,0.0
qfsp3ery,1b60fb0c,11,8,3,0,8,0.2727272727272727
q04yitea,1b60fb0c,27,27,0,0,27,0.0
44o5xnxe,1b60fb0c,13,13,0,0,13,0.0
qkiu92kk,1b60fb0c,15,15,0,0,15,0.0
r24jdhzg,1b60fb0c,13,13,0,0,13,0.0
stbyxpx6,1b60fb0c,15,14,1,0,14,0.06666666666666667
3cc6zm51,1b60fb0c,20,20,0,0,20,0.0
ovhoesyy,1b60fb0c,9,9,0,0,9,0.0
ske58akk,1b60fb0c,15,15,0,0,15,0.0
hpl7jugr,1b60fb0c,10,3,7,0,3,0.7
r2ck84r8,1b60fb0c,13,12,1,0,12,0.07692307692307693
nze0azo1,1b60fb0c,39,28,11,0,28,0.28205128205128205
c7z6erey,1b60fb0c,9,9,0,0,9,0.0
8aknstxj,1b60fb0c,6,4,2,0,4,0.3333333333333333
qazkn1sw,1b60fb0c,30,30,0,0,30,0.0
f0wpo2hr,1b60fb0c,15,8,7,0,8,0.4666666666666667
plfupad7,1b60fb0c,17,17,0,0,17,0.0
ism64anu,1b60fb0c,43,26,17,0,26,0.3953488372093023
zvbewhqx,1b60fb0c,29,29,0,0,29,0.0
0hrc9vve,1b60fb0c,17,4,13,0,4,0.7647058823529411
wcau806y,1b60fb0c,9,9,0,0,9,0.0
2j8p9vyz,1b60fb0c,21,14,7,0,14,0.3333333333333333
s03ed531,1b60fb0c,48,48,0,0,48,0.0
mrwlcmno,1b60fb0c,9,9,0,0,9,0.0
ew4oecfi,1b60fb0c,20,20,0,0,20,0.0
eyn3wygc,1b60fb0c,9,9,0,0,9,0.0
ni5df01j,1b60fb0c,28,28,0,0,28,0.0
t2eyvuxq,1b60fb0c,13,13,0,0,13,0.0
qv0yh587,1b60fb0c,8,8,0,0,8,0.0
a589fsqz,1b60fb0c,9,9,0,0,9,0.0
d1vjrjhc,1b60fb0c,26,20,6,0,20,0.23076923076923078
k8txaw58,1b60fb0c,21,7,14,0,7,0.6666666666666666
o4kkkuj9,1b60fb0c,38,37,1,0,37,0.02631578947368421
mlvcv31l,1b60fb0c,36,13,23,0,13,0.6388888888888888
kwy2bqjo,1b60fb0c,34,19,15,0,19,0.4411764705882353
bw2cwy0m,1b60fb0c,17,17,0,0,17,0.0
ljwskxcq,1b60fb0c,20,5,15,0,5,0.75
v6jvgdvg,1b60fb0c,6,6,0,0,6,0.0
l5sagbsh,1b60fb0c,27,27,0,0,27,0.0
4s9g1cze,1b60fb0c,13,13,0,0,13,0.0
3irnkhq8,1b60fb0c,25,13,12,0,13,0.48
zj5uemkt,1b60fb0c,18,18,0,0,18,0.0
a6jpzpek,1b60fb0c,23,23,0,0,23,0.0
6eyovdd2,1b60fb0c,23,13,10,0,13,0.43478260869565216
lmtka1ev,1b60fb0c,10,3,7,0,3,0.7
a0w1xgxf,1b60fb0c,33,33,0,0,33,0.0
41kp06jx,1b60fb0c,11,11,0,0,11,0.0
a9gvtd1o,1b60fb0c,20,20,0,0,20,0.0
e0biso3r,1b60fb0c,41,15,26,0,15,0.6341463414634146
vpxztp7b,1b60fb0c,43,43,0,0,43,0.0
f1ejz9fy,1b60fb0c,50,25,25,0,25,0.5
tc5wgx8h,1b60fb0c,33,33,0,0,33,0.0
rjanlii9,1b60fb0c,27,24,3,0,24,0.1111111111111111
c7ac53of,1b60fb0c,3,3,0,0,3,0.0
jeq3oy2g,1b60fb0c,14,1,13,0,1,0.9285714285714286
mrypomny,1b60fb0c,9,9,0,0,9,0.0
zc26r1al,1b60fb0c,23,23,0,0,23,0.0
648anokh,1b60fb0c,21,14,7,0,14,0.3333333333333333
nhds6zsd,1b60fb0c,13,13,0,0,13,0.0
vr20hyge,1b60fb0c,11,11,0,0,11,0.0
904h81sn,1b60fb0c,23,20,3,0,20,0.13043478260869565
so5k1adg,1b60fb0c,17,17,0,0,17,0.0
j2dvablb,1b60fb0c,9,4,5,0,4,0.5555555555555556
ce9qdbyh,1b60fb0c,10,10,0,0,10,0.0
sesf1qnx,1b60fb0c,21,15,6,0,15,0.2857142857142857
j2dvablb,fe9372f3,112,55,57,0,55,0.5089285714285714
904h81sn,fe9372f3,77,77,0,0,77,0.0
so5k1adg,fe9372f3,106,106,0,0,106,0.0
4stfwpke,fe9372f3,127,57,70,0,57,0.5511811023622047
nhds6zsd,fe9372f3,77,77,0,0,77,0.0
vr20hyge,fe9372f3,4,4,0,0,4,0.0
tc5wgx8h,fe9372f3,72,72,0,0,72,0.0
jeq3oy2g,fe9372f3,37,1,36,0,1,0.972972972972973
mrypomny,fe9372f3,73,73,0,0,73,0.0
rjanlii9,fe9372f3,73,59,14,0,59,0.1917808219178082
c7ac53of,fe9372f3,21,5,16,0,5,0.7619047619047619
648anokh,fe9372f3,95,51,44,0,51,0.4631578947368421
a6jpzpek,fe9372f3,10,4,6,0,4,0.6
6eyovdd2,fe9372f3,84,80,4,0,80,0.047619047619047616
41kp06jx,fe9372f3,89,89,0,0,89,0.0
lmtka1ev,fe9372f3,76,75,1,0,75,0.013157894736842105
a9gvtd1o,fe9372f3,75,75,0,0,75,0.0
e0biso3r,fe9372f3,146,55,91,0,55,0.6232876712328768
f1ejz9fy,fe9372f3,81,81,0,0,81,0.0
vpxztp7b,fe9372f3,73,73,0,0,73,0.0
3irnkhq8,fe9372f3,91,51,40,0,51,0.43956043956043955
v6jvgdvg,fe9372f3,39,39,0,0,39,0.0
l5sagbsh,fe9372f3,73,73,0,0,73,0.0
zj5uemkt,fe9372f3,73,73,0,0,73,0.0
bw2cwy0m,fe9372f3,95,83,12,0,83,0.12631578947368421
kwy2bqjo,fe9372f3,73,73,0,0,73,0.0
uktb326q,fe9372f3,86,86,0,0,86,0.0
t2eyvuxq,fe9372f3,79,79,0,0,79,0.0
a589fsqz,fe9372f3,103,94,9,0,94,0.08737864077669903
mlvcv31l,fe9372f3,146,68,78,0,68,0.5342465753424658
o4kkkuj9,fe9372f3,79,79,0,0,79,0.0
k8txaw58,fe9372f3,73,73,0,0,73,0.0
d1vjrjhc,fe9372f3,76,76,0,0,76,0.0
wcau806y,fe9372f3,35,35,0,0,35,0.0
s03ed531,fe9372f3,108,108,0,0,108,0.0
2j8p9vyz,fe9372f3,93,57,36,0,57,0.3870967741935484
ew4oecfi,fe9372f3,82,62,20,0,62,0.24390243902439024
mrwlcmno,fe9372f3,75,75,0,0,75,0.0
ni5df01j,fe9372f3,85,48,37,0,48,0.43529411764705883
eyn3wygc,fe9372f3,79,79,0,0,79,0.0
c7z6erey,fe9372f3,73,73,0,0,73,0.0
8aknstxj,fe9372f3,38,38,0,0,38,0.0
f0wpo2hr,fe9372f3,78,74,4,0,74,0.05128205128205128
qazkn1sw,fe9372f3,83,81,2,0,81,0.024096385542168676
ism64anu,fe9372f3,98,56,42,0,56,0.42857142857142855
plfupad7,fe9372f3,75,73,2,0,73,0.02666666666666667
zvbewhqx,fe9372f3,98,77,21,0,77,0.21428571428571427
0hrc9vve,fe9372f3,54,2,52,0,2,0.9629629629629629
stbyxpx6,fe9372f3,156,66,90,0,66,0.5769230769230769
ovhoesyy,fe9372f3,83,70,13,0,70,0.1566265060240964
3cc6zm51,fe9372f3,95,66,29,0,66,0.30526315789473685
hpl7jugr,fe9372f3,73,65,8,0,65,0.1095890410958904
nze0azo1,fe9372f3,73,73,0,0,73,0.0
r2ck84r8,fe9372f3,87,79,8,0,79,0.09195402298850575
y32zaw9c,fe9372f3,87,82,5,0,82,0.05747126436781609
qfsp3ery,fe9372f3,79,79,0,0,79,0.0
q04yitea,fe9372f3,77,77,0,0,77,0.0
02333qfj,fe9372f3,73,73,0,0,73,0.0
44o5xnxe,fe9372f3,73,73,0,0,73,0.0
sn10zd6g,fe9372f3,73,73,0,0,73,0.0
e2w81k0i,fe9372f3,107,57,50,0,57,0.4672897196261682
4s3cm7d8,fe9372f3,92,72,20,0,72,0.21739130434782608
hsm45iwx,fe9372f3,94,54,40,0,54,0.425531914893617
89u58v07,fe9372f3,84,77,7,0,77,0.08333333333333333
phbjwkyw,fe9372f3,79,78,1,0,78,0.012658227848101266
szbhlpfr,fe9372f3,75,75,0,0,75,0.0
icf7bchs,fe9372f3,87,87,0,0,87,0.0
6e5gb0yb,fe9372f3,78,76,2,0,76,0.02564102564102564
dmft9d3y,fe9372f3,96,79,17,0,79,0.17708333333333334
d33m799j,fe9372f3,53,5,48,0,5,0.9056603773584906
kmwiem6m,fe9372f3,79,79,0,0,79,0.0
qothvfhf,fe9372f3,89,89,0,0,89,0.0
27d8totr,fe9372f3,123,69,54,0,69,0.43902439024390244
fkx2gd88,fe9372f3,195,36,159,0,36,0.8153846153846154
cp3b83py,fe9372f3,142,59,83,0,59,0.5845070422535211
npr5bsi2,fe9372f3,92,78,14,0,78,0.15217391304347827
ym49wqbn,fe9372f3,76,76,0,0,76,0.0
154uk6vm,fe9372f3,90,65,25,0,65,0.2777777777777778
xeu3j3ki,fe9372f3,75,75,0,0,75,0.0
pad0sufd,fe9372f3,110,56,54,0,56,0.4909090909090909
emwp6wq7,fe9372f3,78,78,0,0,78,0.0
5hz183aa,fe9372f3,107,66,41,0,66,0.38317757009345793
61zahdh9,fe9372f3,73,73,0,0,73,0.0
5nrjvc7q,fe9372f3,73,73,0,0,73,0.0
ol9lky1i,fe9372f3,88,75,13,0,75,0.14772727272727273
o5qropwk,fe9372f3,75,72,3,0,72,0.04
cghxa2ie,fe9372f3,81,75,6,0,75,0.07407407407407407
clucow7d,fe9372f3,149,125,24,0,125,0.1610738255033557
bmlngyh3,fe9372f3,83,76,7,0,76,0.08433734939759036
y8mzyzjc,fe9372f3,75,75,0,0,75,0.0
74l1qvc1,fe9372f3,124,55,69,0,55,0.5564516129032258
byx9jkxm,fe9372f3,73,73,0,0,73,0.0
pcrxo3zp,fe9372f3,118,56,62,0,56,0.5254237288135594
f5ktzt2t,fe9372f3,205,69,136,0,69,0.6634146341463415
kkeej6x5,fe9372f3,85,49,36,0,49,0.4235294117647059
nqubyvew,fe9372f3,166,67,99,0,67,0.5963855421686747
2w766g1z,fe9372f3,76,74,2,0,74,0.02631578947368421
mr7lkk46,fe9372f3,77,64,13,0,64,0.16883116883116883
m63pxnwq,fe9372f3,77,76,1,0,76,0.012987012987012988
4wx63ymf,fe9372f3,81,67,14,0,67,0.1728395061728395
nfbzvhip,fe9372f3,185,136,49,0,136,0.2648648648648649
ler5uq42,fe9372f3,1,1,0,0,1,0.0
nldu5ge3,fe9372f3,110,110,0,0,110,0.0
t3l0if03,fe9372f3,91,78,13,0,78,0.14285714285714285
pz38obzd,fe9372f3,73,73,0,0,73,0.0
xklnx39q,fe9372f3,133,54,79,0,54,0.5939849624060151
nrfiw9bx,fe9372f3,85,48,37,0,48,0.43529411764705883
vbwguazj,fe9372f3,77,77,0,0,77,0.0
7agy8y3l,fe9372f3,77,77,0,0,77,0.0
o1t1fb7j,fe9372f3,73,73,0,0,73,0.0
om1m73rv,fe9372f3,91,67,24,0,67,0.26373626373626374
8yhijukj,fe9372f3,27,1,26,0,1,0.9629629629629629
mhskzwic,fe9372f3,73,73,0,0,73,0.0
8jwr3j6t,fe9372f3,24,20,4,0,20,0.16666666666666666
z3die4q3,fe9372f3,126,52,74,0,52,0.5873015873015873
sp00glmz,fe9372f3,78,78,0,0,78,0.0
clhkwrie,fe9372f3,31,31,0,0,31,0.0
1qt2f29y,fe9372f3,95,93,2,0,93,0.021052631578947368
mpzcivx9,fe9372f3,89,52,37,0,52,0.4157303370786517
ya0wv6pm,fe9372f3,93,77,16,0,77,0.17204301075268819
9evwb372,fe9372f3,117,66,51,0,66,0.4358974358974359
23iyreiv,fe9372f3,83,81,2,0,81,0.024096385542168676
z8b26ynw,fe9372f3,110,54,56,0,54,0.509090909090909
zelqv7az,fe9372f3,87,73,14,0,73,0.16091954022988506
cfclud8z,fe9372f3,121,52,69,0,52,0.5702479338842975
jx6lhkbi,fe9372f3,92,7,85,0,7,0.9239130434782609
8d21w3yr,fe9372f3,78,77,1,0,77,0.01282051282051282
4j6cy1mk,fe9372f3,93,77,16,0,77,0.17204301075268819
fl73adm5,fe9372f3,94,54,40,0,54,0.425531914893617
wa9xd98o,fe9372f3,101,68,33,0,68,0.32673267326732675
k0qq522n,fe9372f3,83,83,0,0,83,0.0
1r6yodve,fe9372f3,95,95,0,0,95,0.0
w12e497z,fe9372f3,10,8,2,0,8,0.2
9ohxtpht,fe9372f3,75,75,0,0,75,0.0
zfeorjum,fe9372f3,131,55,76,0,55,0.5801526717557252
hkj9daz7,fe9372f3,92,51,41,0,51,0.44565217391304346
x5id5i5q,fe9372f3,73,73,0,0,73,0.0
8oohxrrz,fe9372f3,75,74,1,0,74,0.013333333333333334
qfiy90jx,fe9372f3,75,75,0,0,75,0.0
c9sps7bl,fe9372f3,181,37,144,0,37,0.7955801104972375
bx44xwzb,fe9372f3,137,71,66,0,71,0.48175182481751827
o2ho0580,fe9372f3,57,57,0,0,57,0.0
2d8q4qkc,fe9372f3,82,68,14,0,68,0.17073170731707318
g3vslpjv,fe9372f3,96,75,21,0,75,0.21875
b73rrttr,fe9372f3,13,12,1,0,12,0.07692307692307693
0fy66fv2,fe9372f3,6,6,0,0,6,0.0
4kl3i3tv,fe9372f3,53,47,6,0,47,0.11320754716981132
idma9086,fe9372f3,82,82,0,0,82,0.0
r99uy0qb,fe9372f3,30,2,27,1,2,0.9
kavvl57w,fe9372f3,75,75,0,0,75,0.0
yebzokh4,fe9372f3,75,75,0,0,75,0.0
ascil7wf,fe9372f3,110,54,56,0,54,0.509090909090909
l0nln4b2,fe9372f3,75,75,0,0,75,0.0
aypxap78,fe9372f3,80,77,3,0,77,0.0375
8y2nd2sh,fe9372f3,223,46,177,0,46,0.7937219730941704
jqeesfz7,fe9372f3,96,96,0,0,96,0.0
nx0vccp8,fe9372f3,73,73,0,0,73,0.0
8psac9uo,fe9372f3,102,91,11,0,91,0.10784313725490197
kck1uue7,fe9372f3,170,69,101,0,69,0.5941176470588235
9pjr0waw,fe9372f3,19,1,18,0,1,0.9473684210526315
fgxp8fzz,fe9372f3,216,64,152,0,64,0.7037037037037037
mzi8f2hv,fe9372f3,100,53,47,0,53,0.47
189iqcds,fe9372f3,77,77,0,0,77,0.0
hd5k29qy,fe9372f3,86,86,0,0,86,0.0
72p6pxny,fe9372f3,78,78,0,0,78,0.0
rhbgnqhz,fe9372f3,75,75,0,0,75,0.0
cw4tyx7n,fe9372f3,83,77,6,0,77,0.07228915662650602
g7svteiz,fe9372f3,74,74,0,0,74,0.0
c2lwacqc,fe9372f3,78,76,2,0,76,0.02564102564102564
yc52i3qf,fe9372f3,78,78,0,0,78,0.0
yfyhejim,fe9372f3,153,96,57,0,96,0.37254901960784315
2tkm21z6,fe9372f3,81,81,0,0,81,0.0
ei0ij8ms,fe9372f3,153,89,64,0,89,0.41830065359477125
0yfthc4y,fe9372f3,120,78,42,0,78,0.35
ldo5smvx,fe9372f3,121,78,43,0,78,0.35537190082644626
jayyv6lz,fe9372f3,98,59,39,0,59,0.3979591836734694
qu0lm98m,fe9372f3,151,59,92,0,59,0.609271523178808
ldo5smvx,1caeab9d,28,6,22,0,6,0.7857142857142857
jayyv6lz,1caeab9d,23,18,5,0,18,0.21739130434782608
qu0lm98m,1caeab9d,63,18,45,0,18,0.7142857142857143
yfyhejim,1caeab9d,50,15,35,0,15,0.7
2tkm21z6,1caeab9d,53,53,0,0,53,0.0
ei0ij8ms,1caeab9d,50,14,36,0,14,0.72
0yfthc4y,1caeab9d,21,16,5,0,16,0.23809523809523808
cw4tyx7n,1caeab9d,30,26,4,0,26,0.13333333333333333
c2lwacqc,1caeab9d,23,23,0,0,23,0.0
g7svteiz,1caeab9d,75,75,0,0,75,0.0
fgxp8fzz,1caeab9d,32,7,25,0,7,0.78125
mzi8f2hv,1caeab9d,110,28,82,0,28,0.7454545454545455
189iqcds,1caeab9d,21,16,5,0,16,0.23809523809523808
hd5k29qy,1caeab9d,61,23,38,0,23,0.6229508196721312
rhbgnqhz,1caeab9d,56,9,47,0,9,0.8392857142857143
72p6pxny,1caeab9d,63,34,29,0,34,0.4603174603174603
xji13cu2,1caeab9d,29,12,17,0,12,0.5862068965517241
jqeesfz7,1caeab9d,20,20,0,0,20,0.0
nx0vccp8,1caeab9d,49,49,0,0,49,0.0
8psac9uo,1caeab9d,20,18,2,0,18,0.1
kck1uue7,1caeab9d,52,19,33,0,19,0.6346153846153846
ascil7wf,1caeab9d,37,17,20,0,17,0.5405405405405406
aypxap78,1caeab9d,15,15,0,0,15,0.0
8y2nd2sh,1caeab9d,43,8,35,0,8,0.813953488372093
qif0sa3r,1caeab9d,20,20,0,0,20,0.0
b73rrttr,1caeab9d,3,3,0,0,3,0.0
r99uy0qb,1caeab9d,7,3,4,0,3,0.5714285714285714
4kl3i3tv,1caeab9d,54,11,43,0,11,0.7962962962962963
idma9086,1caeab9d,45,18,27,0,18,0.6
kavvl57w,1caeab9d,43,13,30,0,13,0.6976744186046512
yebzokh4,1caeab9d,37,37,0,0,37,0.0
x5id5i5q,1caeab9d,22,22,0,0,22,0.0
8oohxrrz,1caeab9d,34,14,20,0,14,0.5882352941176471
qfiy90jx,1caeab9d,22,16,6,0,16,0.2727272727272727
c9sps7bl,1caeab9d,22,7,15,0,7,0.6818181818181818
bx44xwzb,1caeab9d,20,20,0,0,20,0.0
g3vslpjv,1caeab9d,83,53,30,0,53,0.3614457831325301
cbvc5e3w,1caeab9d,15,15,0,0,15,0.0
1r6yodve,1caeab9d,15,15,0,0,15,0.0
2anyuqd8,1caeab9d,52,52,0,0,52,0.0
0wk7vjg8,1caeab9d,20,20,0,0,20,0.0
9ohxtpht,1caeab9d,46,16,30,0,16,0.6521739130434783
w12e497z,1caeab9d,17,11,6,0,11,0.35294117647058826
zfeorjum,1caeab9d,47,24,23,0,24,0.48936170212765956
gckdkq1t,1caeab9d,76,75,1,0,75,0.013157894736842105
8d21w3yr,1caeab9d,27,26,1,0,26,0.037037037037037035
oxvw1rhx,1caeab9d,24,24,0,0,24,0.0
4j6cy1mk,1caeab9d,22,22,0,0,22,0.0
fl73adm5,1caeab9d,24,6,18,0,6,0.75
wa9xd98o,1caeab9d,27,6,21,0,6,0.7777777777777778
z8b26ynw,1caeab9d,56,16,40,0,16,0.7142857142857143
cfclud8z,1caeab9d,21,7,14,0,7,0.6666666666666666
sp00glmz,1caeab9d,33,33,0,0,33,0.0
clhkwrie,1caeab9d,55,40,15,0,40,0.2727272727272727
1qt2f29y,1caeab9d,52,33,19,0,33,0.36538461538461536
mpzcivx9,1caeab9d,22,6,16,0,6,0.7272727272727273
9evwb372,1caeab9d,22,7,15,0,7,0.6818181818181818
ya0wv6pm,1caeab9d,40,40,0,0,40,0.0
23iyreiv,1caeab9d,35,29,6,0,29,0.17142857142857143
7agy8y3l,1caeab9d,81,41,40,0,41,0.49382716049382713
o1t1fb7j,1caeab9d,1,1,0,0,1,0.0
vbwguazj,1caeab9d,22,22,0,0,22,0.0
om1m73rv,1caeab9d,81,33,48,0,33,0.5925925925925926
50nsp39w,1caeab9d,50,20,30,0,20,0.6
8yhijukj,1caeab9d,30,10,20,0,10,0.6666666666666666
mhskzwic,1caeab9d,40,16,24,0,16,0.6
z3die4q3,1caeab9d,22,6,16,0,6,0.7272727272727273
8jwr3j6t,1caeab9d,24,15,9,0,15,0.375
pz38obzd,1caeab9d,28,28,0,0,28,0.0
xklnx39q,1caeab9d,71,24,47,0,24,0.6619718309859155
nrfiw9bx,1caeab9d,50,20,30,0,20,0.6
m63pxnwq,1caeab9d,21,15,6,0,15,0.2857142857142857
4wx63ymf,1caeab9d,21,7,14,0,7,0.6666666666666666
ler5uq42,1caeab9d,37,37,0,0,37,0.0
t3l0if03,1caeab9d,36,12,24,0,12,0.6666666666666666
nldu5ge3,1caeab9d,32,27,5,0,27,0.15625
f5ktzt2t,1caeab9d,25,6,19,0,6,0.76
kkeej6x5,1caeab9d,40,13,27,0,13,0.675
pcrxo3zp,1caeab9d,26,5,21,0,5,0.8076923076923077
2w766g1z,1caeab9d,37,37,0,0,37,0.0
mr7lkk46,1caeab9d,41,29,12,0,29,0.2926829268292683
5vv1rrzw,1caeab9d,21,20,1,0,20,0.047619047619047616
cghxa2ie,1caeab9d,22,13,9,0,13,0.4090909090909091
clucow7d,1caeab9d,46,19,27,0,19,0.5869565217391305
bmlngyh3,1caeab9d,127,24,103,0,24,0.8110236220472441
j2pjmr32,1caeab9d,37,37,0,0,37,0.0
byx9jkxm,1caeab9d,27,6,21,0,6,0.7777777777777778
ym49wqbn,1caeab9d,113,19,94,0,19,0.831858407079646
npr5bsi2,1caeab9d,41,41,0,0,41,0.0
xeu3j3ki,1caeab9d,44,18,26,0,18,0.5909090909090909
pad0sufd,1caeab9d,57,24,33,0,24,0.5789473684210527
emwp6wq7,1caeab9d,63,36,27,0,36,0.42857142857142855
5hz183aa,1caeab9d,9,5,4,0,5,0.4444444444444444
61zahdh9,1caeab9d,54,15,39,0,15,0.7222222222222222
ol9lky1i,1caeab9d,32,15,17,0,15,0.53125
5nrjvc7q,1caeab9d,50,34,16,0,34,0.32
o5qropwk,1caeab9d,50,50,0,0,50,0.0
d33m799j,1caeab9d,15,3,12,0,3,0.8
ikfbpugl,1caeab9d,66,31,35,0,31,0.5303030303030303
kmwiem6m,1caeab9d,21,7,14,0,7,0.6666666666666666
qothvfhf,1caeab9d,38,38,0,0,38,0.0
27d8totr,1caeab9d,20,20,0,0,20,0.0
fkx2gd88,1caeab9d,28,9,19,0,9,0.6785714285714286
cp3b83py,1caeab9d,22,6,16,0,6,0.7272727272727273
nvlsix5c,1caeab9d,26,26,0,0,26,0.0
l9krayds,1caeab9d,22,4,18,0,4,0.8181818181818182
aqmjput5,1caeab9d,48,21,27,0,21,0.5625
icf7bchs,1caeab9d,15,15,0,0,15,0.0
6e5gb0yb,1caeab9d,29,9,20,0,9,0.6896551724137931
pgtp756s,1caeab9d,36,36,0,0,36,0.0
dmft9d3y,1caeab9d,21,7,14,0,7,0.6666666666666666
sn10zd6g,1caeab9d,31,5,26,0,5,0.8387096774193549
4s3cm7d8,1caeab9d,48,48,0,0,48,0.0
hsm45iwx,1caeab9d,23,23,0,0,23,0.0
89u58v07,1caeab9d,28,8,20,0,8,0.7142857142857143
phbjwkyw,1caeab9d,35,19,16,0,19,0.45714285714285713
cuybsfwr,1caeab9d,54,53,1,0,53,0.018518518518518517
y32zaw9c,1caeab9d,20,20,0,0,20,0.0
q04yitea,1caeab9d,46,27,19,0,27,0.41304347826086957
qfsp3ery,1caeab9d,27,18,9,0,18,0.3333333333333333
qkiu92kk,1caeab9d,21,16,5,0,16,0.23809523809523808
44o5xnxe,1caeab9d,22,7,15,0,7,0.6818181818181818
stbyxpx6,1caeab9d,44,24,20,0,24,0.45454545454545453
r24jdhzg,1caeab9d,29,29,0,0,29,0.0
ske58akk,1caeab9d,76,26,50,0,26,0.6578947368421053
3cc6zm51,1caeab9d,23,23,0,0,23,0.0
nze0azo1,1caeab9d,48,39,9,0,39,0.1875
r2ck84r8,1caeab9d,24,7,17,0,7,0.7083333333333334
c7z6erey,1caeab9d,49,16,33,0,16,0.673469387755102
8aknstxj,1caeab9d,27,17,10,0,17,0.37037037037037035
f0wpo2hr,1caeab9d,20,20,0,0,20,0.0
qazkn1sw,1caeab9d,3,3,0,0,3,0.0
ism64anu,1caeab9d,27,7,20,0,7,0.7407407407407407
plfupad7,1caeab9d,25,19,6,0,19,0.24
0hrc9vve,1caeab9d,14,2,12,0,2,0.8571428571428571
zvbewhqx,1caeab9d,42,31,11,0,31,0.2619047619047619
wcau806y,1caeab9d,3,3,0,0,3,0.0
s03ed531,1caeab9d,42,42,0,0,42,0.0
6p8vl3lk,1caeab9d,51,14,37,0,14,0.7254901960784313
2j8p9vyz,1caeab9d,52,18,34,0,18,0.6538461538461539
ew4oecfi,1caeab9d,45,13,32,0,13,0.7111111111111111
mrwlcmno,1caeab9d,20,20,0,0,20,0.0
ni5df01j,1caeab9d,50,25,25,0,25,0.5
eyn3wygc,1caeab9d,22,22,0,0,22,0.0
1xogp17t,1caeab9d,23,21,1,1,21,0.043478260869565216
qv0yh587,1caeab9d,28,28,0,0,28,0.0
t2eyvuxq,1caeab9d,61,61,0,0,61,0.0
a589fsqz,1caeab9d,34,18,16,0,18,0.47058823529411764
mlvcv31l,1caeab9d,21,7,14,0,7,0.6666666666666666
o4kkkuj9,1caeab9d,46,46,0,0,46,0.0
k8txaw58,1caeab9d,20,20,0,0,20,0.0
d1vjrjhc,1caeab9d,25,25,0,0,25,0.0
cdo2cmtp,1caeab9d,24,24,0,0,24,0.0
bw2cwy0m,1caeab9d,82,59,23,0,59,0.2804878048780488
kwy2bqjo,1caeab9d,20,20,0,0,20,0.0
uktb326q,1caeab9d,33,32,1,0,32,0.030303030303030304
3irnkhq8,1caeab9d,30,11,19,0,11,0.6333333333333333
4s9g1cze,1caeab9d,60,11,49,0,11,0.8166666666666667
v6jvgdvg,1caeab9d,40,40,0,0,40,0.0
l5sagbsh,1caeab9d,22,16,6,0,16,0.2727272727272727
ljwskxcq,1caeab9d,58,11,47,0,11,0.8103448275862069
zj5uemkt,1caeab9d,20,20,0,0,20,0.0
a6jpzpek,1caeab9d,96,49,47,0,49,0.4895833333333333
6eyovdd2,1caeab9d,73,38,35,0,38,0.4794520547945205
a0w1xgxf,1caeab9d,31,8,23,0,8,0.7419354838709677
41kp06jx,1caeab9d,53,26,27,0,26,0.5094339622641509
lmtka1ev,1caeab9d,26,6,20,0,6,0.7692307692307693
e0biso3r,1caeab9d,32,8,24,0,8,0.75
a9gvtd1o,1caeab9d,68,42,26,0,42,0.38235294117647056
f1ejz9fy,1caeab9d,25,13,12,0,13,0.48
vpxztp7b,1caeab9d,31,13,18,0,13,0.5806451612903226
8bgj1tsd,1caeab9d,42,22,20,0,22,0.47619047619047616
tc5wgx8h,1caeab9d,57,57,0,0,57,0.0
mrypomny,1caeab9d,21,10,11,0,10,0.5238095238095238
jeq3oy2g,1caeab9d,33,33,0,0,33,0.0
c7ac53of,1caeab9d,27,27,0,0,27,0.0
rjanlii9,1caeab9d,63,21,42,0,21,0.6666666666666666
zc26r1al,1caeab9d,68,68,0,0,68,0.0
648anokh,1caeab9d,24,7,17,0,7,0.7083333333333334
vr20hyge,1caeab9d,2,2,0,0,2,0.0
nhds6zsd,1caeab9d,20,20,0,0,20,0.0
j2dvablb,1caeab9d,21,7,14,0,7,0.6666666666666666
so5k1adg,1caeab9d,15,15,0,0,15,0.0
904h81sn,1caeab9d,51,22,29,0,22,0.5686274509803921
03ljcqhc,1caeab9d,69,11,58,0,11,0.8405797101449275
sesf1qnx,1caeab9d,85,12,73,0,12,0.8588235294117647
zc26r1al,3befdf3e,70,70,0,0,70,0.0
qqqzakmg,3befdf3e,36,3,33,0,3,0.9166666666666666
648anokh,3befdf3e,69,25,44,0,25,0.6376811594202898
tc5wgx8h,3befdf3e,89,64,25,0,64,0.2808988764044944
8bgj1tsd,3befdf3e,69,22,47,0,22,0.6811594202898551
mrypomny,3befdf3e,69,17,52,0,17,0.7536231884057971
jeq3oy2g,3befdf3e,75,75,0,0,75,0.0
c7ac53of,3befdf3e,37,4,33,0,4,0.8918918918918919
rjanlii9,3befdf3e,70,29,41,0,29,0.5857142857142857
e0biso3r,3befdf3e,69,41,28,0,41,0.4057971014492754
a9gvtd1o,3befdf3e,69,12,57,0,12,0.8260869565217391
f1ejz9fy,3befdf3e,81,39,42,0,39,0.5185185185185185
vpxztp7b,3befdf3e,69,12,57,0,12,0.8260869565217391
6eyovdd2,3befdf3e,44,8,36,0,8,0.8181818181818182
a6jpzpek,3befdf3e,18,2,16,0,2,0.8888888888888888
41kp06jx,3befdf3e,71,42,29,0,42,0.4084507042253521
a0w1xgxf,3befdf3e,82,18,64,0,18,0.7804878048780488
lmtka1ev,3befdf3e,75,13,62,0,13,0.8266666666666667
sesf1qnx,3befdf3e,69,52,17,0,52,0.2463768115942029
xasfvnb7,3befdf3e,1,1,0,0,1,0.0
j2dvablb,3befdf3e,82,15,67,0,15,0.8170731707317073
so5k1adg,3befdf3e,81,81,0,0,81,0.0
904h81sn,3befdf3e,69,41,28,0,41,0.4057971014492754
ce9qdbyh,3befdf3e,77,77,0,0,77,0.0
03ljcqhc,3befdf3e,78,16,62,0,16,0.7948717948717948
nhds6zsd,3befdf3e,69,69,0,0,69,0.0
4stfwpke,3befdf3e,69,12,57,0,12,0.8260869565217391
7o2tmcr2,3befdf3e,53,47,6,0,47,0.11320754716981132
a589fsqz,3befdf3e,74,16,58,0,16,0.7837837837837838
mlvcv31l,3befdf3e,111,35,76,0,35,0.6846846846846847
o4kkkuj9,3befdf3e,71,49,22,0,49,0.30985915492957744
k8txaw58,3befdf3e,69,68,1,0,68,0.014492753623188406
d1vjrjhc,3befdf3e,100,25,75,0,25,0.75
qv0yh587,3befdf3e,69,69,0,0,69,0.0
t2eyvuxq,3befdf3e,72,19,53,0,19,0.7361111111111112
ew4oecfi,3befdf3e,69,12,57,0,12,0.8260869565217391
mrwlcmno,3befdf3e,69,69,0,0,69,0.0
ni5df01j,3befdf3e,69,27,42,0,27,0.6086956521739131
eyn3wygc,3befdf3e,71,70,1,0,70,0.014084507042253521
wcau806y,3befdf3e,111,111,0,0,111,0.0
s03ed531,3befdf3e,54,54,0,0,54,0.0
2j8p9vyz,3befdf3e,70,16,54,0,16,0.7714285714285715
6p8vl3lk,3befdf3e,65,46,19,0,46,0.2923076923076923
zj5uemkt,3befdf3e,77,49,28,0,49,0.36363636363636365
3irnkhq8,3befdf3e,75,14,61,0,14,0.8133333333333334
4s9g1cze,3befdf3e,70,12,58,0,12,0.8285714285714286
v6jvgdvg,3befdf3e,53,53,0,0,53,0.0
l5sagbsh,3befdf3e,69,13,56,0,13,0.8115942028985508
ljwskxcq,3befdf3e,73,14,59,0,14,0.8082191780821918
bw2cwy0m,3befdf3e,70,70,0,0,70,0.0
kwy2bqjo,3befdf3e,69,51,18,0,51,0.2608695652173913
uktb326q,3befdf3e,76,67,9,0,67,0.11842105263157894
cdo2cmtp,3befdf3e,69,69,0,0,69,0.0
q04yitea,3befdf3e,71,41,30,0,41,0.4225352112676056
qfsp3ery,3befdf3e,69,16,53,0,16,0.7681159420289855
02333qfj,3befdf3e,81,14,67,0,14,0.8271604938271605
44o5xnxe,3befdf3e,70,20,50,0,20,0.7142857142857143
y32zaw9c,3befdf3e,69,69,0,0,69,0.0
phbjwkyw,3befdf3e,69,20,49,0,20,0.7101449275362319
szbhlpfr,3befdf3e,133,58,75,0,58,0.5639097744360902
sn10zd6g,3befdf3e,70,12,58,0,12,0.8285714285714286
4s3cm7d8,3befdf3e,62,51,11,0,51,0.1774193548387097
e2w81k0i,3befdf3e,69,12,57,0,12,0.8260869565217391
hsm45iwx,3befdf3e,69,69,0,0,69,0.0
n2et79bd,3befdf3e,6,3,3,0,3,0.5
ism64anu,3befdf3e,75,14,61,0,14,0.8133333333333334
plfupad7,3befdf3e,69,52,17,0,52,0.2463768115942029
0hrc9vve,3befdf3e,26,6,20,0,6,0.7692307692307693
zvbewhqx,3befdf3e,69,69,0,0,69,0.0
8aknstxj,3befdf3e,73,14,59,0,14,0.8082191780821918
c7z6erey,3befdf3e,69,12,57,0,12,0.8260869565217391
f0wpo2hr,3befdf3e,72,13,59,0,13,0.8194444444444444
qazkn1sw,3befdf3e,15,10,5,0,10,0.3333333333333333
nze0azo1,3befdf3e,86,21,65,0,21,0.7558139534883721
r2ck84r8,3befdf3e,71,21,50,0,21,0.704225352112676
stbyxpx6,3befdf3e,74,26,48,0,26,0.6486486486486487
r24jdhzg,3befdf3e,81,80,1,0,80,0.012345679012345678
ske58akk,3befdf3e,69,12,57,0,12,0.8260869565217391
ovhoesyy,3befdf3e,71,12,59,0,12,0.8309859154929577
3cc6zm51,3befdf3e,73,73,0,0,73,0.0
61zahdh9,3befdf3e,69,39,30,0,39,0.43478260869565216
ol9lky1i,3befdf3e,71,23,48,0,23,0.676056338028169
5nrjvc7q,3befdf3e,71,71,0,0,71,0.0
o5qropwk,3befdf3e,71,71,0,0,71,0.0
ym49wqbn,3befdf3e,74,20,54,0,20,0.7297297297297297
npr5bsi2,3befdf3e,69,69,0,0,69,0.0
pad0sufd,3befdf3e,69,51,18,0,51,0.2608695652173913
emwp6wq7,3befdf3e,114,67,47,0,67,0.41228070175438597
j2pjmr32,3befdf3e,16,14,2,0,14,0.125
byx9jkxm,3befdf3e,70,12,58,0,12,0.8285714285714286
74l1qvc1,3befdf3e,77,77,0,0,77,0.0
cghxa2ie,3befdf3e,85,22,63,0,22,0.7411764705882353
3d2as981,3befdf3e,87,72,15,0,72,0.1724137931034483
bmlngyh3,3befdf3e,87,68,19,0,68,0.21839080459770116
6e5gb0yb,3befdf3e,121,23,98,0,23,0.8099173553719008
dmft9d3y,3befdf3e,71,17,54,0,17,0.7605633802816901
nvlsix5c,3befdf3e,76,76,0,0,76,0.0
f5ohsl5h,3befdf3e,76,13,63,0,13,0.8289473684210527
aqmjput5,3befdf3e,69,42,27,0,42,0.391304347826087
91fk0af9,3befdf3e,72,50,22,0,50,0.3055555555555556
qothvfhf,3befdf3e,69,69,0,0,69,0.0
27d8totr,3befdf3e,71,22,49,0,22,0.6901408450704225
fkx2gd88,3befdf3e,74,16,58,0,16,0.7837837837837838
cp3b83py,3befdf3e,72,14,58,0,14,0.8055555555555556
kmwiem6m,3befdf3e,69,12,57,0,12,0.8260869565217391
nrfiw9bx,3befdf3e,79,13,66,0,13,0.8354430379746836
pz38obzd,3befdf3e,71,15,56,0,15,0.7887323943661971
xklnx39q,3befdf3e,80,19,61,0,19,0.7625
8yhijukj,3befdf3e,88,27,61,0,27,0.6931818181818182
mhskzwic,3befdf3e,71,21,50,0,21,0.704225352112676
z3die4q3,3befdf3e,75,13,62,0,13,0.8266666666666667
7agy8y3l,3befdf3e,81,39,42,0,39,0.5185185185185185
vbwguazj,3befdf3e,69,44,25,0,44,0.36231884057971014
om1m73rv,3befdf3e,69,16,53,0,16,0.7681159420289855
nqubyvew,3befdf3e,104,61,43,0,61,0.41346153846153844
mr7lkk46,3befdf3e,77,22,55,0,22,0.7142857142857143
5vv1rrzw,3befdf3e,71,71,0,0,71,0.0
f5ktzt2t,3befdf3e,79,20,59,0,20,0.7468354430379747
kkeej6x5,3befdf3e,69,12,57,0,12,0.8260869565217391
pcrxo3zp,3befdf3e,71,14,57,0,14,0.8028169014084507
bcyhma9y,3befdf3e,77,77,0,0,77,0.0
4wx63ymf,3befdf3e,73,13,60,0,13,0.821917808219178
ler5uq42,3befdf3e,83,83,0,0,83,0.0
t3l0if03,3befdf3e,67,18,49,0,18,0.7313432835820896
nldu5ge3,3befdf3e,46,9,37,0,9,0.8043478260869565
nsu6cwh4,3befdf3e,69,69,0,0,69,0.0
m63pxnwq,3befdf3e,114,22,92,0,22,0.8070175438596491
onnumbyy,3befdf3e,71,71,0,0,71,0.0
8d21w3yr,3befdf3e,69,68,1,0,68,0.014492753623188406
oxvw1rhx,3befdf3e,71,71,0,0,71,0.0
4j6cy1mk,3befdf3e,69,59,10,0,59,0.14492753623188406
9ohxtpht,3befdf3e,73,73,0,0,73,0.0
w12e497z,3befdf3e,29,15,14,0,15,0.4827586206896552
hkj9daz7,3befdf3e,76,13,63,0,13,0.8289473684210527
zfeorjum,3befdf3e,69,43,26,0,43,0.37681159420289856
1r6yodve,3befdf3e,69,69,0,0,69,0.0
2anyuqd8,3befdf3e,74,74,0,0,74,0.0
9evwb372,3befdf3e,70,16,54,0,16,0.7714285714285715
ya0wv6pm,3befdf3e,71,71,0,0,71,0.0
23iyreiv,3befdf3e,61,14,47,0,14,0.7704918032786885
sp00glmz,3befdf3e,69,69,0,0,69,0.0
clhkwrie,3befdf3e,65,48,17,0,48,0.26153846153846155
mpzcivx9,3befdf3e,73,17,56,0,17,0.7671232876712328
jx6lhkbi,3befdf3e,69,20,49,0,20,0.7101449275362319
zelqv7az,3befdf3e,69,17,52,0,17,0.7536231884057971
z8b26ynw,3befdf3e,70,16,54,0,16,0.7714285714285715
cfclud8z,3befdf3e,69,35,34,0,35,0.4927536231884058
8y2nd2sh,3befdf3e,73,13,60,0,13,0.821917808219178
ascil7wf,3befdf3e,192,57,135,0,57,0.703125
l0nln4b2,3befdf3e,69,69,0,0,69,0.0
aypxap78,3befdf3e,118,55,63,0,55,0.5338983050847458
nx0vccp8,3befdf3e,162,162,0,0,162,0.0
kck1uue7,3befdf3e,69,14,55,0,14,0.7971014492753623
9pjr0waw,3befdf3e,69,13,56,0,13,0.8115942028985508
xji13cu2,3befdf3e,69,16,53,0,16,0.7681159420289855
jqeesfz7,3befdf3e,74,74,0,0,74,0.0
c9sps7bl,3befdf3e,75,15,60,0,15,0.8
bx44xwzb,3befdf3e,69,43,26,0,43,0.37681159420289856
o2ho0580,3befdf3e,22,5,17,0,5,0.7727272727272727
2d8q4qkc,3befdf3e,69,12,57,0,12,0.8260869565217391
g3vslpjv,3befdf3e,74,30,44,0,30,0.5945945945945946
x5id5i5q,3befdf3e,86,86,0,0,86,0.0
8oohxrrz,3befdf3e,69,16,53,0,16,0.7681159420289855
qfiy90jx,3befdf3e,77,27,50,0,27,0.6493506493506493
kavvl57w,3befdf3e,70,14,56,0,14,0.8
0fy66fv2,3befdf3e,91,91,0,0,91,0.0
b73rrttr,3befdf3e,10,9,0,1,9,0.0
r99uy0qb,3befdf3e,123,22,101,0,22,0.8211382113821138
idma9086,3befdf3e,70,31,39,0,31,0.5571428571428572
2tkm21z6,3befdf3e,69,69,0,0,69,0.0
ei0ij8ms,3befdf3e,71,16,55,0,16,0.7746478873239436
0yfthc4y,3befdf3e,71,43,28,0,43,0.39436619718309857
yfyhejim,3befdf3e,73,12,61,0,12,0.8356164383561644
9wkeb5tu,3befdf3e,69,28,41,0,28,0.5942028985507246
jayyv6lz,3befdf3e,69,43,26,0,43,0.37681159420289856
qu0lm98m,3befdf3e,71,17,54,0,17,0.7605633802816901
ldo5smvx,3befdf3e,76,14,62,0,14,0.8157894736842105
hd5k29qy,3befdf3e,70,20,50,0,20,0.7142857142857143
rhbgnqhz,3befdf3e,73,16,57,0,16,0.7808219178082192
72p6pxny,3befdf3e,184,51,133,0,51,0.7228260869565217
fgxp8fzz,3befdf3e,79,16,63,0,16,0.7974683544303798
mzi8f2hv,3befdf3e,76,27,49,0,27,0.6447368421052632
189iqcds,3befdf3e,72,12,60,0,12,0.8333333333333334
cw4tyx7n,3befdf3e,7,1,6,0,1,0.8571428571428571
c2lwacqc,3befdf3e,75,31,44,0,31,0.5866666666666667
g7svteiz,3befdf3e,69,28,41,0,28,0.5942028985507246
c2lwacqc,1f0c79e5,30,30,0,0,30,0.0
g7svteiz,1f0c79e5,66,66,0,0,66,0.0
cw4tyx7n,1f0c79e5,1,1,0,0,1,0.0
xgvto4mg,1f0c79e5,15,15,0,0,15,0.0
fgxp8fzz,1f0c79e5,35,35,0,0,35,0.0
189iqcds,1f0c79e5,25,25,0,0,25,0.0
mzi8f2hv,1f0c79e5,56,30,26,0,30,0.4642857142857143
gkse9wdn,1f0c79e5,52,52,0,0,52,0.0
rhbgnqhz,1f0c79e5,44,16,28,0,16,0.6363636363636364
72p6pxny,1f0c79e5,126,57,68,1,57,0.5396825396825397
hd5k29qy,1f0c79e5,49,49,0,0,49,0.0
ldo5smvx,1f0c79e5,23,9,14,0,9,0.6086956521739131
qu0lm98m,1f0c79e5,60,42,18,0,42,0.3
jayyv6lz,1f0c79e5,24,24,0,0,24,0.0
yfyhejim,1f0c79e5,30,5,25,0,5,0.8333333333333334
2tkm21z6,1f0c79e5,42,42,0,0,42,0.0
0yfthc4y,1f0c79e5,42,41,1,0,41,0.023809523809523808
ei0ij8ms,1f0c79e5,49,10,39,0,10,0.7959183673469388
0fy66fv2,1f0c79e5,17,17,0,0,17,0.0
b73rrttr,1f0c79e5,21,21,0,0,21,0.0
r99uy0qb,1f0c79e5,46,46,0,0,46,0.0
idma9086,1f0c79e5,27,27,0,0,27,0.0
kavvl57w,1f0c79e5,30,8,22,0,8,0.7333333333333333
yebzokh4,1f0c79e5,34,34,0,0,34,0.0
x5id5i5q,1f0c79e5,37,37,0,0,37,0.0
qfiy90jx,1f0c79e5,27,27,0,0,27,0.0
8oohxrrz,1f0c79e5,35,24,11,0,24,0.3142857142857143
o2ho0580,1f0c79e5,19,6,13,0,6,0.6842105263157895
bx44xwzb,1f0c79e5,73,73,0,0,73,0.0
c9sps7bl,1f0c79e5,25,8,17,0,8,0.68
g3vslpjv,1f0c79e5,20,20,0,0,20,0.0
2d8q4qkc,1f0c79e5,35,34,1,0,34,0.02857142857142857
jqeesfz7,1f0c79e5,34,34,0,0,34,0.0
kck1uue7,1f0c79e5,33,25,8,0,25,0.24242424242424243
nx0vccp8,1f0c79e5,76,74,2,0,74,0.02631578947368421
8psac9uo,1f0c79e5,120,110,10,0,110,0.08333333333333333
ascil7wf,1f0c79e5,76,76,0,0,76,0.0
aypxap78,1f0c79e5,81,80,1,0,80,0.012345679012345678
l0nln4b2,1f0c79e5,55,54,0,1,54,0.0
8y2nd2sh,1f0c79e5,52,21,31,0,21,0.5961538461538461
qif0sa3r,1f0c79e5,41,41,0,0,41,0.0
zelqv7az,1f0c79e5,23,9,14,0,9,0.6086956521739131
z8b26ynw,1f0c79e5,48,44,4,0,44,0.08333333333333333
cfclud8z,1f0c79e5,32,24,8,0,24,0.25
jx6lhkbi,1f0c79e5,41,41,0,0,41,0.0
sp00glmz,1f0c79e5,101,101,0,0,101,0.0
mpzcivx9,1f0c79e5,64,31,33,0,31,0.515625
clhkwrie,1f0c79e5,20,20,0,0,20,0.0
1qt2f29y,1f0c79e5,56,43,13,0,43,0.23214285714285715
23iyreiv,1f0c79e5,19,19,0,0,19,0.0
9evwb372,1f0c79e5,23,6,17,0,6,0.7391304347826086
ya0wv6pm,1f0c79e5,19,19,0,0,19,0.0
1r6yodve,1f0c79e5,60,60,0,0,60,0.0
2anyuqd8,1f0c79e5,39,39,0,0,39,0.0
k0qq522n,1f0c79e5,37,37,0,0,37,0.0
cbvc5e3w,1f0c79e5,24,24,0,0,24,0.0
9ohxtpht,1f0c79e5,44,44,0,0,44,0.0
w12e497z,1f0c79e5,4,4,0,0,4,0.0
zfeorjum,1f0c79e5,29,26,3,0,26,0.10344827586206896
hkj9daz7,1f0c79e5,24,19,5,0,19,0.20833333333333334
8d21w3yr,1f0c79e5,43,43,0,0,43,0.0
318gokyy,1f0c79e5,17,17,0,0,17,0.0
oxvw1rhx,1f0c79e5,46,46,0,0,46,0.0
4j6cy1mk,1f0c79e5,59,44,15,0,44,0.2542372881355932
fl73adm5,1f0c79e5,27,4,23,0,4,0.8518518518518519
m63pxnwq,1f0c79e5,23,23,0,0,23,0.0
onnumbyy,1f0c79e5,21,21,0,0,21,0.0
ler5uq42,1f0c79e5,15,15,0,0,15,0.0
4wx63ymf,1f0c79e5,42,10,32,0,10,0.7619047619047619
nfbzvhip,1f0c79e5,76,76,0,0,76,0.0
t3l0if03,1f0c79e5,29,29,0,0,29,0.0
nldu5ge3,1f0c79e5,17,17,0,0,17,0.0
kkeej6x5,1f0c79e5,43,43,0,0,43,0.0
f5ktzt2t,1f0c79e5,38,14,24,0,14,0.631578947368421
pcrxo3zp,1f0c79e5,25,25,0,0,25,0.0
bcyhma9y,1f0c79e5,38,38,0,0,38,0.0
mr7lkk46,1f0c79e5,43,43,0,0,43,0.0
2w766g1z,1f0c79e5,61,57,4,0,57,0.06557377049180328
om1m73rv,1f0c79e5,59,59,0,0,59,0.0
7agy8y3l,1f0c79e5,33,30,3,0,30,0.09090909090909091
o1t1fb7j,1f0c79e5,62,62,0,0,62,0.0
vbwguazj,1f0c79e5,42,42,0,0,42,0.0
mhskzwic,1f0c79e5,58,56,1,1,56,0.017241379310344827
50nsp39w,1f0c79e5,58,54,4,0,54,0.06896551724137931
8yhijukj,1f0c79e5,14,1,13,0,1,0.9285714285714286
z3die4q3,1f0c79e5,23,23,0,0,23,0.0
8jwr3j6t,1f0c79e5,43,43,0,0,43,0.0
p445h6ow,1f0c79e5,23,19,4,0,19,0.17391304347826086
xklnx39q,1f0c79e5,19,16,3,0,16,0.15789473684210525
pz38obzd,1f0c79e5,43,17,26,0,17,0.6046511627906976
nrfiw9bx,1f0c79e5,70,34,36,0,34,0.5142857142857142
ikfbpugl,1f0c79e5,34,25,9,0,25,0.2647058823529412
d33m799j,1f0c79e5,4,2,2,0,2,0.5
kmwiem6m,1f0c79e5,23,23,0,0,23,0.0
27d8totr,1f0c79e5,23,23,0,0,23,0.0
fkx2gd88,1f0c79e5,45,17,28,0,17,0.6222222222222222
qothvfhf,1f0c79e5,28,28,0,0,28,0.0
cp3b83py,1f0c79e5,25,14,11,0,14,0.44
l9krayds,1f0c79e5,22,22,0,0,22,0.0
aqmjput5,1f0c79e5,28,28,0,0,28,0.0
icf7bchs,1f0c79e5,27,27,0,0,27,0.0
6e5gb0yb,1f0c79e5,42,40,2,0,40,0.047619047619047616
dmft9d3y,1f0c79e5,45,15,30,0,15,0.6666666666666666
clucow7d,1f0c79e5,36,9,27,0,9,0.75
cghxa2ie,1f0c79e5,108,56,52,0,56,0.48148148148148145
3d2as981,1f0c79e5,73,71,1,1,71,0.0136986301369863
bmlngyh3,1f0c79e5,26,1,25,0,1,0.9615384615384616
j2pjmr32,1f0c79e5,4,4,0,0,4,0.0
byx9jkxm,1f0c79e5,122,114,8,0,114,0.06557377049180328
ym49wqbn,1f0c79e5,150,137,10,3,137,0.06666666666666667
npr5bsi2,1f0c79e5,20,20,0,0,20,0.0
emwp6wq7,1f0c79e5,29,29,0,0,29,0.0
pad0sufd,1f0c79e5,46,46,0,0,46,0.0
5hz183aa,1f0c79e5,25,20,5,0,20,0.2
o5qropwk,1f0c79e5,32,32,0,0,32,0.0
5nrjvc7q,1f0c79e5,28,28,0,0,28,0.0
r24jdhzg,1f0c79e5,38,37,1,0,37,0.02631578947368421
stbyxpx6,1f0c79e5,24,10,14,0,10,0.5833333333333334
3cc6zm51,1f0c79e5,91,91,0,0,91,0.0
ske58akk,1f0c79e5,47,19,28,0,19,0.5957446808510638
ovhoesyy,1f0c79e5,62,58,4,0,58,0.06451612903225806
nze0azo1,1f0c79e5,20,20,0,0,20,0.0
r2ck84r8,1f0c79e5,70,20,50,0,20,0.7142857142857143
hpl7jugr,1f0c79e5,23,21,2,0,21,0.08695652173913043
c7z6erey,1f0c79e5,87,87,0,0,87,0.0
8aknstxj,1f0c79e5,26,26,0,0,26,0.0
qazkn1sw,1f0c79e5,16,4,12,0,4,0.75
f0wpo2hr,1f0c79e5,81,81,0,0,81,0.0
plfupad7,1f0c79e5,45,44,1,0,44,0.022222222222222223
n2et79bd,1f0c79e5,4,1,3,0,1,0.75
ism64anu,1f0c79e5,28,14,14,0,14,0.5
0hrc9vve,1f0c79e5,21,20,0,1,20,0.0
zvbewhqx,1f0c79e5,24,23,0,1,23,0.0
sn10zd6g,1f0c79e5,50,50,0,0,50,0.0
hsm45iwx,1f0c79e5,46,46,0,0,46,0.0
4s3cm7d8,1f0c79e5,23,23,0,0,23,0.0
e2w81k0i,1f0c79e5,31,25,6,0,25,0.1935483870967742
89u58v07,1f0c79e5,34,34,0,0,34,0.0
szbhlpfr,1f0c79e5,42,42,0,0,42,0.0
phbjwkyw,1f0c79e5,64,39,25,0,39,0.390625
0ra11hiv,1f0c79e5,27,27,0,0,27,0.0
cuybsfwr,1f0c79e5,50,45,5,0,45,0.1
y32zaw9c,1f0c79e5,70,70,0,0,70,0.0
q04yitea,1f0c79e5,14,11,3,0,11,0.21428571428571427
qfsp3ery,1f0c79e5,67,67,0,0,67,0.0
44o5xnxe,1f0c79e5,23,21,2,0,21,0.08695652173913043
cdo2cmtp,1f0c79e5,38,38,0,0,38,0.0
bw2cwy0m,1f0c79e5,20,19,0,1,19,0.0
kwy2bqjo,1f0c79e5,19,19,0,0,19,0.0
uktb326q,1f0c79e5,22,20,2,0,20,0.09090909090909091
v6jvgdvg,1f0c79e5,16,16,0,0,16,0.0
l5sagbsh,1f0c79e5,23,23,0,0,23,0.0
ljwskxcq,1f0c79e5,135,25,110,0,25,0.8148148148148148
3irnkhq8,1f0c79e5,23,8,15,0,8,0.6521739130434783
4s9g1cze,1f0c79e5,56,12,44,0,12,0.7857142857142857
zj5uemkt,1f0c79e5,40,40,0,0,40,0.0
wcau806y,1f0c79e5,7,7,0,0,7,0.0
6p8vl3lk,1f0c79e5,37,32,5,0,32,0.13513513513513514
2j8p9vyz,1f0c79e5,44,14,30,0,14,0.6818181818181818
s03ed531,1f0c79e5,20,20,0,0,20,0.0
mrwlcmno,1f0c79e5,87,87,0,0,87,0.0
ew4oecfi,1f0c79e5,148,48,100,0,48,0.6756756756756757
ni5df01j,1f0c79e5,28,28,0,0,28,0.0
eyn3wygc,1f0c79e5,41,41,0,0,41,0.0
t2eyvuxq,1f0c79e5,41,41,0,0,41,0.0
qv0yh587,1f0c79e5,26,26,0,0,26,0.0
a589fsqz,1f0c79e5,54,51,3,0,51,0.05555555555555555
d1vjrjhc,1f0c79e5,17,17,0,0,17,0.0
mlvcv31l,1f0c79e5,37,37,0,0,37,0.0
k8txaw58,1f0c79e5,26,26,0,0,26,0.0
o4kkkuj9,1f0c79e5,85,85,0,0,85,0.0
vr20hyge,1f0c79e5,9,9,0,0,9,0.0
nhds6zsd,1f0c79e5,54,54,0,0,54,0.0
904h81sn,1f0c79e5,23,23,0,0,23,0.0
j2dvablb,1f0c79e5,23,23,0,0,23,0.0
xasfvnb7,1f0c79e5,46,46,0,0,46,0.0
sesf1qnx,1f0c79e5,69,33,36,0,33,0.5217391304347826
a6jpzpek,1f0c79e5,25,25,0,0,25,0.0
6eyovdd2,1f0c79e5,33,33,0,0,33,0.0
lmtka1ev,1f0c79e5,23,22,1,0,22,0.043478260869565216
a0w1xgxf,1f0c79e5,16,16,0,0,16,0.0
41kp06jx,1f0c79e5,33,25,8,0,25,0.24242424242424243
e0biso3r,1f0c79e5,59,19,40,0,19,0.6779661016949152
a9gvtd1o,1f0c79e5,81,75,6,0,75,0.07407407407407407
vpxztp7b,1f0c79e5,73,52,21,0,52,0.2876712328767123
f1ejz9fy,1f0c79e5,64,40,24,0,40,0.375
8bgj1tsd,1f0c79e5,66,10,56,0,10,0.8484848484848485
tc5wgx8h,1f0c79e5,34,34,0,0,34,0.0
c7ac53of,1f0c79e5,12,12,0,0,12,0.0
rjanlii9,1f0c79e5,35,23,12,0,23,0.34285714285714286
mrypomny,1f0c79e5,27,27,0,0,27,0.0
jeq3oy2g,1f0c79e5,18,13,5,0,13,0.2777777777777778
648anokh,1f0c79e5,23,11,12,0,11,0.5217391304347826
qqqzakmg,1f0c79e5,27,8,19,0,8,0.7037037037037037
2tkm21z6,c8f0f002,8,8,0,0,8,0.0
0yfthc4y,c8f0f002,19,19,0,0,19,0.0
ei0ij8ms,c8f0f002,8,3,5,0,3,0.625
yfyhejim,c8f0f002,8,4,4,0,4,0.5
qu0lm98m,c8f0f002,8,3,5,0,3,0.625
jayyv6lz,c8f0f002,8,8,0,0,8,0.0
ldo5smvx,c8f0f002,8,3,5,0,3,0.625
72p6pxny,c8f0f002,8,6,2,0,6,0.25
rhbgnqhz,c8f0f002,8,6,2,0,6,0.25
hd5k29qy,c8f0f002,9,9,0,0,9,0.0
fgxp8fzz,c8f0f002,8,3,5,0,3,0.625
189iqcds,c8f0f002,8,8,0,0,8,0.0
mzi8f2hv,c8f0f002,8,8,0,0,8,0.0
g7svteiz,c8f0f002,8,8,0,0,8,0.0
cw4tyx7n,c8f0f002,8,4,4,0,4,0.5
8y2nd2sh,c8f0f002,8,4,4,0,4,0.5
ascil7wf,c8f0f002,8,8,0,0,8,0.0
aypxap78,c8f0f002,8,8,0,0,8,0.0
l0nln4b2,c8f0f002,8,8,0,0,8,0.0
kck1uue7,c8f0f002,8,4,4,0,4,0.5
nx0vccp8,c8f0f002,8,8,0,0,8,0.0
8psac9uo,c8f0f002,8,8,0,0,8,0.0
9pjr0waw,c8f0f002,8,8,0,0,8,0.0
jqeesfz7,c8f0f002,8,8,0,0,8,0.0
xji13cu2,c8f0f002,8,6,2,0,6,0.25
o2ho0580,c8f0f002,15,15,0,0,15,0.0
bx44xwzb,c8f0f002,8,8,0,0,8,0.0
c9sps7bl,c8f0f002,9,2,7,0,2,0.7777777777777778
g3vslpjv,c8f0f002,17,15,2,0,15,0.11764705882352941
2d8q4qkc,c8f0f002,8,3,5,0,3,0.625
qfiy90jx,c8f0f002,8,3,5,0,3,0.625
8oohxrrz,c8f0f002,10,8,2,0,8,0.2
kavvl57w,c8f0f002,10,2,8,0,2,0.8
yebzokh4,c8f0f002,8,8,0,0,8,0.0
7nszfy43,c8f0f002,8,8,0,0,8,0.0
b73rrttr,c8f0f002,8,8,0,0,8,0.0
0fy66fv2,c8f0f002,15,15,0,0,15,0.0
idma9086,c8f0f002,8,8,0,0,8,0.0
r99uy0qb,c8f0f002,18,10,8,0,10,0.4444444444444444
8d21w3yr,c8f0f002,8,3,5,0,3,0.625
318gokyy,c8f0f002,8,8,0,0,8,0.0
4j6cy1mk,c8f0f002,8,8,0,0,8,0.0
oxvw1rhx,c8f0f002,8,8,0,0,8,0.0
w12e497z,c8f0f002,15,15,0,0,15,0.0
9ohxtpht,c8f0f002,8,8,0,0,8,0.0
zfeorjum,c8f0f002,8,3,5,0,3,0.625
hkj9daz7,c8f0f002,8,3,5,0,3,0.625
1r6yodve,c8f0f002,15,15,0,0,15,0.0
cbvc5e3w,c8f0f002,8,8,0,0,8,0.0
ya0wv6pm,c8f0f002,8,8,0,0,8,0.0
9evwb372,c8f0f002,8,3,5,0,3,0.625
sp00glmz,c8f0f002,8,8,0,0,8,0.0
mpzcivx9,c8f0f002,8,4,4,0,4,0.5
clhkwrie,c8f0f002,8,8,0,0,8,0.0
1qt2f29y,c8f0f002,12,12,0,0,12,0.0
jx6lhkbi,c8f0f002,8,8,0,0,8,0.0
z8b26ynw,c8f0f002,8,3,5,0,3,0.625
zelqv7az,c8f0f002,8,3,5,0,3,0.625
cfclud8z,c8f0f002,8,8,0,0,8,0.0
nrfiw9bx,c8f0f002,8,3,5,0,3,0.625
pz38obzd,c8f0f002,8,8,0,0,8,0.0
xklnx39q,c8f0f002,8,5,3,0,5,0.375
mhskzwic,c8f0f002,8,6,2,0,6,0.25
50nsp39w,c8f0f002,8,8,0,0,8,0.0
8yhijukj,c8f0f002,8,3,5,0,3,0.625
8jwr3j6t,c8f0f002,8,8,0,0,8,0.0
p445h6ow,c8f0f002,8,8,0,0,8,0.0
z3die4q3,c8f0f002,8,3,5,0,3,0.625
om1m73rv,c8f0f002,8,3,5,0,3,0.625
vbwguazj,c8f0f002,8,8,0,0,8,0.0
7agy8y3l,c8f0f002,8,8,0,0,8,0.0
nqubyvew,c8f0f002,11,8,3,0,8,0.2727272727272727
mr7lkk46,c8f0f002,8,8,0,0,8,0.0
2w766g1z,c8f0f002,8,8,0,0,8,0.0
pcrxo3zp,c8f0f002,8,3,5,0,3,0.625
f5ktzt2t,c8f0f002,8,3,5,0,3,0.625
kkeej6x5,c8f0f002,8,8,0,0,8,0.0
ler5uq42,c8f0f002,8,8,0,0,8,0.0
4wx63ymf,c8f0f002,9,2,7,0,2,0.7777777777777778
nfbzvhip,c8f0f002,8,8,0,0,8,0.0
nldu5ge3,c8f0f002,8,8,0,0,8,0.0
t3l0if03,c8f0f002,8,3,5,0,3,0.625
m63pxnwq,c8f0f002,8,3,5,0,3,0.625
61zahdh9,c8f0f002,8,8,0,0,8,0.0
5hz183aa,c8f0f002,23,22,1,0,22,0.043478260869565216
o5qropwk,c8f0f002,8,8,0,0,8,0.0
5nrjvc7q,c8f0f002,8,8,0,0,8,0.0
ol9lky1i,c8f0f002,8,8,0,0,8,0.0
xeu3j3ki,c8f0f002,8,8,0,0,8,0.0
npr5bsi2,c8f0f002,8,8,0,0,8,0.0
ym49wqbn,c8f0f002,8,3,5,0,3,0.625
154uk6vm,c8f0f002,8,3,5,0,3,0.625
emwp6wq7,c8f0f002,8,3,5,0,3,0.625
pad0sufd,c8f0f002,8,8,0,0,8,0.0
j2pjmr32,c8f0f002,23,19,4,0,19,0.17391304347826086
byx9jkxm,c8f0f002,8,8,0,0,8,0.0
clucow7d,c8f0f002,10,2,8,0,2,0.8
3d2as981,c8f0f002,8,8,0,0,8,0.0
cghxa2ie,c8f0f002,8,3,5,0,3,0.625
bmlngyh3,c8f0f002,8,8,0,0,8,0.0
6e5gb0yb,c8f0f002,10,3,7,0,3,0.7
pgtp756s,c8f0f002,9,9,0,0,9,0.0
bdfn1h0o,c8f0f002,15,15,0,0,15,0.0
dmft9d3y,c8f0f002,8,7,1,0,7,0.125
l9krayds,c8f0f002,8,3,5,0,3,0.625
aqmjput5,c8f0f002,15,15,0,0,15,0.0
icf7bchs,c8f0f002,15,15,0,0,15,0.0
27d8totr,c8f0f002,8,8,0,0,8,0.0
qothvfhf,c8f0f002,8,8,0,0,8,0.0
cp3b83py,c8f0f002,8,3,5,0,3,0.625
ikfbpugl,c8f0f002,8,4,4,0,4,0.5
kmwiem6m,c8f0f002,9,2,7,0,2,0.7777777777777778
5pds9j1d,c8f0f002,8,8,0,0,8,0.0
02333qfj,c8f0f002,8,8,0,0,8,0.0
qfsp3ery,c8f0f002,8,8,0,0,8,0.0
q04yitea,c8f0f002,8,8,0,0,8,0.0
44o5xnxe,c8f0f002,8,8,0,0,8,0.0
qkiu92kk,c8f0f002,8,8,0,0,8,0.0
cuybsfwr,c8f0f002,8,8,0,0,8,0.0
0ra11hiv,c8f0f002,8,8,0,0,8,0.0
y32zaw9c,c8f0f002,8,8,0,0,8,0.0
89u58v07,c8f0f002,8,8,0,0,8,0.0
095bdwyc,c8f0f002,8,8,0,0,8,0.0
szbhlpfr,c8f0f002,8,3,5,0,3,0.625
phbjwkyw,c8f0f002,8,3,5,0,3,0.625
sn10zd6g,c8f0f002,9,4,5,0,4,0.5555555555555556
hsm45iwx,c8f0f002,8,3,5,0,3,0.625
e2w81k0i,c8f0f002,8,3,5,0,3,0.625
4s3cm7d8,c8f0f002,8,8,0,0,8,0.0
plfupad7,c8f0f002,8,8,0,0,8,0.0
n2et79bd,c8f0f002,9,3,6,0,3,0.6666666666666666
ism64anu,c8f0f002,8,3,5,0,3,0.625
zvbewhqx,c8f0f002,8,8,0,0,8,0.0
0hrc9vve,c8f0f002,15,15,0,0,15,0.0
c7z6erey,c8f0f002,8,8,0,0,8,0.0
8aknstxj,c8f0f002,8,4,4,0,4,0.5
qazkn1sw,c8f0f002,26,26,0,0,26,0.0
f0wpo2hr,c8f0f002,8,8,0,0,8,0.0
hpl7jugr,c8f0f002,10,2,8,0,2,0.8
nze0azo1,c8f0f002,8,3,5,0,3,0.625
r2ck84r8,c8f0f002,8,8,0,0,8,0.0
r24jdhzg,c8f0f002,8,8,0,0,8,0.0
stbyxpx6,c8f0f002,8,6,2,0,6,0.25
3cc6zm51,c8f0f002,8,8,0,0,8,0.0
ske58akk,c8f0f002,8,8,0,0,8,0.0
ovhoesyy,c8f0f002,8,3,5,0,3,0.625
a589fsqz,c8f0f002,8,6,2,0,6,0.25
d1vjrjhc,c8f0f002,8,8,0,0,8,0.0
mlvcv31l,c8f0f002,10,2,8,0,2,0.8
o4kkkuj9,c8f0f002,8,8,0,0,8,0.0
k8txaw58,c8f0f002,8,3,5,0,3,0.625
t2eyvuxq,c8f0f002,8,8,0,0,8,0.0
qv0yh587,c8f0f002,1,1,0,0,1,0.0
mrwlcmno,c8f0f002,8,8,0,0,8,0.0
ew4oecfi,c8f0f002,8,3,5,0,3,0.625
eyn3wygc,c8f0f002,8,8,0,0,8,0.0
wcau806y,c8f0f002,8,8,0,0,8,0.0
2j8p9vyz,c8f0f002,8,3,5,0,3,0.625
s03ed531,c8f0f002,8,8,0,0,8,0.0
zj5uemkt,c8f0f002,8,8,0,0,8,0.0
l5sagbsh,c8f0f002,8,3,5,0,3,0.625
v6jvgdvg,c8f0f002,8,8,0,0,8,0.0
ljwskxcq,c8f0f002,8,8,0,0,8,0.0
4s9g1cze,c8f0f002,9,3,6,0,3,0.6666666666666666
bw2cwy0m,c8f0f002,8,8,0,0,8,0.0
kwy2bqjo,c8f0f002,8,3,5,0,3,0.625
uktb326q,c8f0f002,15,15,0,0,15,0.0
648anokh,c8f0f002,8,8,0,0,8,0.0
8bgj1tsd,c8f0f002,8,8,0,0,8,0.0
tc5wgx8h,c8f0f002,8,8,0,0,8,0.0
rjanlii9,c8f0f002,8,8,0,0,8,0.0
c7ac53of,c8f0f002,6,6,0,0,6,0.0
jeq3oy2g,c8f0f002,8,8,0,0,8,0.0
mrypomny,c8f0f002,8,8,0,0,8,0.0
a9gvtd1o,c8f0f002,8,8,0,0,8,0.0
e0biso3r,c8f0f002,8,8,0,0,8,0.0
vpxztp7b,c8f0f002,8,8,0,0,8,0.0
f1ejz9fy,c8f0f002,8,3,5,0,3,0.625
a6jpzpek,c8f0f002,3,3,0,0,3,0.0
6eyovdd2,c8f0f002,8,3,5,0,3,0.625
lmtka1ev,c8f0f002,8,3,5,0,3,0.625
a0w1xgxf,c8f0f002,8,3,5,0,3,0.625
41kp06jx,c8f0f002,8,8,0,0,8,0.0
sesf1qnx,c8f0f002,10,2,8,0,2,0.8
904h81sn,c8f0f002,8,8,0,0,8,0.0
so5k1adg,c8f0f002,16,16,0,0,16,0.0
j2dvablb,c8f0f002,8,3,5,0,3,0.625
03ljcqhc,c8f0f002,8,5,3,0,5,0.375
ce9qdbyh,c8f0f002,8,8,0,0,8,0.0
vr20hyge,c8f0f002,8,8,0,0,8,0.0
idma9086,6d58a25d,42,2,40,0,2,0.9523809523809523
4kl3i3tv,6d58a25d,217,45,172,0,45,0.7926267281105991
r99uy0qb,6d58a25d,78,7,71,0,7,0.9102564102564102
b73rrttr,6d58a25d,50,49,1,0,49,0.02
7nszfy43,6d58a25d,49,11,38,0,11,0.7755102040816326
0fy66fv2,6d58a25d,12,12,0,0,12,0.0
yebzokh4,6d58a25d,67,11,56,0,11,0.835820895522388
kavvl57w,6d58a25d,42,2,40,0,2,0.9523809523809523
qfiy90jx,6d58a25d,52,10,42,0,10,0.8076923076923077
8oohxrrz,6d58a25d,70,14,56,0,14,0.8
x5id5i5q,6d58a25d,68,25,43,0,25,0.6323529411764706
g3vslpjv,6d58a25d,71,5,66,0,5,0.9295774647887324
2d8q4qkc,6d58a25d,52,2,50,0,2,0.9615384615384616
bx44xwzb,6d58a25d,64,3,61,0,3,0.953125
o2ho0580,6d58a25d,37,37,0,0,37,0.0
c9sps7bl,6d58a25d,87,6,81,0,6,0.9310344827586207
jqeesfz7,6d58a25d,42,42,0,0,42,0.0
9pjr0waw,6d58a25d,42,9,33,0,9,0.7857142857142857
kck1uue7,6d58a25d,46,3,43,0,3,0.9347826086956522
8psac9uo,6d58a25d,62,22,40,0,22,0.6451612903225806
nx0vccp8,6d58a25d,38,37,1,0,37,0.02631578947368421
aypxap78,6d58a25d,47,3,44,0,3,0.9361702127659575
l0nln4b2,6d58a25d,41,6,35,0,6,0.8536585365853658
ascil7wf,6d58a25d,43,5,38,0,5,0.8837209302325582
8y2nd2sh,6d58a25d,45,3,42,0,3,0.9333333333333333
yc52i3qf,6d58a25d,41,2,39,0,2,0.9512195121951219
g7svteiz,6d58a25d,91,6,85,0,6,0.9340659340659341
c2lwacqc,6d58a25d,72,7,65,0,7,0.9027777777777778
cw4tyx7n,6d58a25d,54,10,44,0,10,0.8148148148148148
189iqcds,6d58a25d,54,4,50,0,4,0.9259259259259259
mzi8f2hv,6d58a25d,41,2,39,0,2,0.9512195121951219
fgxp8fzz,6d58a25d,49,2,47,0,2,0.9591836734693877
72p6pxny,6d58a25d,43,7,36,0,7,0.8372093023255814
rhbgnqhz,6d58a25d,70,3,67,0,3,0.9571428571428572
ldo5smvx,6d58a25d,75,2,73,0,2,0.9733333333333334
jayyv6lz,6d58a25d,42,4,38,0,4,0.9047619047619048
qu0lm98m,6d58a25d,56,3,53,0,3,0.9464285714285714
yfyhejim,6d58a25d,65,6,59,0,6,0.9076923076923077
0yfthc4y,6d58a25d,38,37,1,0,37,0.02631578947368421
ei0ij8ms,6d58a25d,47,3,44,0,3,0.9361702127659575
2tkm21z6,6d58a25d,38,38,0,0,38,0.0
onnumbyy,6d58a25d,39,11,28,0,11,0.717948717948718
m63pxnwq,6d58a25d,75,10,65,0,10,0.8666666666666667
nldu5ge3,6d58a25d,46,7,39,0,7,0.8478260869565217
t3l0if03,6d58a25d,104,11,93,0,11,0.8942307692307693
nfbzvhip,6d58a25d,41,41,0,0,41,0.0
4wx63ymf,6d58a25d,48,4,44,0,4,0.9166666666666666
bcyhma9y,6d58a25d,31,31,0,0,31,0.0
pcrxo3zp,6d58a25d,119,9,110,0,9,0.9243697478991597
f5ktzt2t,6d58a25d,45,4,41,0,4,0.9111111111111111
kkeej6x5,6d58a25d,40,10,30,0,10,0.75
mr7lkk46,6d58a25d,47,9,38,0,9,0.8085106382978723
2w766g1z,6d58a25d,47,4,43,0,4,0.9148936170212766
om1m73rv,6d58a25d,75,7,68,0,7,0.9066666666666666
vbwguazj,6d58a25d,42,3,39,0,3,0.9285714285714286
7agy8y3l,6d58a25d,42,11,31,0,11,0.7380952380952381
8jwr3j6t,6d58a25d,114,10,104,0,10,0.9122807017543859
z3die4q3,6d58a25d,42,3,39,0,3,0.9285714285714286
mhskzwic,6d58a25d,124,32,92,0,32,0.7419354838709677
8yhijukj,6d58a25d,52,4,48,0,4,0.9230769230769231
pz38obzd,6d58a25d,43,3,40,0,3,0.9302325581395349
xklnx39q,6d58a25d,124,7,117,0,7,0.9435483870967742
nrfiw9bx,6d58a25d,45,4,41,0,4,0.9111111111111111
cfclud8z,6d58a25d,41,4,37,0,4,0.9024390243902439
z8b26ynw,6d58a25d,103,8,95,0,8,0.9223300970873787
zelqv7az,6d58a25d,42,4,38,0,4,0.9047619047619048
jx6lhkbi,6d58a25d,53,5,48,0,5,0.9056603773584906
mpzcivx9,6d58a25d,41,3,38,0,3,0.926829268292683
sp00glmz,6d58a25d,43,43,0,0,43,0.0
ya0wv6pm,6d58a25d,38,37,1,0,37,0.02631578947368421
9evwb372,6d58a25d,48,3,45,0,3,0.9375
1r6yodve,6d58a25d,34,34,0,0,34,0.0
cbvc5e3w,6d58a25d,40,40,0,0,40,0.0
zfeorjum,6d58a25d,54,8,46,0,8,0.8518518518518519
hkj9daz7,6d58a25d,48,4,44,0,4,0.9166666666666666
w12e497z,6d58a25d,42,42,0,0,42,0.0
9ohxtpht,6d58a25d,44,4,40,0,4,0.9090909090909091
4j6cy1mk,6d58a25d,42,6,36,0,6,0.8571428571428571
fl73adm5,6d58a25d,51,3,48,0,3,0.9411764705882353
oxvw1rhx,6d58a25d,38,38,0,0,38,0.0
8d21w3yr,6d58a25d,48,6,42,0,6,0.875
3cc6zm51,6d58a25d,58,27,31,0,27,0.5344827586206896
ovhoesyy,6d58a25d,42,4,38,0,4,0.9047619047619048
ske58akk,6d58a25d,59,6,53,0,6,0.8983050847457628
r24jdhzg,6d58a25d,53,5,48,0,5,0.9056603773584906
stbyxpx6,6d58a25d,48,6,42,0,6,0.875
hpl7jugr,6d58a25d,46,3,43,0,3,0.9347826086956522
r2ck84r8,6d58a25d,44,25,19,0,25,0.4318181818181818
nze0azo1,6d58a25d,43,9,34,0,9,0.7906976744186046
qazkn1sw,6d58a25d,14,9,5,0,9,0.35714285714285715
f0wpo2hr,6d58a25d,48,4,44,0,4,0.9166666666666666
c7z6erey,6d58a25d,49,3,46,0,3,0.9387755102040817
zvbewhqx,6d58a25d,67,6,61,0,6,0.9104477611940298
plfupad7,6d58a25d,42,13,29,0,13,0.6904761904761905
ism64anu,6d58a25d,50,3,47,0,3,0.94
n2et79bd,6d58a25d,42,3,39,0,3,0.9285714285714286
hsm45iwx,6d58a25d,52,9,43,0,9,0.8269230769230769
e2w81k0i,6d58a25d,41,2,39,0,2,0.9512195121951219
4s3cm7d8,6d58a25d,39,12,27,0,12,0.6923076923076923
sn10zd6g,6d58a25d,90,6,84,0,6,0.9333333333333333
szbhlpfr,6d58a25d,53,5,48,0,5,0.9056603773584906
phbjwkyw,6d58a25d,53,14,39,0,14,0.7358490566037735
89u58v07,6d58a25d,46,4,42,0,4,0.9130434782608695
y32zaw9c,6d58a25d,38,38,0,0,38,0.0
cuybsfwr,6d58a25d,129,5,124,0,5,0.9612403100775194
44o5xnxe,6d58a25d,40,9,31,0,9,0.775
02333qfj,6d58a25d,45,7,38,0,7,0.8444444444444444
qfsp3ery,6d58a25d,107,6,101,0,6,0.9439252336448598
q04yitea,6d58a25d,45,7,38,0,7,0.8444444444444444
kmwiem6m,6d58a25d,44,2,42,0,2,0.9545454545454546
5pds9j1d,6d58a25d,40,40,0,0,40,0.0
ikfbpugl,6d58a25d,177,23,154,0,23,0.8700564971751412
cp3b83py,6d58a25d,46,3,43,0,3,0.9347826086956522
27d8totr,6d58a25d,44,5,39,0,5,0.8863636363636364
qothvfhf,6d58a25d,40,40,0,0,40,0.0
l9krayds,6d58a25d,97,2,95,0,2,0.979381443298969
aqmjput5,6d58a25d,73,32,41,0,32,0.5616438356164384
f5ohsl5h,6d58a25d,58,4,54,0,4,0.9310344827586207
dmft9d3y,6d58a25d,44,21,23,0,21,0.5227272727272727
pgtp756s,6d58a25d,42,42,0,0,42,0.0
6e5gb0yb,6d58a25d,60,4,56,0,4,0.9333333333333333
bmlngyh3,6d58a25d,281,16,265,0,16,0.9430604982206405
clucow7d,6d58a25d,43,5,38,0,5,0.8837209302325582
3d2as981,6d58a25d,47,3,44,0,3,0.9361702127659575
cghxa2ie,6d58a25d,52,5,47,0,5,0.9038461538461539
byx9jkxm,6d58a25d,42,3,39,0,3,0.9285714285714286
emwp6wq7,6d58a25d,48,3,45,0,3,0.9375
pad0sufd,6d58a25d,51,3,48,0,3,0.9411764705882353
xeu3j3ki,6d58a25d,41,7,34,0,7,0.8292682926829268
npr5bsi2,6d58a25d,42,3,39,0,3,0.9285714285714286
ym49wqbn,6d58a25d,58,5,53,0,5,0.9137931034482759
154uk6vm,6d58a25d,118,1,117,0,1,0.9915254237288136
o5qropwk,6d58a25d,53,8,45,0,8,0.8490566037735849
5nrjvc7q,6d58a25d,45,8,37,0,8,0.8222222222222222
61zahdh9,6d58a25d,56,4,52,0,4,0.9285714285714286
5hz183aa,6d58a25d,77,28,49,0,28,0.6363636363636364
nhds6zsd,6d58a25d,54,10,44,0,10,0.8148148148148148
vr20hyge,6d58a25d,42,10,32,0,10,0.7619047619047619
ce9qdbyh,6d58a25d,42,2,40,0,2,0.9523809523809523
904h81sn,6d58a25d,42,2,40,0,2,0.9523809523809523
j2dvablb,6d58a25d,52,5,47,0,5,0.9038461538461539
xasfvnb7,6d58a25d,40,34,6,0,34,0.15
lmtka1ev,6d58a25d,48,2,46,0,2,0.9583333333333334
a0w1xgxf,6d58a25d,48,3,45,0,3,0.9375
41kp06jx,6d58a25d,54,5,49,0,5,0.9074074074074074
a6jpzpek,6d58a25d,52,8,44,0,8,0.8461538461538461
6eyovdd2,6d58a25d,49,8,41,0,8,0.8367346938775511
vpxztp7b,6d58a25d,103,10,93,0,10,0.9029126213592233
f1ejz9fy,6d58a25d,42,4,38,0,4,0.9047619047619048
a9gvtd1o,6d58a25d,49,4,45,0,4,0.9183673469387755
e0biso3r,6d58a25d,50,3,47,0,3,0.94
rjanlii9,6d58a25d,47,8,39,0,8,0.8297872340425532
jeq3oy2g,6d58a25d,18,2,16,0,2,0.8888888888888888
mrypomny,6d58a25d,38,21,17,0,21,0.4473684210526316
8bgj1tsd,6d58a25d,145,12,133,0,12,0.9172413793103448
tc5wgx8h,6d58a25d,64,7,57,0,7,0.890625
qqqzakmg,6d58a25d,38,3,35,0,3,0.9210526315789473
648anokh,6d58a25d,70,4,66,0,4,0.9428571428571428
zc26r1al,6d58a25d,40,40,0,0,40,0.0
bw2cwy0m,6d58a25d,44,5,39,0,5,0.8863636363636364
kwy2bqjo,6d58a25d,44,4,40,0,4,0.9090909090909091
ljwskxcq,6d58a25d,47,6,41,0,6,0.8723404255319149
l5sagbsh,6d58a25d,50,2,48,0,2,0.96
v6jvgdvg,6d58a25d,38,38,0,0,38,0.0
4s9g1cze,6d58a25d,54,4,50,0,4,0.9259259259259259
3irnkhq8,6d58a25d,49,7,42,0,7,0.8571428571428571
zj5uemkt,6d58a25d,41,6,35,0,6,0.8536585365853658
6p8vl3lk,6d58a25d,185,24,161,0,24,0.8702702702702703
2j8p9vyz,6d58a25d,44,5,39,0,5,0.8863636363636364
s03ed531,6d58a25d,43,43,0,0,43,0.0
wcau806y,6d58a25d,43,4,39,0,4,0.9069767441860465
eyn3wygc,6d58a25d,64,4,60,0,4,0.9375
mrwlcmno,6d58a25d,39,39,0,0,39,0.0
ew4oecfi,6d58a25d,42,3,39,0,3,0.9285714285714286
t2eyvuxq,6d58a25d,80,26,54,0,26,0.675
qv0yh587,6d58a25d,7,4,3,0,4,0.42857142857142855
d1vjrjhc,6d58a25d,53,5,48,0,5,0.9056603773584906
o4kkkuj9,6d58a25d,42,2,40,0,2,0.9523809523809523
k8txaw58,6d58a25d,46,3,43,0,3,0.9347826086956522
mlvcv31l,6d58a25d,42,2,40,0,2,0.9523809523809523
a589fsqz,6d58a25d,53,5,48,0,5,0.9056603773584906
f5ktzt2t,73251a56,68,22,46,0,22,0.6764705882352942
kkeej6x5,73251a56,55,36,19,0,36,0.34545454545454546
pcrxo3zp,73251a56,37,17,20,0,17,0.5405405405405406
nqubyvew,73251a56,76,32,44,0,32,0.5789473684210527
mr7lkk46,73251a56,82,57,25,0,57,0.3048780487804878
2w766g1z,73251a56,31,14,17,0,14,0.5483870967741935
onnumbyy,73251a56,58,56,2,0,56,0.034482758620689655
ler5uq42,73251a56,70,70,0,0,70,0.0
nfbzvhip,73251a56,191,153,38,0,153,0.19895287958115182
4wx63ymf,73251a56,64,39,25,0,39,0.390625
t3l0if03,73251a56,60,13,47,0,13,0.7833333333333333
pz38obzd,73251a56,60,38,22,0,38,0.36666666666666664
xklnx39q,73251a56,61,24,37,0,24,0.6065573770491803
nrfiw9bx,73251a56,77,40,37,0,40,0.4805194805194805
om1m73rv,73251a56,122,68,54,0,68,0.4426229508196721
7agy8y3l,73251a56,70,61,9,0,61,0.12857142857142856
vbwguazj,73251a56,55,42,13,0,42,0.23636363636363636
mhskzwic,73251a56,57,42,15,0,42,0.2631578947368421
8yhijukj,73251a56,51,36,15,0,36,0.29411764705882354
z3die4q3,73251a56,142,81,61,0,81,0.4295774647887324
p445h6ow,73251a56,169,78,91,0,78,0.5384615384615384
8jwr3j6t,73251a56,3,3,0,0,3,0.0
sp00glmz,73251a56,16,16,0,0,16,0.0
mpzcivx9,73251a56,136,46,90,0,46,0.6617647058823529
1qt2f29y,73251a56,58,42,16,0,42,0.27586206896551724
clhkwrie,73251a56,62,51,11,0,51,0.1774193548387097
23iyreiv,73251a56,74,33,41,0,33,0.5540540540540541
9evwb372,73251a56,93,57,36,0,57,0.3870967741935484
ya0wv6pm,73251a56,151,58,93,0,58,0.6158940397350994
zelqv7az,73251a56,59,46,13,0,46,0.22033898305084745
z8b26ynw,73251a56,65,35,30,0,35,0.46153846153846156
cfclud8z,73251a56,58,36,22,0,36,0.3793103448275862
jx6lhkbi,73251a56,49,13,36,0,13,0.7346938775510204
oxvw1rhx,73251a56,68,68,0,0,68,0.0
fl73adm5,73251a56,136,46,90,0,46,0.6617647058823529
4j6cy1mk,73251a56,65,46,19,0,46,0.2923076923076923
2anyuqd8,73251a56,61,61,0,0,61,0.0
cbvc5e3w,73251a56,39,39,0,0,39,0.0
k0qq522n,73251a56,55,55,0,0,55,0.0
0wk7vjg8,73251a56,1,1,0,0,1,0.0
9ohxtpht,73251a56,68,34,34,0,34,0.5
w12e497z,73251a56,1218,193,1025,0,193,0.8415435139573071
hkj9daz7,73251a56,59,28,31,0,28,0.5254237288135594
x5id5i5q,73251a56,60,60,0,0,60,0.0
qfiy90jx,73251a56,83,68,15,0,68,0.18072289156626506
8oohxrrz,73251a56,81,44,37,0,44,0.4567901234567901
bx44xwzb,73251a56,65,65,0,0,65,0.0
o2ho0580,73251a56,248,8,240,0,8,0.967741935483871
c9sps7bl,73251a56,67,29,38,0,29,0.5671641791044776
g3vslpjv,73251a56,65,40,25,0,40,0.38461538461538464
2d8q4qkc,73251a56,121,53,68,0,53,0.5619834710743802
0fy66fv2,73251a56,15,15,0,0,15,0.0
b73rrttr,73251a56,65,65,0,0,65,0.0
7nszfy43,73251a56,37,37,0,0,37,0.0
r99uy0qb,73251a56,9,5,4,0,5,0.4444444444444444
idma9086,73251a56,60,41,19,0,41,0.31666666666666665
4kl3i3tv,73251a56,132,49,83,0,49,0.6287878787878788
yebzokh4,73251a56,115,115,0,0,115,0.0
ascil7wf,73251a56,64,51,13,0,51,0.203125
aypxap78,73251a56,74,41,33,0,41,0.44594594594594594
l0nln4b2,73251a56,59,59,0,0,59,0.0
8y2nd2sh,73251a56,100,37,63,0,37,0.63
jqeesfz7,73251a56,62,62,0,0,62,0.0
xji13cu2,73251a56,19,15,4,0,15,0.21052631578947367
kck1uue7,73251a56,71,46,25,0,46,0.352112676056338
8psac9uo,73251a56,83,78,5,0,78,0.060240963855421686
nx0vccp8,73251a56,98,98,0,0,98,0.0
fgxp8fzz,73251a56,35,8,27,0,8,0.7714285714285715
189iqcds,73251a56,68,53,15,0,53,0.22058823529411764
mzi8f2hv,73251a56,57,33,24,0,33,0.42105263157894735
rhbgnqhz,73251a56,48,8,40,0,8,0.8333333333333334
72p6pxny,73251a56,313,135,178,0,135,0.5686900958466453
hd5k29qy,73251a56,60,24,36,0,24,0.6
c2lwacqc,73251a56,64,64,0,0,64,0.0
g7svteiz,73251a56,65,52,13,0,52,0.2
cw4tyx7n,73251a56,24,2,22,0,2,0.9166666666666666
yc52i3qf,73251a56,14,1,13,0,1,0.9285714285714286
9wkeb5tu,73251a56,141,88,53,0,88,0.375886524822695
yfyhejim,73251a56,203,61,142,0,61,0.6995073891625616
2tkm21z6,73251a56,56,55,1,0,55,0.017857142857142856
0yfthc4y,73251a56,64,49,15,0,49,0.234375
ei0ij8ms,73251a56,202,113,89,0,113,0.4405940594059406
ldo5smvx,73251a56,7,2,5,0,2,0.7142857142857143
jayyv6lz,73251a56,64,40,24,0,40,0.375
qu0lm98m,73251a56,137,56,79,2,56,0.5766423357664233
so5k1adg,73251a56,104,104,0,0,104,0.0
904h81sn,73251a56,151,83,68,0,83,0.4503311258278146
j2dvablb,73251a56,61,52,9,0,52,0.14754098360655737
03ljcqhc,73251a56,17,5,12,0,5,0.7058823529411765
sesf1qnx,73251a56,62,43,19,0,43,0.3064516129032258
4stfwpke,73251a56,39,27,12,0,27,0.3076923076923077
vr20hyge,73251a56,23,23,0,0,23,0.0
nhds6zsd,73251a56,63,62,1,0,62,0.015873015873015872
tc5wgx8h,73251a56,75,57,18,0,57,0.24
rjanlii9,73251a56,114,32,82,0,32,0.7192982456140351
mrypomny,73251a56,82,70,12,0,70,0.14634146341463414
zc26r1al,73251a56,119,119,0,0,119,0.0
648anokh,73251a56,59,33,26,0,33,0.4406779661016949
6eyovdd2,73251a56,92,61,31,0,61,0.33695652173913043
a6jpzpek,73251a56,57,30,27,0,30,0.47368421052631576
41kp06jx,73251a56,123,98,25,0,98,0.2032520325203252
a0w1xgxf,73251a56,39,3,36,0,3,0.9230769230769231
e0biso3r,73251a56,61,46,15,0,46,0.2459016393442623
a9gvtd1o,73251a56,95,43,52,0,43,0.5473684210526316
vpxztp7b,73251a56,58,38,20,0,38,0.3448275862068966
f1ejz9fy,73251a56,62,34,28,0,34,0.45161290322580644
ljwskxcq,73251a56,72,23,49,0,23,0.6805555555555556
l5sagbsh,73251a56,56,19,37,0,19,0.6607142857142857
v6jvgdvg,73251a56,66,47,19,0,47,0.2878787878787879
4s9g1cze,73251a56,8,2,6,0,2,0.75
3irnkhq8,73251a56,20,14,6,0,14,0.3
zj5uemkt,73251a56,13,13,0,0,13,0.0
cdo2cmtp,73251a56,57,57,0,0,57,0.0
bw2cwy0m,73251a56,64,56,8,0,56,0.125
kwy2bqjo,73251a56,81,62,19,0,62,0.2345679012345679
t2eyvuxq,73251a56,112,58,53,1,58,0.4732142857142857
qv0yh587,73251a56,473,471,2,0,471,0.004228329809725159
a589fsqz,73251a56,57,34,23,0,34,0.40350877192982454
d1vjrjhc,73251a56,55,55,0,0,55,0.0
o4kkkuj9,73251a56,115,88,27,0,88,0.23478260869565218
k8txaw58,73251a56,63,24,39,0,24,0.6190476190476191
mlvcv31l,73251a56,78,46,32,0,46,0.41025641025641024
wcau806y,73251a56,3,3,0,0,3,0.0
2j8p9vyz,73251a56,101,43,58,0,43,0.5742574257425742
mrwlcmno,73251a56,118,118,0,0,118,0.0
08vqizpx,73251a56,120,120,0,0,120,0.0
ew4oecfi,73251a56,64,49,15,0,49,0.234375
eyn3wygc,73251a56,63,63,0,0,63,0.0
ni5df01j,73251a56,62,48,14,0,48,0.22580645161290322
8aknstxj,73251a56,58,57,1,0,57,0.017241379310344827
c7z6erey,73251a56,57,40,17,0,40,0.2982456140350877
qazkn1sw,73251a56,23,11,12,0,11,0.5217391304347826
f0wpo2hr,73251a56,122,64,58,0,64,0.47540983606557374
plfupad7,73251a56,66,58,8,0,58,0.12121212121212122
ism64anu,73251a56,77,34,43,0,34,0.5584415584415584
0hrc9vve,73251a56,58,3,55,0,3,0.9482758620689655
zvbewhqx,73251a56,89,35,54,0,35,0.6067415730337079
r24jdhzg,73251a56,165,115,50,0,115,0.30303030303030304
stbyxpx6,73251a56,58,27,31,0,27,0.5344827586206896
3cc6zm51,73251a56,61,61,0,0,61,0.0
ovhoesyy,73251a56,63,37,26,0,37,0.4126984126984127
ske58akk,73251a56,77,53,24,0,53,0.3116883116883117
r2ck84r8,73251a56,66,43,23,0,43,0.3484848484848485
nze0azo1,73251a56,60,41,19,0,41,0.31666666666666665
hpl7jugr,73251a56,65,36,29,0,36,0.4461538461538462
0ra11hiv,73251a56,2,2,0,0,2,0.0
y32zaw9c,73251a56,59,59,0,0,59,0.0
q04yitea,73251a56,22,13,9,0,13,0.4090909090909091
qfsp3ery,73251a56,60,51,9,0,51,0.15
44o5xnxe,73251a56,80,31,49,0,31,0.6125
sn10zd6g,73251a56,62,46,16,0,46,0.25806451612903225
hsm45iwx,73251a56,58,57,1,0,57,0.017241379310344827
4s3cm7d8,73251a56,23,15,8,0,15,0.34782608695652173
e2w81k0i,73251a56,94,38,56,0,38,0.5957446808510638
89u58v07,73251a56,64,16,48,0,16,0.75
szbhlpfr,73251a56,6,4,2,0,4,0.3333333333333333
phbjwkyw,73251a56,83,58,25,0,58,0.30120481927710846
aqmjput5,73251a56,66,46,20,0,46,0.30303030303030304
l9krayds,73251a56,67,38,29,0,38,0.43283582089552236
icf7bchs,73251a56,285,218,67,0,218,0.23508771929824562
6e5gb0yb,73251a56,65,20,45,0,20,0.6923076923076923
dmft9d3y,73251a56,69,29,40,0,29,0.5797101449275363
ikfbpugl,73251a56,65,15,50,0,15,0.7692307692307693
d33m799j,73251a56,59,2,57,0,2,0.9661016949152542
kmwiem6m,73251a56,57,36,21,0,36,0.3684210526315789
fkx2gd88,73251a56,58,29,29,0,29,0.5
27d8totr,73251a56,56,56,0,0,56,0.0
91fk0af9,73251a56,10,10,0,0,10,0.0
qothvfhf,73251a56,62,62,0,0,62,0.0
cp3b83py,73251a56,56,41,15,0,41,0.26785714285714285
xeu3j3ki,73251a56,24,24,0,0,24,0.0
154uk6vm,73251a56,64,31,33,0,31,0.515625
ym49wqbn,73251a56,140,92,48,0,92,0.34285714285714286
emwp6wq7,73251a56,59,45,14,0,45,0.23728813559322035
pad0sufd,73251a56,62,62,0,0,62,0.0
61zahdh9,73251a56,61,35,26,0,35,0.4262295081967213
5hz183aa,73251a56,71,50,21,0,50,0.29577464788732394
o5qropwk,73251a56,56,55,1,0,55,0.017857142857142856
ol9lky1i,73251a56,71,42,29,0,42,0.4084507042253521
5nrjvc7q,73251a56,62,40,22,0,40,0.3548387096774194
clucow7d,73251a56,130,82,48,0,82,0.36923076923076925
cghxa2ie,73251a56,73,51,22,0,51,0.3013698630136986
3d2as981,73251a56,152,110,42,0,110,0.27631578947368424
y8mzyzjc,73251a56,57,37,20,0,37,0.3508771929824561
bmlngyh3,73251a56,128,98,30,0,98,0.234375
byx9jkxm,73251a56,61,29,32,0,29,0.5245901639344263
74l1qvc1,73251a56,58,58,0,0,58,0.0
2anyuqd8,0a938d79,76,76,0,0,76,0.0
1r6yodve,0a938d79,2,2,0,0,2,0.0
wz0zoo1d,0a938d79,152,24,128,0,24,0.8421052631578947
hkj9daz7,0a938d79,71,7,64,0,7,0.9014084507042254
zfeorjum,0a938d79,93,12,81,0,12,0.8709677419354839
w12e497z,0a938d79,2,2,0,0,2,0.0
9ohxtpht,0a938d79,87,27,60,0,27,0.6896551724137931
fl73adm5,0a938d79,64,6,58,0,6,0.90625
4j6cy1mk,0a938d79,53,5,48,0,5,0.9056603773584906
oxvw1rhx,0a938d79,80,31,49,0,31,0.6125
gckdkq1t,0a938d79,75,13,62,0,13,0.8266666666666667
8d21w3yr,0a938d79,137,38,99,0,38,0.7226277372262774
wa9xd98o,0a938d79,76,8,68,0,8,0.8947368421052632
cfclud8z,0a938d79,61,11,50,0,11,0.819672131147541
z8b26ynw,0a938d79,103,13,90,0,13,0.8737864077669902
zelqv7az,0a938d79,79,9,70,0,9,0.8860759493670886
jx6lhkbi,0a938d79,57,7,50,0,7,0.8771929824561403
1qt2f29y,0a938d79,234,37,197,0,37,0.8418803418803419
clhkwrie,0a938d79,328,35,293,0,35,0.8932926829268293
mpzcivx9,0a938d79,57,6,51,0,6,0.8947368421052632
ya0wv6pm,0a938d79,53,53,0,0,53,0.0
9evwb372,0a938d79,124,9,115,0,9,0.9274193548387096
vbwguazj,0a938d79,65,8,57,0,8,0.8769230769230769
7agy8y3l,0a938d79,169,16,153,0,16,0.9053254437869822
om1m73rv,0a938d79,84,8,76,0,8,0.9047619047619048
p445h6ow,0a938d79,121,10,111,0,10,0.9173553719008265
8jwr3j6t,0a938d79,63,7,56,0,7,0.8888888888888888
z3die4q3,0a938d79,53,5,48,0,5,0.9056603773584906
8yhijukj,0a938d79,57,6,51,0,6,0.8947368421052632
50nsp39w,0a938d79,63,8,55,0,8,0.873015873015873
mhskzwic,0a938d79,53,8,45,0,8,0.8490566037735849
pz38obzd,0a938d79,55,7,48,0,7,0.8727272727272727
xklnx39q,0a938d79,187,9,178,0,9,0.9518716577540107
nrfiw9bx,0a938d79,70,8,62,0,8,0.8857142857142857
onnumbyy,0a938d79,67,11,56,0,11,0.835820895522388
m63pxnwq,0a938d79,53,5,48,0,5,0.9056603773584906
nldu5ge3,0a938d79,55,6,49,0,6,0.8909090909090909
nsu6cwh4,0a938d79,182,26,156,0,26,0.8571428571428571
t3l0if03,0a938d79,115,11,104,0,11,0.9043478260869565
nfbzvhip,0a938d79,63,10,53,0,10,0.8412698412698413
4wx63ymf,0a938d79,93,8,85,0,8,0.9139784946236559
ler5uq42,0a938d79,76,76,0,0,76,0.0
bcyhma9y,0a938d79,232,31,201,0,31,0.8663793103448276
pcrxo3zp,0a938d79,73,9,64,0,9,0.8767123287671232
f5ktzt2t,0a938d79,112,14,98,0,14,0.875
kkeej6x5,0a938d79,57,9,48,0,9,0.8421052631578947
2w766g1z,0a938d79,53,5,48,0,5,0.9056603773584906
mr7lkk46,0a938d79,81,22,59,0,22,0.7283950617283951
nqubyvew,0a938d79,198,19,179,0,19,0.9040404040404041
ldo5smvx,0a938d79,159,19,140,0,19,0.8805031446540881
qu0lm98m,0a938d79,53,7,46,0,7,0.8679245283018868
jayyv6lz,0a938d79,53,8,45,0,8,0.8490566037735849
yfyhejim,0a938d79,91,9,82,0,9,0.9010989010989011
ei0ij8ms,0a938d79,169,17,152,0,17,0.8994082840236687
0yfthc4y,0a938d79,81,14,67,0,14,0.8271604938271605
2tkm21z6,0a938d79,53,53,0,0,53,0.0
yc52i3qf,0a938d79,61,10,51,0,10,0.8360655737704918
cw4tyx7n,0a938d79,1,1,0,0,1,0.0
g7svteiz,0a938d79,77,9,68,0,9,0.8831168831168831
c2lwacqc,0a938d79,114,8,106,0,8,0.9298245614035088
mzi8f2hv,0a938d79,59,11,48,0,11,0.8135593220338984
189iqcds,0a938d79,54,5,49,0,5,0.9074074074074074
fgxp8fzz,0a938d79,58,5,53,0,5,0.9137931034482759
xgvto4mg,0a938d79,57,57,0,0,57,0.0
hd5k29qy,0a938d79,170,21,149,0,21,0.8764705882352941
72p6pxny,0a938d79,116,10,106,0,10,0.9137931034482759
rhbgnqhz,0a938d79,65,7,58,0,7,0.8923076923076924
gkse9wdn,0a938d79,66,66,0,0,66,0.0
jqeesfz7,0a938d79,54,54,0,0,54,0.0
9pjr0waw,0a938d79,27,3,24,0,3,0.8888888888888888
8psac9uo,0a938d79,66,17,49,0,17,0.7424242424242424
nx0vccp8,0a938d79,65,13,52,0,13,0.8
kck1uue7,0a938d79,102,4,98,0,4,0.9607843137254902
l0nln4b2,0a938d79,75,7,68,0,7,0.9066666666666666
aypxap78,0a938d79,70,25,45,0,25,0.6428571428571429
ascil7wf,0a938d79,125,16,109,0,16,0.872
8y2nd2sh,0a938d79,88,15,73,0,15,0.8295454545454546
idma9086,0a938d79,80,9,71,0,9,0.8875
r99uy0qb,0a938d79,54,5,49,0,5,0.9074074074074074
b73rrttr,0a938d79,55,53,2,0,53,0.03636363636363636
7nszfy43,0a938d79,95,12,83,0,12,0.8736842105263158
yebzokh4,0a938d79,53,5,48,0,5,0.9056603773584906
kavvl57w,0a938d79,53,6,47,0,6,0.8867924528301887
8oohxrrz,0a938d79,74,14,60,0,14,0.8108108108108109
qfiy90jx,0a938d79,53,5,48,0,5,0.9056603773584906
2d8q4qkc,0a938d79,53,5,48,0,5,0.9056603773584906
g3vslpjv,0a938d79,120,12,108,0,12,0.9
c9sps7bl,0a938d79,73,10,63,0,10,0.863013698630137
bx44xwzb,0a938d79,72,15,57,0,15,0.7916666666666666
s03ed531,0a938d79,64,64,0,0,64,0.0
2j8p9vyz,0a938d79,53,5,48,0,5,0.9056603773584906
6p8vl3lk,0a938d79,71,8,63,0,8,0.8873239436619719
wcau806y,0a938d79,54,6,48,0,6,0.8888888888888888
eyn3wygc,0a938d79,54,6,48,0,6,0.8888888888888888
ni5df01j,0a938d79,88,10,78,0,10,0.8863636363636364
ew4oecfi,0a938d79,54,5,49,0,5,0.9074074074074074
qv0yh587,0a938d79,23,23,0,0,23,0.0
t2eyvuxq,0a938d79,151,15,136,0,15,0.9006622516556292
1xogp17t,0a938d79,18,1,17,0,1,0.9444444444444444
o4kkkuj9,0a938d79,85,10,75,0,10,0.8823529411764706
k8txaw58,0a938d79,53,5,48,0,5,0.9056603773584906
mlvcv31l,0a938d79,69,8,61,0,8,0.8840579710144928
d1vjrjhc,0a938d79,82,9,73,0,9,0.8902439024390244
a589fsqz,0a938d79,75,8,67,0,8,0.8933333333333333
cdo2cmtp,0a938d79,53,53,0,0,53,0.0
uktb326q,0a938d79,56,42,14,0,42,0.25
bw2cwy0m,0a938d79,84,33,51,0,33,0.6071428571428571
kwy2bqjo,0a938d79,64,8,56,0,8,0.875
4s9g1cze,0a938d79,53,5,48,0,5,0.9056603773584906
3irnkhq8,0a938d79,81,11,70,0,11,0.8641975308641975
ljwskxcq,0a938d79,112,10,102,0,10,0.9107142857142857
v6jvgdvg,0a938d79,71,10,61,0,10,0.8591549295774648
l5sagbsh,0a938d79,66,36,30,0,36,0.45454545454545453
zj5uemkt,0a938d79,53,5,48,0,5,0.9056603773584906
41kp06jx,0a938d79,86,16,70,0,16,0.813953488372093
a0w1xgxf,0a938d79,127,121,6,0,121,0.047244094488188976
a6jpzpek,0a938d79,72,16,56,0,16,0.7777777777777778
f1ejz9fy,0a938d79,102,11,91,0,11,0.8921568627450981
vpxztp7b,0a938d79,100,17,83,0,17,0.83
a9gvtd1o,0a938d79,119,10,109,0,10,0.9159663865546218
e0biso3r,0a938d79,65,6,59,0,6,0.9076923076923077
jeq3oy2g,0a938d79,96,14,82,0,14,0.8541666666666666
mrypomny,0a938d79,53,37,16,0,37,0.3018867924528302
rjanlii9,0a938d79,96,20,76,0,20,0.7916666666666666
c7ac53of,0a938d79,70,4,66,0,4,0.9428571428571428
tc5wgx8h,0a938d79,129,16,113,0,16,0.875968992248062
648anokh,0a938d79,53,5,48,0,5,0.9056603773584906
4stfwpke,0a938d79,54,5,49,0,5,0.9074074074074074
nhds6zsd,0a938d79,54,53,1,0,53,0.018518518518518517
vr20hyge,0a938d79,77,14,63,0,14,0.8181818181818182
03ljcqhc,0a938d79,63,7,56,0,7,0.8888888888888888
ce9qdbyh,0a938d79,70,13,57,0,13,0.8142857142857143
j2dvablb,0a938d79,64,6,58,0,6,0.90625
904h81sn,0a938d79,53,5,48,0,5,0.9056603773584906
sesf1qnx,0a938d79,133,14,119,0,14,0.8947368421052632
xasfvnb7,0a938d79,55,55,0,0,55,0.0
bmlngyh3,0a938d79,764,79,685,0,79,0.8965968586387435
3d2as981,0a938d79,75,7,68,0,7,0.9066666666666666
cghxa2ie,0a938d79,63,6,57,0,6,0.9047619047619048
clucow7d,0a938d79,144,14,130,0,14,0.9027777777777778
74l1qvc1,0a938d79,23,3,20,0,3,0.8695652173913043
byx9jkxm,0a938d79,53,7,46,0,7,0.8679245283018868
j2pjmr32,0a938d79,55,44,11,0,44,0.2
pad0sufd,0a938d79,55,5,50,0,5,0.9090909090909091
emwp6wq7,0a938d79,89,13,76,0,13,0.8539325842696629
npr5bsi2,0a938d79,68,16,52,0,16,0.7647058823529411
154uk6vm,0a938d79,55,55,0,0,55,0.0
ym49wqbn,0a938d79,63,6,57,0,6,0.9047619047619048
5nrjvc7q,0a938d79,140,14,126,0,14,0.9
ol9lky1i,0a938d79,57,7,50,0,7,0.8771929824561403
o5qropwk,0a938d79,79,14,65,0,14,0.8227848101265823
5hz183aa,0a938d79,243,98,145,0,98,0.5967078189300411
61zahdh9,0a938d79,91,24,67,0,24,0.7362637362637363
kmwiem6m,0a938d79,76,8,68,0,8,0.8947368421052632
ikfbpugl,0a938d79,75,7,68,0,7,0.9066666666666666
cp3b83py,0a938d79,98,8,90,0,8,0.9183673469387755
qothvfhf,0a938d79,53,53,0,0,53,0.0
fkx2gd88,0a938d79,127,11,116,0,11,0.9133858267716536
27d8totr,0a938d79,67,9,58,0,9,0.8656716417910447
icf7bchs,0a938d79,56,11,45,0,11,0.8035714285714286
nvlsix5c,0a938d79,78,8,70,0,8,0.8974358974358975
f5ohsl5h,0a938d79,75,6,69,0,6,0.92
aqmjput5,0a938d79,65,5,60,0,5,0.9230769230769231
l9krayds,0a938d79,67,10,57,0,10,0.8507462686567164
dmft9d3y,0a938d79,91,19,72,0,19,0.7912087912087912
pgtp756s,0a938d79,31,31,0,0,31,0.0
6e5gb0yb,0a938d79,60,10,50,0,10,0.8333333333333334
e2w81k0i,0a938d79,53,5,48,0,5,0.9056603773584906
4s3cm7d8,0a938d79,281,96,185,0,96,0.6583629893238434
hsm45iwx,0a938d79,80,14,66,0,14,0.825
sn10zd6g,0a938d79,77,8,69,0,8,0.8961038961038961
phbjwkyw,0a938d79,65,10,55,0,10,0.8461538461538461
szbhlpfr,0a938d79,67,6,61,0,6,0.9104477611940298
89u58v07,0a938d79,55,6,49,0,6,0.8909090909090909
y32zaw9c,0a938d79,54,45,9,0,45,0.16666666666666666
cuybsfwr,0a938d79,228,26,202,0,26,0.8859649122807017
0ra11hiv,0a938d79,63,9,54,0,9,0.8571428571428571
qkiu92kk,0a938d79,61,12,49,0,12,0.8032786885245902
44o5xnxe,0a938d79,53,8,45,0,8,0.8490566037735849
qfsp3ery,0a938d79,125,31,94,0,31,0.752
q04yitea,0a938d79,57,7,50,0,7,0.8771929824561403
02333qfj,0a938d79,238,20,218,0,20,0.9159663865546218
ovhoesyy,0a938d79,53,6,47,0,6,0.8867924528301887
ske58akk,0a938d79,70,11,59,0,11,0.8428571428571429
3cc6zm51,0a938d79,55,55,0,0,55,0.0
r24jdhzg,0a938d79,58,22,36,0,22,0.6206896551724138
hpl7jugr,0a938d79,53,5,48,0,5,0.9056603773584906
r2ck84r8,0a938d79,53,39,14,0,39,0.2641509433962264
nze0azo1,0a938d79,53,7,46,0,7,0.8679245283018868
f0wpo2hr,0a938d79,275,19,256,0,19,0.9309090909090909
qazkn1sw,0a938d79,155,73,82,0,73,0.5290322580645161
8aknstxj,0a938d79,92,21,70,1,21,0.7608695652173914
c7z6erey,0a938d79,53,5,48,0,5,0.9056603773584906
zvbewhqx,0a938d79,62,7,55,0,7,0.8870967741935484
0hrc9vve,0a938d79,57,11,46,0,11,0.8070175438596491
ism64anu,0a938d79,72,7,65,0,7,0.9027777777777778
n2et79bd,0a938d79,53,5,48,0,5,0.9056603773584906
plfupad7,0a938d79,77,12,65,0,12,0.8441558441558441
8d21w3yr,c0f76784,14,13,1,0,13,0.07142857142857142
318gokyy,c0f76784,19,5,14,0,5,0.7368421052631579
oxvw1rhx,c0f76784,14,3,11,0,3,0.7857142857142857
4j6cy1mk,c0f76784,15,14,1,0,14,0.06666666666666667
fl73adm5,c0f76784,15,4,11,0,4,0.7333333333333333
1r6yodve,c0f76784,52,52,0,0,52,0.0
k0qq522n,c0f76784,7,6,1,0,6,0.14285714285714285
9ohxtpht,c0f76784,14,3,11,0,3,0.7857142857142857
w12e497z,c0f76784,36,3,33,0,3,0.9166666666666666
zfeorjum,c0f76784,14,3,11,0,3,0.7857142857142857
hkj9daz7,c0f76784,14,3,11,0,3,0.7857142857142857
sp00glmz,c0f76784,14,14,0,0,14,0.0
mpzcivx9,c0f76784,17,3,14,0,3,0.8235294117647058
clhkwrie,c0f76784,14,14,0,0,14,0.0
1qt2f29y,c0f76784,14,13,1,0,13,0.07142857142857142
23iyreiv,c0f76784,15,3,12,0,3,0.8
9evwb372,c0f76784,14,6,8,0,6,0.5714285714285714
ya0wv6pm,c0f76784,14,14,0,0,14,0.0
zelqv7az,c0f76784,14,3,11,0,3,0.7857142857142857
z8b26ynw,c0f76784,14,3,11,0,3,0.7857142857142857
cfclud8z,c0f76784,14,6,8,0,6,0.5714285714285714
jx6lhkbi,c0f76784,15,3,12,0,3,0.8
xklnx39q,c0f76784,17,9,8,0,9,0.47058823529411764
pz38obzd,c0f76784,14,14,0,0,14,0.0
nrfiw9bx,c0f76784,14,3,11,0,3,0.7857142857142857
om1m73rv,c0f76784,14,3,11,0,3,0.7857142857142857
o1t1fb7j,c0f76784,14,14,0,0,14,0.0
7agy8y3l,c0f76784,14,14,0,0,14,0.0
vbwguazj,c0f76784,14,3,11,0,3,0.7857142857142857
mhskzwic,c0f76784,14,4,10,0,4,0.7142857142857143
8yhijukj,c0f76784,14,14,0,0,14,0.0
50nsp39w,c0f76784,24,4,20,0,4,0.8333333333333334
z3die4q3,c0f76784,14,3,11,0,3,0.7857142857142857
8jwr3j6t,c0f76784,14,14,0,0,14,0.0
kkeej6x5,c0f76784,14,14,0,0,14,0.0
f5ktzt2t,c0f76784,17,4,13,0,4,0.7647058823529411
pcrxo3zp,c0f76784,14,3,11,0,3,0.7857142857142857
bcyhma9y,c0f76784,25,25,0,0,25,0.0
5vv1rrzw,c0f76784,14,14,0,0,14,0.0
mr7lkk46,c0f76784,15,3,12,0,3,0.8
2w766g1z,c0f76784,14,4,10,0,4,0.7142857142857143
m63pxnwq,c0f76784,14,3,11,0,3,0.7857142857142857
onnumbyy,c0f76784,14,14,0,0,14,0.0
ler5uq42,c0f76784,16,16,0,0,16,0.0
nfbzvhip,c0f76784,14,14,0,0,14,0.0
t3l0if03,c0f76784,14,3,11,0,3,0.7857142857142857
nldu5ge3,c0f76784,14,3,11,0,3,0.7857142857142857
9wkeb5tu,c0f76784,14,3,11,0,3,0.7857142857142857
yfyhejim,c0f76784,16,3,13,0,3,0.8125
2tkm21z6,c0f76784,14,14,0,0,14,0.0
0yfthc4y,c0f76784,14,4,10,0,4,0.7142857142857143
ei0ij8ms,c0f76784,14,3,11,0,3,0.7857142857142857
ldo5smvx,c0f76784,15,3,12,0,3,0.8
qu0lm98m,c0f76784,14,3,11,0,3,0.7857142857142857
jayyv6lz,c0f76784,19,19,0,0,19,0.0
fgxp8fzz,c0f76784,18,4,14,0,4,0.7777777777777778
189iqcds,c0f76784,14,14,0,0,14,0.0
mzi8f2hv,c0f76784,16,4,12,0,4,0.75
rhbgnqhz,c0f76784,14,6,8,0,6,0.5714285714285714
72p6pxny,c0f76784,14,3,11,0,3,0.7857142857142857
hd5k29qy,c0f76784,14,3,11,0,3,0.7857142857142857
c2lwacqc,c0f76784,14,3,11,0,3,0.7857142857142857
g7svteiz,c0f76784,16,6,10,0,6,0.625
cw4tyx7n,c0f76784,2,2,0,0,2,0.0
ascil7wf,c0f76784,14,6,8,0,6,0.5714285714285714
aypxap78,c0f76784,17,3,14,0,3,0.8235294117647058
l0nln4b2,c0f76784,14,14,0,0,14,0.0
8y2nd2sh,c0f76784,14,3,11,0,3,0.7857142857142857
jqeesfz7,c0f76784,16,16,0,0,16,0.0
kck1uue7,c0f76784,14,3,11,0,3,0.7857142857142857
8psac9uo,c0f76784,14,14,0,0,14,0.0
nx0vccp8,c0f76784,14,14,0,0,14,0.0
9pjr0waw,c0f76784,14,14,0,0,14,0.0
x5id5i5q,c0f76784,46,46,0,0,46,0.0
qfiy90jx,c0f76784,14,11,3,0,11,0.21428571428571427
8oohxrrz,c0f76784,14,3,11,0,3,0.7857142857142857
o2ho0580,c0f76784,89,35,54,0,35,0.6067415730337079
bx44xwzb,c0f76784,14,14,0,0,14,0.0
c9sps7bl,c0f76784,14,3,11,0,3,0.7857142857142857
g3vslpjv,c0f76784,14,3,11,0,3,0.7857142857142857
2d8q4qkc,c0f76784,23,4,19,0,4,0.8260869565217391
0fy66fv2,c0f76784,30,30,0,0,30,0.0
b73rrttr,c0f76784,14,14,0,0,14,0.0
idma9086,c0f76784,14,4,10,0,4,0.7142857142857143
kavvl57w,c0f76784,20,4,16,0,4,0.8
yebzokh4,c0f76784,14,14,0,0,14,0.0
t2eyvuxq,c0f76784,14,3,11,0,3,0.7857142857142857
qv0yh587,c0f76784,15,15,0,0,15,0.0
a589fsqz,c0f76784,16,3,13,0,3,0.8125
d1vjrjhc,c0f76784,14,3,11,0,3,0.7857142857142857
k8txaw58,c0f76784,24,24,0,0,24,0.0
o4kkkuj9,c0f76784,14,14,0,0,14,0.0
mlvcv31l,c0f76784,14,3,11,0,3,0.7857142857142857
wcau806y,c0f76784,14,10,4,0,10,0.2857142857142857
2j8p9vyz,c0f76784,14,4,10,0,4,0.7142857142857143
s03ed531,c0f76784,17,17,0,0,17,0.0
mrwlcmno,c0f76784,14,14,0,0,14,0.0
ew4oecfi,c0f76784,14,3,11,0,3,0.7857142857142857
eyn3wygc,c0f76784,14,14,0,0,14,0.0
ni5df01j,c0f76784,14,3,11,0,3,0.7857142857142857
ljwskxcq,c0f76784,14,3,11,0,3,0.7857142857142857
l5sagbsh,c0f76784,14,3,11,0,3,0.7857142857142857
v6jvgdvg,c0f76784,14,14,0,0,14,0.0
4s9g1cze,c0f76784,17,4,13,0,4,0.7647058823529411
3irnkhq8,c0f76784,15,4,11,0,4,0.7333333333333333
zj5uemkt,c0f76784,14,14,0,0,14,0.0
cdo2cmtp,c0f76784,14,14,0,0,14,0.0
kwy2bqjo,c0f76784,14,3,11,0,3,0.7857142857142857
bw2cwy0m,c0f76784,14,14,0,0,14,0.0
uktb326q,c0f76784,40,8,32,0,8,0.8
tc5wgx8h,c0f76784,14,3,11,0,3,0.7857142857142857
c7ac53of,c0f76784,10,3,7,0,3,0.7
rjanlii9,c0f76784,15,3,12,0,3,0.8
mrypomny,c0f76784,14,14,0,0,14,0.0
jeq3oy2g,c0f76784,17,4,13,0,4,0.7647058823529411
648anokh,c0f76784,14,14,0,0,14,0.0
a6jpzpek,c0f76784,14,4,10,0,4,0.7142857142857143
6eyovdd2,c0f76784,18,4,14,0,4,0.7777777777777778
lmtka1ev,c0f76784,14,3,11,0,3,0.7857142857142857
a0w1xgxf,c0f76784,14,14,0,0,14,0.0
41kp06jx,c0f76784,14,3,11,0,3,0.7857142857142857
e0biso3r,c0f76784,14,3,11,0,3,0.7857142857142857
a9gvtd1o,c0f76784,14,3,11,0,3,0.7857142857142857
vpxztp7b,c0f76784,16,8,8,0,8,0.5
f1ejz9fy,c0f76784,15,3,12,0,3,0.8
so5k1adg,c0f76784,14,14,0,0,14,0.0
904h81sn,c0f76784,16,6,10,0,6,0.625
j2dvablb,c0f76784,15,4,11,0,4,0.7333333333333333
ce9qdbyh,c0f76784,14,6,8,0,6,0.5714285714285714
xasfvnb7,c0f76784,14,3,11,0,3,0.7857142857142857
sesf1qnx,c0f76784,18,5,13,0,5,0.7222222222222222
vr20hyge,c0f76784,15,15,0,0,15,0.0
nhds6zsd,c0f76784,14,14,0,0,14,0.0
ym49wqbn,c0f76784,10,4,6,0,4,0.6
154uk6vm,c0f76784,24,5,19,0,5,0.7916666666666666
npr5bsi2,c0f76784,15,15,0,0,15,0.0
emwp6wq7,c0f76784,14,3,11,0,3,0.7857142857142857
pad0sufd,c0f76784,15,7,8,0,7,0.5333333333333333
61zahdh9,c0f76784,15,4,11,0,4,0.7333333333333333
o5qropwk,c0f76784,14,14,0,0,14,0.0
5nrjvc7q,c0f76784,14,14,0,0,14,0.0
clucow7d,c0f76784,106,13,93,0,13,0.8773584905660378
cghxa2ie,c0f76784,16,3,13,0,3,0.8125
3d2as981,c0f76784,15,3,12,0,3,0.8
bmlngyh3,c0f76784,14,3,11,0,3,0.7857142857142857
j2pjmr32,c0f76784,50,20,30,0,20,0.6
byx9jkxm,c0f76784,14,3,11,0,3,0.7857142857142857
74l1qvc1,c0f76784,36,27,9,0,27,0.25
l9krayds,c0f76784,16,16,0,0,16,0.0
aqmjput5,c0f76784,72,12,60,0,12,0.8333333333333334
f5ohsl5h,c0f76784,14,3,11,0,3,0.7857142857142857
icf7bchs,c0f76784,98,87,11,0,87,0.11224489795918367
pgtp756s,c0f76784,18,16,2,0,16,0.1111111111111111
6e5gb0yb,c0f76784,14,3,11,0,3,0.7857142857142857
dmft9d3y,c0f76784,14,7,7,0,7,0.5
ikfbpugl,c0f76784,40,11,29,0,11,0.725
d33m799j,c0f76784,53,18,35,0,18,0.660377358490566
kmwiem6m,c0f76784,14,3,11,0,3,0.7857142857142857
fkx2gd88,c0f76784,14,3,11,0,3,0.7857142857142857
27d8totr,c0f76784,14,14,0,0,14,0.0
qothvfhf,c0f76784,14,14,0,0,14,0.0
91fk0af9,c0f76784,14,14,0,0,14,0.0
cp3b83py,c0f76784,14,3,11,0,3,0.7857142857142857
0ra11hiv,c0f76784,18,8,10,0,8,0.5555555555555556
cuybsfwr,c0f76784,14,6,8,0,6,0.5714285714285714
y32zaw9c,c0f76784,14,14,0,0,14,0.0
02333qfj,c0f76784,14,3,11,0,3,0.7857142857142857
q04yitea,c0f76784,14,3,11,0,3,0.7857142857142857
qfsp3ery,c0f76784,14,14,0,0,14,0.0
ihnjt6k4,c0f76784,40,40,0,0,40,0.0
44o5xnxe,c0f76784,14,3,11,0,3,0.7857142857142857
qkiu92kk,c0f76784,14,6,8,0,6,0.5714285714285714
sn10zd6g,c0f76784,14,3,11,0,3,0.7857142857142857
hsm45iwx,c0f76784,15,3,12,0,3,0.8
4s3cm7d8,c0f76784,14,3,11,0,3,0.7857142857142857
e2w81k0i,c0f76784,14,3,11,0,3,0.7857142857142857
89u58v07,c0f76784,14,9,5,0,9,0.35714285714285715
szbhlpfr,c0f76784,14,6,8,0,6,0.5714285714285714
phbjwkyw,c0f76784,14,3,11,0,3,0.7857142857142857
c7z6erey,c0f76784,14,3,11,0,3,0.7857142857142857
8aknstxj,c0f76784,14,14,0,0,14,0.0
qazkn1sw,c0f76784,62,62,0,0,62,0.0
f0wpo2hr,c0f76784,14,6,8,0,6,0.5714285714285714
plfupad7,c0f76784,14,11,3,0,11,0.21428571428571427
ism64anu,c0f76784,16,5,11,0,5,0.6875
0hrc9vve,c0f76784,53,20,33,0,20,0.6226415094339622
zvbewhqx,c0f76784,14,3,11,0,3,0.7857142857142857
r24jdhzg,c0f76784,14,14,0,0,14,0.0
3cc6zm51,c0f76784,14,14,0,0,14,0.0
ovhoesyy,c0f76784,14,8,6,0,8,0.42857142857142855
ske58akk,c0f76784,16,3,13,0,3,0.8125
r2ck84r8,c0f76784,14,14,0,0,14,0.0
nze0azo1,c0f76784,14,3,11,0,3,0.7857142857142857
hpl7jugr,c0f76784,14,3,11,0,3,0.7857142857142857
y32zaw9c,42a15761,11,11,0,0,11,0.0
0ra11hiv,42a15761,7,7,0,0,7,0.0
44o5xnxe,42a15761,21,14,7,0,14,0.3333333333333333
02333qfj,42a15761,10,10,0,0,10,0.0
q04yitea,42a15761,8,8,0,0,8,0.0
hsm45iwx,42a15761,8,8,0,0,8,0.0
e2w81k0i,42a15761,9,9,0,0,9,0.0
4s3cm7d8,42a15761,4,4,0,0,4,0.0
sn10zd6g,42a15761,39,23,16,0,23,0.41025641025641024
szbhlpfr,42a15761,49,12,37,0,12,0.7551020408163265
phbjwkyw,42a15761,1,1,0,0,1,0.0
89u58v07,42a15761,13,13,0,0,13,0.0
qazkn1sw,42a15761,32,11,21,0,11,0.65625
f0wpo2hr,42a15761,269,41,228,0,41,0.8475836431226765
c7z6erey,42a15761,8,8,0,0,8,0.0
0hrc9vve,42a15761,61,11,50,0,11,0.819672131147541
plfupad7,42a15761,22,22,0,0,22,0.0
ism64anu,42a15761,82,25,57,0,25,0.6951219512195121
ovhoesyy,42a15761,20,12,8,0,12,0.4
ske58akk,42a15761,8,8,0,0,8,0.0
r24jdhzg,42a15761,8,8,0,0,8,0.0
hpl7jugr,42a15761,8,8,0,0,8,0.0
r2ck84r8,42a15761,37,9,28,0,9,0.7567567567567568
nze0azo1,42a15761,10,10,0,0,10,0.0
emwp6wq7,42a15761,8,8,0,0,8,0.0
pad0sufd,42a15761,8,8,0,0,8,0.0
xeu3j3ki,42a15761,8,8,0,0,8,0.0
npr5bsi2,42a15761,35,35,0,0,35,0.0
ym49wqbn,42a15761,64,25,39,0,25,0.609375
5nrjvc7q,42a15761,31,31,0,0,31,0.0
61zahdh9,42a15761,9,8,1,0,8,0.1111111111111111
5hz183aa,42a15761,170,60,110,0,60,0.6470588235294118
bmlngyh3,42a15761,21,13,8,0,13,0.38095238095238093
clucow7d,42a15761,49,24,25,0,24,0.5102040816326531
3d2as981,42a15761,17,17,0,0,17,0.0
cghxa2ie,42a15761,11,11,0,0,11,0.0
byx9jkxm,42a15761,34,15,19,0,15,0.5588235294117647
j2pjmr32,42a15761,218,46,172,0,46,0.7889908256880734
l9krayds,42a15761,295,25,270,0,25,0.9152542372881356
aqmjput5,42a15761,228,26,202,0,26,0.8859649122807017
bdfn1h0o,42a15761,24,24,0,0,24,0.0
dmft9d3y,42a15761,8,8,0,0,8,0.0
6e5gb0yb,42a15761,8,8,0,0,8,0.0
kmwiem6m,42a15761,9,9,0,0,9,0.0
ikfbpugl,42a15761,6,6,0,0,6,0.0
d33m799j,42a15761,24,5,19,0,5,0.7916666666666666
cp3b83py,42a15761,8,8,0,0,8,0.0
fkx2gd88,42a15761,8,8,0,0,8,0.0
qothvfhf,42a15761,30,30,0,0,30,0.0
rjanlii9,42a15761,65,65,0,0,65,0.0
c7ac53of,42a15761,32,3,29,0,3,0.90625
jeq3oy2g,42a15761,17,8,9,0,8,0.5294117647058824
mrypomny,42a15761,8,8,0,0,8,0.0
8bgj1tsd,42a15761,8,8,0,0,8,0.0
tc5wgx8h,42a15761,8,8,0,0,8,0.0
648anokh,42a15761,10,10,0,0,10,0.0
qqqzakmg,42a15761,371,59,312,0,59,0.8409703504043127
zc26r1al,42a15761,8,8,0,0,8,0.0
lmtka1ev,42a15761,8,8,0,0,8,0.0
a0w1xgxf,42a15761,8,8,0,0,8,0.0
41kp06jx,42a15761,478,35,443,0,35,0.9267782426778243
a6jpzpek,42a15761,1,1,0,0,1,0.0
6eyovdd2,42a15761,7,7,0,0,7,0.0
vpxztp7b,42a15761,38,28,10,0,28,0.2631578947368421
f1ejz9fy,42a15761,18,10,8,0,10,0.4444444444444444
a9gvtd1o,42a15761,39,17,22,0,17,0.5641025641025641
e0biso3r,42a15761,8,8,0,0,8,0.0
ce9qdbyh,42a15761,1,1,0,0,1,0.0
904h81sn,42a15761,8,8,0,0,8,0.0
so5k1adg,42a15761,39,39,0,0,39,0.0
j2dvablb,42a15761,9,9,0,0,9,0.0
nhds6zsd,42a15761,8,8,0,0,8,0.0
vr20hyge,42a15761,1,1,0,0,1,0.0
t2eyvuxq,42a15761,9,9,0,0,9,0.0
qv0yh587,42a15761,16,16,0,0,16,0.0
d1vjrjhc,42a15761,9,9,0,0,9,0.0
k8txaw58,42a15761,49,20,29,0,20,0.5918367346938775
o4kkkuj9,42a15761,18,18,0,0,18,0.0
mlvcv31l,42a15761,4,4,0,0,4,0.0
a589fsqz,42a15761,8,8,0,0,8,0.0
2j8p9vyz,42a15761,8,8,0,0,8,0.0
s03ed531,42a15761,12,12,0,0,12,0.0
wcau806y,42a15761,1,1,0,0,1,0.0
eyn3wygc,42a15761,21,21,0,0,21,0.0
ni5df01j,42a15761,39,30,9,0,30,0.23076923076923078
mrwlcmno,42a15761,11,11,0,0,11,0.0
ew4oecfi,42a15761,8,8,0,0,8,0.0
ljwskxcq,42a15761,10,10,0,0,10,0.0
l5sagbsh,42a15761,8,8,0,0,8,0.0
cdo2cmtp,42a15761,8,8,0,0,8,0.0
uktb326q,42a15761,12,12,0,0,12,0.0
kwy2bqjo,42a15761,8,8,0,0,8,0.0
bw2cwy0m,42a15761,32,32,0,0,32,0.0
aypxap78,42a15761,8,8,0,0,8,0.0
l0nln4b2,42a15761,30,30,0,0,30,0.0
ascil7wf,42a15761,11,10,0,1,10,0.0
8y2nd2sh,42a15761,52,23,29,0,23,0.5576923076923077
jqeesfz7,42a15761,10,10,0,0,10,0.0
kck1uue7,42a15761,8,8,0,0,8,0.0
8psac9uo,42a15761,8,8,0,0,8,0.0
nx0vccp8,42a15761,10,10,0,0,10,0.0
qfiy90jx,42a15761,8,8,0,0,8,0.0
8oohxrrz,42a15761,14,14,0,0,14,0.0
g3vslpjv,42a15761,8,8,0,0,8,0.0
2d8q4qkc,42a15761,8,8,0,0,8,0.0
o2ho0580,42a15761,86,21,65,0,21,0.7558139534883721
bx44xwzb,42a15761,8,8,0,0,8,0.0
c9sps7bl,42a15761,8,8,0,0,8,0.0
idma9086,42a15761,27,13,14,0,13,0.5185185185185185
r99uy0qb,42a15761,8,3,5,0,3,0.625
b73rrttr,42a15761,5,5,0,0,5,0.0
yebzokh4,42a15761,9,9,0,0,9,0.0
yfyhejim,42a15761,15,15,0,0,15,0.0
0yfthc4y,42a15761,25,25,0,0,25,0.0
ei0ij8ms,42a15761,8,8,0,0,8,0.0
2tkm21z6,42a15761,14,14,0,0,14,0.0
qu0lm98m,42a15761,8,8,0,0,8,0.0
jayyv6lz,42a15761,9,9,0,0,9,0.0
mzi8f2hv,42a15761,9,9,0,0,9,0.0
xgvto4mg,42a15761,8,8,0,0,8,0.0
fgxp8fzz,42a15761,40,18,22,0,18,0.55
72p6pxny,42a15761,41,26,15,0,26,0.36585365853658536
hd5k29qy,42a15761,8,8,0,0,8,0.0
g7svteiz,42a15761,8,8,0,0,8,0.0
cw4tyx7n,42a15761,7,2,5,0,2,0.7142857142857143
xklnx39q,42a15761,44,32,12,0,32,0.2727272727272727
pz38obzd,42a15761,10,10,0,0,10,0.0
nrfiw9bx,42a15761,8,8,0,0,8,0.0
om1m73rv,42a15761,38,38,0,0,38,0.0
vbwguazj,42a15761,9,9,0,0,9,0.0
7agy8y3l,42a15761,13,12,1,0,12,0.07692307692307693
p445h6ow,42a15761,8,8,0,0,8,0.0
8jwr3j6t,42a15761,8,8,0,0,8,0.0
z3die4q3,42a15761,8,8,0,0,8,0.0
mhskzwic,42a15761,8,8,0,0,8,0.0
8yhijukj,42a15761,5,5,0,0,5,0.0
50nsp39w,42a15761,9,9,0,0,9,0.0
bcyhma9y,42a15761,11,11,0,0,11,0.0
pcrxo3zp,42a15761,8,8,0,0,8,0.0
kkeej6x5,42a15761,9,9,0,0,9,0.0
f5ktzt2t,42a15761,14,10,4,0,10,0.2857142857142857
2w766g1z,42a15761,31,31,0,0,31,0.0
nqubyvew,42a15761,8,8,0,0,8,0.0
onnumbyy,42a15761,2,2,0,0,2,0.0
m63pxnwq,42a15761,8,8,0,0,8,0.0
nldu5ge3,42a15761,8,8,0,0,8,0.0
t3l0if03,42a15761,10,10,0,0,10,0.0
ler5uq42,42a15761,9,9,0,0,9,0.0
nfbzvhip,42a15761,14,13,1,0,13,0.07142857142857142
4wx63ymf,42a15761,8,8,0,0,8,0.0
4j6cy1mk,42a15761,34,34,0,0,34,0.0
oxvw1rhx,42a15761,8,8,0,0,8,0.0
8d21w3yr,42a15761,6,6,0,0,6,0.0
2anyuqd8,42a15761,10,10,0,0,10,0.0
1r6yodve,42a15761,182,182,0,0,182,0.0
zfeorjum,42a15761,8,8,0,0,8,0.0
hkj9daz7,42a15761,8,8,0,0,8,0.0
w12e497z,42a15761,405,66,339,0,66,0.837037037037037
9ohxtpht,42a15761,8,8,0,0,8,0.0
mpzcivx9,42a15761,9,9,0,0,9,0.0
clhkwrie,42a15761,42,36,6,0,36,0.14285714285714285
1qt2f29y,42a15761,10,10,0,0,10,0.0
sp00glmz,42a15761,2,2,0,0,2,0.0
23iyreiv,42a15761,8,8,0,0,8,0.0
ya0wv6pm,42a15761,21,21,0,0,21,0.0
9evwb372,42a15761,8,8,0,0,8,0.0
cfclud8z,42a15761,8,8,0,0,8,0.0
z8b26ynw,42a15761,8,8,0,0,8,0.0
zelqv7az,42a15761,188,39,149,0,39,0.7925531914893617
8oohxrrz,82819916,28,28,0,0,28,0.0
qfiy90jx,82819916,28,28,0,0,28,0.0
2d8q4qkc,82819916,28,24,4,0,24,0.14285714285714285
g3vslpjv,82819916,28,27,1,0,27,0.03571428571428571
c9sps7bl,82819916,31,25,6,0,25,0.1935483870967742
bx44xwzb,82819916,30,30,0,0,30,0.0
o2ho0580,82819916,23,23,0,0,23,0.0
4kl3i3tv,82819916,20,20,0,0,20,0.0
idma9086,82819916,34,33,1,0,33,0.029411764705882353
r99uy0qb,82819916,18,4,14,0,4,0.7777777777777778
b73rrttr,82819916,5,5,0,0,5,0.0
yebzokh4,82819916,28,28,0,0,28,0.0
kavvl57w,82819916,28,25,3,0,25,0.10714285714285714
l0nln4b2,82819916,28,28,0,0,28,0.0
aypxap78,82819916,30,30,0,0,30,0.0
ascil7wf,82819916,35,34,1,0,34,0.02857142857142857
8y2nd2sh,82819916,53,51,2,0,51,0.03773584905660377
xji13cu2,82819916,30,30,0,0,30,0.0
jqeesfz7,82819916,48,48,0,0,48,0.0
9pjr0waw,82819916,30,30,0,0,30,0.0
8psac9uo,82819916,28,27,1,0,27,0.03571428571428571
kck1uue7,82819916,32,24,8,0,24,0.25
mzi8f2hv,82819916,101,48,53,0,48,0.5247524752475248
189iqcds,82819916,28,28,0,0,28,0.0
fgxp8fzz,82819916,30,30,0,0,30,0.0
xgvto4mg,82819916,28,28,0,0,28,0.0
hd5k29qy,82819916,31,29,2,0,29,0.06451612903225806
72p6pxny,82819916,84,77,6,1,77,0.07142857142857142
rhbgnqhz,82819916,28,28,0,0,28,0.0
cw4tyx7n,82819916,6,1,5,0,1,0.8333333333333334
g7svteiz,82819916,28,28,0,0,28,0.0
c2lwacqc,82819916,28,24,4,0,24,0.14285714285714285
yfyhejim,82819916,28,24,4,0,24,0.14285714285714285
ei0ij8ms,82819916,28,24,4,0,24,0.14285714285714285
0yfthc4y,82819916,28,28,0,0,28,0.0
2tkm21z6,82819916,28,28,0,0,28,0.0
ldo5smvx,82819916,37,30,7,0,30,0.1891891891891892
jayyv6lz,82819916,32,30,2,0,30,0.0625
qu0lm98m,82819916,28,24,4,0,24,0.14285714285714285
f5ktzt2t,82819916,29,25,4,0,25,0.13793103448275862
kkeej6x5,82819916,32,27,5,0,27,0.15625
2w766g1z,82819916,28,28,0,0,28,0.0
mr7lkk46,82819916,28,24,4,0,24,0.14285714285714285
onnumbyy,82819916,72,55,17,0,55,0.2361111111111111
m63pxnwq,82819916,28,28,0,0,28,0.0
nldu5ge3,82819916,28,28,0,0,28,0.0
t3l0if03,82819916,28,24,4,0,24,0.14285714285714285
4wx63ymf,82819916,28,26,2,0,26,0.07142857142857142
nfbzvhip,82819916,30,30,0,0,30,0.0
ler5uq42,82819916,32,32,0,0,32,0.0
pz38obzd,82819916,32,32,0,0,32,0.0
xklnx39q,82819916,28,24,4,0,24,0.14285714285714285
nrfiw9bx,82819916,28,24,4,0,24,0.14285714285714285
7agy8y3l,82819916,30,30,0,0,30,0.0
o1t1fb7j,82819916,57,56,0,1,56,0.0
om1m73rv,82819916,32,25,7,0,25,0.21875
8jwr3j6t,82819916,46,46,0,0,46,0.0
p445h6ow,82819916,30,26,4,0,26,0.13333333333333333
z3die4q3,82819916,28,24,4,0,24,0.14285714285714285
50nsp39w,82819916,61,61,0,0,61,0.0
8yhijukj,82819916,28,26,2,0,26,0.07142857142857142
mhskzwic,82819916,28,25,3,0,25,0.10714285714285714
clhkwrie,82819916,32,32,0,0,32,0.0
1qt2f29y,82819916,32,32,0,0,32,0.0
mpzcivx9,82819916,74,69,5,0,69,0.06756756756756757
sp00glmz,82819916,28,28,0,0,28,0.0
ya0wv6pm,82819916,28,28,0,0,28,0.0
9evwb372,82819916,37,33,4,0,33,0.10810810810810811
23iyreiv,82819916,28,24,4,0,24,0.14285714285714285
cfclud8z,82819916,73,31,42,0,31,0.5753424657534246
z8b26ynw,82819916,28,28,0,0,28,0.0
zelqv7az,82819916,30,30,0,0,30,0.0
jx6lhkbi,82819916,28,28,0,0,28,0.0
4j6cy1mk,82819916,28,28,0,0,28,0.0
fl73adm5,82819916,30,28,2,0,28,0.06666666666666667
oxvw1rhx,82819916,56,56,0,0,56,0.0
8d21w3yr,82819916,28,28,0,0,28,0.0
0wk7vjg8,82819916,88,88,0,0,88,0.0
k0qq522n,82819916,5,5,0,0,5,0.0
1r6yodve,82819916,76,76,0,0,76,0.0
zfeorjum,82819916,39,33,6,0,33,0.15384615384615385
hkj9daz7,82819916,28,25,3,0,25,0.10714285714285714
w12e497z,82819916,22,22,0,0,22,0.0
9ohxtpht,82819916,28,28,0,0,28,0.0
f0wpo2hr,82819916,28,24,4,0,24,0.14285714285714285
qazkn1sw,82819916,55,55,0,0,55,0.0
c7z6erey,82819916,58,58,0,0,58,0.0
0hrc9vve,82819916,15,5,10,0,5,0.6666666666666666
n2et79bd,82819916,9,2,7,0,2,0.7777777777777778
ism64anu,82819916,28,26,2,0,26,0.07142857142857142
plfupad7,82819916,30,30,0,0,30,0.0
ske58akk,82819916,31,27,4,0,27,0.12903225806451613
ovhoesyy,82819916,28,25,3,0,25,0.10714285714285714
3cc6zm51,82819916,30,30,0,0,30,0.0
stbyxpx6,82819916,28,28,0,0,28,0.0
r24jdhzg,82819916,28,28,0,0,28,0.0
hpl7jugr,82819916,33,28,5,0,28,0.15151515151515152
nze0azo1,82819916,39,39,0,0,39,0.0
r2ck84r8,82819916,29,25,4,0,25,0.13793103448275862
y32zaw9c,82819916,28,28,0,0,28,0.0
cuybsfwr,82819916,37,34,3,0,34,0.08108108108108109
44o5xnxe,82819916,28,28,0,0,28,0.0
ihnjt6k4,82819916,36,36,0,0,36,0.0
q04yitea,82819916,28,28,0,0,28,0.0
02333qfj,82819916,28,28,0,0,28,0.0
e2w81k0i,82819916,29,25,4,0,25,0.13793103448275862
hsm45iwx,82819916,30,30,0,0,30,0.0
sn10zd6g,82819916,31,26,5,0,26,0.16129032258064516
phbjwkyw,82819916,109,53,56,0,53,0.5137614678899083
szbhlpfr,82819916,56,56,0,0,56,0.0
89u58v07,82819916,61,61,0,0,61,0.0
icf7bchs,82819916,56,56,0,0,56,0.0
bhpug29p,82819916,32,32,0,0,32,0.0
l9krayds,82819916,50,50,0,0,50,0.0
aqmjput5,82819916,50,50,0,0,50,0.0
dmft9d3y,82819916,28,25,3,0,25,0.10714285714285714
6e5gb0yb,82819916,29,29,0,0,29,0.0
kmwiem6m,82819916,28,28,0,0,28,0.0
d33m799j,82819916,26,9,17,0,9,0.6538461538461539
ikfbpugl,82819916,195,75,120,0,75,0.6153846153846154
cp3b83py,82819916,28,24,4,0,24,0.14285714285714285
qothvfhf,82819916,28,28,0,0,28,0.0
27d8totr,82819916,28,28,0,0,28,0.0
fkx2gd88,82819916,28,24,4,0,24,0.14285714285714285
pad0sufd,82819916,28,28,0,0,28,0.0
emwp6wq7,82819916,28,28,0,0,28,0.0
npr5bsi2,82819916,36,36,0,0,36,0.0
ym49wqbn,82819916,28,28,0,0,28,0.0
154uk6vm,82819916,45,1,43,1,1,0.9555555555555556
xeu3j3ki,82819916,28,28,0,0,28,0.0
5nrjvc7q,82819916,28,28,0,0,28,0.0
ol9lky1i,82819916,43,33,10,0,33,0.23255813953488372
o5qropwk,82819916,28,28,0,0,28,0.0
61zahdh9,82819916,70,62,8,0,62,0.11428571428571428
bmlngyh3,82819916,34,34,0,0,34,0.0
y8mzyzjc,82819916,65,65,0,0,65,0.0
cghxa2ie,82819916,32,27,5,0,27,0.15625
clucow7d,82819916,51,51,0,0,51,0.0
74l1qvc1,82819916,30,30,0,0,30,0.0
byx9jkxm,82819916,67,39,28,0,39,0.417910447761194
j2pjmr32,82819916,28,28,0,0,28,0.0
j2dvablb,82819916,28,25,3,0,25,0.10714285714285714
904h81sn,82819916,34,32,2,0,32,0.058823529411764705
sesf1qnx,82819916,28,28,0,0,28,0.0
nhds6zsd,82819916,30,30,0,0,30,0.0
vr20hyge,82819916,51,51,0,0,51,0.0
jeq3oy2g,82819916,30,30,0,0,30,0.0
mrypomny,82819916,28,28,0,0,28,0.0
rjanlii9,82819916,30,30,0,0,30,0.0
c7ac53of,82819916,25,5,20,0,5,0.8
tc5wgx8h,82819916,48,48,0,0,48,0.0
648anokh,82819916,28,28,0,0,28,0.0
a0w1xgxf,82819916,32,32,0,0,32,0.0
lmtka1ev,82819916,28,25,3,0,25,0.10714285714285714
a6jpzpek,82819916,28,24,4,0,24,0.14285714285714285
6eyovdd2,82819916,39,39,0,0,39,0.0
f1ejz9fy,82819916,28,28,0,0,28,0.0
a9gvtd1o,82819916,28,28,0,0,28,0.0
e0biso3r,82819916,36,33,3,0,33,0.08333333333333333
3irnkhq8,82819916,40,1,39,0,1,0.975
4s9g1cze,82819916,49,38,11,0,38,0.22448979591836735
l5sagbsh,82819916,28,28,0,0,28,0.0
v6jvgdvg,82819916,46,46,0,0,46,0.0
ljwskxcq,82819916,28,24,4,0,24,0.14285714285714285
zj5uemkt,82819916,28,28,0,0,28,0.0
cdo2cmtp,82819916,28,28,0,0,28,0.0
uktb326q,82819916,28,28,0,0,28,0.0
bw2cwy0m,82819916,28,28,0,0,28,0.0
kwy2bqjo,82819916,59,59,0,0,59,0.0
qv0yh587,82819916,53,53,0,0,53,0.0
t2eyvuxq,82819916,28,28,0,0,28,0.0
mlvcv31l,82819916,44,44,0,0,44,0.0
o4kkkuj9,82819916,37,37,0,0,37,0.0
k8txaw58,82819916,28,25,3,0,25,0.10714285714285714
d1vjrjhc,82819916,28,24,4,0,24,0.14285714285714285
s03ed531,82819916,44,44,0,0,44,0.0
2j8p9vyz,82819916,30,27,3,0,27,0.1
wcau806y,82819916,30,30,0,0,30,0.0
ni5df01j,82819916,28,28,0,0,28,0.0
eyn3wygc,82819916,32,32,0,0,32,0.0
ew4oecfi,82819916,29,25,4,0,25,0.13793103448275862
08vqizpx,82819916,28,28,0,0,28,0.0
mrwlcmno,82819916,30,30,0,0,30,0.0
2tkm21z6,e8593010,28,28,0,0,28,0.0
0yfthc4y,e8593010,34,33,1,0,33,0.029411764705882353
ei0ij8ms,e8593010,30,16,14,0,16,0.4666666666666667
yfyhejim,e8593010,28,15,13,0,15,0.4642857142857143
jayyv6lz,e8593010,32,21,11,0,21,0.34375
qu0lm98m,e8593010,28,15,13,0,15,0.4642857142857143
rhbgnqhz,e8593010,28,28,0,0,28,0.0
72p6pxny,e8593010,44,33,11,0,33,0.25
189iqcds,e8593010,28,15,13,0,15,0.4642857142857143
mzi8f2hv,e8593010,28,15,13,0,15,0.4642857142857143
c2lwacqc,e8593010,28,28,0,0,28,0.0
g7svteiz,e8593010,30,30,0,0,30,0.0
cw4tyx7n,e8593010,2,2,0,0,2,0.0
yc52i3qf,e8593010,31,20,11,0,20,0.3548387096774194
8y2nd2sh,e8593010,28,16,12,0,16,0.42857142857142855
qif0sa3r,e8593010,104,80,24,0,80,0.23076923076923078
ascil7wf,e8593010,35,33,2,0,33,0.05714285714285714
aypxap78,e8593010,28,28,0,0,28,0.0
l0nln4b2,e8593010,28,28,0,0,28,0.0
kck1uue7,e8593010,34,19,15,0,19,0.4411764705882353
nx0vccp8,e8593010,28,28,0,0,28,0.0
8psac9uo,e8593010,28,28,0,0,28,0.0
9pjr0waw,e8593010,28,28,0,0,28,0.0
jqeesfz7,e8593010,30,30,0,0,30,0.0
xji13cu2,e8593010,29,16,13,0,16,0.4482758620689655
bx44xwzb,e8593010,28,28,0,0,28,0.0
o2ho0580,e8593010,53,11,42,0,11,0.7924528301886793
c9sps7bl,e8593010,31,17,14,0,17,0.45161290322580644
g3vslpjv,e8593010,28,28,0,0,28,0.0
2d8q4qkc,e8593010,28,15,13,0,15,0.4642857142857143
x5id5i5q,e8593010,29,29,0,0,29,0.0
qfiy90jx,e8593010,28,28,0,0,28,0.0
8oohxrrz,e8593010,28,15,13,0,15,0.4642857142857143
kavvl57w,e8593010,28,28,0,0,28,0.0
yebzokh4,e8593010,28,28,0,0,28,0.0
b73rrttr,e8593010,20,19,1,0,19,0.05
r99uy0qb,e8593010,28,28,0,0,28,0.0
4kl3i3tv,e8593010,28,15,13,0,15,0.4642857142857143
idma9086,e8593010,31,31,0,0,31,0.0
8d21w3yr,e8593010,31,31,0,0,31,0.0
gckdkq1t,e8593010,30,30,0,0,30,0.0
318gokyy,e8593010,34,23,11,0,23,0.3235294117647059
oxvw1rhx,e8593010,30,30,0,0,30,0.0
4j6cy1mk,e8593010,28,28,0,0,28,0.0
9ohxtpht,e8593010,28,22,6,0,22,0.21428571428571427
w12e497z,e8593010,87,40,47,0,40,0.5402298850574713
hkj9daz7,e8593010,28,26,2,0,26,0.07142857142857142
1r6yodve,e8593010,102,102,0,0,102,0.0
2anyuqd8,e8593010,28,28,0,0,28,0.0
k0qq522n,e8593010,28,28,0,0,28,0.0
0wk7vjg8,e8593010,28,15,13,0,15,0.4642857142857143
2ke9hbes,e8593010,28,28,0,0,28,0.0
9evwb372,e8593010,28,22,6,0,22,0.21428571428571427
ya0wv6pm,e8593010,28,28,0,0,28,0.0
sp00glmz,e8593010,28,28,0,0,28,0.0
mpzcivx9,e8593010,28,20,8,0,20,0.2857142857142857
1qt2f29y,e8593010,29,29,0,0,29,0.0
clhkwrie,e8593010,28,28,0,0,28,0.0
jx6lhkbi,e8593010,28,22,6,0,22,0.21428571428571427
zelqv7az,e8593010,28,20,8,0,20,0.2857142857142857
z8b26ynw,e8593010,28,15,13,0,15,0.4642857142857143
cfclud8z,e8593010,28,28,0,0,28,0.0
nrfiw9bx,e8593010,28,15,13,0,15,0.4642857142857143
xklnx39q,e8593010,28,15,13,0,15,0.4642857142857143
pz38obzd,e8593010,30,30,0,0,30,0.0
mhskzwic,e8593010,28,28,0,0,28,0.0
50nsp39w,e8593010,28,28,0,0,28,0.0
8yhijukj,e8593010,28,15,13,0,15,0.4642857142857143
z3die4q3,e8593010,28,15,13,0,15,0.4642857142857143
8jwr3j6t,e8593010,28,28,0,0,28,0.0
om1m73rv,e8593010,37,36,1,0,36,0.02702702702702703
7agy8y3l,e8593010,28,28,0,0,28,0.0
nqubyvew,e8593010,1,1,0,0,1,0.0
mr7lkk46,e8593010,28,18,10,0,18,0.35714285714285715
2w766g1z,e8593010,28,28,0,0,28,0.0
kkeej6x5,e8593010,28,23,5,0,23,0.17857142857142858
f5ktzt2t,e8593010,28,15,13,0,15,0.4642857142857143
pcrxo3zp,e8593010,28,28,0,0,28,0.0
ler5uq42,e8593010,30,30,0,0,30,0.0
4wx63ymf,e8593010,28,16,12,0,16,0.42857142857142855
nfbzvhip,e8593010,28,28,0,0,28,0.0
t3l0if03,e8593010,28,15,13,0,15,0.4642857142857143
nldu5ge3,e8593010,30,17,13,0,17,0.43333333333333335
nsu6cwh4,e8593010,36,36,0,0,36,0.0
onnumbyy,e8593010,28,27,1,0,27,0.03571428571428571
61zahdh9,e8593010,28,27,1,0,27,0.03571428571428571
5hz183aa,e8593010,10,2,8,0,2,0.8
o5qropwk,e8593010,46,46,0,0,46,0.0
5nrjvc7q,e8593010,30,30,0,0,30,0.0
ym49wqbn,e8593010,28,15,13,0,15,0.4642857142857143
npr5bsi2,e8593010,30,30,0,0,30,0.0
emwp6wq7,e8593010,28,28,0,0,28,0.0
pad0sufd,e8593010,30,30,0,0,30,0.0
byx9jkxm,e8593010,30,17,13,0,17,0.43333333333333335
clucow7d,e8593010,31,16,15,0,16,0.4838709677419355
cghxa2ie,e8593010,28,17,11,0,17,0.39285714285714285
3d2as981,e8593010,41,26,15,0,26,0.36585365853658536
bmlngyh3,e8593010,29,15,14,0,15,0.4827586206896552
6e5gb0yb,e8593010,28,28,0,0,28,0.0
dmft9d3y,e8593010,29,22,7,0,22,0.2413793103448276
aqmjput5,e8593010,107,90,17,0,90,0.1588785046728972
l9krayds,e8593010,218,47,171,0,47,0.7844036697247706
icf7bchs,e8593010,107,107,0,0,107,0.0
27d8totr,e8593010,28,28,0,0,28,0.0
fkx2gd88,e8593010,28,15,13,0,15,0.4642857142857143
qothvfhf,e8593010,28,28,0,0,28,0.0
cp3b83py,e8593010,28,16,12,0,16,0.42857142857142855
ikfbpugl,e8593010,28,23,5,0,23,0.17857142857142858
d33m799j,e8593010,6,5,1,0,5,0.16666666666666666
kmwiem6m,e8593010,28,15,13,0,15,0.4642857142857143
5pds9j1d,e8593010,28,28,0,0,28,0.0
02333qfj,e8593010,28,28,0,0,28,0.0
q04yitea,e8593010,30,30,0,0,30,0.0
qfsp3ery,e8593010,28,27,1,0,27,0.03571428571428571
44o5xnxe,e8593010,28,28,0,0,28,0.0
qkiu92kk,e8593010,28,28,0,0,28,0.0
0ra11hiv,e8593010,28,28,0,0,28,0.0
cuybsfwr,e8593010,30,30,0,0,30,0.0
y32zaw9c,e8593010,28,28,0,0,28,0.0
095bdwyc,e8593010,28,28,0,0,28,0.0
89u58v07,e8593010,28,28,0,0,28,0.0
szbhlpfr,e8593010,43,43,0,0,43,0.0
phbjwkyw,e8593010,30,30,0,0,30,0.0
sn10zd6g,e8593010,28,15,13,0,15,0.4642857142857143
hsm45iwx,e8593010,28,28,0,0,28,0.0
4s3cm7d8,e8593010,28,28,0,0,28,0.0
e2w81k0i,e8593010,28,16,12,0,16,0.42857142857142855
plfupad7,e8593010,30,28,2,0,28,0.06666666666666667
n2et79bd,e8593010,28,28,0,0,28,0.0
ism64anu,e8593010,28,15,13,0,15,0.4642857142857143
0hrc9vve,e8593010,10,10,0,0,10,0.0
zvbewhqx,e8593010,28,28,0,0,28,0.0
8aknstxj,e8593010,28,28,0,0,28,0.0
c7z6erey,e8593010,40,40,0,0,40,0.0
qazkn1sw,e8593010,28,28,0,0,28,0.0
f0wpo2hr,e8593010,28,28,0,0,28,0.0
nze0azo1,e8593010,28,28,0,0,28,0.0
r2ck84r8,e8593010,28,22,6,0,22,0.21428571428571427
r24jdhzg,e8593010,28,28,0,0,28,0.0
3cc6zm51,e8593010,28,28,0,0,28,0.0
ske58akk,e8593010,28,20,8,0,20,0.2857142857142857
ovhoesyy,e8593010,30,30,0,0,30,0.0
a589fsqz,e8593010,28,28,0,0,28,0.0
d1vjrjhc,e8593010,28,28,0,0,28,0.0
mlvcv31l,e8593010,28,28,0,0,28,0.0
k8txaw58,e8593010,28,28,0,0,28,0.0
o4kkkuj9,e8593010,28,28,0,0,28,0.0
qv0yh587,e8593010,11,10,1,0,10,0.09090909090909091
mrwlcmno,e8593010,28,28,0,0,28,0.0
ew4oecfi,e8593010,28,15,13,0,15,0.4642857142857143
ni5df01j,e8593010,30,30,0,0,30,0.0
eyn3wygc,e8593010,28,28,0,0,28,0.0
2j8p9vyz,e8593010,28,17,11,0,17,0.39285714285714285
s03ed531,e8593010,28,28,0,0,28,0.0
zj5uemkt,e8593010,28,28,0,0,28,0.0
v6jvgdvg,e8593010,28,28,0,0,28,0.0
l5sagbsh,e8593010,28,17,11,0,17,0.39285714285714285
ljwskxcq,e8593010,28,15,13,0,15,0.4642857142857143
3irnkhq8,e8593010,34,24,10,0,24,0.29411764705882354
4s9g1cze,e8593010,31,17,14,0,17,0.45161290322580644
bw2cwy0m,e8593010,30,29,1,0,29,0.03333333333333333
kwy2bqjo,e8593010,30,30,0,0,30,0.0
uktb326q,e8593010,30,22,8,0,22,0.26666666666666666
zc26r1al,e8593010,28,28,0,0,28,0.0
648anokh,e8593010,28,28,0,0,28,0.0
tc5wgx8h,e8593010,28,28,0,0,28,0.0
8bgj1tsd,e8593010,28,28,0,0,28,0.0
c7ac53of,e8593010,13,2,11,0,2,0.8461538461538461
mrypomny,e8593010,28,28,0,0,28,0.0
jeq3oy2g,e8593010,28,28,0,0,28,0.0
e0biso3r,e8593010,28,15,13,0,15,0.4642857142857143
a9gvtd1o,e8593010,29,29,0,0,29,0.0
vpxztp7b,e8593010,28,28,0,0,28,0.0
f1ejz9fy,e8593010,28,28,0,0,28,0.0
6eyovdd2,e8593010,28,15,13,0,15,0.4642857142857143
a6jpzpek,e8593010,28,15,13,0,15,0.4642857142857143
41kp06jx,e8593010,28,21,7,0,21,0.25
a0w1xgxf,e8593010,28,28,0,0,28,0.0
xasfvnb7,e8593010,28,28,0,0,28,0.0
so5k1adg,e8593010,46,46,0,0,46,0.0
904h81sn,e8593010,28,28,0,0,28,0.0
ce9qdbyh,e8593010,28,28,0,0,28,0.0
vr20hyge,e8593010,30,30,0,0,30,0.0
nhds6zsd,e8593010,28,28,0,0,28,0.0
c9sps7bl,8cb8642d,200,36,164,0,36,0.82
bx44xwzb,8cb8642d,170,116,54,0,116,0.3176470588235294
o2ho0580,8cb8642d,12,11,1,0,11,0.08333333333333333
2d8q4qkc,8cb8642d,175,48,127,0,48,0.7257142857142858
g3vslpjv,8cb8642d,214,72,142,0,72,0.6635514018691588
8oohxrrz,8cb8642d,58,57,1,0,57,0.017241379310344827
qfiy90jx,8cb8642d,162,81,81,0,81,0.5
yebzokh4,8cb8642d,164,164,0,0,164,0.0
b73rrttr,8cb8642d,24,24,0,0,24,0.0
0fy66fv2,8cb8642d,111,111,0,0,111,0.0
idma9086,8cb8642d,227,60,167,0,60,0.73568281938326
r99uy0qb,8cb8642d,11,3,8,0,3,0.7272727272727273
8y2nd2sh,8cb8642d,181,65,116,0,65,0.6408839779005525
ascil7wf,8cb8642d,260,144,116,0,144,0.4461538461538462
l0nln4b2,8cb8642d,164,93,71,0,93,0.4329268292682927
aypxap78,8cb8642d,174,118,56,0,118,0.3218390804597701
nx0vccp8,8cb8642d,48,48,0,0,48,0.0
8psac9uo,8cb8642d,261,72,189,0,72,0.7241379310344828
kck1uue7,8cb8642d,216,65,151,0,65,0.6990740740740741
9pjr0waw,8cb8642d,4,4,0,0,4,0.0
jqeesfz7,8cb8642d,181,175,6,0,175,0.03314917127071823
hd5k29qy,8cb8642d,216,82,134,0,82,0.6203703703703703
72p6pxny,8cb8642d,234,45,189,0,45,0.8076923076923077
rhbgnqhz,8cb8642d,188,99,89,0,99,0.4734042553191489
fgxp8fzz,8cb8642d,191,69,122,0,69,0.6387434554973822
mzi8f2hv,8cb8642d,211,48,163,0,48,0.7725118483412322
cw4tyx7n,8cb8642d,166,101,65,0,101,0.39156626506024095
g7svteiz,8cb8642d,154,87,67,0,87,0.43506493506493504
c2lwacqc,8cb8642d,164,99,65,0,99,0.39634146341463417
2tkm21z6,8cb8642d,196,196,0,0,196,0.0
ei0ij8ms,8cb8642d,199,103,96,0,103,0.4824120603015075
0yfthc4y,8cb8642d,251,70,181,0,70,0.7211155378486056
yfyhejim,8cb8642d,179,66,113,0,66,0.6312849162011173
jayyv6lz,8cb8642d,246,42,204,0,42,0.8292682926829268
qu0lm98m,8cb8642d,253,46,207,0,46,0.8181818181818182
ldo5smvx,8cb8642d,19,16,3,0,16,0.15789473684210525
2w766g1z,8cb8642d,222,59,163,0,59,0.7342342342342343
mr7lkk46,8cb8642d,300,141,159,0,141,0.53
f5ktzt2t,8cb8642d,234,42,192,0,42,0.8205128205128205
kkeej6x5,8cb8642d,222,55,167,0,55,0.7522522522522522
bcyhma9y,8cb8642d,35,35,0,0,35,0.0
4wx63ymf,8cb8642d,233,49,184,0,49,0.7896995708154506
ler5uq42,8cb8642d,183,183,0,0,183,0.0
nldu5ge3,8cb8642d,162,85,77,0,85,0.47530864197530864
t3l0if03,8cb8642d,104,47,57,0,47,0.5480769230769231
m63pxnwq,8cb8642d,31,31,0,0,31,0.0
onnumbyy,8cb8642d,237,90,147,0,90,0.620253164556962
nrfiw9bx,8cb8642d,183,66,117,0,66,0.639344262295082
pz38obzd,8cb8642d,161,92,69,0,92,0.42857142857142855
50nsp39w,8cb8642d,264,65,199,0,65,0.7537878787878788
mhskzwic,8cb8642d,182,110,72,0,110,0.3956043956043956
8jwr3j6t,8cb8642d,134,52,82,0,52,0.6119402985074627
z3die4q3,8cb8642d,176,52,124,0,52,0.7045454545454546
vbwguazj,8cb8642d,161,112,49,0,112,0.30434782608695654
7agy8y3l,8cb8642d,204,200,4,0,200,0.0196078431372549
om1m73rv,8cb8642d,196,100,96,0,100,0.4897959183673469
ya0wv6pm,8cb8642d,174,87,87,0,87,0.5
sp00glmz,8cb8642d,40,40,0,0,40,0.0
1qt2f29y,8cb8642d,178,173,5,0,173,0.028089887640449437
clhkwrie,8cb8642d,215,55,160,0,55,0.7441860465116279
mpzcivx9,8cb8642d,238,42,196,0,42,0.8235294117647058
jx6lhkbi,8cb8642d,202,66,136,0,66,0.6732673267326733
z8b26ynw,8cb8642d,169,56,113,0,56,0.6686390532544378
zelqv7az,8cb8642d,209,46,163,0,46,0.7799043062200957
cfclud8z,8cb8642d,165,72,93,0,72,0.5636363636363636
8d21w3yr,8cb8642d,288,101,186,1,101,0.6458333333333334
fl73adm5,8cb8642d,294,51,243,0,51,0.826530612244898
4j6cy1mk,8cb8642d,164,159,5,0,159,0.03048780487804878
oxvw1rhx,8cb8642d,202,171,31,0,171,0.15346534653465346
w12e497z,8cb8642d,326,10,316,0,10,0.9693251533742331
9ohxtpht,8cb8642d,154,73,81,0,73,0.525974025974026
hkj9daz7,8cb8642d,233,40,193,0,40,0.8283261802575107
zfeorjum,8cb8642d,230,110,120,0,110,0.5217391304347826
k0qq522n,8cb8642d,156,147,9,0,147,0.057692307692307696
2anyuqd8,8cb8642d,158,158,0,0,158,0.0
1r6yodve,8cb8642d,149,149,0,0,149,0.0
0wk7vjg8,8cb8642d,228,59,169,0,59,0.7412280701754386
ism64anu,8cb8642d,223,43,180,0,43,0.8071748878923767
plfupad7,8cb8642d,261,110,151,0,110,0.578544061302682
zvbewhqx,8cb8642d,176,87,89,0,87,0.5056818181818182
8aknstxj,8cb8642d,178,100,78,0,100,0.43820224719101125
c7z6erey,8cb8642d,157,77,80,0,77,0.5095541401273885
f0wpo2hr,8cb8642d,158,134,24,0,134,0.1518987341772152
qazkn1sw,8cb8642d,286,245,41,0,245,0.14335664335664336
hpl7jugr,8cb8642d,186,51,135,0,51,0.7258064516129032
nze0azo1,8cb8642d,188,108,80,0,108,0.425531914893617
r2ck84r8,8cb8642d,198,122,76,0,122,0.3838383838383838
r24jdhzg,8cb8642d,160,145,15,0,145,0.09375
ske58akk,8cb8642d,240,49,191,0,49,0.7958333333333333
ovhoesyy,8cb8642d,157,78,79,0,78,0.5031847133757962
3cc6zm51,8cb8642d,311,95,216,0,95,0.6945337620578779
qfsp3ery,8cb8642d,181,155,26,0,155,0.143646408839779
02333qfj,8cb8642d,47,47,0,0,47,0.0
44o5xnxe,8cb8642d,155,80,75,0,80,0.4838709677419355
ihnjt6k4,8cb8642d,54,54,0,0,54,0.0
cuybsfwr,8cb8642d,18,18,0,0,18,0.0
0ra11hiv,8cb8642d,191,191,0,0,191,0.0
89u58v07,8cb8642d,245,45,200,0,45,0.8163265306122449
095bdwyc,8cb8642d,22,22,0,0,22,0.0
phbjwkyw,8cb8642d,175,73,102,0,73,0.5828571428571429
szbhlpfr,8cb8642d,173,107,66,0,107,0.3815028901734104
sn10zd6g,8cb8642d,184,92,92,0,92,0.5
e2w81k0i,8cb8642d,189,60,129,0,60,0.6825396825396826
4s3cm7d8,8cb8642d,4,4,0,0,4,0.0
hsm45iwx,8cb8642d,183,63,120,0,63,0.6557377049180327
6e5gb0yb,8cb8642d,264,48,216,0,48,0.8181818181818182
dmft9d3y,8cb8642d,191,104,87,0,104,0.45549738219895286
aqmjput5,8cb8642d,427,171,256,0,171,0.5995316159250585
l9krayds,8cb8642d,376,140,236,0,140,0.6276595744680851
icf7bchs,8cb8642d,193,148,45,0,148,0.23316062176165803
91fk0af9,8cb8642d,33,33,0,0,33,0.0
qothvfhf,8cb8642d,155,155,0,0,155,0.0
27d8totr,8cb8642d,159,89,70,0,89,0.44025157232704404
fkx2gd88,8cb8642d,179,49,130,0,49,0.7262569832402235
cp3b83py,8cb8642d,159,76,83,0,76,0.5220125786163522
d33m799j,8cb8642d,69,4,65,0,4,0.9420289855072463
kmwiem6m,8cb8642d,289,35,254,0,35,0.8788927335640139
61zahdh9,8cb8642d,202,62,140,0,62,0.693069306930693
5nrjvc7q,8cb8642d,181,150,31,0,150,0.1712707182320442
ol9lky1i,8cb8642d,169,151,18,0,151,0.10650887573964497
o5qropwk,8cb8642d,175,173,2,0,173,0.011428571428571429
npr5bsi2,8cb8642d,168,168,0,0,168,0.0
ym49wqbn,8cb8642d,297,137,160,0,137,0.5387205387205387
pad0sufd,8cb8642d,201,45,156,0,45,0.7761194029850746
emwp6wq7,8cb8642d,225,63,162,0,63,0.72
74l1qvc1,8cb8642d,157,101,56,0,101,0.35668789808917195
3d2as981,8cb8642d,211,77,134,0,77,0.6350710900473934
cghxa2ie,8cb8642d,184,58,126,0,58,0.6847826086956522
clucow7d,8cb8642d,241,78,163,0,78,0.6763485477178424
bmlngyh3,8cb8642d,277,212,65,0,212,0.23465703971119134
sesf1qnx,8cb8642d,267,57,210,0,57,0.7865168539325843
j2dvablb,8cb8642d,175,74,101,0,74,0.5771428571428572
904h81sn,8cb8642d,161,86,75,0,86,0.4658385093167702
so5k1adg,8cb8642d,182,182,0,0,182,0.0
nhds6zsd,8cb8642d,210,62,148,0,62,0.7047619047619048
vr20hyge,8cb8642d,2,2,0,0,2,0.0
4stfwpke,8cb8642d,174,92,82,0,92,0.47126436781609193
qqqzakmg,8cb8642d,21,1,20,0,1,0.9523809523809523
648anokh,8cb8642d,170,76,94,0,76,0.5529411764705883
tc5wgx8h,8cb8642d,206,50,156,0,50,0.7572815533980582
jeq3oy2g,8cb8642d,74,2,72,0,2,0.972972972972973
mrypomny,8cb8642d,173,134,39,0,134,0.2254335260115607
rjanlii9,8cb8642d,37,32,5,0,32,0.13513513513513514
c7ac53of,8cb8642d,24,3,21,0,3,0.875
a9gvtd1o,8cb8642d,62,53,9,0,53,0.14516129032258066
e0biso3r,8cb8642d,157,121,36,0,121,0.22929936305732485
f1ejz9fy,8cb8642d,235,63,172,0,63,0.7319148936170212
vpxztp7b,8cb8642d,166,62,104,0,62,0.6265060240963856
6eyovdd2,8cb8642d,247,65,182,0,65,0.7368421052631579
a6jpzpek,8cb8642d,244,33,211,0,33,0.8647540983606558
41kp06jx,8cb8642d,4,4,0,0,4,0.0
lmtka1ev,8cb8642d,183,52,131,0,52,0.7158469945355191
zj5uemkt,8cb8642d,162,162,0,0,162,0.0
3irnkhq8,8cb8642d,175,74,101,0,74,0.5771428571428572
4s9g1cze,8cb8642d,313,43,270,0,43,0.8626198083067093
v6jvgdvg,8cb8642d,10,10,0,0,10,0.0
l5sagbsh,8cb8642d,157,101,56,0,101,0.35668789808917195
ljwskxcq,8cb8642d,271,83,188,0,83,0.6937269372693727
kwy2bqjo,8cb8642d,185,71,114,0,71,0.6162162162162163
uktb326q,8cb8642d,249,55,194,0,55,0.7791164658634538
cdo2cmtp,8cb8642d,199,198,1,0,198,0.005025125628140704
a589fsqz,8cb8642d,203,156,47,0,156,0.2315270935960591
mlvcv31l,8cb8642d,177,51,126,0,51,0.711864406779661
o4kkkuj9,8cb8642d,243,57,186,0,57,0.7654320987654321
k8txaw58,8cb8642d,220,51,169,0,51,0.7681818181818182
qv0yh587,8cb8642d,3,3,0,0,3,0.0
t2eyvuxq,8cb8642d,206,70,136,0,70,0.6601941747572816
ew4oecfi,8cb8642d,158,67,91,0,67,0.5759493670886076
mrwlcmno,8cb8642d,182,182,0,0,182,0.0
ni5df01j,8cb8642d,24,18,6,0,18,0.25
eyn3wygc,8cb8642d,241,85,156,0,85,0.6473029045643154
wcau806y,8cb8642d,154,117,37,0,117,0.24025974025974026
s03ed531,8cb8642d,135,135,0,0,135,0.0
2j8p9vyz,8cb8642d,158,67,91,0,67,0.5759493670886076
44o5xnxe,ce9e57f2,12,8,4,0,8,0.3333333333333333
qkiu92kk,ce9e57f2,12,12,0,0,12,0.0
02333qfj,ce9e57f2,12,6,6,0,6,0.5
q04yitea,ce9e57f2,12,12,0,0,12,0.0
qfsp3ery,ce9e57f2,12,12,0,0,12,0.0
y32zaw9c,ce9e57f2,12,12,0,0,12,0.0
cuybsfwr,ce9e57f2,34,15,19,0,15,0.5588235294117647
szbhlpfr,ce9e57f2,18,14,4,0,14,0.2222222222222222
phbjwkyw,ce9e57f2,14,14,0,0,14,0.0
89u58v07,ce9e57f2,12,5,7,0,5,0.5833333333333334
4s3cm7d8,ce9e57f2,14,13,0,1,13,0.0
e2w81k0i,ce9e57f2,12,6,6,0,6,0.5
sn10zd6g,ce9e57f2,61,31,30,0,31,0.4918032786885246
0hrc9vve,ce9e57f2,27,4,23,0,4,0.8518518518518519
zvbewhqx,ce9e57f2,12,12,0,0,12,0.0
plfupad7,ce9e57f2,15,9,6,0,9,0.4
ism64anu,ce9e57f2,17,6,11,0,6,0.6470588235294118
n2et79bd,ce9e57f2,12,4,8,0,4,0.6666666666666666
qazkn1sw,ce9e57f2,3,3,0,0,3,0.0
f0wpo2hr,ce9e57f2,12,4,8,0,4,0.6666666666666666
8aknstxj,ce9e57f2,11,11,0,0,11,0.0
c7z6erey,ce9e57f2,12,4,8,0,4,0.6666666666666666
r2ck84r8,ce9e57f2,13,7,6,0,7,0.46153846153846156
nze0azo1,ce9e57f2,12,12,0,0,12,0.0
hpl7jugr,ce9e57f2,12,5,7,0,5,0.5833333333333334
3cc6zm51,ce9e57f2,17,17,0,0,17,0.0
ovhoesyy,ce9e57f2,15,8,7,0,8,0.4666666666666667
ske58akk,ce9e57f2,12,4,8,0,4,0.6666666666666666
r24jdhzg,ce9e57f2,14,14,0,0,14,0.0
stbyxpx6,ce9e57f2,24,5,19,0,5,0.7916666666666666
o5qropwk,ce9e57f2,11,11,0,0,11,0.0
ol9lky1i,ce9e57f2,12,11,1,0,11,0.08333333333333333
5nrjvc7q,ce9e57f2,12,12,0,0,12,0.0
61zahdh9,ce9e57f2,12,12,0,0,12,0.0
5hz183aa,ce9e57f2,13,1,12,0,1,0.9230769230769231
emwp6wq7,ce9e57f2,11,11,0,0,11,0.0
pad0sufd,ce9e57f2,12,12,0,0,12,0.0
xeu3j3ki,ce9e57f2,1,1,0,0,1,0.0
154uk6vm,ce9e57f2,13,13,0,0,13,0.0
ym49wqbn,ce9e57f2,64,22,42,0,22,0.65625
npr5bsi2,ce9e57f2,12,12,0,0,12,0.0
byx9jkxm,ce9e57f2,12,8,4,0,8,0.3333333333333333
74l1qvc1,ce9e57f2,18,18,0,0,18,0.0
j2pjmr32,ce9e57f2,31,31,0,0,31,0.0
bmlngyh3,ce9e57f2,12,8,4,0,8,0.3333333333333333
clucow7d,ce9e57f2,12,7,5,0,7,0.4166666666666667
3d2as981,ce9e57f2,13,5,8,0,5,0.6153846153846154
dmft9d3y,ce9e57f2,20,19,1,0,19,0.05
pgtp756s,ce9e57f2,10,9,0,1,9,0.0
6e5gb0yb,ce9e57f2,12,7,5,0,7,0.4166666666666667
icf7bchs,ce9e57f2,42,25,17,0,25,0.40476190476190477
aqmjput5,ce9e57f2,12,12,0,0,12,0.0
l9krayds,ce9e57f2,49,28,21,0,28,0.42857142857142855
f5ohsl5h,ce9e57f2,12,4,8,0,4,0.6666666666666666
cp3b83py,ce9e57f2,12,8,4,0,8,0.3333333333333333
fkx2gd88,ce9e57f2,15,4,11,0,4,0.7333333333333333
27d8totr,ce9e57f2,12,12,0,0,12,0.0
qothvfhf,ce9e57f2,16,16,0,0,16,0.0
91fk0af9,ce9e57f2,12,12,0,0,12,0.0
kmwiem6m,ce9e57f2,12,6,6,0,6,0.5
5pds9j1d,ce9e57f2,12,12,0,0,12,0.0
ikfbpugl,ce9e57f2,23,18,5,0,18,0.21739130434782608
d33m799j,ce9e57f2,23,1,22,0,1,0.9565217391304348
648anokh,ce9e57f2,12,12,0,0,12,0.0
qqqzakmg,ce9e57f2,47,9,38,0,9,0.8085106382978723
c7ac53of,ce9e57f2,38,38,0,0,38,0.0
rjanlii9,ce9e57f2,15,5,10,0,5,0.6666666666666666
mrypomny,ce9e57f2,12,12,0,0,12,0.0
jeq3oy2g,ce9e57f2,13,4,9,0,4,0.6923076923076923
tc5wgx8h,ce9e57f2,14,5,9,0,5,0.6428571428571429
8bgj1tsd,ce9e57f2,12,12,0,0,12,0.0
vpxztp7b,ce9e57f2,12,12,0,0,12,0.0
f1ejz9fy,ce9e57f2,17,17,0,0,17,0.0
e0biso3r,ce9e57f2,12,12,0,0,12,0.0
a9gvtd1o,ce9e57f2,26,25,0,1,25,0.0
lmtka1ev,ce9e57f2,13,4,9,0,4,0.6923076923076923
41kp06jx,ce9e57f2,14,10,4,0,10,0.2857142857142857
a0w1xgxf,ce9e57f2,15,8,7,0,8,0.4666666666666667
6eyovdd2,ce9e57f2,20,10,10,0,10,0.5
a6jpzpek,ce9e57f2,14,5,9,0,5,0.6428571428571429
xasfvnb7,ce9e57f2,12,12,0,0,12,0.0
ce9qdbyh,ce9e57f2,10,10,0,0,10,0.0
03ljcqhc,ce9e57f2,47,12,35,0,12,0.7446808510638298
so5k1adg,ce9e57f2,22,22,0,0,22,0.0
904h81sn,ce9e57f2,12,12,0,0,12,0.0
j2dvablb,ce9e57f2,12,4,8,0,4,0.6666666666666666
vr20hyge,ce9e57f2,19,19,0,0,19,0.0
nhds6zsd,ce9e57f2,17,17,0,0,17,0.0
d1vjrjhc,ce9e57f2,12,4,8,0,4,0.6666666666666666
k8txaw58,ce9e57f2,12,4,8,0,4,0.6666666666666666
o4kkkuj9,ce9e57f2,26,26,0,0,26,0.0
mlvcv31l,ce9e57f2,12,4,8,0,4,0.6666666666666666
a589fsqz,ce9e57f2,22,12,10,0,12,0.45454545454545453
t2eyvuxq,ce9e57f2,11,6,5,0,6,0.45454545454545453
qv0yh587,ce9e57f2,13,13,0,0,13,0.0
eyn3wygc,ce9e57f2,12,12,0,0,12,0.0
ni5df01j,ce9e57f2,8,8,0,0,8,0.0
mrwlcmno,ce9e57f2,26,26,0,0,26,0.0
ew4oecfi,ce9e57f2,12,7,5,0,7,0.4166666666666667
2j8p9vyz,ce9e57f2,13,7,6,0,7,0.46153846153846156
6p8vl3lk,ce9e57f2,31,31,0,0,31,0.0
s03ed531,ce9e57f2,8,8,0,0,8,0.0
wcau806y,ce9e57f2,17,7,10,0,7,0.5882352941176471
zj5uemkt,ce9e57f2,14,13,0,1,13,0.0
ljwskxcq,ce9e57f2,16,7,9,0,7,0.5625
v6jvgdvg,ce9e57f2,26,26,0,0,26,0.0
l5sagbsh,ce9e57f2,12,12,0,0,12,0.0
4s9g1cze,ce9e57f2,24,8,16,0,8,0.6666666666666666
3irnkhq8,ce9e57f2,14,14,0,0,14,0.0
uktb326q,ce9e57f2,12,12,0,0,12,0.0
kwy2bqjo,ce9e57f2,12,12,0,0,12,0.0
bw2cwy0m,ce9e57f2,12,12,0,0,12,0.0
cdo2cmtp,ce9e57f2,12,12,0,0,12,0.0
8y2nd2sh,ce9e57f2,14,8,6,0,8,0.42857142857142855
aypxap78,ce9e57f2,12,5,7,0,5,0.5833333333333334
l0nln4b2,ce9e57f2,12,12,0,0,12,0.0
ascil7wf,ce9e57f2,14,14,0,0,14,0.0
9pjr0waw,ce9e57f2,15,15,0,0,15,0.0
kck1uue7,ce9e57f2,18,7,11,0,7,0.6111111111111112
8psac9uo,ce9e57f2,26,25,1,0,25,0.038461538461538464
nx0vccp8,ce9e57f2,12,12,0,0,12,0.0
jqeesfz7,ce9e57f2,12,12,0,0,12,0.0
2d8q4qkc,ce9e57f2,12,4,8,0,4,0.6666666666666666
bx44xwzb,ce9e57f2,40,17,23,0,17,0.575
o2ho0580,ce9e57f2,29,15,14,0,15,0.4827586206896552
c9sps7bl,ce9e57f2,14,5,9,0,5,0.6428571428571429
qfiy90jx,ce9e57f2,12,5,7,0,5,0.5833333333333334
8oohxrrz,ce9e57f2,12,5,7,0,5,0.5833333333333334
x5id5i5q,ce9e57f2,1,1,0,0,1,0.0
yebzokh4,ce9e57f2,13,13,0,0,13,0.0
kavvl57w,ce9e57f2,12,4,8,0,4,0.6666666666666666
idma9086,ce9e57f2,12,12,0,0,12,0.0
4kl3i3tv,ce9e57f2,18,18,0,0,18,0.0
0fy66fv2,ce9e57f2,38,38,0,0,38,0.0
b73rrttr,ce9e57f2,12,12,0,0,12,0.0
7nszfy43,ce9e57f2,10,6,4,0,6,0.4
0yfthc4y,ce9e57f2,22,22,0,0,22,0.0
ei0ij8ms,ce9e57f2,12,9,3,0,9,0.25
2tkm21z6,ce9e57f2,12,12,0,0,12,0.0
9wkeb5tu,ce9e57f2,12,4,8,0,4,0.6666666666666666
yfyhejim,ce9e57f2,12,5,7,0,5,0.5833333333333334
jayyv6lz,ce9e57f2,12,12,0,0,12,0.0
qu0lm98m,ce9e57f2,12,12,0,0,12,0.0
ldo5smvx,ce9e57f2,11,5,6,0,5,0.5454545454545454
rhbgnqhz,ce9e57f2,12,7,5,0,7,0.4166666666666667
72p6pxny,ce9e57f2,12,5,7,0,5,0.5833333333333334
hd5k29qy,ce9e57f2,18,18,0,0,18,0.0
gkse9wdn,ce9e57f2,12,12,0,0,12,0.0
mzi8f2hv,ce9e57f2,15,12,3,0,12,0.2
fgxp8fzz,ce9e57f2,10,3,7,0,3,0.7
yc52i3qf,ce9e57f2,12,11,1,0,11,0.08333333333333333
c2lwacqc,ce9e57f2,16,13,0,3,13,0.0
g7svteiz,ce9e57f2,16,16,0,0,16,0.0
nrfiw9bx,ce9e57f2,19,9,10,0,9,0.5263157894736842
xklnx39q,ce9e57f2,11,5,6,0,5,0.5454545454545454
pz38obzd,ce9e57f2,12,12,0,0,12,0.0
z3die4q3,ce9e57f2,12,7,5,0,7,0.4166666666666667
8jwr3j6t,ce9e57f2,12,12,0,0,12,0.0
mhskzwic,ce9e57f2,12,12,0,0,12,0.0
50nsp39w,ce9e57f2,12,12,0,0,12,0.0
om1m73rv,ce9e57f2,12,12,0,0,12,0.0
o1t1fb7j,ce9e57f2,8,8,0,0,8,0.0
7agy8y3l,ce9e57f2,12,12,0,0,12,0.0
vbwguazj,ce9e57f2,12,12,0,0,12,0.0
5vv1rrzw,ce9e57f2,25,25,0,0,25,0.0
mr7lkk46,ce9e57f2,14,14,0,0,14,0.0
2w766g1z,ce9e57f2,12,12,0,0,12,0.0
nqubyvew,ce9e57f2,14,11,2,1,11,0.14285714285714285
bcyhma9y,ce9e57f2,19,19,0,0,19,0.0
kkeej6x5,ce9e57f2,12,12,0,0,12,0.0
f5ktzt2t,ce9e57f2,13,5,8,0,5,0.6153846153846154
pcrxo3zp,ce9e57f2,14,5,9,0,5,0.6428571428571429
t3l0if03,ce9e57f2,17,8,9,0,8,0.5294117647058824
nldu5ge3,ce9e57f2,12,12,0,0,12,0.0
ler5uq42,ce9e57f2,14,14,0,0,14,0.0
nfbzvhip,ce9e57f2,1,1,0,0,1,0.0
4wx63ymf,ce9e57f2,52,7,45,0,7,0.8653846153846154
m63pxnwq,ce9e57f2,12,12,0,0,12,0.0
318gokyy,ce9e57f2,12,9,3,0,9,0.25
fl73adm5,ce9e57f2,12,4,8,0,4,0.6666666666666666
4j6cy1mk,ce9e57f2,11,11,0,0,11,0.0
8d21w3yr,ce9e57f2,12,12,0,0,12,0.0
hkj9daz7,ce9e57f2,12,8,4,0,8,0.3333333333333333
zfeorjum,ce9e57f2,12,12,0,0,12,0.0
9ohxtpht,ce9e57f2,11,11,0,0,11,0.0
w12e497z,ce9e57f2,89,16,73,0,16,0.8202247191011236
0wk7vjg8,ce9e57f2,43,14,29,0,14,0.6744186046511628
1r6yodve,ce9e57f2,33,33,0,0,33,0.0
cbvc5e3w,ce9e57f2,33,33,0,0,33,0.0
k0qq522n,ce9e57f2,1,1,0,0,1,0.0
9evwb372,ce9e57f2,12,7,5,0,7,0.4166666666666667
2ke9hbes,ce9e57f2,13,13,0,0,13,0.0
ya0wv6pm,ce9e57f2,12,12,0,0,12,0.0
mpzcivx9,ce9e57f2,12,4,8,0,4,0.6666666666666666
1qt2f29y,ce9e57f2,12,12,0,0,12,0.0
clhkwrie,ce9e57f2,13,10,3,0,10,0.23076923076923078
sp00glmz,ce9e57f2,14,14,0,0,14,0.0
jx6lhkbi,ce9e57f2,13,13,0,0,13,0.0
cfclud8z,ce9e57f2,14,14,0,0,14,0.0
z8b26ynw,ce9e57f2,12,5,7,0,5,0.5833333333333334
cfclud8z,7df24a62,77,12,65,0,12,0.8441558441558441
zelqv7az,7df24a62,39,39,0,0,39,0.0
z8b26ynw,7df24a62,42,7,35,0,7,0.8333333333333334
jx6lhkbi,7df24a62,46,3,43,0,3,0.9347826086956522
mpzcivx9,7df24a62,41,6,35,0,6,0.8536585365853658
clhkwrie,7df24a62,48,25,23,0,25,0.4791666666666667
1qt2f29y,7df24a62,39,39,0,0,39,0.0
sp00glmz,7df24a62,42,42,0,0,42,0.0
2ke9hbes,7df24a62,45,8,37,0,8,0.8222222222222222
9evwb372,7df24a62,52,7,45,0,7,0.8653846153846154
ya0wv6pm,7df24a62,56,25,31,0,25,0.5535714285714286
0wk7vjg8,7df24a62,39,12,27,0,12,0.6923076923076923
1r6yodve,7df24a62,110,110,0,0,110,0.0
k0qq522n,7df24a62,25,24,1,0,24,0.04
zfeorjum,7df24a62,49,6,43,0,6,0.8775510204081632
hkj9daz7,7df24a62,47,6,41,0,6,0.8723404255319149
9ohxtpht,7df24a62,39,9,30,0,9,0.7692307692307693
w12e497z,7df24a62,54,29,25,0,29,0.46296296296296297
oxvw1rhx,7df24a62,91,89,2,0,89,0.02197802197802198
4j6cy1mk,7df24a62,43,21,22,0,21,0.5116279069767442
fl73adm5,7df24a62,43,2,41,0,2,0.9534883720930233
8d21w3yr,7df24a62,44,44,0,0,44,0.0
onnumbyy,7df24a62,40,40,0,0,40,0.0
m63pxnwq,7df24a62,42,14,28,0,14,0.6666666666666666
t3l0if03,7df24a62,45,3,42,0,3,0.9333333333333333
nldu5ge3,7df24a62,55,14,41,0,14,0.7454545454545455
ler5uq42,7df24a62,42,42,0,0,42,0.0
4wx63ymf,7df24a62,39,10,29,0,10,0.7435897435897436
bcyhma9y,7df24a62,41,41,0,0,41,0.0
kkeej6x5,7df24a62,39,39,0,0,39,0.0
f5ktzt2t,7df24a62,49,8,41,0,8,0.8367346938775511
mr7lkk46,7df24a62,47,7,40,0,7,0.851063829787234
2w766g1z,7df24a62,40,7,33,0,7,0.825
nqubyvew,7df24a62,42,15,27,0,15,0.6428571428571429
om1m73rv,7df24a62,42,5,37,0,5,0.8809523809523809
7agy8y3l,7df24a62,39,14,25,0,14,0.6410256410256411
vbwguazj,7df24a62,41,13,28,0,13,0.6829268292682927
z3die4q3,7df24a62,45,2,43,0,2,0.9555555555555556
8jwr3j6t,7df24a62,46,21,25,0,21,0.5434782608695652
p445h6ow,7df24a62,48,11,37,0,11,0.7708333333333334
mhskzwic,7df24a62,39,17,22,0,17,0.5641025641025641
50nsp39w,7df24a62,72,46,26,0,46,0.3611111111111111
8yhijukj,7df24a62,28,7,21,0,7,0.75
xklnx39q,7df24a62,108,17,91,0,17,0.8425925925925926
pz38obzd,7df24a62,39,16,23,0,16,0.5897435897435898
nrfiw9bx,7df24a62,44,7,37,0,7,0.8409090909090909
yc52i3qf,7df24a62,41,4,37,0,4,0.9024390243902439
c2lwacqc,7df24a62,49,11,38,0,11,0.7755102040816326
g7svteiz,7df24a62,42,42,0,0,42,0.0
cw4tyx7n,7df24a62,1,1,0,0,1,0.0
189iqcds,7df24a62,46,2,44,0,2,0.9565217391304348
mzi8f2hv,7df24a62,41,8,33,0,8,0.8048780487804879
xgvto4mg,7df24a62,206,206,0,0,206,0.0
rhbgnqhz,7df24a62,44,2,42,0,2,0.9545454545454546
72p6pxny,7df24a62,81,10,71,0,10,0.8765432098765432
hd5k29qy,7df24a62,145,26,119,0,26,0.8206896551724138
ldo5smvx,7df24a62,50,12,38,0,12,0.76
jayyv6lz,7df24a62,40,36,4,0,36,0.1
yfyhejim,7df24a62,45,3,42,0,3,0.9333333333333333
0yfthc4y,7df24a62,43,43,0,0,43,0.0
ei0ij8ms,7df24a62,41,6,35,0,6,0.8536585365853658
2tkm21z6,7df24a62,40,40,0,0,40,0.0
r99uy0qb,7df24a62,10,3,7,0,3,0.7
idma9086,7df24a62,43,40,3,0,40,0.06976744186046512
0fy66fv2,7df24a62,29,29,0,0,29,0.0
b73rrttr,7df24a62,6,6,0,0,6,0.0
yebzokh4,7df24a62,83,83,0,0,83,0.0
kavvl57w,7df24a62,41,8,33,0,8,0.8048780487804879
qfiy90jx,7df24a62,41,11,30,0,11,0.7317073170731707
8oohxrrz,7df24a62,80,8,71,1,8,0.8875
x5id5i5q,7df24a62,1,1,0,0,1,0.0
g3vslpjv,7df24a62,40,9,31,0,9,0.775
2d8q4qkc,7df24a62,50,3,47,0,3,0.94
o2ho0580,7df24a62,40,37,1,2,37,0.025
bx44xwzb,7df24a62,41,41,0,0,41,0.0
c9sps7bl,7df24a62,44,3,41,0,3,0.9318181818181818
jqeesfz7,7df24a62,71,71,0,0,71,0.0
xji13cu2,7df24a62,49,4,45,0,4,0.9183673469387755
kck1uue7,7df24a62,46,2,44,0,2,0.9565217391304348
nx0vccp8,7df24a62,41,40,1,0,40,0.024390243902439025
8psac9uo,7df24a62,41,41,0,0,41,0.0
aypxap78,7df24a62,44,7,37,0,7,0.8409090909090909
l0nln4b2,7df24a62,42,42,0,0,42,0.0
ascil7wf,7df24a62,43,9,34,0,9,0.7906976744186046
8y2nd2sh,7df24a62,43,2,41,0,2,0.9534883720930233
uktb326q,7df24a62,51,50,1,0,50,0.0196078431372549
bw2cwy0m,7df24a62,40,40,0,0,40,0.0
kwy2bqjo,7df24a62,41,34,7,0,34,0.17073170731707318
l5sagbsh,7df24a62,47,9,38,0,9,0.8085106382978723
v6jvgdvg,7df24a62,44,44,0,0,44,0.0
ljwskxcq,7df24a62,46,2,44,0,2,0.9565217391304348
3irnkhq8,7df24a62,42,6,36,0,6,0.8571428571428571
4s9g1cze,7df24a62,46,3,43,0,3,0.9347826086956522
zj5uemkt,7df24a62,43,27,16,0,27,0.37209302325581395
2j8p9vyz,7df24a62,50,12,38,0,12,0.76
wcau806y,7df24a62,42,42,0,0,42,0.0
ni5df01j,7df24a62,40,40,0,0,40,0.0
eyn3wygc,7df24a62,42,42,0,0,42,0.0
mrwlcmno,7df24a62,40,40,0,0,40,0.0
t2eyvuxq,7df24a62,50,45,5,0,45,0.1
qv0yh587,7df24a62,49,47,2,0,47,0.04081632653061224
d1vjrjhc,7df24a62,41,8,33,0,8,0.8048780487804879
mlvcv31l,7df24a62,23,2,21,0,2,0.9130434782608695
k8txaw58,7df24a62,41,4,37,0,4,0.9024390243902439
o4kkkuj9,7df24a62,42,42,0,0,42,0.0
a589fsqz,7df24a62,51,10,41,0,10,0.803921568627451
4stfwpke,7df24a62,41,19,22,0,19,0.5365853658536586
vr20hyge,7df24a62,46,46,0,0,46,0.0
nhds6zsd,7df24a62,39,27,12,0,27,0.3076923076923077
so5k1adg,7df24a62,85,84,0,1,84,0.0
904h81sn,7df24a62,42,18,24,0,18,0.5714285714285714
j2dvablb,7df24a62,58,5,53,0,5,0.9137931034482759
xasfvnb7,7df24a62,40,40,0,0,40,0.0
sesf1qnx,7df24a62,50,7,43,0,7,0.86
lmtka1ev,7df24a62,46,3,43,0,3,0.9347826086956522
a0w1xgxf,7df24a62,50,12,38,0,12,0.76
41kp06jx,7df24a62,39,39,0,0,39,0.0
a6jpzpek,7df24a62,12,5,7,0,5,0.5833333333333334
6eyovdd2,7df24a62,39,39,0,0,39,0.0
vpxztp7b,7df24a62,44,28,16,0,28,0.36363636363636365
f1ejz9fy,7df24a62,56,6,50,0,6,0.8928571428571429
e0biso3r,7df24a62,47,20,27,0,20,0.574468085106383
a9gvtd1o,7df24a62,42,7,35,0,7,0.8333333333333334
c7ac53of,7df24a62,15,3,12,0,3,0.8
rjanlii9,7df24a62,348,97,251,0,97,0.7212643678160919
mrypomny,7df24a62,39,30,9,0,30,0.23076923076923078
jeq3oy2g,7df24a62,72,72,0,0,72,0.0
8bgj1tsd,7df24a62,42,15,27,0,15,0.6428571428571429
tc5wgx8h,7df24a62,42,5,37,0,5,0.8809523809523809
648anokh,7df24a62,40,35,5,0,35,0.125
qqqzakmg,7df24a62,54,6,48,0,6,0.8888888888888888
zc26r1al,7df24a62,86,80,6,0,80,0.06976744186046512
kmwiem6m,7df24a62,42,4,38,0,4,0.9047619047619048
5pds9j1d,7df24a62,44,44,0,0,44,0.0
d33m799j,7df24a62,16,15,1,0,15,0.0625
cp3b83py,7df24a62,39,6,33,0,6,0.8461538461538461
27d8totr,7df24a62,39,39,0,0,39,0.0
qothvfhf,7df24a62,29,29,0,0,29,0.0
l9krayds,7df24a62,27,27,0,0,27,0.0
f5ohsl5h,7df24a62,44,13,31,0,13,0.7045454545454546
dmft9d3y,7df24a62,44,18,26,0,18,0.5909090909090909
6e5gb0yb,7df24a62,40,22,18,0,22,0.45
clucow7d,7df24a62,42,10,32,0,10,0.7619047619047619
cghxa2ie,7df24a62,39,17,22,0,17,0.5641025641025641
3d2as981,7df24a62,50,4,46,0,4,0.92
byx9jkxm,7df24a62,39,10,29,0,10,0.7435897435897436
74l1qvc1,7df24a62,60,10,50,0,10,0.8333333333333334
emwp6wq7,7df24a62,41,41,0,0,41,0.0
pad0sufd,7df24a62,39,38,1,0,38,0.02564102564102564
ym49wqbn,7df24a62,39,24,15,0,24,0.38461538461538464
154uk6vm,7df24a62,42,42,0,0,42,0.0
npr5bsi2,7df24a62,39,39,0,0,39,0.0
o5qropwk,7df24a62,50,50,0,0,50,0.0
ol9lky1i,7df24a62,40,27,13,0,27,0.325
5nrjvc7q,7df24a62,39,39,0,0,39,0.0
61zahdh9,7df24a62,41,30,11,0,30,0.2682926829268293
5hz183aa,7df24a62,56,55,1,0,55,0.017857142857142856
3cc6zm51,7df24a62,39,39,0,0,39,0.0
ske58akk,7df24a62,57,27,30,0,27,0.5263157894736842
ovhoesyy,7df24a62,56,13,43,0,13,0.7678571428571429
r24jdhzg,7df24a62,39,39,0,0,39,0.0
stbyxpx6,7df24a62,40,29,11,0,29,0.275
nze0azo1,7df24a62,39,12,27,0,12,0.6923076923076923
r2ck84r8,7df24a62,41,8,33,0,8,0.8048780487804879
hpl7jugr,7df24a62,48,2,46,0,2,0.9583333333333334
qazkn1sw,7df24a62,7,4,3,0,4,0.42857142857142855
f0wpo2hr,7df24a62,41,5,36,0,5,0.8780487804878049
c7z6erey,7df24a62,39,38,1,0,38,0.02564102564102564
8aknstxj,7df24a62,39,39,0,0,39,0.0
0hrc9vve,7df24a62,37,2,35,0,2,0.9459459459459459
zvbewhqx,7df24a62,157,37,120,0,37,0.7643312101910829
plfupad7,7df24a62,39,37,2,0,37,0.05128205128205128
n2et79bd,7df24a62,41,41,0,0,41,0.0
ism64anu,7df24a62,39,12,27,0,12,0.6923076923076923
hsm45iwx,7df24a62,44,10,34,0,10,0.7727272727272727
4s3cm7d8,7df24a62,36,20,16,0,20,0.4444444444444444
e2w81k0i,7df24a62,47,11,36,0,11,0.7659574468085106
sn10zd6g,7df24a62,39,10,29,0,10,0.7435897435897436
szbhlpfr,7df24a62,61,26,35,0,26,0.5737704918032787
phbjwkyw,7df24a62,41,7,34,0,7,0.8292682926829268
095bdwyc,7df24a62,29,29,0,0,29,0.0
89u58v07,7df24a62,46,3,43,0,3,0.9347826086956522
y32zaw9c,7df24a62,39,39,0,0,39,0.0
0ra11hiv,7df24a62,39,39,0,0,39,0.0
44o5xnxe,7df24a62,40,6,34,0,6,0.85
02333qfj,7df24a62,41,41,0,0,41,0.0
q04yitea,7df24a62,40,31,9,0,31,0.225
qfsp3ery,7df24a62,40,40,0,0,40,0.0
8bgj1tsd,bcb3040b,16,16,0,0,16,0.0
tc5wgx8h,bcb3040b,16,16,0,0,16,0.0
rjanlii9,bcb3040b,23,23,0,0,23,0.0
c7ac53of,bcb3040b,92,92,0,0,92,0.0
mrypomny,bcb3040b,16,16,0,0,16,0.0
648anokh,bcb3040b,16,16,0,0,16,0.0
a6jpzpek,bcb3040b,18,18,0,0,18,0.0
6eyovdd2,bcb3040b,16,16,0,0,16,0.0
lmtka1ev,bcb3040b,16,16,0,0,16,0.0
a0w1xgxf,bcb3040b,22,4,18,0,4,0.8181818181818182
41kp06jx,bcb3040b,19,19,0,0,19,0.0
a9gvtd1o,bcb3040b,16,16,0,0,16,0.0
e0biso3r,bcb3040b,16,16,0,0,16,0.0
vpxztp7b,bcb3040b,16,16,0,0,16,0.0
f1ejz9fy,bcb3040b,16,16,0,0,16,0.0
904h81sn,bcb3040b,16,16,0,0,16,0.0
so5k1adg,bcb3040b,16,16,0,0,16,0.0
j2dvablb,bcb3040b,16,16,0,0,16,0.0
xasfvnb7,bcb3040b,6,6,0,0,6,0.0
sesf1qnx,bcb3040b,18,16,2,0,16,0.1111111111111111
4stfwpke,bcb3040b,20,20,0,0,20,0.0
nhds6zsd,bcb3040b,16,16,0,0,16,0.0
vr20hyge,bcb3040b,32,32,0,0,32,0.0
1xogp17t,bcb3040b,21,5,16,0,5,0.7619047619047619
t2eyvuxq,bcb3040b,18,18,0,0,18,0.0
qv0yh587,bcb3040b,4,3,1,0,3,0.25
a589fsqz,bcb3040b,18,18,0,0,18,0.0
mlvcv31l,bcb3040b,16,16,0,0,16,0.0
k8txaw58,bcb3040b,16,16,0,0,16,0.0
o4kkkuj9,bcb3040b,16,16,0,0,16,0.0
wcau806y,bcb3040b,16,16,0,0,16,0.0
6p8vl3lk,bcb3040b,47,47,0,0,47,0.0
2j8p9vyz,bcb3040b,18,18,0,0,18,0.0
s03ed531,bcb3040b,17,17,0,0,17,0.0
mrwlcmno,bcb3040b,16,16,0,0,16,0.0
ew4oecfi,bcb3040b,16,16,0,0,16,0.0
ni5df01j,bcb3040b,16,16,0,0,16,0.0
eyn3wygc,bcb3040b,16,16,0,0,16,0.0
l5sagbsh,bcb3040b,16,16,0,0,16,0.0
v6jvgdvg,bcb3040b,11,11,0,0,11,0.0
ljwskxcq,bcb3040b,18,18,0,0,18,0.0
3irnkhq8,bcb3040b,55,55,0,0,55,0.0
4s9g1cze,bcb3040b,16,16,0,0,16,0.0
zj5uemkt,bcb3040b,17,17,0,0,17,0.0
kwy2bqjo,bcb3040b,16,16,0,0,16,0.0
bw2cwy0m,bcb3040b,16,16,0,0,16,0.0
uktb326q,bcb3040b,20,20,0,0,20,0.0
cuybsfwr,bcb3040b,28,27,0,1,27,0.0
0ra11hiv,bcb3040b,19,19,0,0,19,0.0
y32zaw9c,bcb3040b,16,16,0,0,16,0.0
02333qfj,bcb3040b,16,16,0,0,16,0.0
qfsp3ery,bcb3040b,16,16,0,0,16,0.0
q04yitea,bcb3040b,16,16,0,0,16,0.0
44o5xnxe,bcb3040b,16,16,0,0,16,0.0
sn10zd6g,bcb3040b,16,16,0,0,16,0.0
hsm45iwx,bcb3040b,18,18,0,0,18,0.0
e2w81k0i,bcb3040b,16,16,0,0,16,0.0
4s3cm7d8,bcb3040b,30,30,0,0,30,0.0
89u58v07,bcb3040b,16,16,0,0,16,0.0
095bdwyc,bcb3040b,20,20,0,0,20,0.0
szbhlpfr,bcb3040b,2,2,0,0,2,0.0
phbjwkyw,bcb3040b,19,19,0,0,19,0.0
c7z6erey,bcb3040b,16,16,0,0,16,0.0
8aknstxj,bcb3040b,16,16,0,0,16,0.0
f0wpo2hr,bcb3040b,16,16,0,0,16,0.0
plfupad7,bcb3040b,16,15,1,0,15,0.0625
ism64anu,bcb3040b,16,16,0,0,16,0.0
zvbewhqx,bcb3040b,16,16,0,0,16,0.0
0hrc9vve,bcb3040b,63,4,59,0,4,0.9365079365079365
r24jdhzg,bcb3040b,16,16,0,0,16,0.0
3cc6zm51,bcb3040b,40,39,0,1,39,0.0
ske58akk,bcb3040b,18,18,0,0,18,0.0
ovhoesyy,bcb3040b,16,16,0,0,16,0.0
nze0azo1,bcb3040b,16,16,0,0,16,0.0
r2ck84r8,bcb3040b,17,17,0,0,17,0.0
xeu3j3ki,bcb3040b,16,16,0,0,16,0.0
npr5bsi2,bcb3040b,16,16,0,0,16,0.0
ym49wqbn,bcb3040b,23,23,0,0,23,0.0
154uk6vm,bcb3040b,12,12,0,0,12,0.0
emwp6wq7,bcb3040b,16,16,0,0,16,0.0
pad0sufd,bcb3040b,16,16,0,0,16,0.0
61zahdh9,bcb3040b,16,16,0,0,16,0.0
5hz183aa,bcb3040b,34,1,33,0,1,0.9705882352941176
o5qropwk,bcb3040b,23,23,0,0,23,0.0
5nrjvc7q,bcb3040b,18,18,0,0,18,0.0
ol9lky1i,bcb3040b,45,39,6,0,39,0.13333333333333333
clucow7d,bcb3040b,16,16,0,0,16,0.0
3d2as981,bcb3040b,28,28,0,0,28,0.0
cghxa2ie,bcb3040b,16,16,0,0,16,0.0
bmlngyh3,bcb3040b,16,16,0,0,16,0.0
74l1qvc1,bcb3040b,11,1,10,0,1,0.9090909090909091
byx9jkxm,bcb3040b,16,16,0,0,16,0.0
nvlsix5c,bcb3040b,16,16,0,0,16,0.0
6e5gb0yb,bcb3040b,16,16,0,0,16,0.0
bdfn1h0o,bcb3040b,19,17,2,0,17,0.10526315789473684
dmft9d3y,bcb3040b,18,18,0,0,18,0.0
ikfbpugl,bcb3040b,51,48,3,0,48,0.058823529411764705
d33m799j,bcb3040b,24,1,23,0,1,0.9583333333333334
kmwiem6m,bcb3040b,19,19,0,0,19,0.0
5pds9j1d,bcb3040b,16,16,0,0,16,0.0
27d8totr,bcb3040b,16,16,0,0,16,0.0
qothvfhf,bcb3040b,16,16,0,0,16,0.0
cp3b83py,bcb3040b,23,19,4,0,19,0.17391304347826086
xklnx39q,bcb3040b,18,18,0,0,18,0.0
pz38obzd,bcb3040b,26,26,0,0,26,0.0
nrfiw9bx,bcb3040b,16,16,0,0,16,0.0
om1m73rv,bcb3040b,18,18,0,0,18,0.0
vbwguazj,bcb3040b,16,16,0,0,16,0.0
7agy8y3l,bcb3040b,29,29,0,0,29,0.0
mhskzwic,bcb3040b,16,16,0,0,16,0.0
8yhijukj,bcb3040b,28,24,4,0,24,0.14285714285714285
8jwr3j6t,bcb3040b,18,18,0,0,18,0.0
pcrxo3zp,bcb3040b,16,16,0,0,16,0.0
kkeej6x5,bcb3040b,16,16,0,0,16,0.0
f5ktzt2t,bcb3040b,16,16,0,0,16,0.0
mr7lkk46,bcb3040b,20,19,1,0,19,0.05
5vv1rrzw,bcb3040b,29,27,2,0,27,0.06896551724137931
2w766g1z,bcb3040b,20,20,0,0,20,0.0
m63pxnwq,bcb3040b,16,16,0,0,16,0.0
onnumbyy,bcb3040b,16,16,0,0,16,0.0
ler5uq42,bcb3040b,32,32,0,0,32,0.0
4wx63ymf,bcb3040b,16,16,0,0,16,0.0
nfbzvhip,bcb3040b,18,18,0,0,18,0.0
nldu5ge3,bcb3040b,16,16,0,0,16,0.0
t3l0if03,bcb3040b,16,16,0,0,16,0.0
8d21w3yr,bcb3040b,25,25,0,0,25,0.0
4j6cy1mk,bcb3040b,16,16,0,0,16,0.0
oxvw1rhx,bcb3040b,29,27,2,0,27,0.06896551724137931
wa9xd98o,bcb3040b,18,18,0,0,18,0.0
2anyuqd8,bcb3040b,19,19,0,0,19,0.0
1r6yodve,bcb3040b,185,185,0,0,185,0.0
w12e497z,bcb3040b,230,8,222,0,8,0.9652173913043478
9ohxtpht,bcb3040b,16,16,0,0,16,0.0
zfeorjum,bcb3040b,16,16,0,0,16,0.0
hkj9daz7,bcb3040b,16,16,0,0,16,0.0
sp00glmz,bcb3040b,95,95,0,0,95,0.0
mpzcivx9,bcb3040b,16,16,0,0,16,0.0
clhkwrie,bcb3040b,16,16,0,0,16,0.0
1qt2f29y,bcb3040b,50,50,0,0,50,0.0
23iyreiv,bcb3040b,38,38,0,0,38,0.0
ya0wv6pm,bcb3040b,16,16,0,0,16,0.0
2ke9hbes,bcb3040b,57,56,1,0,56,0.017543859649122806
9evwb372,bcb3040b,16,16,0,0,16,0.0
z8b26ynw,bcb3040b,34,30,4,0,30,0.11764705882352941
zelqv7az,bcb3040b,16,16,0,0,16,0.0
cfclud8z,bcb3040b,16,16,0,0,16,0.0
jx6lhkbi,bcb3040b,16,16,0,0,16,0.0
ascil7wf,bcb3040b,31,26,5,0,26,0.16129032258064516
aypxap78,bcb3040b,16,16,0,0,16,0.0
l0nln4b2,bcb3040b,25,25,0,0,25,0.0
8y2nd2sh,bcb3040b,22,18,4,0,18,0.18181818181818182
jqeesfz7,bcb3040b,16,16,0,0,16,0.0
kck1uue7,bcb3040b,19,17,2,0,17,0.10526315789473684
nx0vccp8,bcb3040b,16,16,0,0,16,0.0
8psac9uo,bcb3040b,16,16,0,0,16,0.0
qfiy90jx,bcb3040b,18,18,0,0,18,0.0
8oohxrrz,bcb3040b,17,17,0,0,17,0.0
o2ho0580,bcb3040b,80,3,77,0,3,0.9625
bx44xwzb,bcb3040b,18,18,0,0,18,0.0
c9sps7bl,bcb3040b,16,16,0,0,16,0.0
g3vslpjv,bcb3040b,16,16,0,0,16,0.0
2d8q4qkc,bcb3040b,16,16,0,0,16,0.0
7nszfy43,bcb3040b,24,24,0,0,24,0.0
b73rrttr,bcb3040b,20,20,0,0,20,0.0
4kl3i3tv,bcb3040b,32,31,0,1,31,0.0
idma9086,bcb3040b,16,16,0,0,16,0.0
r99uy0qb,bcb3040b,16,16,0,0,16,0.0
kavvl57w,bcb3040b,16,16,0,0,16,0.0
yebzokh4,bcb3040b,20,20,0,0,20,0.0
yfyhejim,bcb3040b,16,16,0,0,16,0.0
2tkm21z6,bcb3040b,18,18,0,0,18,0.0
0yfthc4y,bcb3040b,49,49,0,0,49,0.0
ei0ij8ms,bcb3040b,17,17,0,0,17,0.0
ldo5smvx,bcb3040b,16,16,0,0,16,0.0
qu0lm98m,bcb3040b,23,23,0,0,23,0.0
jayyv6lz,bcb3040b,16,15,1,0,15,0.0625
fgxp8fzz,bcb3040b,16,16,0,0,16,0.0
189iqcds,bcb3040b,16,16,0,0,16,0.0
mzi8f2hv,bcb3040b,16,16,0,0,16,0.0
gkse9wdn,bcb3040b,18,18,0,0,18,0.0
72p6pxny,bcb3040b,34,34,0,0,34,0.0
rhbgnqhz,bcb3040b,16,16,0,0,16,0.0
hd5k29qy,bcb3040b,16,16,0,0,16,0.0
g7svteiz,bcb3040b,22,22,0,0,22,0.0
c2lwacqc,bcb3040b,75,75,0,0,75,0.0
cw4tyx7n,bcb3040b,15,2,13,0,2,0.8666666666666667
zj5uemkt,1f642eb9,7,7,0,0,7,0.0
4s9g1cze,1f642eb9,7,7,0,0,7,0.0
3irnkhq8,1f642eb9,14,14,0,0,14,0.0
ljwskxcq,1f642eb9,7,7,0,0,7,0.0
l5sagbsh,1f642eb9,7,7,0,0,7,0.0
v6jvgdvg,1f642eb9,7,7,0,0,7,0.0
uktb326q,1f642eb9,8,8,0,0,8,0.0
bw2cwy0m,1f642eb9,9,9,0,0,9,0.0
kwy2bqjo,1f642eb9,52,18,34,0,18,0.6538461538461539
cdo2cmtp,1f642eb9,7,7,0,0,7,0.0
k8txaw58,1f642eb9,7,7,0,0,7,0.0
o4kkkuj9,1f642eb9,7,7,0,0,7,0.0
mlvcv31l,1f642eb9,7,7,0,0,7,0.0
d1vjrjhc,1f642eb9,7,7,0,0,7,0.0
a589fsqz,1f642eb9,7,7,0,0,7,0.0
qv0yh587,1f642eb9,7,7,0,0,7,0.0
t2eyvuxq,1f642eb9,7,7,0,0,7,0.0
eyn3wygc,1f642eb9,7,7,0,0,7,0.0
ni5df01j,1f642eb9,7,7,0,0,7,0.0
ew4oecfi,1f642eb9,7,7,0,0,7,0.0
mrwlcmno,1f642eb9,7,7,0,0,7,0.0
s03ed531,1f642eb9,8,8,0,0,8,0.0
2j8p9vyz,1f642eb9,7,7,0,0,7,0.0
wcau806y,1f642eb9,7,7,0,0,7,0.0
sesf1qnx,1f642eb9,7,7,0,0,7,0.0
ce9qdbyh,1f642eb9,1,1,0,0,1,0.0
j2dvablb,1f642eb9,7,7,0,0,7,0.0
904h81sn,1f642eb9,7,7,0,0,7,0.0
so5k1adg,1f642eb9,8,8,0,0,8,0.0
nhds6zsd,1f642eb9,7,7,0,0,7,0.0
vr20hyge,1f642eb9,8,8,0,0,8,0.0
4stfwpke,1f642eb9,7,7,0,0,7,0.0
648anokh,1f642eb9,7,7,0,0,7,0.0
zc26r1al,1f642eb9,7,7,0,0,7,0.0
rjanlii9,1f642eb9,7,7,0,0,7,0.0
c7ac53of,1f642eb9,3,3,0,0,3,0.0
8bgj1tsd,1f642eb9,9,9,0,0,9,0.0
tc5wgx8h,1f642eb9,7,7,0,0,7,0.0
f1ejz9fy,1f642eb9,7,7,0,0,7,0.0
vpxztp7b,1f642eb9,7,7,0,0,7,0.0
a9gvtd1o,1f642eb9,40,15,25,0,15,0.625
e0biso3r,1f642eb9,7,7,0,0,7,0.0
41kp06jx,1f642eb9,7,7,0,0,7,0.0
lmtka1ev,1f642eb9,7,7,0,0,7,0.0
a6jpzpek,1f642eb9,24,18,6,0,18,0.25
6eyovdd2,1f642eb9,23,10,13,0,10,0.5652173913043478
dmft9d3y,1f642eb9,7,7,0,0,7,0.0
6e5gb0yb,1f642eb9,9,9,0,0,9,0.0
icf7bchs,1f642eb9,28,28,0,0,28,0.0
bhpug29p,1f642eb9,7,7,0,0,7,0.0
l9krayds,1f642eb9,31,15,16,0,15,0.5161290322580645
aqmjput5,1f642eb9,40,20,20,0,20,0.5
cp3b83py,1f642eb9,7,7,0,0,7,0.0
qothvfhf,1f642eb9,7,7,0,0,7,0.0
fkx2gd88,1f642eb9,7,7,0,0,7,0.0
27d8totr,1f642eb9,7,7,0,0,7,0.0
kmwiem6m,1f642eb9,7,7,0,0,7,0.0
d33m799j,1f642eb9,22,7,15,0,7,0.6818181818181818
ikfbpugl,1f642eb9,7,7,0,0,7,0.0
5nrjvc7q,1f642eb9,7,7,0,0,7,0.0
o5qropwk,1f642eb9,16,16,0,0,16,0.0
61zahdh9,1f642eb9,7,7,0,0,7,0.0
pad0sufd,1f642eb9,7,7,0,0,7,0.0
emwp6wq7,1f642eb9,7,7,0,0,7,0.0
npr5bsi2,1f642eb9,9,9,0,0,9,0.0
ym49wqbn,1f642eb9,7,7,0,0,7,0.0
xeu3j3ki,1f642eb9,10,10,0,0,10,0.0
byx9jkxm,1f642eb9,7,7,0,0,7,0.0
j2pjmr32,1f642eb9,23,23,0,0,23,0.0
bmlngyh3,1f642eb9,7,7,0,0,7,0.0
3d2as981,1f642eb9,17,17,0,0,17,0.0
cghxa2ie,1f642eb9,8,8,0,0,8,0.0
clucow7d,1f642eb9,9,9,0,0,9,0.0
zvbewhqx,1f642eb9,7,7,0,0,7,0.0
0hrc9vve,1f642eb9,15,6,9,0,6,0.6
ism64anu,1f642eb9,7,7,0,0,7,0.0
n2et79bd,1f642eb9,1,1,0,0,1,0.0
plfupad7,1f642eb9,7,7,0,0,7,0.0
f0wpo2hr,1f642eb9,21,21,0,0,21,0.0
qazkn1sw,1f642eb9,17,11,6,0,11,0.35294117647058826
c7z6erey,1f642eb9,7,7,0,0,7,0.0
8aknstxj,1f642eb9,7,7,0,0,7,0.0
hpl7jugr,1f642eb9,40,15,25,0,15,0.625
r2ck84r8,1f642eb9,7,7,0,0,7,0.0
nze0azo1,1f642eb9,40,15,25,0,15,0.625
ovhoesyy,1f642eb9,7,7,0,0,7,0.0
ske58akk,1f642eb9,7,7,0,0,7,0.0
3cc6zm51,1f642eb9,7,7,0,0,7,0.0
stbyxpx6,1f642eb9,7,7,0,0,7,0.0
r24jdhzg,1f642eb9,7,7,0,0,7,0.0
qkiu92kk,1f642eb9,7,7,0,0,7,0.0
44o5xnxe,1f642eb9,7,7,0,0,7,0.0
qfsp3ery,1f642eb9,9,9,0,0,9,0.0
q04yitea,1f642eb9,7,7,0,0,7,0.0
y32zaw9c,1f642eb9,7,7,0,0,7,0.0
cuybsfwr,1f642eb9,9,8,1,0,8,0.1111111111111111
phbjwkyw,1f642eb9,7,7,0,0,7,0.0
szbhlpfr,1f642eb9,21,21,0,0,21,0.0
89u58v07,1f642eb9,7,7,0,0,7,0.0
e2w81k0i,1f642eb9,7,7,0,0,7,0.0
4s3cm7d8,1f642eb9,7,7,0,0,7,0.0
hsm45iwx,1f642eb9,7,7,0,0,7,0.0
sn10zd6g,1f642eb9,14,14,0,0,14,0.0
ya0wv6pm,1f642eb9,7,7,0,0,7,0.0
9evwb372,1f642eb9,7,7,0,0,7,0.0
clhkwrie,1f642eb9,7,7,0,0,7,0.0
1qt2f29y,1f642eb9,7,7,0,0,7,0.0
mpzcivx9,1f642eb9,7,7,0,0,7,0.0
sp00glmz,1f642eb9,8,8,0,0,8,0.0
jx6lhkbi,1f642eb9,7,7,0,0,7,0.0
cfclud8z,1f642eb9,33,33,0,0,33,0.0
z8b26ynw,1f642eb9,7,7,0,0,7,0.0
zelqv7az,1f642eb9,7,7,0,0,7,0.0
4j6cy1mk,1f642eb9,23,22,1,0,22,0.043478260869565216
oxvw1rhx,1f642eb9,7,7,0,0,7,0.0
318gokyy,1f642eb9,11,11,0,0,11,0.0
8d21w3yr,1f642eb9,21,21,0,0,21,0.0
zfeorjum,1f642eb9,7,7,0,0,7,0.0
hkj9daz7,1f642eb9,7,7,0,0,7,0.0
w12e497z,1f642eb9,43,10,33,0,10,0.7674418604651163
9ohxtpht,1f642eb9,7,7,0,0,7,0.0
k0qq522n,1f642eb9,7,7,0,0,7,0.0
2anyuqd8,1f642eb9,7,7,0,0,7,0.0
1r6yodve,1f642eb9,29,29,0,0,29,0.0
2w766g1z,1f642eb9,83,23,60,0,23,0.7228915662650602
5vv1rrzw,1f642eb9,23,23,0,0,23,0.0
mr7lkk46,1f642eb9,9,9,0,0,9,0.0
nqubyvew,1f642eb9,7,7,0,0,7,0.0
bcyhma9y,1f642eb9,1,1,0,0,1,0.0
pcrxo3zp,1f642eb9,35,17,18,0,17,0.5142857142857142
kkeej6x5,1f642eb9,7,7,0,0,7,0.0
f5ktzt2t,1f642eb9,7,7,0,0,7,0.0
nldu5ge3,1f642eb9,7,7,0,0,7,0.0
t3l0if03,1f642eb9,7,7,0,0,7,0.0
nfbzvhip,1f642eb9,7,7,0,0,7,0.0
4wx63ymf,1f642eb9,10,10,0,0,10,0.0
ler5uq42,1f642eb9,7,7,0,0,7,0.0
onnumbyy,1f642eb9,7,7,0,0,7,0.0
m63pxnwq,1f642eb9,46,15,31,0,15,0.6739130434782609
nrfiw9bx,1f642eb9,7,7,0,0,7,0.0
xklnx39q,1f642eb9,7,7,0,0,7,0.0
pz38obzd,1f642eb9,11,11,0,0,11,0.0
p445h6ow,1f642eb9,9,9,0,0,9,0.0
8jwr3j6t,1f642eb9,7,7,0,0,7,0.0
z3die4q3,1f642eb9,7,7,0,0,7,0.0
8yhijukj,1f642eb9,9,9,0,0,9,0.0
50nsp39w,1f642eb9,7,7,0,0,7,0.0
mhskzwic,1f642eb9,7,7,0,0,7,0.0
vbwguazj,1f642eb9,23,23,0,0,23,0.0
7agy8y3l,1f642eb9,9,9,0,0,9,0.0
o1t1fb7j,1f642eb9,11,10,1,0,10,0.09090909090909091
om1m73rv,1f642eb9,21,21,0,0,21,0.0
hd5k29qy,1f642eb9,7,7,0,0,7,0.0
72p6pxny,1f642eb9,7,7,0,0,7,0.0
rhbgnqhz,1f642eb9,7,7,0,0,7,0.0
mzi8f2hv,1f642eb9,7,7,0,0,7,0.0
189iqcds,1f642eb9,9,9,0,0,9,0.0
fgxp8fzz,1f642eb9,7,7,0,0,7,0.0
cw4tyx7n,1f642eb9,2,2,0,0,2,0.0
g7svteiz,1f642eb9,22,22,0,0,22,0.0
c2lwacqc,1f642eb9,21,20,1,0,20,0.047619047619047616
ei0ij8ms,1f642eb9,7,7,0,0,7,0.0
0yfthc4y,1f642eb9,21,21,0,0,21,0.0
2tkm21z6,1f642eb9,7,7,0,0,7,0.0
yfyhejim,1f642eb9,50,22,28,0,22,0.56
jayyv6lz,1f642eb9,7,7,0,0,7,0.0
qu0lm98m,1f642eb9,7,7,0,0,7,0.0
ldo5smvx,1f642eb9,7,7,0,0,7,0.0
2d8q4qkc,1f642eb9,7,7,0,0,7,0.0
g3vslpjv,1f642eb9,7,7,0,0,7,0.0
c9sps7bl,1f642eb9,7,7,0,0,7,0.0
bx44xwzb,1f642eb9,7,7,0,0,7,0.0
o2ho0580,1f642eb9,10,8,2,0,8,0.2
8oohxrrz,1f642eb9,24,19,5,0,19,0.20833333333333334
qfiy90jx,1f642eb9,7,7,0,0,7,0.0
x5id5i5q,1f642eb9,7,7,0,0,7,0.0
yebzokh4,1f642eb9,7,7,0,0,7,0.0
kavvl57w,1f642eb9,47,15,32,0,15,0.6808510638297872
r99uy0qb,1f642eb9,7,7,0,0,7,0.0
b73rrttr,1f642eb9,5,5,0,0,5,0.0
0fy66fv2,1f642eb9,9,9,0,0,9,0.0
qif0sa3r,1f642eb9,8,8,0,0,8,0.0
8y2nd2sh,1f642eb9,7,7,0,0,7,0.0
l0nln4b2,1f642eb9,7,7,0,0,7,0.0
aypxap78,1f642eb9,24,22,2,0,22,0.08333333333333333
ascil7wf,1f642eb9,21,21,0,0,21,0.0
8psac9uo,1f642eb9,7,7,0,0,7,0.0
nx0vccp8,1f642eb9,7,7,0,0,7,0.0
kck1uue7,1f642eb9,33,17,16,0,17,0.48484848484848486
xji13cu2,1f642eb9,7,7,0,0,7,0.0
jqeesfz7,1f642eb9,7,7,0,0,7,0.0
clhkwrie,4b6b68e5,158,9,149,0,9,0.9430379746835443
1qt2f29y,4b6b68e5,229,89,140,0,89,0.611353711790393
mpzcivx9,4b6b68e5,191,20,171,0,20,0.8952879581151832
sp00glmz,4b6b68e5,223,9,213,1,9,0.9551569506726457
ya0wv6pm,4b6b68e5,214,52,162,0,52,0.7570093457943925
9evwb372,4b6b68e5,185,17,168,0,17,0.9081081081081082
cfclud8z,4b6b68e5,185,21,164,0,21,0.8864864864864865
z8b26ynw,4b6b68e5,241,15,226,0,15,0.9377593360995851
zelqv7az,4b6b68e5,216,26,190,0,26,0.8796296296296297
jx6lhkbi,4b6b68e5,367,22,345,0,22,0.9400544959128065
4j6cy1mk,4b6b68e5,178,74,104,0,74,0.5842696629213483
fl73adm5,4b6b68e5,246,6,240,0,6,0.975609756097561
oxvw1rhx,4b6b68e5,159,158,1,0,158,0.006289308176100629
8d21w3yr,4b6b68e5,217,89,128,0,89,0.5898617511520737
wa9xd98o,4b6b68e5,561,355,206,0,355,0.3672014260249554
cbvc5e3w,4b6b68e5,152,152,0,0,152,0.0
2anyuqd8,4b6b68e5,158,158,0,0,158,0.0
1r6yodve,4b6b68e5,287,287,0,0,287,0.0
zfeorjum,4b6b68e5,176,37,139,0,37,0.7897727272727273
hkj9daz7,4b6b68e5,201,19,182,0,19,0.9054726368159204
w12e497z,4b6b68e5,281,77,204,0,77,0.7259786476868327
9ohxtpht,4b6b68e5,171,20,151,0,20,0.8830409356725146
pcrxo3zp,4b6b68e5,194,24,170,0,24,0.8762886597938144
f5ktzt2t,4b6b68e5,252,13,239,0,13,0.9484126984126984
kkeej6x5,4b6b68e5,176,38,138,0,38,0.7840909090909091
2w766g1z,4b6b68e5,181,16,165,0,16,0.9116022099447514
mr7lkk46,4b6b68e5,184,28,156,0,28,0.8478260869565217
nqubyvew,4b6b68e5,301,91,210,0,91,0.6976744186046512
onnumbyy,4b6b68e5,167,65,102,0,65,0.6107784431137725
m63pxnwq,4b6b68e5,239,24,215,0,24,0.899581589958159
nldu5ge3,4b6b68e5,179,17,162,0,17,0.9050279329608939
t3l0if03,4b6b68e5,196,22,174,0,22,0.8877551020408163
4wx63ymf,4b6b68e5,186,18,168,0,18,0.9032258064516129
nfbzvhip,4b6b68e5,172,165,7,0,165,0.040697674418604654
pz38obzd,4b6b68e5,300,26,274,0,26,0.9133333333333333
xklnx39q,4b6b68e5,220,9,211,0,9,0.9590909090909091
nrfiw9bx,4b6b68e5,192,22,170,0,22,0.8854166666666666
vbwguazj,4b6b68e5,174,23,151,0,23,0.867816091954023
7agy8y3l,4b6b68e5,171,14,157,0,14,0.9181286549707602
o1t1fb7j,4b6b68e5,425,33,392,0,33,0.9223529411764706
om1m73rv,4b6b68e5,193,17,176,0,17,0.9119170984455959
8jwr3j6t,4b6b68e5,235,17,218,0,17,0.9276595744680851
z3die4q3,4b6b68e5,198,15,183,0,15,0.9242424242424242
8yhijukj,4b6b68e5,176,21,155,0,21,0.8806818181818182
mhskzwic,4b6b68e5,162,71,91,0,71,0.5617283950617284
mzi8f2hv,4b6b68e5,220,19,201,0,19,0.9136363636363637
189iqcds,4b6b68e5,182,17,165,0,17,0.9065934065934066
fgxp8fzz,4b6b68e5,214,12,202,0,12,0.9439252336448598
xgvto4mg,4b6b68e5,138,116,22,0,116,0.15942028985507245
hd5k29qy,4b6b68e5,183,19,164,0,19,0.8961748633879781
72p6pxny,4b6b68e5,183,47,136,0,47,0.7431693989071039
rhbgnqhz,4b6b68e5,191,16,175,0,16,0.9162303664921466
gkse9wdn,4b6b68e5,167,167,0,0,167,0.0
g7svteiz,4b6b68e5,171,31,140,0,31,0.8187134502923976
yfyhejim,4b6b68e5,385,42,343,0,42,0.8909090909090909
ei0ij8ms,4b6b68e5,181,18,163,0,18,0.9005524861878453
0yfthc4y,4b6b68e5,199,36,163,0,36,0.8190954773869347
2tkm21z6,4b6b68e5,157,157,0,0,157,0.0
ldo5smvx,4b6b68e5,190,21,169,0,21,0.8894736842105263
jayyv6lz,4b6b68e5,179,68,111,0,68,0.6201117318435754
qu0lm98m,4b6b68e5,199,14,185,0,14,0.9296482412060302
8oohxrrz,4b6b68e5,185,25,160,0,25,0.8648648648648649
qfiy90jx,4b6b68e5,177,21,156,0,21,0.8813559322033898
x5id5i5q,4b6b68e5,201,30,171,0,30,0.8507462686567164
2d8q4qkc,4b6b68e5,226,12,214,0,12,0.9469026548672567
g3vslpjv,4b6b68e5,164,25,139,0,25,0.8475609756097561
c9sps7bl,4b6b68e5,228,7,221,0,7,0.9692982456140351
bx44xwzb,4b6b68e5,176,19,157,0,19,0.8920454545454546
o2ho0580,4b6b68e5,96,8,88,0,8,0.9166666666666666
idma9086,4b6b68e5,200,17,183,0,17,0.915
r99uy0qb,4b6b68e5,221,36,185,0,36,0.8371040723981901
b73rrttr,4b6b68e5,6,6,0,0,6,0.0
0fy66fv2,4b6b68e5,27,27,0,0,27,0.0
yebzokh4,4b6b68e5,174,87,87,0,87,0.5
kavvl57w,4b6b68e5,201,10,191,0,10,0.9502487562189055
l0nln4b2,4b6b68e5,175,17,158,0,17,0.9028571428571428
aypxap78,4b6b68e5,251,10,241,0,10,0.9601593625498008
ascil7wf,4b6b68e5,184,19,165,0,19,0.8967391304347826
8y2nd2sh,4b6b68e5,186,21,165,0,21,0.8870967741935484
xji13cu2,4b6b68e5,193,8,185,0,8,0.9585492227979274
jqeesfz7,4b6b68e5,170,170,0,0,170,0.0
nx0vccp8,4b6b68e5,171,90,81,0,90,0.47368421052631576
8psac9uo,4b6b68e5,167,36,131,0,36,0.7844311377245509
kck1uue7,4b6b68e5,197,20,177,0,20,0.8984771573604061
3irnkhq8,4b6b68e5,198,20,178,0,20,0.898989898989899
4s9g1cze,4b6b68e5,233,11,222,0,11,0.9527896995708155
v6jvgdvg,4b6b68e5,161,78,83,0,78,0.515527950310559
l5sagbsh,4b6b68e5,384,18,366,0,18,0.953125
ljwskxcq,4b6b68e5,184,17,167,0,17,0.907608695652174
zj5uemkt,4b6b68e5,179,21,158,0,21,0.88268156424581
uktb326q,4b6b68e5,167,140,27,0,140,0.16167664670658682
bw2cwy0m,4b6b68e5,179,56,123,0,56,0.6871508379888268
kwy2bqjo,4b6b68e5,240,9,231,0,9,0.9625
qv0yh587,4b6b68e5,158,147,11,0,147,0.06962025316455696
t2eyvuxq,4b6b68e5,189,21,168,0,21,0.8888888888888888
mlvcv31l,4b6b68e5,240,9,231,0,9,0.9625
o4kkkuj9,4b6b68e5,188,63,125,0,63,0.6648936170212766
k8txaw58,4b6b68e5,175,17,158,0,17,0.9028571428571428
d1vjrjhc,4b6b68e5,186,19,167,0,19,0.8978494623655914
a589fsqz,4b6b68e5,187,34,153,0,34,0.8181818181818182
s03ed531,4b6b68e5,171,171,0,0,171,0.0
2j8p9vyz,4b6b68e5,173,26,147,0,26,0.8497109826589595
wcau806y,4b6b68e5,3,3,0,0,3,0.0
ni5df01j,4b6b68e5,166,18,148,0,18,0.891566265060241
eyn3wygc,4b6b68e5,204,50,154,0,50,0.7549019607843137
ew4oecfi,4b6b68e5,182,19,163,0,19,0.8956043956043956
mrwlcmno,4b6b68e5,165,96,69,0,96,0.41818181818181815
ce9qdbyh,4b6b68e5,192,33,159,0,33,0.828125
j2dvablb,4b6b68e5,223,15,208,0,15,0.9327354260089686
904h81sn,4b6b68e5,210,22,188,0,22,0.8952380952380953
sesf1qnx,4b6b68e5,200,10,190,0,10,0.95
4stfwpke,4b6b68e5,230,12,218,0,12,0.9478260869565217
nhds6zsd,4b6b68e5,155,140,15,0,140,0.0967741935483871
vr20hyge,4b6b68e5,3,3,0,0,3,0.0
jeq3oy2g,4b6b68e5,29,2,27,0,2,0.9310344827586207
mrypomny,4b6b68e5,154,107,47,0,107,0.3051948051948052
rjanlii9,4b6b68e5,179,18,161,0,18,0.8994413407821229
c7ac53of,4b6b68e5,73,73,0,0,73,0.0
8bgj1tsd,4b6b68e5,311,114,197,0,114,0.6334405144694534
tc5wgx8h,4b6b68e5,182,21,161,0,21,0.8846153846153846
qqqzakmg,4b6b68e5,1,1,0,0,1,0.0
648anokh,4b6b68e5,175,18,157,0,18,0.8971428571428571
zc26r1al,4b6b68e5,312,312,0,0,312,0.0
a0w1xgxf,4b6b68e5,169,48,121,0,48,0.7159763313609467
41kp06jx,4b6b68e5,211,22,189,0,22,0.8957345971563981
lmtka1ev,4b6b68e5,181,17,164,0,17,0.9060773480662984
a6jpzpek,4b6b68e5,171,10,161,0,10,0.9415204678362573
6eyovdd2,4b6b68e5,187,27,160,0,27,0.8556149732620321
f1ejz9fy,4b6b68e5,196,31,165,0,31,0.8418367346938775
a9gvtd1o,4b6b68e5,227,14,213,0,14,0.9383259911894273
e0biso3r,4b6b68e5,199,18,181,0,18,0.9095477386934674
icf7bchs,4b6b68e5,1,1,0,0,1,0.0
l9krayds,4b6b68e5,366,143,223,0,143,0.6092896174863388
aqmjput5,4b6b68e5,209,17,192,0,17,0.9186602870813397
dmft9d3y,4b6b68e5,171,41,130,0,41,0.7602339181286549
6e5gb0yb,4b6b68e5,269,14,255,0,14,0.9479553903345725
kmwiem6m,4b6b68e5,189,20,169,0,20,0.8941798941798942
d33m799j,4b6b68e5,88,4,84,0,4,0.9545454545454546
ikfbpugl,4b6b68e5,242,12,230,0,12,0.9504132231404959
cp3b83py,4b6b68e5,190,17,173,0,17,0.9105263157894737
qothvfhf,4b6b68e5,169,114,55,0,114,0.3254437869822485
27d8totr,4b6b68e5,159,26,133,0,26,0.8364779874213837
fkx2gd88,4b6b68e5,180,19,161,0,19,0.8944444444444445
pad0sufd,4b6b68e5,184,23,161,0,23,0.875
emwp6wq7,4b6b68e5,211,5,206,0,5,0.976303317535545
npr5bsi2,4b6b68e5,223,22,201,0,22,0.9013452914798207
ym49wqbn,4b6b68e5,201,20,181,0,20,0.900497512437811
154uk6vm,4b6b68e5,19,4,15,0,4,0.7894736842105263
xeu3j3ki,4b6b68e5,178,21,157,0,21,0.8820224719101124
5nrjvc7q,4b6b68e5,175,38,137,0,38,0.7828571428571428
o5qropwk,4b6b68e5,201,21,180,0,21,0.8955223880597015
5hz183aa,4b6b68e5,532,208,324,0,208,0.6090225563909775
61zahdh9,4b6b68e5,176,18,158,0,18,0.8977272727272727
bmlngyh3,4b6b68e5,196,21,175,0,21,0.8928571428571429
3d2as981,4b6b68e5,390,36,354,0,36,0.9076923076923077
cghxa2ie,4b6b68e5,206,15,191,0,15,0.9271844660194175
clucow7d,4b6b68e5,240,18,222,0,18,0.925
74l1qvc1,4b6b68e5,217,26,191,0,26,0.880184331797235
byx9jkxm,4b6b68e5,190,18,172,0,18,0.9052631578947369
f0wpo2hr,4b6b68e5,184,20,164,0,20,0.8913043478260869
qazkn1sw,4b6b68e5,27,6,21,0,6,0.7777777777777778
c7z6erey,4b6b68e5,166,18,148,0,18,0.891566265060241
8aknstxj,4b6b68e5,212,16,196,0,16,0.9245283018867925
zvbewhqx,4b6b68e5,224,18,206,0,18,0.9196428571428571
0hrc9vve,4b6b68e5,53,3,50,0,3,0.9433962264150944
n2et79bd,4b6b68e5,185,25,160,0,25,0.8648648648648649
ism64anu,4b6b68e5,187,24,163,0,24,0.8716577540106952
plfupad7,4b6b68e5,171,41,130,0,41,0.7602339181286549
ske58akk,4b6b68e5,181,25,156,0,25,0.861878453038674
ovhoesyy,4b6b68e5,174,24,150,0,24,0.8620689655172413
3cc6zm51,4b6b68e5,157,157,0,0,157,0.0
stbyxpx6,4b6b68e5,220,71,149,0,71,0.6772727272727272
hpl7jugr,4b6b68e5,242,10,232,0,10,0.9586776859504132
nze0azo1,4b6b68e5,199,20,179,0,20,0.8994974874371859
r2ck84r8,4b6b68e5,168,45,123,0,45,0.7321428571428571
y32zaw9c,4b6b68e5,151,141,10,0,141,0.06622516556291391
0ra11hiv,4b6b68e5,201,10,191,0,10,0.9502487562189055
qkiu92kk,4b6b68e5,178,63,115,0,63,0.6460674157303371
44o5xnxe,4b6b68e5,178,17,161,0,17,0.9044943820224719
qfsp3ery,4b6b68e5,190,24,166,0,24,0.8736842105263158
q04yitea,4b6b68e5,188,57,130,1,57,0.6914893617021277
02333qfj,4b6b68e5,227,27,200,0,27,0.8810572687224669
e2w81k0i,4b6b68e5,217,12,205,0,12,0.9447004608294931
4s3cm7d8,4b6b68e5,158,116,42,0,116,0.26582278481012656
hsm45iwx,4b6b68e5,181,18,163,0,18,0.9005524861878453
sn10zd6g,4b6b68e5,169,19,150,0,19,0.8875739644970414
phbjwkyw,4b6b68e5,219,22,197,0,22,0.8995433789954338
89u58v07,4b6b68e5,180,24,156,0,24,0.8666666666666667
a0w1xgxf,3eda0437,14,4,10,0,4,0.7142857142857143
41kp06jx,3eda0437,12,3,9,0,3,0.75
a6jpzpek,3eda0437,3,3,0,0,3,0.0
6eyovdd2,3eda0437,11,2,9,0,2,0.8181818181818182
vpxztp7b,3eda0437,10,1,9,0,1,0.9
f1ejz9fy,3eda0437,22,4,18,0,4,0.8181818181818182
e0biso3r,3eda0437,9,1,8,0,1,0.8888888888888888
rjanlii9,3eda0437,9,1,8,0,1,0.8888888888888888
c7ac53of,3eda0437,8,4,4,0,4,0.5
mrypomny,3eda0437,9,9,0,0,9,0.0
8bgj1tsd,3eda0437,9,1,8,0,1,0.8888888888888888
tc5wgx8h,3eda0437,9,1,8,0,1,0.8888888888888888
648anokh,3eda0437,9,1,8,0,1,0.8888888888888888
qqqzakmg,3eda0437,42,2,38,2,2,0.9047619047619048
zc26r1al,3eda0437,9,9,0,0,9,0.0
4stfwpke,3eda0437,10,2,8,0,2,0.8
nhds6zsd,3eda0437,20,20,0,0,20,0.0
vr20hyge,3eda0437,18,11,7,0,11,0.3888888888888889
03ljcqhc,3eda0437,9,1,8,0,1,0.8888888888888888
904h81sn,3eda0437,9,1,8,0,1,0.8888888888888888
so5k1adg,3eda0437,22,22,0,0,22,0.0
j2dvablb,3eda0437,9,1,8,0,1,0.8888888888888888
xasfvnb7,3eda0437,21,21,0,0,21,0.0
sesf1qnx,3eda0437,11,1,10,0,1,0.9090909090909091
6p8vl3lk,3eda0437,9,1,8,0,1,0.8888888888888888
2j8p9vyz,3eda0437,10,1,9,0,1,0.9
s03ed531,3eda0437,9,9,0,0,9,0.0
wcau806y,3eda0437,6,6,0,0,6,0.0
eyn3wygc,3eda0437,9,8,1,0,8,0.1111111111111111
ni5df01j,3eda0437,9,1,8,0,1,0.8888888888888888
mrwlcmno,3eda0437,9,9,0,0,9,0.0
ew4oecfi,3eda0437,21,3,18,0,3,0.8571428571428571
t2eyvuxq,3eda0437,9,1,8,0,1,0.8888888888888888
qv0yh587,3eda0437,58,58,0,0,58,0.0
d1vjrjhc,3eda0437,9,9,0,0,9,0.0
k8txaw58,3eda0437,9,1,8,0,1,0.8888888888888888
o4kkkuj9,3eda0437,26,5,21,0,5,0.8076923076923077
mlvcv31l,3eda0437,9,1,8,0,1,0.8888888888888888
a589fsqz,3eda0437,9,1,8,0,1,0.8888888888888888
cdo2cmtp,3eda0437,30,6,24,0,6,0.8
uktb326q,3eda0437,21,21,0,0,21,0.0
bw2cwy0m,3eda0437,9,9,0,0,9,0.0
kwy2bqjo,3eda0437,21,3,18,0,3,0.8571428571428571
ljwskxcq,3eda0437,10,1,9,0,1,0.9
v6jvgdvg,3eda0437,9,8,1,0,8,0.1111111111111111
4s9g1cze,3eda0437,24,3,21,0,3,0.875
3irnkhq8,3eda0437,9,1,8,0,1,0.8888888888888888
hsm45iwx,3eda0437,9,9,0,0,9,0.0
e2w81k0i,3eda0437,9,1,8,0,1,0.8888888888888888
4s3cm7d8,3eda0437,9,2,7,0,2,0.7777777777777778
sn10zd6g,3eda0437,9,1,8,0,1,0.8888888888888888
szbhlpfr,3eda0437,71,71,0,0,71,0.0
phbjwkyw,3eda0437,9,1,8,0,1,0.8888888888888888
095bdwyc,3eda0437,34,33,1,0,33,0.029411764705882353
y32zaw9c,3eda0437,22,22,0,0,22,0.0
cuybsfwr,3eda0437,9,1,8,0,1,0.8888888888888888
0ra11hiv,3eda0437,30,30,0,0,30,0.0
44o5xnxe,3eda0437,9,9,0,0,9,0.0
qkiu92kk,3eda0437,9,9,0,0,9,0.0
02333qfj,3eda0437,9,1,8,0,1,0.8888888888888888
qfsp3ery,3eda0437,9,9,0,0,9,0.0
q04yitea,3eda0437,24,4,20,0,4,0.8333333333333334
3cc6zm51,3eda0437,9,9,0,0,9,0.0
ovhoesyy,3eda0437,10,1,9,0,1,0.9
ske58akk,3eda0437,47,15,32,0,15,0.6808510638297872
r24jdhzg,3eda0437,40,17,23,0,17,0.575
stbyxpx6,3eda0437,9,1,8,0,1,0.8888888888888888
hpl7jugr,3eda0437,15,2,13,0,2,0.8666666666666667
r2ck84r8,3eda0437,12,2,10,0,2,0.8333333333333334
nze0azo1,3eda0437,21,13,8,0,13,0.38095238095238093
qazkn1sw,3eda0437,3,3,0,0,3,0.0
f0wpo2hr,3eda0437,9,1,8,0,1,0.8888888888888888
c7z6erey,3eda0437,9,1,8,0,1,0.8888888888888888
zvbewhqx,3eda0437,18,6,12,0,6,0.6666666666666666
plfupad7,3eda0437,45,10,35,0,10,0.7777777777777778
ism64anu,3eda0437,29,4,25,0,4,0.8620689655172413
n2et79bd,3eda0437,13,2,11,0,2,0.8461538461538461
bmlngyh3,3eda0437,58,7,51,0,7,0.8793103448275862
clucow7d,3eda0437,33,7,26,0,7,0.7878787878787878
3d2as981,3eda0437,9,9,0,0,9,0.0
cghxa2ie,3eda0437,43,5,38,0,5,0.8837209302325582
74l1qvc1,3eda0437,22,8,14,0,8,0.6363636363636364
byx9jkxm,3eda0437,21,3,18,0,3,0.8571428571428571
emwp6wq7,3eda0437,31,6,25,0,6,0.8064516129032258
pad0sufd,3eda0437,9,1,8,0,1,0.8888888888888888
npr5bsi2,3eda0437,9,9,0,0,9,0.0
ym49wqbn,3eda0437,14,2,12,0,2,0.8571428571428571
154uk6vm,3eda0437,10,10,0,0,10,0.0
o5qropwk,3eda0437,22,3,19,0,3,0.8636363636363636
5nrjvc7q,3eda0437,21,21,0,0,21,0.0
ol9lky1i,3eda0437,9,1,8,0,1,0.8888888888888888
61zahdh9,3eda0437,40,11,29,0,11,0.725
kmwiem6m,3eda0437,18,4,14,0,4,0.7777777777777778
ikfbpugl,3eda0437,11,2,9,0,2,0.8181818181818182
d33m799j,3eda0437,5,1,4,0,1,0.8
cp3b83py,3eda0437,9,1,8,0,1,0.8888888888888888
fkx2gd88,3eda0437,31,4,27,0,4,0.8709677419354839
27d8totr,3eda0437,21,21,0,0,21,0.0
qothvfhf,3eda0437,25,16,9,0,16,0.36
icf7bchs,3eda0437,70,54,16,0,54,0.22857142857142856
aqmjput5,3eda0437,38,7,31,0,7,0.8157894736842105
f5ohsl5h,3eda0437,9,1,8,0,1,0.8888888888888888
dmft9d3y,3eda0437,9,1,8,0,1,0.8888888888888888
6e5gb0yb,3eda0437,30,9,21,0,9,0.7
om1m73rv,3eda0437,9,1,8,0,1,0.8888888888888888
vbwguazj,3eda0437,21,8,13,0,8,0.6190476190476191
7agy8y3l,3eda0437,9,7,2,0,7,0.2222222222222222
8jwr3j6t,3eda0437,25,12,13,0,12,0.52
mhskzwic,3eda0437,9,2,7,0,2,0.7777777777777778
8yhijukj,3eda0437,9,1,8,0,1,0.8888888888888888
xklnx39q,3eda0437,9,1,8,0,1,0.8888888888888888
pz38obzd,3eda0437,11,2,9,0,2,0.8181818181818182
m63pxnwq,3eda0437,11,1,10,0,1,0.9090909090909091
nldu5ge3,3eda0437,20,3,17,0,3,0.85
t3l0if03,3eda0437,14,4,10,0,4,0.7142857142857143
ler5uq42,3eda0437,33,33,0,0,33,0.0
4wx63ymf,3eda0437,21,3,18,0,3,0.8571428571428571
pcrxo3zp,3eda0437,83,33,50,0,33,0.6024096385542169
kkeej6x5,3eda0437,9,9,0,0,9,0.0
f5ktzt2t,3eda0437,18,2,16,0,2,0.8888888888888888
mr7lkk46,3eda0437,11,1,10,0,1,0.9090909090909091
2w766g1z,3eda0437,65,15,50,0,15,0.7692307692307693
0wk7vjg8,3eda0437,30,24,6,0,24,0.2
k0qq522n,3eda0437,9,9,0,0,9,0.0
cbvc5e3w,3eda0437,69,69,0,0,69,0.0
zfeorjum,3eda0437,9,9,0,0,9,0.0
hkj9daz7,3eda0437,13,1,12,0,1,0.9230769230769231
w12e497z,3eda0437,230,54,176,0,54,0.7652173913043478
9ohxtpht,3eda0437,9,1,8,0,1,0.8888888888888888
4j6cy1mk,3eda0437,9,2,7,0,2,0.7777777777777778
fl73adm5,3eda0437,9,1,8,0,1,0.8888888888888888
oxvw1rhx,3eda0437,30,30,0,0,30,0.0
8d21w3yr,3eda0437,49,32,17,0,32,0.3469387755102041
wa9xd98o,3eda0437,12,2,10,0,2,0.8333333333333334
cfclud8z,3eda0437,10,1,9,0,1,0.9
z8b26ynw,3eda0437,9,1,8,0,1,0.8888888888888888
zelqv7az,3eda0437,21,21,0,0,21,0.0
jx6lhkbi,3eda0437,9,1,8,0,1,0.8888888888888888
mpzcivx9,3eda0437,22,2,20,0,2,0.9090909090909091
clhkwrie,3eda0437,9,1,8,0,1,0.8888888888888888
1qt2f29y,3eda0437,11,1,10,0,1,0.9090909090909091
sp00glmz,3eda0437,10,10,0,0,10,0.0
23iyreiv,3eda0437,9,2,7,0,2,0.7777777777777778
ya0wv6pm,3eda0437,9,9,0,0,9,0.0
9evwb372,3eda0437,9,1,8,0,1,0.8888888888888888
2ke9hbes,3eda0437,9,9,0,0,9,0.0
jqeesfz7,3eda0437,24,24,0,0,24,0.0
xji13cu2,3eda0437,10,1,9,0,1,0.9
9pjr0waw,3eda0437,13,13,0,0,13,0.0
kck1uue7,3eda0437,9,1,8,0,1,0.8888888888888888
8psac9uo,3eda0437,9,7,2,0,7,0.2222222222222222
nx0vccp8,3eda0437,9,9,0,0,9,0.0
aypxap78,3eda0437,9,1,8,0,1,0.8888888888888888
l0nln4b2,3eda0437,21,21,0,0,21,0.0
ascil7wf,3eda0437,9,1,8,0,1,0.8888888888888888
8y2nd2sh,3eda0437,9,1,8,0,1,0.8888888888888888
idma9086,3eda0437,9,1,8,0,1,0.8888888888888888
r99uy0qb,3eda0437,8,3,5,0,3,0.625
b73rrttr,3eda0437,10,10,0,0,10,0.0
yebzokh4,3eda0437,9,9,0,0,9,0.0
kavvl57w,3eda0437,12,1,11,0,1,0.9166666666666666
qfiy90jx,3eda0437,18,3,15,0,3,0.8333333333333334
8oohxrrz,3eda0437,15,3,12,0,3,0.8
x5id5i5q,3eda0437,9,9,0,0,9,0.0
g3vslpjv,3eda0437,9,1,8,0,1,0.8888888888888888
2d8q4qkc,3eda0437,9,1,8,0,1,0.8888888888888888
o2ho0580,3eda0437,29,8,21,0,8,0.7241379310344828
bx44xwzb,3eda0437,9,9,0,0,9,0.0
c9sps7bl,3eda0437,31,5,26,0,5,0.8387096774193549
ldo5smvx,3eda0437,9,1,8,0,1,0.8888888888888888
qu0lm98m,3eda0437,24,6,18,0,6,0.75
jayyv6lz,3eda0437,23,22,1,0,22,0.043478260869565216
yfyhejim,3eda0437,22,4,18,0,4,0.8181818181818182
0yfthc4y,3eda0437,52,13,39,0,13,0.75
ei0ij8ms,3eda0437,9,1,8,0,1,0.8888888888888888
2tkm21z6,3eda0437,9,9,0,0,9,0.0
yc52i3qf,3eda0437,9,9,0,0,9,0.0
g7svteiz,3eda0437,9,5,4,0,5,0.4444444444444444
c2lwacqc,3eda0437,35,34,1,0,34,0.02857142857142857
cw4tyx7n,3eda0437,2,2,0,0,2,0.0
189iqcds,3eda0437,21,3,18,0,3,0.8571428571428571
mzi8f2hv,3eda0437,34,5,29,0,5,0.8529411764705882
fgxp8fzz,3eda0437,22,3,19,0,3,0.8636363636363636
72p6pxny,3eda0437,9,1,8,0,1,0.8888888888888888
rhbgnqhz,3eda0437,9,1,8,0,1,0.8888888888888888
hd5k29qy,3eda0437,9,9,0,0,9,0.0
gkse9wdn,3eda0437,9,9,0,0,9,0.0
bmlngyh3,21f83797,406,61,345,0,61,0.8497536945812808
clucow7d,21f83797,107,15,92,0,15,0.8598130841121495
3d2as981,21f83797,101,14,87,0,14,0.8613861386138614
cghxa2ie,21f83797,103,5,98,0,5,0.9514563106796117
byx9jkxm,21f83797,106,14,92,0,14,0.8679245283018868
j2pjmr32,21f83797,86,17,69,0,17,0.8023255813953488
emwp6wq7,21f83797,138,15,123,0,15,0.8913043478260869
pad0sufd,21f83797,109,5,104,0,5,0.9541284403669725
xeu3j3ki,21f83797,186,18,168,0,18,0.9032258064516129
npr5bsi2,21f83797,94,9,85,0,9,0.9042553191489362
154uk6vm,21f83797,71,4,67,0,4,0.9436619718309859
ym49wqbn,21f83797,145,18,127,0,18,0.8758620689655172
o5qropwk,21f83797,195,63,132,0,63,0.676923076923077
5nrjvc7q,21f83797,229,37,192,0,37,0.8384279475982532
ol9lky1i,21f83797,103,12,91,0,12,0.883495145631068
61zahdh9,21f83797,89,11,78,0,11,0.8764044943820225
5hz183aa,21f83797,153,115,38,0,115,0.24836601307189543
kmwiem6m,21f83797,85,8,77,0,8,0.9058823529411765
5pds9j1d,21f83797,84,84,0,0,84,0.0
ikfbpugl,21f83797,108,7,101,0,7,0.9351851851851852
d33m799j,21f83797,93,12,81,0,12,0.8709677419354839
27d8totr,21f83797,103,7,96,0,7,0.9320388349514563
qothvfhf,21f83797,78,78,0,0,78,0.0
91fk0af9,21f83797,117,9,108,0,9,0.9230769230769231
icf7bchs,21f83797,173,102,71,0,102,0.41040462427745666
aqmjput5,21f83797,121,20,101,0,20,0.8347107438016529
l9krayds,21f83797,34,5,29,0,5,0.8529411764705882
bhpug29p,21f83797,141,19,122,0,19,0.8652482269503546
f5ohsl5h,21f83797,103,7,96,0,7,0.9320388349514563
nvlsix5c,21f83797,64,63,1,0,63,0.015625
dmft9d3y,21f83797,93,24,69,0,24,0.7419354838709677
6e5gb0yb,21f83797,137,28,109,0,28,0.7956204379562044
hsm45iwx,21f83797,98,12,86,0,12,0.8775510204081632
e2w81k0i,21f83797,138,21,117,0,21,0.8478260869565217
4s3cm7d8,21f83797,87,24,63,0,24,0.7241379310344828
sn10zd6g,21f83797,96,18,78,0,18,0.8125
szbhlpfr,21f83797,108,13,95,0,13,0.8796296296296297
phbjwkyw,21f83797,230,74,156,0,74,0.6782608695652174
89u58v07,21f83797,100,10,90,0,10,0.9
y32zaw9c,21f83797,79,79,0,0,79,0.0
cuybsfwr,21f83797,244,18,226,0,18,0.9262295081967213
44o5xnxe,21f83797,124,31,93,0,31,0.75
qkiu92kk,21f83797,132,15,117,0,15,0.8863636363636364
02333qfj,21f83797,89,5,84,0,5,0.9438202247191011
qfsp3ery,21f83797,165,60,105,0,60,0.6363636363636364
q04yitea,21f83797,88,6,82,0,6,0.9318181818181818
3cc6zm51,21f83797,91,41,50,0,41,0.5494505494505495
ovhoesyy,21f83797,176,8,168,0,8,0.9545454545454546
ske58akk,21f83797,209,36,173,0,36,0.8277511961722488
r24jdhzg,21f83797,130,25,105,0,25,0.8076923076923077
hpl7jugr,21f83797,105,9,96,0,9,0.9142857142857143
r2ck84r8,21f83797,80,22,58,0,22,0.725
nze0azo1,21f83797,260,29,231,0,29,0.8884615384615384
qazkn1sw,21f83797,97,59,38,0,59,0.3917525773195876
f0wpo2hr,21f83797,174,10,164,0,10,0.9425287356321839
8aknstxj,21f83797,79,47,32,0,47,0.4050632911392405
c7z6erey,21f83797,80,11,69,0,11,0.8625
zvbewhqx,21f83797,110,4,106,0,4,0.9636363636363636
0hrc9vve,21f83797,128,18,110,0,18,0.859375
plfupad7,21f83797,96,18,78,0,18,0.8125
ism64anu,21f83797,102,10,92,0,10,0.9019607843137255
2j8p9vyz,21f83797,83,12,71,0,12,0.8554216867469879
s03ed531,21f83797,81,81,0,0,81,0.0
wcau806y,21f83797,80,22,58,0,22,0.725
eyn3wygc,21f83797,107,8,99,0,8,0.9252336448598131
ni5df01j,21f83797,91,5,86,0,5,0.945054945054945
mrwlcmno,21f83797,80,80,0,0,80,0.0
ew4oecfi,21f83797,86,5,81,0,5,0.9418604651162791
t2eyvuxq,21f83797,133,7,126,0,7,0.9473684210526315
qv0yh587,21f83797,9,9,0,0,9,0.0
d1vjrjhc,21f83797,94,6,88,0,6,0.9361702127659575
k8txaw58,21f83797,94,6,88,0,6,0.9361702127659575
o4kkkuj9,21f83797,176,115,61,0,115,0.3465909090909091
mlvcv31l,21f83797,123,13,110,0,13,0.8943089430894309
a589fsqz,21f83797,105,12,93,0,12,0.8857142857142857
cdo2cmtp,21f83797,78,78,0,0,78,0.0
uktb326q,21f83797,90,49,40,1,49,0.4444444444444444
kwy2bqjo,21f83797,92,8,84,0,8,0.9130434782608695
bw2cwy0m,21f83797,90,6,84,0,6,0.9333333333333333
ljwskxcq,21f83797,99,11,88,0,11,0.8888888888888888
v6jvgdvg,21f83797,90,10,80,0,10,0.8888888888888888
l5sagbsh,21f83797,100,14,86,0,14,0.86
4s9g1cze,21f83797,99,6,93,0,6,0.9393939393939394
3irnkhq8,21f83797,262,30,232,0,30,0.8854961832061069
zj5uemkt,21f83797,78,78,0,0,78,0.0
lmtka1ev,21f83797,101,13,88,0,13,0.8712871287128713
41kp06jx,21f83797,89,10,79,0,10,0.8876404494382022
a0w1xgxf,21f83797,202,53,149,0,53,0.7376237623762376
6eyovdd2,21f83797,84,18,66,0,18,0.7857142857142857
a6jpzpek,21f83797,21,2,19,0,2,0.9047619047619048
vpxztp7b,21f83797,92,39,53,0,39,0.5760869565217391
f1ejz9fy,21f83797,109,13,96,0,13,0.8807339449541285
a9gvtd1o,21f83797,94,19,75,0,19,0.7978723404255319
e0biso3r,21f83797,101,6,95,0,6,0.9405940594059405
rjanlii9,21f83797,95,14,81,0,14,0.8526315789473684
c7ac53of,21f83797,2,2,0,0,2,0.0
jeq3oy2g,21f83797,116,4,112,0,4,0.9655172413793104
mrypomny,21f83797,90,53,37,0,53,0.4111111111111111
tc5wgx8h,21f83797,103,17,86,0,17,0.8349514563106796
8bgj1tsd,21f83797,89,30,59,0,30,0.6629213483146067
648anokh,21f83797,110,21,89,0,21,0.8090909090909091
nhds6zsd,21f83797,78,78,0,0,78,0.0
vr20hyge,21f83797,80,80,0,0,80,0.0
ce9qdbyh,21f83797,153,10,143,0,10,0.934640522875817
904h81sn,21f83797,93,7,86,0,7,0.9247311827956989
so5k1adg,21f83797,78,78,0,0,78,0.0
j2dvablb,21f83797,113,11,102,0,11,0.9026548672566371
xasfvnb7,21f83797,163,38,125,0,38,0.7668711656441718
sesf1qnx,21f83797,150,12,138,0,12,0.92
qu0lm98m,21f83797,233,36,197,0,36,0.8454935622317596
jayyv6lz,21f83797,84,5,79,0,5,0.9404761904761905
yfyhejim,21f83797,159,10,149,0,10,0.9371069182389937
0yfthc4y,21f83797,175,14,161,0,14,0.92
ei0ij8ms,21f83797,163,23,140,0,23,0.8588957055214724
2tkm21z6,21f83797,82,82,0,0,82,0.0
g7svteiz,21f83797,79,39,40,0,39,0.5063291139240507
c2lwacqc,21f83797,113,20,93,0,20,0.8230088495575221
cw4tyx7n,21f83797,65,26,39,0,26,0.6
189iqcds,21f83797,122,9,113,0,9,0.9262295081967213
mzi8f2hv,21f83797,125,19,106,0,19,0.848
xgvto4mg,21f83797,95,35,60,0,35,0.631578947368421
fgxp8fzz,21f83797,88,7,81,0,7,0.9204545454545454
72p6pxny,21f83797,291,32,259,0,32,0.8900343642611683
rhbgnqhz,21f83797,89,8,81,0,8,0.9101123595505618
hd5k29qy,21f83797,114,10,104,0,10,0.9122807017543859
gkse9wdn,21f83797,83,83,0,0,83,0.0
jqeesfz7,21f83797,114,114,0,0,114,0.0
xji13cu2,21f83797,79,50,29,0,50,0.3670886075949367
9pjr0waw,21f83797,94,20,74,0,20,0.7872340425531915
kck1uue7,21f83797,105,38,66,1,38,0.6285714285714286
8psac9uo,21f83797,84,19,65,0,19,0.7738095238095238
nx0vccp8,21f83797,146,46,100,0,46,0.684931506849315
aypxap78,21f83797,92,11,81,0,11,0.8804347826086957
l0nln4b2,21f83797,80,19,61,0,19,0.7625
ascil7wf,21f83797,86,17,69,0,17,0.8023255813953488
8y2nd2sh,21f83797,95,13,82,0,13,0.8631578947368421
idma9086,21f83797,235,22,213,0,22,0.9063829787234042
r99uy0qb,21f83797,92,25,67,0,25,0.7282608695652174
b73rrttr,21f83797,33,33,0,0,33,0.0
yebzokh4,21f83797,139,81,58,0,81,0.4172661870503597
qfiy90jx,21f83797,90,13,77,0,13,0.8555555555555555
8oohxrrz,21f83797,88,5,83,0,5,0.9431818181818182
g3vslpjv,21f83797,89,14,75,0,14,0.8426966292134831
2d8q4qkc,21f83797,169,14,155,0,14,0.9171597633136095
o2ho0580,21f83797,50,9,41,0,9,0.82
c9sps7bl,21f83797,131,13,118,0,13,0.9007633587786259
0wk7vjg8,21f83797,86,7,79,0,7,0.9186046511627907
2anyuqd8,21f83797,78,78,0,0,78,0.0
1r6yodve,21f83797,80,80,0,0,80,0.0
k0qq522n,21f83797,90,57,33,0,57,0.36666666666666664
hkj9daz7,21f83797,88,11,77,0,11,0.875
zfeorjum,21f83797,164,26,138,0,26,0.8414634146341463
w12e497z,21f83797,5,5,0,0,5,0.0
9ohxtpht,21f83797,83,15,68,0,15,0.8192771084337349
fl73adm5,21f83797,161,12,149,0,12,0.9254658385093167
4j6cy1mk,21f83797,98,13,85,0,13,0.8673469387755102
oxvw1rhx,21f83797,114,13,101,0,13,0.8859649122807017
8d21w3yr,21f83797,136,19,117,0,19,0.8602941176470589
cfclud8z,21f83797,107,3,104,0,3,0.9719626168224299
z8b26ynw,21f83797,93,5,88,0,5,0.946236559139785
zelqv7az,21f83797,92,5,87,0,5,0.9456521739130435
jx6lhkbi,21f83797,104,9,95,0,9,0.9134615384615384
mpzcivx9,21f83797,99,11,88,0,11,0.8888888888888888
1qt2f29y,21f83797,81,79,2,0,79,0.024691358024691357
clhkwrie,21f83797,233,22,211,0,22,0.9055793991416309
sp00glmz,21f83797,101,14,87,0,14,0.8613861386138614
ya0wv6pm,21f83797,78,47,31,0,47,0.3974358974358974
9evwb372,21f83797,90,5,85,0,5,0.9444444444444444
om1m73rv,21f83797,139,36,103,0,36,0.7410071942446043
vbwguazj,21f83797,94,28,66,0,28,0.7021276595744681
o1t1fb7j,21f83797,128,25,103,0,25,0.8046875
7agy8y3l,21f83797,236,16,220,0,16,0.9322033898305084
p445h6ow,21f83797,203,19,184,0,19,0.9064039408866995
8jwr3j6t,21f83797,166,18,148,0,18,0.891566265060241
z3die4q3,21f83797,131,15,116,0,15,0.8854961832061069
mhskzwic,21f83797,120,32,88,0,32,0.7333333333333333
8yhijukj,21f83797,86,9,77,0,9,0.8953488372093024
50nsp39w,21f83797,85,11,74,0,11,0.8705882352941177
xklnx39q,21f83797,120,7,113,0,7,0.9416666666666667
pz38obzd,21f83797,108,21,87,0,21,0.8055555555555556
nrfiw9bx,21f83797,91,9,82,0,9,0.9010989010989011
m63pxnwq,21f83797,91,6,85,0,6,0.9340659340659341
nldu5ge3,21f83797,88,6,82,0,6,0.9318181818181818
t3l0if03,21f83797,89,6,83,0,6,0.9325842696629213
ler5uq42,21f83797,78,78,0,0,78,0.0
nfbzvhip,21f83797,166,95,71,0,95,0.42771084337349397
4wx63ymf,21f83797,100,20,80,0,20,0.8
bcyhma9y,21f83797,85,85,0,0,85,0.0
pcrxo3zp,21f83797,107,6,101,0,6,0.9439252336448598
kkeej6x5,21f83797,93,29,64,0,29,0.6881720430107527
f5ktzt2t,21f83797,108,10,98,0,10,0.9074074074074074
mr7lkk46,21f83797,91,8,83,0,8,0.9120879120879121
2w766g1z,21f83797,86,9,77,0,9,0.8953488372093024
nqubyvew,21f83797,96,24,72,0,24,0.75
8y2nd2sh,6ea4a07e,10,4,6,0,4,0.6
ascil7wf,6ea4a07e,4,4,0,0,4,0.0
aypxap78,6ea4a07e,8,8,0,0,8,0.0
l0nln4b2,6ea4a07e,9,9,0,0,9,0.0
kck1uue7,6ea4a07e,9,3,6,0,3,0.6666666666666666
8psac9uo,6ea4a07e,4,4,0,0,4,0.0
nx0vccp8,6ea4a07e,4,4,0,0,4,0.0
jqeesfz7,6ea4a07e,9,9,0,0,9,0.0
o2ho0580,6ea4a07e,14,14,0,0,14,0.0
bx44xwzb,6ea4a07e,9,9,0,0,9,0.0
c9sps7bl,6ea4a07e,9,3,6,0,3,0.6666666666666666
g3vslpjv,6ea4a07e,9,9,0,0,9,0.0
2d8q4qkc,6ea4a07e,9,3,6,0,3,0.6666666666666666
qfiy90jx,6ea4a07e,9,3,6,0,3,0.6666666666666666
8oohxrrz,6ea4a07e,4,2,2,0,2,0.5
kavvl57w,6ea4a07e,4,2,2,0,2,0.5
yebzokh4,6ea4a07e,9,9,0,0,9,0.0
b73rrttr,6ea4a07e,9,9,0,0,9,0.0
r99uy0qb,6ea4a07e,14,4,10,0,4,0.7142857142857143
idma9086,6ea4a07e,4,4,0,0,4,0.0
2tkm21z6,6ea4a07e,9,9,0,0,9,0.0
0yfthc4y,6ea4a07e,9,9,0,0,9,0.0
ei0ij8ms,6ea4a07e,9,3,6,0,3,0.6666666666666666
9wkeb5tu,6ea4a07e,4,4,0,0,4,0.0
yfyhejim,6ea4a07e,9,3,6,0,3,0.6666666666666666
qu0lm98m,6ea4a07e,11,11,0,0,11,0.0
ldo5smvx,6ea4a07e,9,5,4,0,5,0.4444444444444444
rhbgnqhz,6ea4a07e,9,9,0,0,9,0.0
72p6pxny,6ea4a07e,13,5,8,0,5,0.6153846153846154
hd5k29qy,6ea4a07e,4,4,0,0,4,0.0
xgvto4mg,6ea4a07e,23,23,0,0,23,0.0
fgxp8fzz,6ea4a07e,11,5,6,0,5,0.5454545454545454
189iqcds,6ea4a07e,4,2,2,0,2,0.5
mzi8f2hv,6ea4a07e,27,9,18,0,9,0.6666666666666666
c2lwacqc,6ea4a07e,9,9,0,0,9,0.0
g7svteiz,6ea4a07e,9,9,0,0,9,0.0
cw4tyx7n,6ea4a07e,3,2,0,1,2,0.0
yc52i3qf,6ea4a07e,9,9,0,0,9,0.0
nrfiw9bx,6ea4a07e,9,3,6,0,3,0.6666666666666666
xklnx39q,6ea4a07e,9,3,6,0,3,0.6666666666666666
pz38obzd,6ea4a07e,4,4,0,0,4,0.0
mhskzwic,6ea4a07e,4,4,0,0,4,0.0
8yhijukj,6ea4a07e,4,4,0,0,4,0.0
50nsp39w,6ea4a07e,22,18,4,0,18,0.18181818181818182
z3die4q3,6ea4a07e,9,3,6,0,3,0.6666666666666666
p445h6ow,6ea4a07e,9,9,0,0,9,0.0
8jwr3j6t,6ea4a07e,9,9,0,0,9,0.0
om1m73rv,6ea4a07e,9,9,0,0,9,0.0
o1t1fb7j,6ea4a07e,9,9,0,0,9,0.0
7agy8y3l,6ea4a07e,5,5,0,0,5,0.0
nqubyvew,6ea4a07e,4,2,2,0,2,0.5
mr7lkk46,6ea4a07e,9,5,4,0,5,0.4444444444444444
2w766g1z,6ea4a07e,9,9,0,0,9,0.0
kkeej6x5,6ea4a07e,9,5,4,0,5,0.4444444444444444
f5ktzt2t,6ea4a07e,9,3,6,0,3,0.6666666666666666
pcrxo3zp,6ea4a07e,9,9,0,0,9,0.0
ler5uq42,6ea4a07e,10,10,0,0,10,0.0
nfbzvhip,6ea4a07e,5,5,0,0,5,0.0
4wx63ymf,6ea4a07e,12,2,9,1,2,0.75
t3l0if03,6ea4a07e,9,3,6,0,3,0.6666666666666666
nldu5ge3,6ea4a07e,9,9,0,0,9,0.0
m63pxnwq,6ea4a07e,9,5,4,0,5,0.4444444444444444
onnumbyy,6ea4a07e,4,4,0,0,4,0.0
wa9xd98o,6ea4a07e,4,4,0,0,4,0.0
8d21w3yr,6ea4a07e,9,9,0,0,9,0.0
318gokyy,6ea4a07e,9,9,0,0,9,0.0
oxvw1rhx,6ea4a07e,14,6,8,0,6,0.5714285714285714
4j6cy1mk,6ea4a07e,22,22,0,0,22,0.0
fl73adm5,6ea4a07e,4,2,2,0,2,0.5
9ohxtpht,6ea4a07e,9,9,0,0,9,0.0
w12e497z,6ea4a07e,5,1,4,0,1,0.8
zfeorjum,6ea4a07e,4,4,0,0,4,0.0
hkj9daz7,6ea4a07e,9,5,4,0,5,0.4444444444444444
1r6yodve,6ea4a07e,14,14,0,0,14,0.0
wz0zoo1d,6ea4a07e,4,4,0,0,4,0.0
k0qq522n,6ea4a07e,9,9,0,0,9,0.0
cbvc5e3w,6ea4a07e,5,5,0,0,5,0.0
0wk7vjg8,6ea4a07e,9,9,0,0,9,0.0
9evwb372,6ea4a07e,4,2,2,0,2,0.5
ya0wv6pm,6ea4a07e,9,9,0,0,9,0.0
sp00glmz,6ea4a07e,9,5,4,0,5,0.4444444444444444
mpzcivx9,6ea4a07e,9,3,6,0,3,0.6666666666666666
clhkwrie,6ea4a07e,9,9,0,0,9,0.0
1qt2f29y,6ea4a07e,18,18,0,0,18,0.0
jx6lhkbi,6ea4a07e,8,8,0,0,8,0.0
zelqv7az,6ea4a07e,4,4,0,0,4,0.0
z8b26ynw,6ea4a07e,4,2,2,0,2,0.5
cfclud8z,6ea4a07e,9,5,4,0,5,0.4444444444444444
02333qfj,6ea4a07e,9,3,6,0,3,0.6666666666666666
q04yitea,6ea4a07e,4,4,0,0,4,0.0
qfsp3ery,6ea4a07e,9,3,6,0,3,0.6666666666666666
44o5xnxe,6ea4a07e,4,3,1,0,3,0.25
qkiu92kk,6ea4a07e,14,14,0,0,14,0.0
0ra11hiv,6ea4a07e,9,9,0,0,9,0.0
cuybsfwr,6ea4a07e,9,9,0,0,9,0.0
y32zaw9c,6ea4a07e,17,17,0,0,17,0.0
89u58v07,6ea4a07e,9,6,3,0,6,0.3333333333333333
szbhlpfr,6ea4a07e,9,9,0,0,9,0.0
phbjwkyw,6ea4a07e,9,5,4,0,5,0.4444444444444444
sn10zd6g,6ea4a07e,4,3,1,0,3,0.25
hsm45iwx,6ea4a07e,9,9,0,0,9,0.0
e2w81k0i,6ea4a07e,9,3,6,0,3,0.6666666666666666
ism64anu,6ea4a07e,9,9,0,0,9,0.0
n2et79bd,6ea4a07e,9,9,0,0,9,0.0
0hrc9vve,6ea4a07e,5,1,4,0,1,0.8
zvbewhqx,6ea4a07e,9,9,0,0,9,0.0
c7z6erey,6ea4a07e,9,9,0,0,9,0.0
8aknstxj,6ea4a07e,9,9,0,0,9,0.0
qazkn1sw,6ea4a07e,14,14,0,0,14,0.0
f0wpo2hr,6ea4a07e,9,5,4,0,5,0.4444444444444444
r2ck84r8,6ea4a07e,4,2,2,0,2,0.5
nze0azo1,6ea4a07e,9,9,0,0,9,0.0
hpl7jugr,6ea4a07e,9,3,6,0,3,0.6666666666666666
r24jdhzg,6ea4a07e,9,9,0,0,9,0.0
stbyxpx6,6ea4a07e,9,5,4,0,5,0.4444444444444444
3cc6zm51,6ea4a07e,9,9,0,0,9,0.0
ovhoesyy,6ea4a07e,4,4,0,0,4,0.0
ske58akk,6ea4a07e,9,5,4,0,5,0.4444444444444444
61zahdh9,6ea4a07e,9,5,4,0,5,0.4444444444444444
5hz183aa,6ea4a07e,33,32,1,0,32,0.030303030303030304
o5qropwk,6ea4a07e,9,9,0,0,9,0.0
5nrjvc7q,6ea4a07e,9,9,0,0,9,0.0
xeu3j3ki,6ea4a07e,14,14,0,0,14,0.0
ym49wqbn,6ea4a07e,17,13,4,0,13,0.23529411764705882
154uk6vm,6ea4a07e,9,9,0,0,9,0.0
npr5bsi2,6ea4a07e,9,9,0,0,9,0.0
emwp6wq7,6ea4a07e,9,5,4,0,5,0.4444444444444444
pad0sufd,6ea4a07e,9,6,3,0,6,0.3333333333333333
j2pjmr32,6ea4a07e,4,4,0,0,4,0.0
byx9jkxm,6ea4a07e,9,3,6,0,3,0.6666666666666666
74l1qvc1,6ea4a07e,9,9,0,0,9,0.0
clucow7d,6ea4a07e,4,2,2,0,2,0.5
cghxa2ie,6ea4a07e,14,6,8,0,6,0.5714285714285714
3d2as981,6ea4a07e,9,5,4,0,5,0.4444444444444444
bmlngyh3,6ea4a07e,9,9,0,0,9,0.0
pgtp756s,6ea4a07e,9,9,0,0,9,0.0
6e5gb0yb,6ea4a07e,9,3,6,0,3,0.6666666666666666
dmft9d3y,6ea4a07e,4,2,2,0,2,0.5
bdfn1h0o,6ea4a07e,4,4,0,0,4,0.0
aqmjput5,6ea4a07e,6,5,1,0,5,0.16666666666666666
f5ohsl5h,6ea4a07e,9,5,4,0,5,0.4444444444444444
bhpug29p,6ea4a07e,4,4,0,0,4,0.0
icf7bchs,6ea4a07e,4,4,0,0,4,0.0
fkx2gd88,6ea4a07e,4,2,2,0,2,0.5
27d8totr,6ea4a07e,9,9,0,0,9,0.0
qothvfhf,6ea4a07e,9,9,0,0,9,0.0
cp3b83py,6ea4a07e,4,2,2,0,2,0.5
ikfbpugl,6ea4a07e,9,4,5,0,4,0.5555555555555556
d33m799j,6ea4a07e,8,4,4,0,4,0.5
kmwiem6m,6ea4a07e,9,3,6,0,3,0.6666666666666666
zc26r1al,6ea4a07e,13,13,0,0,13,0.0
648anokh,6ea4a07e,4,3,1,0,3,0.25
qqqzakmg,6ea4a07e,13,5,8,0,5,0.6153846153846154
8bgj1tsd,6ea4a07e,9,9,0,0,9,0.0
tc5wgx8h,6ea4a07e,9,9,0,0,9,0.0
c7ac53of,6ea4a07e,5,1,4,0,1,0.8
rjanlii9,6ea4a07e,9,9,0,0,9,0.0
mrypomny,6ea4a07e,10,7,3,0,7,0.3
jeq3oy2g,6ea4a07e,9,9,0,0,9,0.0
e0biso3r,6ea4a07e,4,4,0,0,4,0.0
a9gvtd1o,6ea4a07e,9,9,0,0,9,0.0
vpxztp7b,6ea4a07e,9,9,0,0,9,0.0
f1ejz9fy,6ea4a07e,4,4,0,0,4,0.0
a6jpzpek,6ea4a07e,5,5,0,0,5,0.0
6eyovdd2,6ea4a07e,9,7,2,0,7,0.2222222222222222
lmtka1ev,6ea4a07e,4,2,2,0,2,0.5
a0w1xgxf,6ea4a07e,9,9,0,0,9,0.0
41kp06jx,6ea4a07e,9,3,6,0,3,0.6666666666666666
xasfvnb7,6ea4a07e,4,4,0,0,4,0.0
so5k1adg,6ea4a07e,4,4,0,0,4,0.0
904h81sn,6ea4a07e,9,5,4,0,5,0.4444444444444444
j2dvablb,6ea4a07e,9,9,0,0,9,0.0
ce9qdbyh,6ea4a07e,13,13,0,0,13,0.0
vr20hyge,6ea4a07e,9,9,0,0,9,0.0
nhds6zsd,6ea4a07e,9,5,4,0,5,0.4444444444444444
4stfwpke,6ea4a07e,9,5,4,0,5,0.4444444444444444
a589fsqz,6ea4a07e,4,2,2,0,2,0.5
d1vjrjhc,6ea4a07e,4,4,0,0,4,0.0
k8txaw58,6ea4a07e,10,10,0,0,10,0.0
o4kkkuj9,6ea4a07e,4,4,0,0,4,0.0
mlvcv31l,6ea4a07e,9,5,4,0,5,0.4444444444444444
t2eyvuxq,6ea4a07e,9,9,0,0,9,0.0
qv0yh587,6ea4a07e,5,5,0,0,5,0.0
mrwlcmno,6ea4a07e,9,9,0,0,9,0.0
ew4oecfi,6ea4a07e,4,2,2,0,2,0.5
eyn3wygc,6ea4a07e,9,9,0,0,9,0.0
ni5df01j,6ea4a07e,4,4,0,0,4,0.0
wcau806y,6ea4a07e,9,9,0,0,9,0.0
2j8p9vyz,6ea4a07e,4,3,1,0,3,0.25
s03ed531,6ea4a07e,9,9,0,0,9,0.0
zj5uemkt,6ea4a07e,9,9,0,0,9,0.0
ljwskxcq,6ea4a07e,9,3,6,0,3,0.6666666666666666
v6jvgdvg,6ea4a07e,10,10,0,0,10,0.0
l5sagbsh,6ea4a07e,4,4,0,0,4,0.0
4s9g1cze,6ea4a07e,4,2,2,0,2,0.5
3irnkhq8,6ea4a07e,4,2,2,0,2,0.5
kwy2bqjo,6ea4a07e,13,7,6,0,7,0.46153846153846156
bw2cwy0m,6ea4a07e,9,9,0,0,9,0.0
uktb326q,6ea4a07e,11,11,0,0,11,0.0
phbjwkyw,0a2355a6,116,9,107,0,9,0.9224137931034483
szbhlpfr,0a2355a6,1,1,0,0,1,0.0
89u58v07,0a2355a6,187,10,177,0,10,0.946524064171123
4s3cm7d8,0a2355a6,109,97,12,0,97,0.11009174311926606
e2w81k0i,0a2355a6,93,7,86,0,7,0.9247311827956989
hsm45iwx,0a2355a6,105,17,88,0,17,0.8380952380952381
sn10zd6g,0a2355a6,89,8,81,0,8,0.9101123595505618
qkiu92kk,0a2355a6,109,109,0,0,109,0.0
44o5xnxe,0a2355a6,89,28,61,0,28,0.6853932584269663
q04yitea,0a2355a6,96,40,56,0,40,0.5833333333333334
qfsp3ery,0a2355a6,96,26,70,0,26,0.7291666666666666
y32zaw9c,0a2355a6,88,87,1,0,87,0.011363636363636364
cuybsfwr,0a2355a6,135,12,123,0,12,0.9111111111111111
nze0azo1,0a2355a6,90,11,79,0,11,0.8777777777777778
r2ck84r8,0a2355a6,97,32,65,0,32,0.6701030927835051
hpl7jugr,0a2355a6,93,8,85,0,8,0.9139784946236559
ske58akk,0a2355a6,104,21,83,0,21,0.7980769230769231
ovhoesyy,0a2355a6,96,5,91,0,5,0.9479166666666666
3cc6zm51,0a2355a6,5,5,0,0,5,0.0
stbyxpx6,0a2355a6,92,19,73,0,19,0.7934782608695652
r24jdhzg,0a2355a6,99,22,77,0,22,0.7777777777777778
zvbewhqx,0a2355a6,88,31,57,0,31,0.6477272727272727
n2et79bd,0a2355a6,88,9,79,0,9,0.8977272727272727
ism64anu,0a2355a6,88,88,0,0,88,0.0
plfupad7,0a2355a6,101,19,82,0,19,0.8118811881188119
f0wpo2hr,0a2355a6,94,7,87,0,7,0.925531914893617
qazkn1sw,0a2355a6,103,98,5,0,98,0.04854368932038835
c7z6erey,0a2355a6,86,13,73,0,13,0.8488372093023255
byx9jkxm,0a2355a6,91,7,84,0,7,0.9230769230769231
74l1qvc1,0a2355a6,35,2,33,0,2,0.9428571428571428
bmlngyh3,0a2355a6,559,149,410,0,149,0.7334525939177102
cghxa2ie,0a2355a6,95,6,89,0,6,0.9368421052631579
3d2as981,0a2355a6,229,36,193,0,36,0.8427947598253275
clucow7d,0a2355a6,132,5,127,0,5,0.9621212121212122
5nrjvc7q,0a2355a6,137,28,109,0,28,0.7956204379562044
o5qropwk,0a2355a6,86,85,1,0,85,0.011627906976744186
5hz183aa,0a2355a6,16,1,15,0,1,0.9375
61zahdh9,0a2355a6,86,34,52,0,34,0.6046511627906976
pad0sufd,0a2355a6,89,31,58,0,31,0.651685393258427
emwp6wq7,0a2355a6,97,12,85,0,12,0.8762886597938144
ym49wqbn,0a2355a6,88,10,78,0,10,0.8863636363636364
154uk6vm,0a2355a6,106,106,0,0,106,0.0
npr5bsi2,0a2355a6,94,65,29,0,65,0.30851063829787234
cp3b83py,0a2355a6,87,13,74,0,13,0.8505747126436781
91fk0af9,0a2355a6,243,179,64,0,179,0.26337448559670784
qothvfhf,0a2355a6,86,86,0,0,86,0.0
27d8totr,0a2355a6,90,11,79,0,11,0.8777777777777778
fkx2gd88,0a2355a6,94,5,89,0,5,0.9468085106382979
5pds9j1d,0a2355a6,86,86,0,0,86,0.0
kmwiem6m,0a2355a6,91,8,83,0,8,0.9120879120879121
ikfbpugl,0a2355a6,137,7,130,0,7,0.948905109489051
dmft9d3y,0a2355a6,96,40,56,0,40,0.5833333333333334
6e5gb0yb,0a2355a6,100,10,90,0,10,0.9
icf7bchs,0a2355a6,131,102,29,0,102,0.22137404580152673
nvlsix5c,0a2355a6,240,10,230,0,10,0.9583333333333334
f5ohsl5h,0a2355a6,102,8,94,0,8,0.9215686274509803
l9krayds,0a2355a6,108,108,0,0,108,0.0
aqmjput5,0a2355a6,141,51,90,0,51,0.6382978723404256
f1ejz9fy,0a2355a6,200,22,178,0,22,0.89
vpxztp7b,0a2355a6,216,27,189,0,27,0.875
e0biso3r,0a2355a6,94,5,89,0,5,0.9468085106382979
a9gvtd1o,0a2355a6,93,12,81,0,12,0.8709677419354839
a0w1xgxf,0a2355a6,166,63,103,0,63,0.6204819277108434
41kp06jx,0a2355a6,97,10,87,0,10,0.8969072164948454
a6jpzpek,0a2355a6,160,22,138,0,22,0.8625
qqqzakmg,0a2355a6,43,1,42,0,1,0.9767441860465116
648anokh,0a2355a6,94,6,88,0,6,0.9361702127659575
mrypomny,0a2355a6,86,73,13,0,73,0.1511627906976744
jeq3oy2g,0a2355a6,57,3,54,0,3,0.9473684210526315
c7ac53of,0a2355a6,16,4,12,0,4,0.75
rjanlii9,0a2355a6,86,84,2,0,84,0.023255813953488372
tc5wgx8h,0a2355a6,158,37,121,0,37,0.7658227848101266
nhds6zsd,0a2355a6,86,86,0,0,86,0.0
sesf1qnx,0a2355a6,86,75,11,0,75,0.12790697674418605
xasfvnb7,0a2355a6,88,86,2,0,86,0.022727272727272728
ce9qdbyh,0a2355a6,88,9,79,0,9,0.8977272727272727
j2dvablb,0a2355a6,89,13,76,0,13,0.8539325842696629
so5k1adg,0a2355a6,88,88,0,0,88,0.0
904h81sn,0a2355a6,86,16,70,0,16,0.813953488372093
ni5df01j,0a2355a6,167,8,159,0,8,0.9520958083832335
eyn3wygc,0a2355a6,98,14,84,0,14,0.8571428571428571
08vqizpx,0a2355a6,88,88,0,0,88,0.0
ew4oecfi,0a2355a6,92,4,88,0,4,0.9565217391304348
mrwlcmno,0a2355a6,86,80,6,0,80,0.06976744186046512
s03ed531,0a2355a6,88,88,0,0,88,0.0
2j8p9vyz,0a2355a6,89,11,78,0,11,0.8764044943820225
wcau806y,0a2355a6,10,3,6,1,3,0.6
mlvcv31l,0a2355a6,99,5,94,0,5,0.9494949494949495
k8txaw58,0a2355a6,100,9,91,0,9,0.91
d1vjrjhc,0a2355a6,120,56,64,0,56,0.5333333333333333
7o2tmcr2,0a2355a6,147,123,24,0,123,0.16326530612244897
a589fsqz,0a2355a6,86,28,58,0,28,0.6744186046511628
qv0yh587,0a2355a6,6,6,0,0,6,0.0
t2eyvuxq,0a2355a6,104,8,96,0,8,0.9230769230769231
1xogp17t,0a2355a6,118,64,54,0,64,0.4576271186440678
uktb326q,0a2355a6,100,83,17,0,83,0.17
bw2cwy0m,0a2355a6,100,44,56,0,44,0.56
kwy2bqjo,0a2355a6,93,4,89,0,4,0.956989247311828
cdo2cmtp,0a2355a6,86,86,0,0,86,0.0
zj5uemkt,0a2355a6,86,86,0,0,86,0.0
4s9g1cze,0a2355a6,90,7,83,0,7,0.9222222222222223
v6jvgdvg,0a2355a6,86,86,0,0,86,0.0
l5sagbsh,0a2355a6,95,13,82,0,13,0.8631578947368421
ljwskxcq,0a2355a6,104,5,99,0,5,0.9519230769230769
9pjr0waw,0a2355a6,86,17,69,0,17,0.8023255813953488
nx0vccp8,0a2355a6,120,60,60,0,60,0.5
8psac9uo,0a2355a6,94,35,59,0,35,0.6276595744680851
kck1uue7,0a2355a6,113,15,98,0,15,0.8672566371681416
jqeesfz7,0a2355a6,106,106,0,0,106,0.0
8y2nd2sh,0a2355a6,124,15,109,0,15,0.8790322580645161
l0nln4b2,0a2355a6,86,10,76,0,10,0.8837209302325582
aypxap78,0a2355a6,90,4,86,0,4,0.9555555555555556
ascil7wf,0a2355a6,91,6,85,0,6,0.9340659340659341
yebzokh4,0a2355a6,86,86,0,0,86,0.0
r99uy0qb,0a2355a6,18,3,15,0,3,0.8333333333333334
idma9086,0a2355a6,153,24,129,0,24,0.8431372549019608
7nszfy43,0a2355a6,173,28,145,0,28,0.838150289017341
b73rrttr,0a2355a6,18,18,0,0,18,0.0
g3vslpjv,0a2355a6,87,22,65,0,22,0.7471264367816092
c9sps7bl,0a2355a6,105,7,98,0,7,0.9333333333333333
bx44xwzb,0a2355a6,102,51,51,0,51,0.5
o2ho0580,0a2355a6,264,94,170,0,94,0.6439393939393939
8oohxrrz,0a2355a6,162,16,146,0,16,0.9012345679012346
qfiy90jx,0a2355a6,89,6,83,0,6,0.9325842696629213
jayyv6lz,0a2355a6,127,125,2,0,125,0.015748031496062992
qu0lm98m,0a2355a6,87,10,77,0,10,0.8850574712643678
ldo5smvx,0a2355a6,104,7,97,0,7,0.9326923076923077
ei0ij8ms,0a2355a6,107,10,97,0,10,0.9065420560747663
0yfthc4y,0a2355a6,29,5,24,0,5,0.8275862068965517
2tkm21z6,0a2355a6,89,89,0,0,89,0.0
yfyhejim,0a2355a6,177,11,166,0,11,0.9378531073446328
yc52i3qf,0a2355a6,108,19,89,0,19,0.8240740740740741
cw4tyx7n,0a2355a6,124,88,36,0,88,0.2903225806451613
c2lwacqc,0a2355a6,150,32,118,0,32,0.7866666666666666
g7svteiz,0a2355a6,88,41,47,0,41,0.5340909090909091
hd5k29qy,0a2355a6,205,205,0,0,205,0.0
rhbgnqhz,0a2355a6,96,14,82,0,14,0.8541666666666666
72p6pxny,0a2355a6,87,54,33,0,54,0.3793103448275862
gkse9wdn,0a2355a6,88,88,0,0,88,0.0
mzi8f2hv,0a2355a6,88,21,67,0,21,0.7613636363636364
189iqcds,0a2355a6,100,22,78,0,22,0.78
fgxp8fzz,0a2355a6,92,5,87,0,5,0.9456521739130435
xgvto4mg,0a2355a6,86,86,0,0,86,0.0
z3die4q3,0a2355a6,93,11,82,0,11,0.8817204301075269
8jwr3j6t,0a2355a6,89,17,72,0,17,0.8089887640449438
8yhijukj,0a2355a6,206,32,174,0,32,0.8446601941747572
mhskzwic,0a2355a6,89,49,40,0,49,0.449438202247191
7agy8y3l,0a2355a6,86,32,54,0,32,0.627906976744186
vbwguazj,0a2355a6,104,22,82,0,22,0.7884615384615384
om1m73rv,0a2355a6,87,9,78,0,9,0.896551724137931
nrfiw9bx,0a2355a6,119,18,101,0,18,0.8487394957983193
pz38obzd,0a2355a6,86,12,74,0,12,0.8604651162790697
xklnx39q,0a2355a6,127,9,118,0,9,0.9291338582677166
t3l0if03,0a2355a6,113,13,100,0,13,0.8849557522123894
nldu5ge3,0a2355a6,89,24,65,0,24,0.7303370786516854
4wx63ymf,0a2355a6,95,9,86,0,9,0.9052631578947369
nfbzvhip,0a2355a6,101,11,90,0,11,0.8910891089108911
ler5uq42,0a2355a6,91,91,0,0,91,0.0
onnumbyy,0a2355a6,115,54,61,0,54,0.5304347826086957
m63pxnwq,0a2355a6,89,7,82,0,7,0.9213483146067416
2w766g1z,0a2355a6,86,13,73,0,13,0.8488372093023255
mr7lkk46,0a2355a6,98,5,93,0,5,0.9489795918367347
nqubyvew,0a2355a6,103,25,78,0,25,0.7572815533980582
f5ktzt2t,0a2355a6,157,20,137,0,20,0.8726114649681529
kkeej6x5,0a2355a6,86,21,65,0,21,0.7558139534883721
pcrxo3zp,0a2355a6,131,11,120,0,11,0.916030534351145
zfeorjum,0a2355a6,88,9,79,0,9,0.8977272727272727
hkj9daz7,0a2355a6,88,9,79,0,9,0.8977272727272727
9ohxtpht,0a2355a6,89,10,79,0,10,0.8876404494382022
w12e497z,0a2355a6,147,31,116,0,31,0.7891156462585034
0wk7vjg8,0a2355a6,107,11,96,0,11,0.897196261682243
cbvc5e3w,0a2355a6,193,193,0,0,193,0.0
k0qq522n,0a2355a6,120,8,112,0,8,0.9333333333333333
wa9xd98o,0a2355a6,139,42,97,0,42,0.697841726618705
oxvw1rhx,0a2355a6,129,35,94,0,35,0.7286821705426356
4j6cy1mk,0a2355a6,88,28,60,0,28,0.6818181818181818
fl73adm5,0a2355a6,104,12,92,0,12,0.8846153846153846
8d21w3yr,0a2355a6,100,13,87,0,13,0.87
jx6lhkbi,0a2355a6,97,6,91,0,6,0.9381443298969072
cfclud8z,0a2355a6,97,4,93,0,4,0.9587628865979382
zelqv7az,0a2355a6,87,9,78,0,9,0.896551724137931
9evwb372,0a2355a6,100,14,86,0,14,0.86
ya0wv6pm,0a2355a6,100,97,3,0,97,0.03
clhkwrie,0a2355a6,217,85,132,0,85,0.6082949308755761
1qt2f29y,0a2355a6,142,140,2,0,140,0.014084507042253521
mpzcivx9,0a2355a6,89,10,79,0,10,0.8876404494382022
sp00glmz,0a2355a6,237,30,207,0,30,0.8734177215189873
nvlsix5c,2c608aff,18,18,0,0,18,0.0
f5ohsl5h,2c608aff,21,6,15,0,6,0.7142857142857143
bhpug29p,2c608aff,18,18,0,0,18,0.0
aqmjput5,2c608aff,629,56,573,0,56,0.9109697933227345
l9krayds,2c608aff,659,11,648,0,11,0.9833080424886191
dmft9d3y,2c608aff,24,8,16,0,8,0.6666666666666666
6e5gb0yb,2c608aff,23,7,16,0,7,0.6956521739130435
pgtp756s,2c608aff,36,36,0,0,36,0.0
5pds9j1d,2c608aff,20,20,0,0,20,0.0
kmwiem6m,2c608aff,18,5,13,0,5,0.7222222222222222
d33m799j,2c608aff,50,2,48,0,2,0.96
ikfbpugl,2c608aff,34,12,22,0,12,0.6470588235294118
cp3b83py,2c608aff,18,5,13,0,5,0.7222222222222222
qothvfhf,2c608aff,18,18,0,0,18,0.0
27d8totr,2c608aff,18,18,0,0,18,0.0
fkx2gd88,2c608aff,18,5,13,0,5,0.7222222222222222
pad0sufd,2c608aff,18,5,13,0,5,0.7222222222222222
emwp6wq7,2c608aff,19,5,14,0,5,0.7368421052631579
ym49wqbn,2c608aff,18,5,13,0,5,0.7222222222222222
npr5bsi2,2c608aff,39,39,0,0,39,0.0
xeu3j3ki,2c608aff,24,7,17,0,7,0.7083333333333334
5nrjvc7q,2c608aff,20,20,0,0,20,0.0
o5qropwk,2c608aff,18,18,0,0,18,0.0
61zahdh9,2c608aff,20,11,9,0,11,0.45
bmlngyh3,2c608aff,20,14,6,0,14,0.3
3d2as981,2c608aff,1931,75,1856,0,75,0.9611600207146557
clucow7d,2c608aff,19,5,14,0,5,0.7368421052631579
byx9jkxm,2c608aff,18,5,13,0,5,0.7222222222222222
f0wpo2hr,2c608aff,20,5,15,0,5,0.75
qazkn1sw,2c608aff,31,10,21,0,10,0.6774193548387096
8aknstxj,2c608aff,41,19,22,0,19,0.5365853658536586
c7z6erey,2c608aff,18,5,13,0,5,0.7222222222222222
0hrc9vve,2c608aff,75,2,73,0,2,0.9733333333333334
zvbewhqx,2c608aff,18,7,11,0,7,0.6111111111111112
n2et79bd,2c608aff,18,13,5,0,13,0.2777777777777778
ism64anu,2c608aff,18,5,13,0,5,0.7222222222222222
plfupad7,2c608aff,18,17,1,0,17,0.05555555555555555
ske58akk,2c608aff,28,19,9,0,19,0.32142857142857145
ovhoesyy,2c608aff,18,13,5,0,13,0.2777777777777778
3cc6zm51,2c608aff,20,20,0,0,20,0.0
stbyxpx6,2c608aff,18,7,11,0,7,0.6111111111111112
r24jdhzg,2c608aff,25,8,17,0,8,0.68
r2ck84r8,2c608aff,18,5,13,0,5,0.7222222222222222
hpl7jugr,2c608aff,18,5,13,0,5,0.7222222222222222
y32zaw9c,2c608aff,18,18,0,0,18,0.0
0ra11hiv,2c608aff,27,27,0,0,27,0.0
cuybsfwr,2c608aff,24,23,1,0,23,0.041666666666666664
qkiu92kk,2c608aff,20,20,0,0,20,0.0
ihnjt6k4,2c608aff,53,52,1,0,52,0.018867924528301886
44o5xnxe,2c608aff,18,18,0,0,18,0.0
q04yitea,2c608aff,18,18,0,0,18,0.0
qfsp3ery,2c608aff,18,18,0,0,18,0.0
02333qfj,2c608aff,18,18,0,0,18,0.0
4s3cm7d8,2c608aff,18,7,11,0,7,0.6111111111111112
e2w81k0i,2c608aff,18,8,10,0,8,0.5555555555555556
hsm45iwx,2c608aff,20,5,15,0,5,0.75
sn10zd6g,2c608aff,18,5,13,0,5,0.7222222222222222
phbjwkyw,2c608aff,18,6,12,0,6,0.6666666666666666
89u58v07,2c608aff,18,8,10,0,8,0.5555555555555556
3irnkhq8,2c608aff,19,5,14,0,5,0.7368421052631579
4s9g1cze,2c608aff,45,19,26,0,19,0.5777777777777777
l5sagbsh,2c608aff,18,5,13,0,5,0.7222222222222222
v6jvgdvg,2c608aff,18,18,0,0,18,0.0
ljwskxcq,2c608aff,18,5,13,0,5,0.7222222222222222
zj5uemkt,2c608aff,24,16,8,0,16,0.3333333333333333
cdo2cmtp,2c608aff,18,5,13,0,5,0.7222222222222222
uktb326q,2c608aff,18,18,0,0,18,0.0
bw2cwy0m,2c608aff,18,17,1,0,17,0.05555555555555555
kwy2bqjo,2c608aff,22,7,15,0,7,0.6818181818181818
qv0yh587,2c608aff,18,17,1,0,17,0.05555555555555555
t2eyvuxq,2c608aff,23,5,18,0,5,0.782608695652174
mlvcv31l,2c608aff,18,5,13,0,5,0.7222222222222222
o4kkkuj9,2c608aff,23,23,0,0,23,0.0
k8txaw58,2c608aff,36,20,16,0,20,0.4444444444444444
d1vjrjhc,2c608aff,18,17,1,0,17,0.05555555555555555
7o2tmcr2,2c608aff,373,36,337,0,36,0.903485254691689
a589fsqz,2c608aff,18,8,10,0,8,0.5555555555555556
s03ed531,2c608aff,20,20,0,0,20,0.0
2j8p9vyz,2c608aff,18,5,13,0,5,0.7222222222222222
6p8vl3lk,2c608aff,70,22,48,0,22,0.6857142857142857
wcau806y,2c608aff,28,16,12,0,16,0.42857142857142855
ni5df01j,2c608aff,18,5,13,0,5,0.7222222222222222
eyn3wygc,2c608aff,19,19,0,0,19,0.0
08vqizpx,2c608aff,18,18,0,0,18,0.0
ew4oecfi,2c608aff,18,5,13,0,5,0.7222222222222222
mrwlcmno,2c608aff,19,19,0,0,19,0.0
ce9qdbyh,2c608aff,18,5,13,0,5,0.7222222222222222
03ljcqhc,2c608aff,22,7,15,0,7,0.6818181818181818
j2dvablb,2c608aff,50,8,42,0,8,0.84
so5k1adg,2c608aff,18,18,0,0,18,0.0
904h81sn,2c608aff,18,5,13,0,5,0.7222222222222222
sesf1qnx,2c608aff,18,5,13,0,5,0.7222222222222222
vr20hyge,2c608aff,20,6,14,0,6,0.7
nhds6zsd,2c608aff,18,18,0,0,18,0.0
mrypomny,2c608aff,18,5,13,0,5,0.7222222222222222
c7ac53of,2c608aff,110,110,0,0,110,0.0
rjanlii9,2c608aff,18,18,0,0,18,0.0
tc5wgx8h,2c608aff,36,20,16,0,20,0.4444444444444444
qqqzakmg,2c608aff,68,16,52,0,16,0.7647058823529411
41kp06jx,2c608aff,18,5,13,0,5,0.7222222222222222
a0w1xgxf,2c608aff,20,6,14,0,6,0.7
lmtka1ev,2c608aff,18,5,13,0,5,0.7222222222222222
6eyovdd2,2c608aff,18,18,0,0,18,0.0
a6jpzpek,2c608aff,3,3,0,0,3,0.0
f1ejz9fy,2c608aff,18,5,13,0,5,0.7222222222222222
vpxztp7b,2c608aff,19,5,14,0,5,0.7368421052631579
e0biso3r,2c608aff,18,5,13,0,5,0.7222222222222222
a9gvtd1o,2c608aff,18,10,8,0,10,0.4444444444444444
mzi8f2hv,2c608aff,18,6,12,0,6,0.6666666666666666
189iqcds,2c608aff,35,8,27,0,8,0.7714285714285715
fgxp8fzz,2c608aff,18,5,13,0,5,0.7222222222222222
xgvto4mg,2c608aff,18,18,0,0,18,0.0
hd5k29qy,2c608aff,22,5,17,0,5,0.7727272727272727
rhbgnqhz,2c608aff,18,6,12,0,6,0.6666666666666666
72p6pxny,2c608aff,20,6,14,0,6,0.7
gkse9wdn,2c608aff,25,25,0,0,25,0.0
cw4tyx7n,2c608aff,18,5,13,0,5,0.7222222222222222
g7svteiz,2c608aff,18,8,10,0,8,0.5555555555555556
yfyhejim,2c608aff,18,5,13,0,5,0.7222222222222222
ei0ij8ms,2c608aff,21,5,16,0,5,0.7619047619047619
0yfthc4y,2c608aff,22,22,0,0,22,0.0
2tkm21z6,2c608aff,18,18,0,0,18,0.0
ldo5smvx,2c608aff,27,6,21,0,6,0.7777777777777778
jayyv6lz,2c608aff,21,21,0,0,21,0.0
qu0lm98m,2c608aff,18,5,13,0,5,0.7222222222222222
8oohxrrz,2c608aff,20,6,14,0,6,0.7
qfiy90jx,2c608aff,18,5,13,0,5,0.7222222222222222
c9sps7bl,2c608aff,18,5,13,0,5,0.7222222222222222
bx44xwzb,2c608aff,18,10,8,0,10,0.4444444444444444
o2ho0580,2c608aff,174,4,170,0,4,0.9770114942528736
r99uy0qb,2c608aff,19,5,14,0,5,0.7368421052631579
idma9086,2c608aff,18,5,13,0,5,0.7222222222222222
0fy66fv2,2c608aff,21,21,0,0,21,0.0
b73rrttr,2c608aff,27,21,6,0,21,0.2222222222222222
yebzokh4,2c608aff,18,18,0,0,18,0.0
kavvl57w,2c608aff,18,5,13,0,5,0.7222222222222222
l0nln4b2,2c608aff,18,18,0,0,18,0.0
aypxap78,2c608aff,18,18,0,0,18,0.0
ascil7wf,2c608aff,18,5,13,0,5,0.7222222222222222
8y2nd2sh,2c608aff,23,8,15,0,8,0.6521739130434783
xji13cu2,2c608aff,34,8,26,0,8,0.7647058823529411
jqeesfz7,2c608aff,18,18,0,0,18,0.0
9pjr0waw,2c608aff,24,8,16,0,8,0.6666666666666666
nx0vccp8,2c608aff,23,7,16,0,7,0.6956521739130435
8psac9uo,2c608aff,18,18,0,0,18,0.0
kck1uue7,2c608aff,18,5,13,0,5,0.7222222222222222
1qt2f29y,2c608aff,103,97,6,0,97,0.05825242718446602
clhkwrie,2c608aff,18,5,13,0,5,0.7222222222222222
mpzcivx9,2c608aff,18,5,13,0,5,0.7222222222222222
sp00glmz,2c608aff,20,20,0,0,20,0.0
9evwb372,2c608aff,18,5,13,0,5,0.7222222222222222
ya0wv6pm,2c608aff,28,13,15,0,13,0.5357142857142857
cfclud8z,2c608aff,18,5,13,0,5,0.7222222222222222
zelqv7az,2c608aff,18,18,0,0,18,0.0
z8b26ynw,2c608aff,18,5,13,0,5,0.7222222222222222
jx6lhkbi,2c608aff,20,5,15,0,5,0.75
oxvw1rhx,2c608aff,58,58,0,0,58,0.0
fl73adm5,2c608aff,19,5,14,0,5,0.7368421052631579
4j6cy1mk,2c608aff,22,7,15,0,7,0.6818181818181818
8d21w3yr,2c608aff,18,5,13,0,5,0.7222222222222222
0wk7vjg8,2c608aff,22,6,16,0,6,0.7272727272727273
k0qq522n,2c608aff,18,18,0,0,18,0.0
1r6yodve,2c608aff,205,205,0,0,205,0.0
2anyuqd8,2c608aff,18,18,0,0,18,0.0
hkj9daz7,2c608aff,18,5,13,0,5,0.7222222222222222
zfeorjum,2c608aff,18,5,13,0,5,0.7222222222222222
9ohxtpht,2c608aff,21,5,16,0,5,0.7619047619047619
w12e497z,2c608aff,808,18,790,0,18,0.9777227722772277
bcyhma9y,2c608aff,6,6,0,0,6,0.0
f5ktzt2t,2c608aff,18,6,12,0,6,0.6666666666666666
pcrxo3zp,2c608aff,20,6,14,0,6,0.7
2w766g1z,2c608aff,18,5,13,0,5,0.7222222222222222
mr7lkk46,2c608aff,18,5,13,0,5,0.7222222222222222
onnumbyy,2c608aff,23,20,3,0,20,0.13043478260869565
m63pxnwq,2c608aff,18,16,2,0,16,0.1111111111111111
t3l0if03,2c608aff,19,6,13,0,6,0.6842105263157895
nldu5ge3,2c608aff,18,5,13,0,5,0.7222222222222222
4wx63ymf,2c608aff,18,5,13,0,5,0.7222222222222222
ler5uq42,2c608aff,19,19,0,0,19,0.0
pz38obzd,2c608aff,20,6,14,0,6,0.7
xklnx39q,2c608aff,18,5,13,0,5,0.7222222222222222
nrfiw9bx,2c608aff,41,15,26,0,15,0.6341463414634146
7agy8y3l,2c608aff,18,8,10,0,8,0.5555555555555556
vbwguazj,2c608aff,31,8,23,0,8,0.7419354838709677
om1m73rv,2c608aff,19,5,14,0,5,0.7368421052631579
z3die4q3,2c608aff,18,5,13,0,5,0.7222222222222222
8jwr3j6t,2c608aff,20,6,14,0,6,0.7
p445h6ow,2c608aff,22,6,16,0,6,0.7272727272727273
50nsp39w,2c608aff,55,13,42,0,13,0.7636363636363637
8yhijukj,2c608aff,18,5,13,0,5,0.7222222222222222
mhskzwic,2c608aff,18,6,12,0,6,0.6666666666666666
cp3b83py,834ec97d,25,13,12,0,13,0.48
27d8totr,834ec97d,25,20,5,0,20,0.2
fkx2gd88,834ec97d,26,9,17,0,9,0.6538461538461539
qothvfhf,834ec97d,57,34,23,0,34,0.40350877192982454
kmwiem6m,834ec97d,26,8,18,0,8,0.6923076923076923
d33m799j,834ec97d,21,2,19,0,2,0.9047619047619048
bdfn1h0o,834ec97d,25,7,18,0,7,0.72
6e5gb0yb,834ec97d,60,7,53,0,7,0.8833333333333333
pgtp756s,834ec97d,29,29,0,0,29,0.0
icf7bchs,834ec97d,1,1,0,0,1,0.0
f5ohsl5h,834ec97d,53,17,36,0,17,0.6792452830188679
byx9jkxm,834ec97d,25,13,12,0,13,0.48
74l1qvc1,834ec97d,31,31,0,0,31,0.0
j2pjmr32,834ec97d,19,19,0,0,19,0.0
bmlngyh3,834ec97d,123,94,29,0,94,0.23577235772357724
clucow7d,834ec97d,27,8,19,0,8,0.7037037037037037
cghxa2ie,834ec97d,28,16,12,0,16,0.42857142857142855
3d2as981,834ec97d,33,10,23,0,10,0.696969696969697
o5qropwk,834ec97d,1,1,0,0,1,0.0
5nrjvc7q,834ec97d,25,16,9,0,16,0.36
61zahdh9,834ec97d,28,10,18,0,10,0.6428571428571429
5hz183aa,834ec97d,23,15,8,0,15,0.34782608695652173
emwp6wq7,834ec97d,18,6,12,0,6,0.6666666666666666
pad0sufd,834ec97d,40,8,32,0,8,0.8
ym49wqbn,834ec97d,52,19,33,0,19,0.6346153846153846
154uk6vm,834ec97d,80,52,28,0,52,0.35
npr5bsi2,834ec97d,26,6,20,0,6,0.7692307692307693
nze0azo1,834ec97d,26,8,18,0,8,0.6923076923076923
r2ck84r8,834ec97d,25,9,16,0,9,0.64
hpl7jugr,834ec97d,28,8,20,0,8,0.7142857142857143
3cc6zm51,834ec97d,70,54,16,0,54,0.22857142857142856
ske58akk,834ec97d,52,24,28,0,24,0.5384615384615384
ovhoesyy,834ec97d,25,7,18,0,7,0.72
r24jdhzg,834ec97d,27,17,10,0,17,0.37037037037037035
0hrc9vve,834ec97d,15,3,12,0,3,0.8
zvbewhqx,834ec97d,34,11,23,0,11,0.6764705882352942
plfupad7,834ec97d,25,17,8,0,17,0.32
n2et79bd,834ec97d,26,8,18,0,8,0.6923076923076923
ism64anu,834ec97d,64,19,45,0,19,0.703125
qazkn1sw,834ec97d,38,38,0,0,38,0.0
f0wpo2hr,834ec97d,45,13,32,0,13,0.7111111111111111
c7z6erey,834ec97d,26,8,18,0,8,0.6923076923076923
8aknstxj,834ec97d,25,25,0,0,25,0.0
szbhlpfr,834ec97d,18,6,12,0,6,0.6666666666666666
phbjwkyw,834ec97d,30,23,7,0,23,0.23333333333333334
89u58v07,834ec97d,26,26,0,0,26,0.0
hsm45iwx,834ec97d,25,13,12,0,13,0.48
4s3cm7d8,834ec97d,13,13,0,0,13,0.0
e2w81k0i,834ec97d,27,8,19,0,8,0.7037037037037037
sn10zd6g,834ec97d,26,8,18,0,8,0.6923076923076923
ihnjt6k4,834ec97d,23,23,0,0,23,0.0
44o5xnxe,834ec97d,25,7,18,0,7,0.72
02333qfj,834ec97d,31,31,0,0,31,0.0
q04yitea,834ec97d,71,34,37,0,34,0.5211267605633803
qfsp3ery,834ec97d,28,28,0,0,28,0.0
y32zaw9c,834ec97d,26,26,0,0,26,0.0
cuybsfwr,834ec97d,44,43,1,0,43,0.022727272727272728
uktb326q,834ec97d,26,25,1,0,25,0.038461538461538464
kwy2bqjo,834ec97d,18,6,12,0,6,0.6666666666666666
bw2cwy0m,834ec97d,25,25,0,0,25,0.0
zj5uemkt,834ec97d,27,27,0,0,27,0.0
l5sagbsh,834ec97d,50,14,36,0,14,0.72
v6jvgdvg,834ec97d,21,19,2,0,19,0.09523809523809523
ljwskxcq,834ec97d,36,18,18,0,18,0.5
3irnkhq8,834ec97d,28,9,19,0,9,0.6785714285714286
4s9g1cze,834ec97d,31,8,23,0,8,0.7419354838709677
ni5df01j,834ec97d,39,13,26,0,13,0.6666666666666666
eyn3wygc,834ec97d,25,25,0,0,25,0.0
mrwlcmno,834ec97d,25,25,0,0,25,0.0
08vqizpx,834ec97d,29,29,0,0,29,0.0
ew4oecfi,834ec97d,26,8,18,0,8,0.6923076923076923
6p8vl3lk,834ec97d,62,11,51,0,11,0.8225806451612904
2j8p9vyz,834ec97d,36,10,26,0,10,0.7222222222222222
s03ed531,834ec97d,20,20,0,0,20,0.0
wcau806y,834ec97d,50,30,20,0,30,0.4
d1vjrjhc,834ec97d,108,20,88,0,20,0.8148148148148148
mlvcv31l,834ec97d,53,13,40,0,13,0.7547169811320755
k8txaw58,834ec97d,50,24,26,0,24,0.52
o4kkkuj9,834ec97d,25,23,2,0,23,0.08
a589fsqz,834ec97d,46,10,36,0,10,0.782608695652174
t2eyvuxq,834ec97d,25,13,12,0,13,0.48
qv0yh587,834ec97d,15,5,4,6,5,0.26666666666666666
vr20hyge,834ec97d,25,13,12,0,13,0.48
nhds6zsd,834ec97d,26,11,15,0,11,0.5769230769230769
xasfvnb7,834ec97d,48,46,2,0,46,0.041666666666666664
sesf1qnx,834ec97d,26,10,16,0,10,0.6153846153846154
ce9qdbyh,834ec97d,20,10,10,0,10,0.5
904h81sn,834ec97d,34,19,15,0,19,0.4411764705882353
j2dvablb,834ec97d,29,8,21,0,8,0.7241379310344828
vpxztp7b,834ec97d,27,9,18,0,9,0.6666666666666666
e0biso3r,834ec97d,25,13,12,0,13,0.48
a9gvtd1o,834ec97d,65,22,43,0,22,0.6615384615384615
lmtka1ev,834ec97d,29,18,11,0,18,0.3793103448275862
a0w1xgxf,834ec97d,83,19,64,0,19,0.7710843373493976
41kp06jx,834ec97d,25,10,15,0,10,0.6
a6jpzpek,834ec97d,41,13,28,0,13,0.6829268292682927
6eyovdd2,834ec97d,80,26,54,0,26,0.675
648anokh,834ec97d,45,23,22,0,23,0.4888888888888889
c7ac53of,834ec97d,28,13,15,0,13,0.5357142857142857
rjanlii9,834ec97d,146,49,97,0,49,0.6643835616438356
mrypomny,834ec97d,25,7,18,0,7,0.72
jeq3oy2g,834ec97d,29,9,20,0,9,0.6896551724137931
8bgj1tsd,834ec97d,20,7,13,0,7,0.65
tc5wgx8h,834ec97d,44,44,0,0,44,0.0
c2lwacqc,834ec97d,18,6,12,0,6,0.6666666666666666
g7svteiz,834ec97d,25,25,0,0,25,0.0
cw4tyx7n,834ec97d,18,6,12,0,6,0.6666666666666666
rhbgnqhz,834ec97d,56,32,24,0,32,0.42857142857142855
72p6pxny,834ec97d,27,15,12,0,15,0.4444444444444444
hd5k29qy,834ec97d,26,11,15,0,11,0.5769230769230769
gkse9wdn,834ec97d,31,31,0,0,31,0.0
189iqcds,834ec97d,27,27,0,0,27,0.0
mzi8f2hv,834ec97d,30,17,13,0,17,0.43333333333333335
xgvto4mg,834ec97d,25,19,6,0,19,0.24
fgxp8fzz,834ec97d,25,13,12,0,13,0.48
jayyv6lz,834ec97d,25,7,18,0,7,0.72
qu0lm98m,834ec97d,27,8,19,0,8,0.7037037037037037
ldo5smvx,834ec97d,18,6,12,0,6,0.6666666666666666
0yfthc4y,834ec97d,37,18,19,0,18,0.5135135135135135
ei0ij8ms,834ec97d,37,18,19,0,18,0.5135135135135135
2tkm21z6,834ec97d,25,25,0,0,25,0.0
yfyhejim,834ec97d,29,11,18,0,11,0.6206896551724138
yebzokh4,834ec97d,26,26,0,0,26,0.0
kavvl57w,834ec97d,26,8,18,0,8,0.6923076923076923
r99uy0qb,834ec97d,53,32,21,0,32,0.39622641509433965
0fy66fv2,834ec97d,2,2,0,0,2,0.0
7nszfy43,834ec97d,14,7,7,0,7,0.5
b73rrttr,834ec97d,8,7,1,0,7,0.125
g3vslpjv,834ec97d,26,9,17,0,9,0.6538461538461539
2d8q4qkc,834ec97d,26,7,19,0,7,0.7307692307692307
bx44xwzb,834ec97d,33,18,15,0,18,0.45454545454545453
o2ho0580,834ec97d,12,12,0,0,12,0.0
c9sps7bl,834ec97d,28,10,18,0,10,0.6428571428571429
qfiy90jx,834ec97d,27,14,13,0,14,0.48148148148148145
8oohxrrz,834ec97d,25,17,8,0,17,0.32
9pjr0waw,834ec97d,18,7,11,0,7,0.6111111111111112
kck1uue7,834ec97d,33,12,21,0,12,0.6363636363636364
nx0vccp8,834ec97d,18,13,5,0,13,0.2777777777777778
8psac9uo,834ec97d,28,28,0,0,28,0.0
jqeesfz7,834ec97d,38,38,0,0,38,0.0
8y2nd2sh,834ec97d,25,13,12,0,13,0.48
aypxap78,834ec97d,25,13,12,0,13,0.48
l0nln4b2,834ec97d,27,27,0,0,27,0.0
ascil7wf,834ec97d,25,7,18,0,7,0.72
jx6lhkbi,834ec97d,25,15,10,0,15,0.4
cfclud8z,834ec97d,40,21,19,0,21,0.475
zelqv7az,834ec97d,20,8,12,0,8,0.6
z8b26ynw,834ec97d,40,18,22,0,18,0.55
23iyreiv,834ec97d,27,9,18,0,9,0.6666666666666666
9evwb372,834ec97d,35,9,26,0,9,0.7428571428571429
ya0wv6pm,834ec97d,25,25,0,0,25,0.0
mpzcivx9,834ec97d,18,6,12,0,6,0.6666666666666666
clhkwrie,834ec97d,26,13,13,0,13,0.5
1qt2f29y,834ec97d,39,39,0,0,39,0.0
sp00glmz,834ec97d,27,27,0,0,27,0.0
zfeorjum,834ec97d,22,8,14,0,8,0.6363636363636364
hkj9daz7,834ec97d,25,7,18,0,7,0.72
9ohxtpht,834ec97d,26,8,18,0,8,0.6923076923076923
w12e497z,834ec97d,3,3,0,0,3,0.0
0wk7vjg8,834ec97d,26,12,14,0,12,0.5384615384615384
1r6yodve,834ec97d,19,19,0,0,19,0.0
2anyuqd8,834ec97d,28,28,0,0,28,0.0
k0qq522n,834ec97d,37,37,0,0,37,0.0
318gokyy,834ec97d,19,7,12,0,7,0.631578947368421
oxvw1rhx,834ec97d,29,16,13,0,16,0.4482758620689655
4j6cy1mk,834ec97d,47,21,26,0,21,0.5531914893617021
8d21w3yr,834ec97d,36,34,2,0,34,0.05555555555555555
t3l0if03,834ec97d,29,16,13,0,16,0.4482758620689655
nldu5ge3,834ec97d,26,8,18,0,8,0.6923076923076923
ler5uq42,834ec97d,18,18,0,0,18,0.0
4wx63ymf,834ec97d,38,19,19,0,19,0.5
nfbzvhip,834ec97d,45,45,0,0,45,0.0
onnumbyy,834ec97d,78,26,52,0,26,0.6666666666666666
m63pxnwq,834ec97d,25,13,12,0,13,0.48
mr7lkk46,834ec97d,26,9,17,0,9,0.6538461538461539
2w766g1z,834ec97d,25,13,12,0,13,0.48
nqubyvew,834ec97d,45,16,29,0,16,0.6444444444444445
bcyhma9y,834ec97d,46,46,0,0,46,0.0
kkeej6x5,834ec97d,47,36,11,0,36,0.23404255319148937
f5ktzt2t,834ec97d,65,20,45,0,20,0.6923076923076923
pcrxo3zp,834ec97d,19,7,12,0,7,0.631578947368421
z3die4q3,834ec97d,28,9,19,0,9,0.6785714285714286
8jwr3j6t,834ec97d,27,15,12,0,15,0.4444444444444444
mhskzwic,834ec97d,27,9,18,0,9,0.6666666666666666
8yhijukj,834ec97d,46,14,32,0,14,0.6956521739130435
om1m73rv,834ec97d,39,12,27,0,12,0.6923076923076923
7agy8y3l,834ec97d,36,9,27,0,9,0.75
vbwguazj,834ec97d,26,26,0,0,26,0.0
nrfiw9bx,834ec97d,25,7,18,0,7,0.72
xklnx39q,834ec97d,69,17,52,0,17,0.7536231884057971
pz38obzd,834ec97d,64,24,40,0,24,0.625
nhds6zsd,3aa6fb7a,4,4,0,0,4,0.0
vr20hyge,3aa6fb7a,4,4,0,0,4,0.0
4stfwpke,3aa6fb7a,7,7,0,0,7,0.0
sesf1qnx,3aa6fb7a,4,4,0,0,4,0.0
03ljcqhc,3aa6fb7a,4,4,0,0,4,0.0
ce9qdbyh,3aa6fb7a,4,4,0,0,4,0.0
904h81sn,3aa6fb7a,4,4,0,0,4,0.0
j2dvablb,3aa6fb7a,4,4,0,0,4,0.0
vpxztp7b,3aa6fb7a,4,4,0,0,4,0.0
f1ejz9fy,3aa6fb7a,4,4,0,0,4,0.0
a9gvtd1o,3aa6fb7a,4,4,0,0,4,0.0
e0biso3r,3aa6fb7a,4,4,0,0,4,0.0
lmtka1ev,3aa6fb7a,4,4,0,0,4,0.0
a0w1xgxf,3aa6fb7a,4,4,0,0,4,0.0
41kp06jx,3aa6fb7a,6,6,0,0,6,0.0
a6jpzpek,3aa6fb7a,4,4,0,0,4,0.0
6eyovdd2,3aa6fb7a,4,4,0,0,4,0.0
qqqzakmg,3aa6fb7a,4,4,0,0,4,0.0
648anokh,3aa6fb7a,4,4,0,0,4,0.0
zc26r1al,3aa6fb7a,4,4,0,0,4,0.0
rjanlii9,3aa6fb7a,4,4,0,0,4,0.0
c7ac53of,3aa6fb7a,19,4,15,0,4,0.7894736842105263
jeq3oy2g,3aa6fb7a,4,4,0,0,4,0.0
mrypomny,3aa6fb7a,4,4,0,0,4,0.0
uktb326q,3aa6fb7a,4,4,0,0,4,0.0
kwy2bqjo,3aa6fb7a,4,4,0,0,4,0.0
bw2cwy0m,3aa6fb7a,4,4,0,0,4,0.0
cdo2cmtp,3aa6fb7a,4,4,0,0,4,0.0
zj5uemkt,3aa6fb7a,4,4,0,0,4,0.0
l5sagbsh,3aa6fb7a,4,4,0,0,4,0.0
v6jvgdvg,3aa6fb7a,4,4,0,0,4,0.0
ljwskxcq,3aa6fb7a,4,4,0,0,4,0.0
3irnkhq8,3aa6fb7a,4,4,0,0,4,0.0
4s9g1cze,3aa6fb7a,4,4,0,0,4,0.0
ni5df01j,3aa6fb7a,4,4,0,0,4,0.0
eyn3wygc,3aa6fb7a,4,4,0,0,4,0.0
mrwlcmno,3aa6fb7a,4,4,0,0,4,0.0
ew4oecfi,3aa6fb7a,4,4,0,0,4,0.0
08vqizpx,3aa6fb7a,4,4,0,0,4,0.0
2j8p9vyz,3aa6fb7a,4,4,0,0,4,0.0
s03ed531,3aa6fb7a,4,4,0,0,4,0.0
wcau806y,3aa6fb7a,6,6,0,0,6,0.0
d1vjrjhc,3aa6fb7a,6,6,0,0,6,0.0
mlvcv31l,3aa6fb7a,4,4,0,0,4,0.0
o4kkkuj9,3aa6fb7a,4,4,0,0,4,0.0
k8txaw58,3aa6fb7a,4,4,0,0,4,0.0
a589fsqz,3aa6fb7a,4,4,0,0,4,0.0
t2eyvuxq,3aa6fb7a,4,4,0,0,4,0.0
qv0yh587,3aa6fb7a,19,19,0,0,19,0.0
1xogp17t,3aa6fb7a,15,5,10,0,5,0.6666666666666666
hpl7jugr,3aa6fb7a,4,4,0,0,4,0.0
nze0azo1,3aa6fb7a,4,4,0,0,4,0.0
r2ck84r8,3aa6fb7a,4,4,0,0,4,0.0
3cc6zm51,3aa6fb7a,4,4,0,0,4,0.0
ske58akk,3aa6fb7a,4,4,0,0,4,0.0
ovhoesyy,3aa6fb7a,4,4,0,0,4,0.0
r24jdhzg,3aa6fb7a,4,4,0,0,4,0.0
stbyxpx6,3aa6fb7a,4,4,0,0,4,0.0
zvbewhqx,3aa6fb7a,4,4,0,0,4,0.0
plfupad7,3aa6fb7a,7,7,0,0,7,0.0
n2et79bd,3aa6fb7a,4,4,0,0,4,0.0
ism64anu,3aa6fb7a,4,4,0,0,4,0.0
qazkn1sw,3aa6fb7a,4,4,0,0,4,0.0
f0wpo2hr,3aa6fb7a,4,4,0,0,4,0.0
c7z6erey,3aa6fb7a,4,4,0,0,4,0.0
szbhlpfr,3aa6fb7a,4,4,0,0,4,0.0
phbjwkyw,3aa6fb7a,4,4,0,0,4,0.0
89u58v07,3aa6fb7a,4,4,0,0,4,0.0
e2w81k0i,3aa6fb7a,4,4,0,0,4,0.0
4s3cm7d8,3aa6fb7a,4,4,0,0,4,0.0
sn10zd6g,3aa6fb7a,4,4,0,0,4,0.0
44o5xnxe,3aa6fb7a,4,4,0,0,4,0.0
qkiu92kk,3aa6fb7a,4,4,0,0,4,0.0
02333qfj,3aa6fb7a,4,4,0,0,4,0.0
qfsp3ery,3aa6fb7a,4,4,0,0,4,0.0
q04yitea,3aa6fb7a,4,4,0,0,4,0.0
y32zaw9c,3aa6fb7a,4,4,0,0,4,0.0
cuybsfwr,3aa6fb7a,4,4,0,0,4,0.0
0ra11hiv,3aa6fb7a,4,4,0,0,4,0.0
cp3b83py,3aa6fb7a,4,4,0,0,4,0.0
27d8totr,3aa6fb7a,4,4,0,0,4,0.0
fkx2gd88,3aa6fb7a,4,4,0,0,4,0.0
qothvfhf,3aa6fb7a,4,4,0,0,4,0.0
kmwiem6m,3aa6fb7a,4,4,0,0,4,0.0
ikfbpugl,3aa6fb7a,6,6,0,0,6,0.0
d33m799j,3aa6fb7a,12,12,0,0,12,0.0
bdfn1h0o,3aa6fb7a,4,4,0,0,4,0.0
dmft9d3y,3aa6fb7a,4,4,0,0,4,0.0
6e5gb0yb,3aa6fb7a,4,4,0,0,4,0.0
pgtp756s,3aa6fb7a,4,4,0,0,4,0.0
icf7bchs,3aa6fb7a,16,16,0,0,16,0.0
l9krayds,3aa6fb7a,4,4,0,0,4,0.0
aqmjput5,3aa6fb7a,21,17,4,0,17,0.19047619047619047
bhpug29p,3aa6fb7a,4,4,0,0,4,0.0
byx9jkxm,3aa6fb7a,4,4,0,0,4,0.0
j2pjmr32,3aa6fb7a,16,16,0,0,16,0.0
y8mzyzjc,3aa6fb7a,4,4,0,0,4,0.0
bmlngyh3,3aa6fb7a,4,4,0,0,4,0.0
clucow7d,3aa6fb7a,4,4,0,0,4,0.0
3d2as981,3aa6fb7a,4,4,0,0,4,0.0
cghxa2ie,3aa6fb7a,4,4,0,0,4,0.0
o5qropwk,3aa6fb7a,4,4,0,0,4,0.0
5nrjvc7q,3aa6fb7a,4,4,0,0,4,0.0
61zahdh9,3aa6fb7a,4,4,0,0,4,0.0
5hz183aa,3aa6fb7a,20,20,0,0,20,0.0
emwp6wq7,3aa6fb7a,4,4,0,0,4,0.0
pad0sufd,3aa6fb7a,4,4,0,0,4,0.0
xeu3j3ki,3aa6fb7a,4,4,0,0,4,0.0
npr5bsi2,3aa6fb7a,6,6,0,0,6,0.0
ym49wqbn,3aa6fb7a,5,5,0,0,5,0.0
nsu6cwh4,3aa6fb7a,4,4,0,0,4,0.0
nldu5ge3,3aa6fb7a,4,4,0,0,4,0.0
t3l0if03,3aa6fb7a,4,4,0,0,4,0.0
ler5uq42,3aa6fb7a,4,4,0,0,4,0.0
4wx63ymf,3aa6fb7a,4,4,0,0,4,0.0
nfbzvhip,3aa6fb7a,4,4,0,0,4,0.0
onnumbyy,3aa6fb7a,4,4,0,0,4,0.0
m63pxnwq,3aa6fb7a,4,4,0,0,4,0.0
mr7lkk46,3aa6fb7a,4,4,0,0,4,0.0
2w766g1z,3aa6fb7a,4,4,0,0,4,0.0
bcyhma9y,3aa6fb7a,8,8,0,0,8,0.0
pcrxo3zp,3aa6fb7a,4,4,0,0,4,0.0
f5ktzt2t,3aa6fb7a,4,4,0,0,4,0.0
kkeej6x5,3aa6fb7a,4,4,0,0,4,0.0
8jwr3j6t,3aa6fb7a,4,4,0,0,4,0.0
z3die4q3,3aa6fb7a,4,4,0,0,4,0.0
mhskzwic,3aa6fb7a,4,4,0,0,4,0.0
50nsp39w,3aa6fb7a,4,4,0,0,4,0.0
8yhijukj,3aa6fb7a,4,4,0,0,4,0.0
om1m73rv,3aa6fb7a,4,4,0,0,4,0.0
vbwguazj,3aa6fb7a,4,4,0,0,4,0.0
7agy8y3l,3aa6fb7a,4,4,0,0,4,0.0
nrfiw9bx,3aa6fb7a,4,4,0,0,4,0.0
pz38obzd,3aa6fb7a,4,4,0,0,4,0.0
xklnx39q,3aa6fb7a,4,4,0,0,4,0.0
jx6lhkbi,3aa6fb7a,4,4,0,0,4,0.0
cfclud8z,3aa6fb7a,4,4,0,0,4,0.0
z8b26ynw,3aa6fb7a,4,4,0,0,4,0.0
zelqv7az,3aa6fb7a,4,4,0,0,4,0.0
ya0wv6pm,3aa6fb7a,4,4,0,0,4,0.0
2ke9hbes,3aa6fb7a,4,4,0,0,4,0.0
9evwb372,3aa6fb7a,4,4,0,0,4,0.0
mpzcivx9,3aa6fb7a,4,4,0,0,4,0.0
clhkwrie,3aa6fb7a,4,4,0,0,4,0.0
1qt2f29y,3aa6fb7a,4,4,0,0,4,0.0
sp00glmz,3aa6fb7a,4,4,0,0,4,0.0
zfeorjum,3aa6fb7a,4,4,0,0,4,0.0
hkj9daz7,3aa6fb7a,4,4,0,0,4,0.0
w12e497z,3aa6fb7a,12,10,2,0,10,0.16666666666666666
9ohxtpht,3aa6fb7a,4,4,0,0,4,0.0
2anyuqd8,3aa6fb7a,4,4,0,0,4,0.0
1r6yodve,3aa6fb7a,16,16,0,0,16,0.0
cbvc5e3w,3aa6fb7a,6,6,0,0,6,0.0
318gokyy,3aa6fb7a,4,4,0,0,4,0.0
4j6cy1mk,3aa6fb7a,4,4,0,0,4,0.0
fl73adm5,3aa6fb7a,4,4,0,0,4,0.0
oxvw1rhx,3aa6fb7a,4,4,0,0,4,0.0
8d21w3yr,3aa6fb7a,4,4,0,0,4,0.0
yebzokh4,3aa6fb7a,4,4,0,0,4,0.0
kavvl57w,3aa6fb7a,4,4,0,0,4,0.0
idma9086,3aa6fb7a,4,4,0,0,4,0.0
r99uy0qb,3aa6fb7a,4,4,0,0,4,0.0
b73rrttr,3aa6fb7a,4,4,0,0,4,0.0
g3vslpjv,3aa6fb7a,4,4,0,0,4,0.0
2d8q4qkc,3aa6fb7a,4,4,0,0,4,0.0
bx44xwzb,3aa6fb7a,4,4,0,0,4,0.0
o2ho0580,3aa6fb7a,12,12,0,0,12,0.0
c9sps7bl,3aa6fb7a,6,4,2,0,4,0.3333333333333333
qfiy90jx,3aa6fb7a,4,4,0,0,4,0.0
8oohxrrz,3aa6fb7a,4,4,0,0,4,0.0
9pjr0waw,3aa6fb7a,7,7,0,0,7,0.0
kck1uue7,3aa6fb7a,4,4,0,0,4,0.0
nx0vccp8,3aa6fb7a,4,4,0,0,4,0.0
8psac9uo,3aa6fb7a,4,4,0,0,4,0.0
jqeesfz7,3aa6fb7a,4,4,0,0,4,0.0
8y2nd2sh,3aa6fb7a,4,4,0,0,4,0.0
aypxap78,3aa6fb7a,4,4,0,0,4,0.0
l0nln4b2,3aa6fb7a,4,4,0,0,4,0.0
ascil7wf,3aa6fb7a,4,4,0,0,4,0.0
g7svteiz,3aa6fb7a,4,4,0,0,4,0.0
c2lwacqc,3aa6fb7a,4,4,0,0,4,0.0
cw4tyx7n,3aa6fb7a,4,1,3,0,1,0.75
72p6pxny,3aa6fb7a,4,4,0,0,4,0.0
rhbgnqhz,3aa6fb7a,4,4,0,0,4,0.0
hd5k29qy,3aa6fb7a,4,4,0,0,4,0.0
189iqcds,3aa6fb7a,4,4,0,0,4,0.0
mzi8f2hv,3aa6fb7a,6,6,0,0,6,0.0
fgxp8fzz,3aa6fb7a,4,4,0,0,4,0.0
jayyv6lz,3aa6fb7a,4,4,0,0,4,0.0
qu0lm98m,3aa6fb7a,4,4,0,0,4,0.0
ldo5smvx,3aa6fb7a,4,4,0,0,4,0.0
0yfthc4y,3aa6fb7a,4,4,0,0,4,0.0
ei0ij8ms,3aa6fb7a,4,4,0,0,4,0.0
2tkm21z6,3aa6fb7a,4,4,0,0,4,0.0
9wkeb5tu,3aa6fb7a,4,4,0,0,4,0.0
yfyhejim,3aa6fb7a,4,4,0,0,4,0.0
cuybsfwr,0ca9ddb6,14,14,0,0,14,0.0
0ra11hiv,0ca9ddb6,12,12,0,0,12,0.0
y32zaw9c,0ca9ddb6,12,12,0,0,12,0.0
qfsp3ery,0ca9ddb6,12,12,0,0,12,0.0
q04yitea,0ca9ddb6,16,16,0,0,16,0.0
02333qfj,0ca9ddb6,12,12,0,0,12,0.0
qkiu92kk,0ca9ddb6,12,12,0,0,12,0.0
44o5xnxe,0ca9ddb6,12,12,0,0,12,0.0
ihnjt6k4,0ca9ddb6,36,36,0,0,36,0.0
sn10zd6g,0ca9ddb6,12,12,0,0,12,0.0
e2w81k0i,0ca9ddb6,20,20,0,0,20,0.0
4s3cm7d8,0ca9ddb6,28,28,0,0,28,0.0
hsm45iwx,0ca9ddb6,28,28,0,0,28,0.0
89u58v07,0ca9ddb6,12,12,0,0,12,0.0
phbjwkyw,0ca9ddb6,14,14,0,0,14,0.0
szbhlpfr,0ca9ddb6,33,32,1,0,32,0.030303030303030304
8aknstxj,0ca9ddb6,32,32,0,0,32,0.0
c7z6erey,0ca9ddb6,12,12,0,0,12,0.0
f0wpo2hr,0ca9ddb6,12,12,0,0,12,0.0
qazkn1sw,0ca9ddb6,20,20,0,0,20,0.0
ism64anu,0ca9ddb6,23,17,6,0,17,0.2608695652173913
plfupad7,0ca9ddb6,16,14,2,0,14,0.125
zvbewhqx,0ca9ddb6,12,12,0,0,12,0.0
stbyxpx6,0ca9ddb6,12,12,0,0,12,0.0
r24jdhzg,0ca9ddb6,14,14,0,0,14,0.0
ovhoesyy,0ca9ddb6,12,12,0,0,12,0.0
3cc6zm51,0ca9ddb6,31,31,0,0,31,0.0
hpl7jugr,0ca9ddb6,12,12,0,0,12,0.0
nze0azo1,0ca9ddb6,20,20,0,0,20,0.0
r2ck84r8,0ca9ddb6,16,16,0,0,16,0.0
npr5bsi2,0ca9ddb6,16,16,0,0,16,0.0
154uk6vm,0ca9ddb6,12,12,0,0,12,0.0
ym49wqbn,0ca9ddb6,22,22,0,0,22,0.0
xeu3j3ki,0ca9ddb6,12,12,0,0,12,0.0
pad0sufd,0ca9ddb6,12,12,0,0,12,0.0
61zahdh9,0ca9ddb6,12,12,0,0,12,0.0
5nrjvc7q,0ca9ddb6,12,12,0,0,12,0.0
ol9lky1i,0ca9ddb6,12,12,0,0,12,0.0
o5qropwk,0ca9ddb6,12,12,0,0,12,0.0
3d2as981,0ca9ddb6,12,12,0,0,12,0.0
cghxa2ie,0ca9ddb6,12,12,0,0,12,0.0
clucow7d,0ca9ddb6,16,16,0,0,16,0.0
bmlngyh3,0ca9ddb6,25,25,0,0,25,0.0
j2pjmr32,0ca9ddb6,29,29,0,0,29,0.0
74l1qvc1,0ca9ddb6,15,15,0,0,15,0.0
byx9jkxm,0ca9ddb6,12,12,0,0,12,0.0
f5ohsl5h,0ca9ddb6,1,1,0,0,1,0.0
aqmjput5,0ca9ddb6,12,12,0,0,12,0.0
6e5gb0yb,0ca9ddb6,12,12,0,0,12,0.0
pgtp756s,0ca9ddb6,5,5,0,0,5,0.0
dmft9d3y,0ca9ddb6,14,14,0,0,14,0.0
d33m799j,0ca9ddb6,13,13,0,0,13,0.0
5pds9j1d,0ca9ddb6,12,12,0,0,12,0.0
kmwiem6m,0ca9ddb6,12,12,0,0,12,0.0
qothvfhf,0ca9ddb6,12,12,0,0,12,0.0
27d8totr,0ca9ddb6,14,14,0,0,14,0.0
fkx2gd88,0ca9ddb6,12,12,0,0,12,0.0
cp3b83py,0ca9ddb6,12,12,0,0,12,0.0
tc5wgx8h,0ca9ddb6,12,12,0,0,12,0.0
8bgj1tsd,0ca9ddb6,12,12,0,0,12,0.0
jeq3oy2g,0ca9ddb6,14,14,0,0,14,0.0
mrypomny,0ca9ddb6,12,12,0,0,12,0.0
rjanlii9,0ca9ddb6,14,14,0,0,14,0.0
c7ac53of,0ca9ddb6,12,5,7,0,5,0.5833333333333334
zc26r1al,0ca9ddb6,12,12,0,0,12,0.0
648anokh,0ca9ddb6,12,12,0,0,12,0.0
6eyovdd2,0ca9ddb6,21,21,0,0,21,0.0
a6jpzpek,0ca9ddb6,21,10,11,0,10,0.5238095238095238
41kp06jx,0ca9ddb6,14,14,0,0,14,0.0
a0w1xgxf,0ca9ddb6,12,12,0,0,12,0.0
lmtka1ev,0ca9ddb6,14,14,0,0,14,0.0
a9gvtd1o,0ca9ddb6,12,12,0,0,12,0.0
e0biso3r,0ca9ddb6,12,12,0,0,12,0.0
f1ejz9fy,0ca9ddb6,14,14,0,0,14,0.0
vpxztp7b,0ca9ddb6,12,12,0,0,12,0.0
j2dvablb,0ca9ddb6,12,12,0,0,12,0.0
904h81sn,0ca9ddb6,14,13,1,0,13,0.07142857142857142
03ljcqhc,0ca9ddb6,23,23,0,0,23,0.0
ce9qdbyh,0ca9ddb6,14,14,0,0,14,0.0
sesf1qnx,0ca9ddb6,23,18,5,0,18,0.21739130434782608
xasfvnb7,0ca9ddb6,12,12,0,0,12,0.0
nhds6zsd,0ca9ddb6,12,12,0,0,12,0.0
vr20hyge,0ca9ddb6,24,24,0,0,24,0.0
qv0yh587,0ca9ddb6,33,33,0,0,33,0.0
t2eyvuxq,0ca9ddb6,16,16,0,0,16,0.0
a589fsqz,0ca9ddb6,12,12,0,0,12,0.0
mlvcv31l,0ca9ddb6,14,14,0,0,14,0.0
o4kkkuj9,0ca9ddb6,12,12,0,0,12,0.0
k8txaw58,0ca9ddb6,12,12,0,0,12,0.0
d1vjrjhc,0ca9ddb6,14,14,0,0,14,0.0
wcau806y,0ca9ddb6,22,22,0,0,22,0.0
s03ed531,0ca9ddb6,16,16,0,0,16,0.0
2j8p9vyz,0ca9ddb6,12,12,0,0,12,0.0
ew4oecfi,0ca9ddb6,12,12,0,0,12,0.0
08vqizpx,0ca9ddb6,12,12,0,0,12,0.0
mrwlcmno,0ca9ddb6,12,12,0,0,12,0.0
ni5df01j,0ca9ddb6,12,12,0,0,12,0.0
eyn3wygc,0ca9ddb6,31,31,0,0,31,0.0
3irnkhq8,0ca9ddb6,16,16,0,0,16,0.0
4s9g1cze,0ca9ddb6,12,12,0,0,12,0.0
v6jvgdvg,0ca9ddb6,12,12,0,0,12,0.0
l5sagbsh,0ca9ddb6,12,12,0,0,12,0.0
ljwskxcq,0ca9ddb6,12,12,0,0,12,0.0
zj5uemkt,0ca9ddb6,12,12,0,0,12,0.0
cdo2cmtp,0ca9ddb6,12,12,0,0,12,0.0
kwy2bqjo,0ca9ddb6,12,12,0,0,12,0.0
bw2cwy0m,0ca9ddb6,12,12,0,0,12,0.0
uktb326q,0ca9ddb6,12,12,0,0,12,0.0
ascil7wf,0ca9ddb6,20,20,0,0,20,0.0
l0nln4b2,0ca9ddb6,15,15,0,0,15,0.0
aypxap78,0ca9ddb6,12,12,0,0,12,0.0
8y2nd2sh,0ca9ddb6,46,40,6,0,40,0.13043478260869565
jqeesfz7,0ca9ddb6,12,12,0,0,12,0.0
nx0vccp8,0ca9ddb6,20,20,0,0,20,0.0
8psac9uo,0ca9ddb6,14,13,1,0,13,0.07142857142857142
kck1uue7,0ca9ddb6,36,20,16,0,20,0.4444444444444444
9pjr0waw,0ca9ddb6,12,12,0,0,12,0.0
x5id5i5q,0ca9ddb6,22,22,0,0,22,0.0
8oohxrrz,0ca9ddb6,14,14,0,0,14,0.0
qfiy90jx,0ca9ddb6,14,14,0,0,14,0.0
c9sps7bl,0ca9ddb6,14,14,0,0,14,0.0
bx44xwzb,0ca9ddb6,14,14,0,0,14,0.0
o2ho0580,0ca9ddb6,13,13,0,0,13,0.0
2d8q4qkc,0ca9ddb6,12,12,0,0,12,0.0
g3vslpjv,0ca9ddb6,12,12,0,0,12,0.0
7nszfy43,0ca9ddb6,49,49,0,0,49,0.0
b73rrttr,0ca9ddb6,8,7,1,0,7,0.125
0fy66fv2,0ca9ddb6,6,6,0,0,6,0.0
idma9086,0ca9ddb6,14,14,0,0,14,0.0
r99uy0qb,0ca9ddb6,12,12,0,0,12,0.0
kavvl57w,0ca9ddb6,12,12,0,0,12,0.0
yebzokh4,0ca9ddb6,12,12,0,0,12,0.0
yfyhejim,0ca9ddb6,20,20,0,0,20,0.0
2tkm21z6,0ca9ddb6,12,12,0,0,12,0.0
ei0ij8ms,0ca9ddb6,12,12,0,0,12,0.0
0yfthc4y,0ca9ddb6,24,24,0,0,24,0.0
ldo5smvx,0ca9ddb6,14,14,0,0,14,0.0
jayyv6lz,0ca9ddb6,28,28,0,0,28,0.0
qu0lm98m,0ca9ddb6,12,12,0,0,12,0.0
fgxp8fzz,0ca9ddb6,14,14,0,0,14,0.0
xgvto4mg,0ca9ddb6,12,12,0,0,12,0.0
mzi8f2hv,0ca9ddb6,12,12,0,0,12,0.0
189iqcds,0ca9ddb6,20,20,0,0,20,0.0
hd5k29qy,0ca9ddb6,12,12,0,0,12,0.0
72p6pxny,0ca9ddb6,12,12,0,0,12,0.0
rhbgnqhz,0ca9ddb6,14,14,0,0,14,0.0
g7svteiz,0ca9ddb6,12,12,0,0,12,0.0
c2lwacqc,0ca9ddb6,12,12,0,0,12,0.0
pz38obzd,0ca9ddb6,12,12,0,0,12,0.0
xklnx39q,0ca9ddb6,14,14,0,0,14,0.0
nrfiw9bx,0ca9ddb6,12,12,0,0,12,0.0
vbwguazj,0ca9ddb6,14,14,0,0,14,0.0
o1t1fb7j,0ca9ddb6,14,14,0,0,14,0.0
7agy8y3l,0ca9ddb6,12,12,0,0,12,0.0
om1m73rv,0ca9ddb6,12,12,0,0,12,0.0
50nsp39w,0ca9ddb6,12,12,0,0,12,0.0
8yhijukj,0ca9ddb6,16,16,0,0,16,0.0
mhskzwic,0ca9ddb6,12,12,0,0,12,0.0
8jwr3j6t,0ca9ddb6,20,20,0,0,20,0.0
z3die4q3,0ca9ddb6,12,12,0,0,12,0.0
pcrxo3zp,0ca9ddb6,14,14,0,0,14,0.0
f5ktzt2t,0ca9ddb6,12,12,0,0,12,0.0
kkeej6x5,0ca9ddb6,12,12,0,0,12,0.0
bcyhma9y,0ca9ddb6,13,13,0,0,13,0.0
nqubyvew,0ca9ddb6,31,31,0,0,31,0.0
2w766g1z,0ca9ddb6,12,12,0,0,12,0.0
mr7lkk46,0ca9ddb6,23,23,0,0,23,0.0
m63pxnwq,0ca9ddb6,14,14,0,0,14,0.0
onnumbyy,0ca9ddb6,34,34,0,0,34,0.0
4wx63ymf,0ca9ddb6,14,14,0,0,14,0.0
nfbzvhip,0ca9ddb6,28,27,1,0,27,0.03571428571428571
ler5uq42,0ca9ddb6,14,14,0,0,14,0.0
nldu5ge3,0ca9ddb6,12,12,0,0,12,0.0
t3l0if03,0ca9ddb6,12,12,0,0,12,0.0
8d21w3yr,0ca9ddb6,12,12,0,0,12,0.0
fl73adm5,0ca9ddb6,12,12,0,0,12,0.0
4j6cy1mk,0ca9ddb6,23,23,0,0,23,0.0
oxvw1rhx,0ca9ddb6,25,25,0,0,25,0.0
318gokyy,0ca9ddb6,41,41,0,0,41,0.0
wa9xd98o,0ca9ddb6,12,12,0,0,12,0.0
k0qq522n,0ca9ddb6,12,12,0,0,12,0.0
1r6yodve,0ca9ddb6,6,6,0,0,6,0.0
w12e497z,0ca9ddb6,5,5,0,0,5,0.0
hkj9daz7,0ca9ddb6,14,12,2,0,12,0.14285714285714285
zfeorjum,0ca9ddb6,15,15,0,0,15,0.0
sp00glmz,0ca9ddb6,28,28,0,0,28,0.0
1qt2f29y,0ca9ddb6,20,20,0,0,20,0.0
clhkwrie,0ca9ddb6,12,12,0,0,12,0.0
mpzcivx9,0ca9ddb6,12,12,0,0,12,0.0
ya0wv6pm,0ca9ddb6,12,12,0,0,12,0.0
2ke9hbes,0ca9ddb6,30,30,0,0,30,0.0
9evwb372,0ca9ddb6,12,12,0,0,12,0.0
23iyreiv,0ca9ddb6,12,12,0,0,12,0.0
z8b26ynw,0ca9ddb6,12,12,0,0,12,0.0
zelqv7az,0ca9ddb6,31,25,6,0,25,0.1935483870967742
cfclud8z,0ca9ddb6,12,12,0,0,12,0.0
jx6lhkbi,0ca9ddb6,12,12,0,0,12,0.0
7agy8y3l,9dfd6313,25,25,0,0,25,0.0
vbwguazj,9dfd6313,18,18,0,0,18,0.0
om1m73rv,9dfd6313,32,26,6,0,26,0.1875
50nsp39w,9dfd6313,26,26,0,0,26,0.0
8yhijukj,9dfd6313,8,8,0,0,8,0.0
z3die4q3,9dfd6313,16,5,11,0,5,0.6875
pz38obzd,9dfd6313,15,14,1,0,14,0.06666666666666667
xklnx39q,9dfd6313,81,9,72,0,9,0.8888888888888888
nrfiw9bx,9dfd6313,13,13,0,0,13,0.0
m63pxnwq,9dfd6313,18,18,0,0,18,0.0
4wx63ymf,9dfd6313,24,12,12,0,12,0.5
nfbzvhip,9dfd6313,1,1,0,0,1,0.0
ler5uq42,9dfd6313,1,1,0,0,1,0.0
t3l0if03,9dfd6313,19,6,13,0,6,0.6842105263157895
nldu5ge3,9dfd6313,20,8,9,3,8,0.45
f5ktzt2t,9dfd6313,15,8,7,0,8,0.4666666666666667
kkeej6x5,9dfd6313,22,18,4,0,18,0.18181818181818182
nqubyvew,9dfd6313,21,19,2,0,19,0.09523809523809523
2w766g1z,9dfd6313,28,28,0,0,28,0.0
mr7lkk46,9dfd6313,17,17,0,0,17,0.0
1r6yodve,9dfd6313,13,13,0,0,13,0.0
2anyuqd8,9dfd6313,14,14,0,0,14,0.0
0wk7vjg8,9dfd6313,19,17,2,0,17,0.10526315789473684
9ohxtpht,9dfd6313,30,30,0,0,30,0.0
w12e497z,9dfd6313,13,11,2,0,11,0.15384615384615385
hkj9daz7,9dfd6313,20,5,15,0,5,0.75
zfeorjum,9dfd6313,54,35,19,0,35,0.35185185185185186
oxvw1rhx,9dfd6313,19,19,0,0,19,0.0
fl73adm5,9dfd6313,16,5,11,0,5,0.6875
4j6cy1mk,9dfd6313,24,7,17,0,7,0.7083333333333334
wa9xd98o,9dfd6313,14,14,0,0,14,0.0
zelqv7az,9dfd6313,7,7,0,0,7,0.0
z8b26ynw,9dfd6313,14,8,6,0,8,0.42857142857142855
cfclud8z,9dfd6313,16,16,0,0,16,0.0
jx6lhkbi,9dfd6313,21,21,0,0,21,0.0
sp00glmz,9dfd6313,13,13,0,0,13,0.0
1qt2f29y,9dfd6313,15,15,0,0,15,0.0
mpzcivx9,9dfd6313,22,12,10,0,12,0.45454545454545453
9evwb372,9dfd6313,14,8,6,0,8,0.42857142857142855
ya0wv6pm,9dfd6313,14,14,0,0,14,0.0
jqeesfz7,9dfd6313,20,20,0,0,20,0.0
nx0vccp8,9dfd6313,30,30,0,0,30,0.0
8psac9uo,9dfd6313,165,159,6,0,159,0.03636363636363636
kck1uue7,9dfd6313,13,12,1,0,12,0.07692307692307693
ascil7wf,9dfd6313,32,32,0,0,32,0.0
l0nln4b2,9dfd6313,28,28,0,0,28,0.0
aypxap78,9dfd6313,13,13,0,0,13,0.0
8y2nd2sh,9dfd6313,31,17,14,0,17,0.45161290322580644
0fy66fv2,9dfd6313,14,14,0,0,14,0.0
7nszfy43,9dfd6313,31,31,0,0,31,0.0
b73rrttr,9dfd6313,4,4,0,0,4,0.0
r99uy0qb,9dfd6313,17,8,9,0,8,0.5294117647058824
idma9086,9dfd6313,21,21,0,0,21,0.0
yebzokh4,9dfd6313,50,50,0,0,50,0.0
8oohxrrz,9dfd6313,14,11,3,0,11,0.21428571428571427
qfiy90jx,9dfd6313,18,18,0,0,18,0.0
c9sps7bl,9dfd6313,16,8,8,0,8,0.5
o2ho0580,9dfd6313,20,20,0,0,20,0.0
2d8q4qkc,9dfd6313,19,5,14,0,5,0.7368421052631579
g3vslpjv,9dfd6313,25,25,0,0,25,0.0
jayyv6lz,9dfd6313,21,21,0,0,21,0.0
qu0lm98m,9dfd6313,72,53,19,0,53,0.2638888888888889
yfyhejim,9dfd6313,29,14,15,0,14,0.5172413793103449
2tkm21z6,9dfd6313,22,22,0,0,22,0.0
ei0ij8ms,9dfd6313,31,15,16,0,15,0.5161290322580645
0yfthc4y,9dfd6313,30,30,0,0,30,0.0
cw4tyx7n,9dfd6313,11,11,0,0,11,0.0
c2lwacqc,9dfd6313,20,10,10,0,10,0.5
g7svteiz,9dfd6313,22,22,0,0,22,0.0
fgxp8fzz,9dfd6313,8,5,3,0,5,0.375
mzi8f2hv,9dfd6313,42,25,17,0,25,0.40476190476190477
189iqcds,9dfd6313,16,16,0,0,16,0.0
hd5k29qy,9dfd6313,15,8,7,0,8,0.4666666666666667
rhbgnqhz,9dfd6313,23,23,0,0,23,0.0
72p6pxny,9dfd6313,27,15,12,0,15,0.4444444444444444
6eyovdd2,9dfd6313,32,23,9,0,23,0.28125
a6jpzpek,9dfd6313,10,10,0,0,10,0.0
41kp06jx,9dfd6313,17,17,0,0,17,0.0
a0w1xgxf,9dfd6313,3,1,2,0,1,0.6666666666666666
lmtka1ev,9dfd6313,21,6,15,0,6,0.7142857142857143
e0biso3r,9dfd6313,14,14,0,0,14,0.0
a9gvtd1o,9dfd6313,46,15,30,1,15,0.6521739130434783
f1ejz9fy,9dfd6313,14,14,0,0,14,0.0
vpxztp7b,9dfd6313,23,22,1,0,22,0.043478260869565216
tc5wgx8h,9dfd6313,6,6,0,0,6,0.0
mrypomny,9dfd6313,13,13,0,0,13,0.0
jeq3oy2g,9dfd6313,8,3,5,0,3,0.625
c7ac53of,9dfd6313,20,20,0,0,20,0.0
rjanlii9,9dfd6313,21,15,6,0,15,0.2857142857142857
648anokh,9dfd6313,26,26,0,0,26,0.0
4stfwpke,9dfd6313,1,1,0,0,1,0.0
vr20hyge,9dfd6313,1,1,0,0,1,0.0
nhds6zsd,9dfd6313,14,14,0,0,14,0.0
j2dvablb,9dfd6313,16,5,11,0,5,0.6875
904h81sn,9dfd6313,14,12,2,0,12,0.14285714285714285
03ljcqhc,9dfd6313,15,6,9,0,6,0.6
sesf1qnx,9dfd6313,37,34,3,0,34,0.08108108108108109
xasfvnb7,9dfd6313,7,7,0,0,7,0.0
wcau806y,9dfd6313,10,10,0,0,10,0.0
s03ed531,9dfd6313,1,1,0,0,1,0.0
2j8p9vyz,9dfd6313,33,17,16,0,17,0.48484848484848486
08vqizpx,9dfd6313,38,38,0,0,38,0.0
ew4oecfi,9dfd6313,19,8,11,0,8,0.5789473684210527
mrwlcmno,9dfd6313,19,19,0,0,19,0.0
eyn3wygc,9dfd6313,30,30,0,0,30,0.0
qv0yh587,9dfd6313,19,19,0,0,19,0.0
t2eyvuxq,9dfd6313,29,29,0,0,29,0.0
7o2tmcr2,9dfd6313,26,21,5,0,21,0.19230769230769232
a589fsqz,9dfd6313,13,9,4,0,9,0.3076923076923077
mlvcv31l,9dfd6313,14,14,0,0,14,0.0
o4kkkuj9,9dfd6313,14,14,0,0,14,0.0
k8txaw58,9dfd6313,22,14,8,0,14,0.36363636363636365
cdo2cmtp,9dfd6313,29,27,2,0,27,0.06896551724137931
bw2cwy0m,9dfd6313,40,40,0,0,40,0.0
kwy2bqjo,9dfd6313,32,23,9,0,23,0.28125
uktb326q,9dfd6313,18,18,0,0,18,0.0
3irnkhq8,9dfd6313,20,9,11,0,9,0.55
4s9g1cze,9dfd6313,11,6,5,0,6,0.45454545454545453
v6jvgdvg,9dfd6313,12,12,0,0,12,0.0
l5sagbsh,9dfd6313,14,11,3,0,11,0.21428571428571427
ljwskxcq,9dfd6313,19,18,0,1,18,0.0
zj5uemkt,9dfd6313,2,2,0,0,2,0.0
sn10zd6g,9dfd6313,26,19,7,0,19,0.2692307692307692
4s3cm7d8,9dfd6313,16,16,0,0,16,0.0
e2w81k0i,9dfd6313,19,12,7,0,12,0.3684210526315789
hsm45iwx,9dfd6313,18,18,0,0,18,0.0
89u58v07,9dfd6313,54,40,14,0,40,0.25925925925925924
phbjwkyw,9dfd6313,25,19,6,0,19,0.24
szbhlpfr,9dfd6313,2,2,0,0,2,0.0
0ra11hiv,9dfd6313,48,48,0,0,48,0.0
cuybsfwr,9dfd6313,7,7,0,0,7,0.0
y32zaw9c,9dfd6313,14,14,0,0,14,0.0
q04yitea,9dfd6313,16,16,0,0,16,0.0
qfsp3ery,9dfd6313,59,59,0,0,59,0.0
02333qfj,9dfd6313,12,12,0,0,12,0.0
44o5xnxe,9dfd6313,14,14,0,0,14,0.0
stbyxpx6,9dfd6313,15,11,4,0,11,0.26666666666666666
r24jdhzg,9dfd6313,15,11,4,0,11,0.26666666666666666
ske58akk,9dfd6313,17,16,1,0,16,0.058823529411764705
ovhoesyy,9dfd6313,14,12,2,0,12,0.14285714285714285
3cc6zm51,9dfd6313,20,20,0,0,20,0.0
nze0azo1,9dfd6313,28,28,0,0,28,0.0
r2ck84r8,9dfd6313,14,10,4,0,10,0.2857142857142857
hpl7jugr,9dfd6313,16,5,11,0,5,0.6875
8aknstxj,9dfd6313,18,10,8,0,10,0.4444444444444444
c7z6erey,9dfd6313,37,37,0,0,37,0.0
f0wpo2hr,9dfd6313,28,23,5,0,23,0.17857142857142858
qazkn1sw,9dfd6313,20,10,10,0,10,0.5
n2et79bd,9dfd6313,26,26,0,0,26,0.0
ism64anu,9dfd6313,31,30,0,1,30,0.0
plfupad7,9dfd6313,25,24,1,0,24,0.04
zvbewhqx,9dfd6313,4,4,0,0,4,0.0
cghxa2ie,9dfd6313,24,24,0,0,24,0.0
3d2as981,9dfd6313,20,20,0,0,20,0.0
clucow7d,9dfd6313,40,24,15,1,24,0.375
bmlngyh3,9dfd6313,44,44,0,0,44,0.0
byx9jkxm,9dfd6313,15,15,0,0,15,0.0
ym49wqbn,9dfd6313,14,11,3,0,11,0.21428571428571427
npr5bsi2,9dfd6313,4,4,0,0,4,0.0
xeu3j3ki,9dfd6313,12,12,0,0,12,0.0
pad0sufd,9dfd6313,47,47,0,0,47,0.0
emwp6wq7,9dfd6313,20,12,8,0,12,0.4
5hz183aa,9dfd6313,9,1,8,0,1,0.8888888888888888
61zahdh9,9dfd6313,26,6,20,0,6,0.7692307692307693
ol9lky1i,9dfd6313,25,25,0,0,25,0.0
o5qropwk,9dfd6313,16,16,0,0,16,0.0
kmwiem6m,9dfd6313,19,7,12,0,7,0.631578947368421
qothvfhf,9dfd6313,30,30,0,0,30,0.0
27d8totr,9dfd6313,16,16,0,0,16,0.0
fkx2gd88,9dfd6313,14,11,3,0,11,0.21428571428571427
cp3b83py,9dfd6313,14,13,1,0,13,0.07142857142857142
aqmjput5,9dfd6313,20,15,5,0,15,0.25
l9krayds,9dfd6313,14,14,0,0,14,0.0
icf7bchs,9dfd6313,22,22,0,0,22,0.0
6e5gb0yb,9dfd6313,19,6,13,0,6,0.6842105263157895
pgtp756s,9dfd6313,2,2,0,0,2,0.0
dmft9d3y,9dfd6313,13,10,3,0,10,0.23076923076923078
bdfn1h0o,9dfd6313,16,14,2,0,14,0.125
cw4tyx7n,d511f180,7,7,0,0,7,0.0
c2lwacqc,d511f180,7,7,0,0,7,0.0
g7svteiz,d511f180,7,7,0,0,7,0.0
gkse9wdn,d511f180,7,7,0,0,7,0.0
hd5k29qy,d511f180,9,4,5,0,4,0.5555555555555556
rhbgnqhz,d511f180,7,7,0,0,7,0.0
fgxp8fzz,d511f180,7,7,0,0,7,0.0
mzi8f2hv,d511f180,7,7,0,0,7,0.0
189iqcds,d511f180,7,3,4,0,3,0.5714285714285714
qu0lm98m,d511f180,7,7,0,0,7,0.0
ldo5smvx,d511f180,8,3,5,0,3,0.625
2tkm21z6,d511f180,7,7,0,0,7,0.0
ei0ij8ms,d511f180,7,3,4,0,3,0.5714285714285714
yfyhejim,d511f180,7,7,0,0,7,0.0
kavvl57w,d511f180,7,3,4,0,3,0.5714285714285714
yebzokh4,d511f180,7,7,0,0,7,0.0
b73rrttr,d511f180,4,4,0,0,4,0.0
r99uy0qb,d511f180,7,4,3,0,4,0.42857142857142855
idma9086,d511f180,16,16,0,0,16,0.0
4kl3i3tv,d511f180,8,6,2,0,6,0.25
c9sps7bl,d511f180,7,3,4,0,3,0.5714285714285714
bx44xwzb,d511f180,7,7,0,0,7,0.0
o2ho0580,d511f180,23,23,0,0,23,0.0
2d8q4qkc,d511f180,7,3,4,0,3,0.5714285714285714
g3vslpjv,d511f180,7,7,0,0,7,0.0
x5id5i5q,d511f180,8,8,0,0,8,0.0
8oohxrrz,d511f180,7,3,4,0,3,0.5714285714285714
qfiy90jx,d511f180,7,7,0,0,7,0.0
8psac9uo,d511f180,7,7,0,0,7,0.0
nx0vccp8,d511f180,7,7,0,0,7,0.0
kck1uue7,d511f180,7,3,4,0,3,0.5714285714285714
xji13cu2,d511f180,7,7,0,0,7,0.0
jqeesfz7,d511f180,7,7,0,0,7,0.0
8y2nd2sh,d511f180,7,3,4,0,3,0.5714285714285714
ascil7wf,d511f180,7,7,0,0,7,0.0
l0nln4b2,d511f180,7,7,0,0,7,0.0
aypxap78,d511f180,7,3,4,0,3,0.5714285714285714
jx6lhkbi,d511f180,7,5,2,0,5,0.2857142857142857
zelqv7az,d511f180,7,3,4,0,3,0.5714285714285714
z8b26ynw,d511f180,7,3,4,0,3,0.5714285714285714
cfclud8z,d511f180,7,7,0,0,7,0.0
9evwb372,d511f180,10,10,0,0,10,0.0
ya0wv6pm,d511f180,7,7,0,0,7,0.0
sp00glmz,d511f180,9,4,5,0,4,0.5555555555555556
clhkwrie,d511f180,16,16,0,0,16,0.0
1qt2f29y,d511f180,7,7,0,0,7,0.0
mpzcivx9,d511f180,7,4,3,0,4,0.42857142857142855
9ohxtpht,d511f180,7,7,0,0,7,0.0
w12e497z,d511f180,16,16,0,0,16,0.0
zfeorjum,d511f180,7,7,0,0,7,0.0
hkj9daz7,d511f180,7,3,4,0,3,0.5714285714285714
1r6yodve,d511f180,16,16,0,0,16,0.0
2anyuqd8,d511f180,7,7,0,0,7,0.0
oxvw1rhx,d511f180,7,7,0,0,7,0.0
4j6cy1mk,d511f180,7,7,0,0,7,0.0
fl73adm5,d511f180,7,3,4,0,3,0.5714285714285714
4wx63ymf,d511f180,7,3,4,0,3,0.5714285714285714
ler5uq42,d511f180,17,17,0,0,17,0.0
nldu5ge3,d511f180,7,7,0,0,7,0.0
m63pxnwq,d511f180,7,6,1,0,6,0.14285714285714285
onnumbyy,d511f180,7,7,0,0,7,0.0
nqubyvew,d511f180,1,1,0,0,1,0.0
2w766g1z,d511f180,7,7,0,0,7,0.0
5vv1rrzw,d511f180,17,17,0,0,17,0.0
mr7lkk46,d511f180,4,4,0,0,4,0.0
f5ktzt2t,d511f180,7,3,4,0,3,0.5714285714285714
kkeej6x5,d511f180,7,3,4,0,3,0.5714285714285714
pcrxo3zp,d511f180,7,7,0,0,7,0.0
8yhijukj,d511f180,4,4,0,0,4,0.0
mhskzwic,d511f180,7,4,3,0,4,0.42857142857142855
z3die4q3,d511f180,7,3,4,0,3,0.5714285714285714
8jwr3j6t,d511f180,7,7,0,0,7,0.0
7agy8y3l,d511f180,7,7,0,0,7,0.0
vbwguazj,d511f180,7,7,0,0,7,0.0
om1m73rv,d511f180,7,7,0,0,7,0.0
nrfiw9bx,d511f180,7,3,4,0,3,0.5714285714285714
pz38obzd,d511f180,7,7,0,0,7,0.0
xklnx39q,d511f180,7,3,4,0,3,0.5714285714285714
91fk0af9,d511f180,7,7,0,0,7,0.0
qothvfhf,d511f180,7,7,0,0,7,0.0
fkx2gd88,d511f180,7,3,4,0,3,0.5714285714285714
27d8totr,d511f180,7,7,0,0,7,0.0
cp3b83py,d511f180,7,7,0,0,7,0.0
d33m799j,d511f180,10,10,0,0,10,0.0
kmwiem6m,d511f180,7,3,4,0,3,0.5714285714285714
6e5gb0yb,d511f180,7,4,3,0,4,0.42857142857142855
dmft9d3y,d511f180,7,3,4,0,3,0.5714285714285714
bdfn1h0o,d511f180,18,11,7,0,11,0.3888888888888889
nvlsix5c,d511f180,5,5,0,0,5,0.0
f5ohsl5h,d511f180,1,1,0,0,1,0.0
l9krayds,d511f180,18,18,0,0,18,0.0
aqmjput5,d511f180,7,7,0,0,7,0.0
icf7bchs,d511f180,34,34,0,0,34,0.0
j2pjmr32,d511f180,16,12,4,0,12,0.25
byx9jkxm,d511f180,7,7,0,0,7,0.0
74l1qvc1,d511f180,7,7,0,0,7,0.0
cghxa2ie,d511f180,7,3,4,0,3,0.5714285714285714
3d2as981,d511f180,18,18,0,0,18,0.0
clucow7d,d511f180,7,3,4,0,3,0.5714285714285714
bmlngyh3,d511f180,7,7,0,0,7,0.0
y8mzyzjc,d511f180,7,7,0,0,7,0.0
5hz183aa,d511f180,27,27,0,0,27,0.0
ol9lky1i,d511f180,7,7,0,0,7,0.0
5nrjvc7q,d511f180,7,7,0,0,7,0.0
o5qropwk,d511f180,7,7,0,0,7,0.0
ym49wqbn,d511f180,14,14,0,0,14,0.0
154uk6vm,d511f180,7,7,0,0,7,0.0
npr5bsi2,d511f180,7,7,0,0,7,0.0
xeu3j3ki,d511f180,7,7,0,0,7,0.0
pad0sufd,d511f180,7,3,4,0,3,0.5714285714285714
emwp6wq7,d511f180,7,7,0,0,7,0.0
r2ck84r8,d511f180,7,7,0,0,7,0.0
nze0azo1,d511f180,7,7,0,0,7,0.0
hpl7jugr,d511f180,7,3,4,0,3,0.5714285714285714
stbyxpx6,d511f180,2,2,0,0,2,0.0
r24jdhzg,d511f180,7,6,1,0,6,0.14285714285714285
ovhoesyy,d511f180,7,7,0,0,7,0.0
ske58akk,d511f180,7,7,0,0,7,0.0
3cc6zm51,d511f180,14,14,0,0,14,0.0
ism64anu,d511f180,7,3,4,0,3,0.5714285714285714
n2et79bd,d511f180,7,7,0,0,7,0.0
plfupad7,d511f180,7,7,0,0,7,0.0
0hrc9vve,d511f180,8,2,6,0,2,0.75
zvbewhqx,d511f180,7,7,0,0,7,0.0
c7z6erey,d511f180,7,7,0,0,7,0.0
8aknstxj,d511f180,7,3,4,0,3,0.5714285714285714
f0wpo2hr,d511f180,7,7,0,0,7,0.0
qazkn1sw,d511f180,20,19,1,0,19,0.05
89u58v07,d511f180,11,7,4,0,7,0.36363636363636365
phbjwkyw,d511f180,2,2,0,0,2,0.0
szbhlpfr,d511f180,7,4,3,0,4,0.42857142857142855
sn10zd6g,d511f180,7,3,4,0,3,0.5714285714285714
4s3cm7d8,d511f180,7,7,0,0,7,0.0
e2w81k0i,d511f180,7,3,4,0,3,0.5714285714285714
hsm45iwx,d511f180,7,7,0,0,7,0.0
q04yitea,d511f180,7,7,0,0,7,0.0
02333qfj,d511f180,7,7,0,0,7,0.0
qkiu92kk,d511f180,7,7,0,0,7,0.0
44o5xnxe,d511f180,7,7,0,0,7,0.0
0ra11hiv,d511f180,2,2,0,0,2,0.0
y32zaw9c,d511f180,7,7,0,0,7,0.0
bw2cwy0m,d511f180,7,7,0,0,7,0.0
kwy2bqjo,d511f180,7,7,0,0,7,0.0
uktb326q,d511f180,1,1,0,0,1,0.0
4s9g1cze,d511f180,7,3,4,0,3,0.5714285714285714
3irnkhq8,d511f180,7,3,4,0,3,0.5714285714285714
ljwskxcq,d511f180,7,3,4,0,3,0.5714285714285714
v6jvgdvg,d511f180,7,7,0,0,7,0.0
l5sagbsh,d511f180,7,3,4,0,3,0.5714285714285714
08vqizpx,d511f180,7,7,0,0,7,0.0
ew4oecfi,d511f180,7,3,4,0,3,0.5714285714285714
mrwlcmno,d511f180,14,13,0,1,13,0.0
eyn3wygc,d511f180,7,7,0,0,7,0.0
ni5df01j,d511f180,4,4,0,0,4,0.0
wcau806y,d511f180,7,7,0,0,7,0.0
s03ed531,d511f180,7,7,0,0,7,0.0
2j8p9vyz,d511f180,7,3,4,0,3,0.5714285714285714
7o2tmcr2,d511f180,21,21,0,0,21,0.0
a589fsqz,d511f180,7,7,0,0,7,0.0
o4kkkuj9,d511f180,7,7,0,0,7,0.0
mlvcv31l,d511f180,7,7,0,0,7,0.0
d1vjrjhc,d511f180,7,7,0,0,7,0.0
qv0yh587,d511f180,7,7,0,0,7,0.0
t2eyvuxq,d511f180,7,3,4,0,3,0.5714285714285714
vr20hyge,d511f180,9,9,0,0,9,0.0
sesf1qnx,d511f180,8,5,3,0,5,0.375
j2dvablb,d511f180,7,7,0,0,7,0.0
904h81sn,d511f180,7,7,0,0,7,0.0
03ljcqhc,d511f180,7,4,3,0,4,0.42857142857142855
e0biso3r,d511f180,16,16,0,0,16,0.0
a9gvtd1o,d511f180,7,7,0,0,7,0.0
f1ejz9fy,d511f180,7,6,1,0,6,0.14285714285714285
vpxztp7b,d511f180,7,7,0,0,7,0.0
a6jpzpek,d511f180,3,3,0,0,3,0.0
6eyovdd2,d511f180,7,3,4,0,3,0.5714285714285714
a0w1xgxf,d511f180,7,7,0,0,7,0.0
41kp06jx,d511f180,7,3,4,0,3,0.5714285714285714
lmtka1ev,d511f180,7,3,4,0,3,0.5714285714285714
8bgj1tsd,d511f180,17,17,0,0,17,0.0
tc5wgx8h,d511f180,7,7,0,0,7,0.0
mrypomny,d511f180,7,3,4,0,3,0.5714285714285714
jeq3oy2g,d511f180,23,13,10,0,13,0.43478260869565216
c7ac53of,d511f180,19,19,0,0,19,0.0
rjanlii9,d511f180,7,3,4,0,3,0.5714285714285714
rhbgnqhz,0d3d703e,9,3,6,0,3,0.6666666666666666
72p6pxny,0d3d703e,9,3,6,0,3,0.6666666666666666
hd5k29qy,0d3d703e,10,4,6,0,4,0.6
gkse9wdn,0d3d703e,9,9,0,0,9,0.0
189iqcds,0d3d703e,9,3,6,0,3,0.6666666666666666
mzi8f2hv,0d3d703e,9,3,6,0,3,0.6666666666666666
fgxp8fzz,0d3d703e,9,3,6,0,3,0.6666666666666666
c2lwacqc,0d3d703e,9,3,6,0,3,0.6666666666666666
g7svteiz,0d3d703e,9,9,0,0,9,0.0
cw4tyx7n,0d3d703e,9,3,6,0,3,0.6666666666666666
0yfthc4y,0d3d703e,9,9,0,0,9,0.0
ei0ij8ms,0d3d703e,9,3,6,0,3,0.6666666666666666
2tkm21z6,0d3d703e,9,9,0,0,9,0.0
yfyhejim,0d3d703e,9,3,6,0,3,0.6666666666666666
qu0lm98m,0d3d703e,9,3,6,0,3,0.6666666666666666
jayyv6lz,0d3d703e,42,38,4,0,38,0.09523809523809523
g3vslpjv,0d3d703e,9,9,0,0,9,0.0
2d8q4qkc,0d3d703e,9,3,6,0,3,0.6666666666666666
o2ho0580,0d3d703e,9,9,0,0,9,0.0
bx44xwzb,0d3d703e,9,9,0,0,9,0.0
c9sps7bl,0d3d703e,11,4,7,0,4,0.6363636363636364
qfiy90jx,0d3d703e,9,3,6,0,3,0.6666666666666666
8oohxrrz,0d3d703e,9,3,6,0,3,0.6666666666666666
x5id5i5q,0d3d703e,10,10,0,0,10,0.0
yebzokh4,0d3d703e,9,9,0,0,9,0.0
kavvl57w,0d3d703e,9,3,6,0,3,0.6666666666666666
r99uy0qb,0d3d703e,9,3,6,0,3,0.6666666666666666
idma9086,0d3d703e,9,3,6,0,3,0.6666666666666666
0fy66fv2,0d3d703e,11,11,0,0,11,0.0
b73rrttr,0d3d703e,15,15,0,0,15,0.0
qif0sa3r,0d3d703e,9,3,6,0,3,0.6666666666666666
8y2nd2sh,0d3d703e,9,3,6,0,3,0.6666666666666666
aypxap78,0d3d703e,9,3,6,0,3,0.6666666666666666
l0nln4b2,0d3d703e,9,9,0,0,9,0.0
ascil7wf,0d3d703e,9,9,0,0,9,0.0
kck1uue7,0d3d703e,9,3,6,0,3,0.6666666666666666
8psac9uo,0d3d703e,10,9,1,0,9,0.1
nx0vccp8,0d3d703e,9,9,0,0,9,0.0
xji13cu2,0d3d703e,9,9,0,0,9,0.0
9evwb372,0d3d703e,9,3,6,0,3,0.6666666666666666
ya0wv6pm,0d3d703e,9,9,0,0,9,0.0
mpzcivx9,0d3d703e,9,3,6,0,3,0.6666666666666666
1qt2f29y,0d3d703e,9,7,2,0,7,0.2222222222222222
sp00glmz,0d3d703e,9,3,6,0,3,0.6666666666666666
jx6lhkbi,0d3d703e,9,3,6,0,3,0.6666666666666666
cfclud8z,0d3d703e,9,3,6,0,3,0.6666666666666666
zelqv7az,0d3d703e,10,4,6,0,4,0.6
z8b26ynw,0d3d703e,12,4,8,0,4,0.6666666666666666
318gokyy,0d3d703e,9,3,6,0,3,0.6666666666666666
oxvw1rhx,0d3d703e,9,3,6,0,3,0.6666666666666666
4j6cy1mk,0d3d703e,12,12,0,0,12,0.0
zfeorjum,0d3d703e,9,3,6,0,3,0.6666666666666666
hkj9daz7,0d3d703e,9,3,6,0,3,0.6666666666666666
9ohxtpht,0d3d703e,9,9,0,0,9,0.0
w12e497z,0d3d703e,9,3,6,0,3,0.6666666666666666
1r6yodve,0d3d703e,9,9,0,0,9,0.0
2anyuqd8,0d3d703e,9,9,0,0,9,0.0
k0qq522n,0d3d703e,9,9,0,0,9,0.0
cbvc5e3w,0d3d703e,9,9,0,0,9,0.0
mr7lkk46,0d3d703e,9,3,6,0,3,0.6666666666666666
2w766g1z,0d3d703e,9,3,6,0,3,0.6666666666666666
nqubyvew,0d3d703e,9,9,0,0,9,0.0
bcyhma9y,0d3d703e,9,9,0,0,9,0.0
f5ktzt2t,0d3d703e,9,3,6,0,3,0.6666666666666666
kkeej6x5,0d3d703e,9,9,0,0,9,0.0
pcrxo3zp,0d3d703e,9,3,6,0,3,0.6666666666666666
t3l0if03,0d3d703e,12,4,8,0,4,0.6666666666666666
nldu5ge3,0d3d703e,9,3,6,0,3,0.6666666666666666
ler5uq42,0d3d703e,9,9,0,0,9,0.0
nfbzvhip,0d3d703e,9,9,0,0,9,0.0
4wx63ymf,0d3d703e,9,3,6,0,3,0.6666666666666666
onnumbyy,0d3d703e,9,9,0,0,9,0.0
m63pxnwq,0d3d703e,9,3,6,0,3,0.6666666666666666
nrfiw9bx,0d3d703e,9,3,6,0,3,0.6666666666666666
xklnx39q,0d3d703e,11,2,9,0,2,0.8181818181818182
z3die4q3,0d3d703e,9,3,6,0,3,0.6666666666666666
p445h6ow,0d3d703e,9,3,6,0,3,0.6666666666666666
8jwr3j6t,0d3d703e,9,3,6,0,3,0.6666666666666666
mhskzwic,0d3d703e,9,9,0,0,9,0.0
8yhijukj,0d3d703e,9,9,0,0,9,0.0
50nsp39w,0d3d703e,9,3,6,0,3,0.6666666666666666
om1m73rv,0d3d703e,10,4,6,0,4,0.6
7agy8y3l,0d3d703e,18,6,12,0,6,0.6666666666666666
vbwguazj,0d3d703e,9,9,0,0,9,0.0
dmft9d3y,0d3d703e,11,4,7,0,4,0.6363636363636364
bdfn1h0o,0d3d703e,9,3,6,0,3,0.6666666666666666
pgtp756s,0d3d703e,9,9,0,0,9,0.0
6e5gb0yb,0d3d703e,14,6,8,0,6,0.5714285714285714
icf7bchs,0d3d703e,12,12,0,0,12,0.0
l9krayds,0d3d703e,15,5,10,0,5,0.6666666666666666
aqmjput5,0d3d703e,9,3,6,0,3,0.6666666666666666
nvlsix5c,0d3d703e,9,9,0,0,9,0.0
f5ohsl5h,0d3d703e,9,3,6,0,3,0.6666666666666666
cp3b83py,0d3d703e,9,3,6,0,3,0.6666666666666666
fkx2gd88,0d3d703e,15,4,11,0,4,0.7333333333333333
27d8totr,0d3d703e,9,9,0,0,9,0.0
91fk0af9,0d3d703e,9,9,0,0,9,0.0
qothvfhf,0d3d703e,9,9,0,0,9,0.0
kmwiem6m,0d3d703e,9,9,0,0,9,0.0
5pds9j1d,0d3d703e,9,9,0,0,9,0.0
ikfbpugl,0d3d703e,11,3,8,0,3,0.7272727272727273
d33m799j,0d3d703e,12,4,8,0,4,0.6666666666666666
o5qropwk,0d3d703e,9,9,0,0,9,0.0
ol9lky1i,0d3d703e,12,4,8,0,4,0.6666666666666666
5nrjvc7q,0d3d703e,12,4,8,0,4,0.6666666666666666
61zahdh9,0d3d703e,9,3,6,0,3,0.6666666666666666
5hz183aa,0d3d703e,9,9,0,0,9,0.0
emwp6wq7,0d3d703e,15,5,10,0,5,0.6666666666666666
pad0sufd,0d3d703e,9,9,0,0,9,0.0
xeu3j3ki,0d3d703e,9,9,0,0,9,0.0
ym49wqbn,0d3d703e,9,3,6,0,3,0.6666666666666666
154uk6vm,0d3d703e,20,20,0,0,20,0.0
npr5bsi2,0d3d703e,9,9,0,0,9,0.0
byx9jkxm,0d3d703e,9,3,6,0,3,0.6666666666666666
74l1qvc1,0d3d703e,9,9,0,0,9,0.0
j2pjmr32,0d3d703e,9,3,6,0,3,0.6666666666666666
bmlngyh3,0d3d703e,9,3,6,0,3,0.6666666666666666
clucow7d,0d3d703e,12,4,8,0,4,0.6666666666666666
cghxa2ie,0d3d703e,9,3,6,0,3,0.6666666666666666
0hrc9vve,0d3d703e,9,9,0,0,9,0.0
zvbewhqx,0d3d703e,9,9,0,0,9,0.0
plfupad7,0d3d703e,9,9,0,0,9,0.0
ism64anu,0d3d703e,9,9,0,0,9,0.0
n2et79bd,0d3d703e,9,3,6,0,3,0.6666666666666666
qazkn1sw,0d3d703e,15,14,1,0,14,0.06666666666666667
f0wpo2hr,0d3d703e,9,3,6,0,3,0.6666666666666666
c7z6erey,0d3d703e,9,3,6,0,3,0.6666666666666666
8aknstxj,0d3d703e,9,3,6,0,3,0.6666666666666666
r2ck84r8,0d3d703e,9,9,0,0,9,0.0
nze0azo1,0d3d703e,9,9,0,0,9,0.0
hpl7jugr,0d3d703e,9,4,5,0,4,0.5555555555555556
3cc6zm51,0d3d703e,9,9,0,0,9,0.0
ovhoesyy,0d3d703e,9,3,6,0,3,0.6666666666666666
ske58akk,0d3d703e,9,3,6,0,3,0.6666666666666666
r24jdhzg,0d3d703e,18,18,0,0,18,0.0
stbyxpx6,0d3d703e,9,3,6,0,3,0.6666666666666666
44o5xnxe,0d3d703e,9,9,0,0,9,0.0
qkiu92kk,0d3d703e,9,9,0,0,9,0.0
02333qfj,0d3d703e,9,3,6,0,3,0.6666666666666666
q04yitea,0d3d703e,12,4,8,0,4,0.6666666666666666
qfsp3ery,0d3d703e,9,9,0,0,9,0.0
y32zaw9c,0d3d703e,9,9,0,0,9,0.0
cuybsfwr,0d3d703e,9,9,0,0,9,0.0
szbhlpfr,0d3d703e,9,9,0,0,9,0.0
phbjwkyw,0d3d703e,9,3,6,0,3,0.6666666666666666
89u58v07,0d3d703e,9,3,6,0,3,0.6666666666666666
hsm45iwx,0d3d703e,12,6,6,0,6,0.5
4s3cm7d8,0d3d703e,9,7,2,0,7,0.2222222222222222
e2w81k0i,0d3d703e,9,3,6,0,3,0.6666666666666666
sn10zd6g,0d3d703e,9,3,6,0,3,0.6666666666666666
zj5uemkt,0d3d703e,9,9,0,0,9,0.0
ljwskxcq,0d3d703e,9,3,6,0,3,0.6666666666666666
l5sagbsh,0d3d703e,9,3,6,0,3,0.6666666666666666
v6jvgdvg,0d3d703e,9,9,0,0,9,0.0
4s9g1cze,0d3d703e,9,3,6,0,3,0.6666666666666666
3irnkhq8,0d3d703e,18,9,9,0,9,0.5
uktb326q,0d3d703e,9,9,0,0,9,0.0
kwy2bqjo,0d3d703e,9,3,6,0,3,0.6666666666666666
bw2cwy0m,0d3d703e,9,9,0,0,9,0.0
cdo2cmtp,0d3d703e,9,8,1,0,8,0.1111111111111111
d1vjrjhc,0d3d703e,9,3,6,0,3,0.6666666666666666
o4kkkuj9,0d3d703e,10,10,0,0,10,0.0
k8txaw58,0d3d703e,9,9,0,0,9,0.0
mlvcv31l,0d3d703e,9,3,6,0,3,0.6666666666666666
a589fsqz,0d3d703e,9,3,6,0,3,0.6666666666666666
7o2tmcr2,0d3d703e,47,25,22,0,25,0.46808510638297873
t2eyvuxq,0d3d703e,9,3,6,0,3,0.6666666666666666
qv0yh587,0d3d703e,1,1,0,0,1,0.0
eyn3wygc,0d3d703e,9,9,0,0,9,0.0
ni5df01j,0d3d703e,9,9,0,0,9,0.0
mrwlcmno,0d3d703e,11,11,0,0,11,0.0
ew4oecfi,0d3d703e,25,4,21,0,4,0.84
2j8p9vyz,0d3d703e,15,6,9,0,6,0.6
s03ed531,0d3d703e,9,9,0,0,9,0.0
xasfvnb7,0d3d703e,9,9,0,0,9,0.0
03ljcqhc,0d3d703e,15,3,12,0,3,0.8
904h81sn,0d3d703e,9,3,6,0,3,0.6666666666666666
j2dvablb,0d3d703e,9,3,6,0,3,0.6666666666666666
vr20hyge,0d3d703e,9,9,0,0,9,0.0
nhds6zsd,0d3d703e,9,3,6,0,3,0.6666666666666666
qqqzakmg,0d3d703e,4,1,3,0,1,0.75
648anokh,0d3d703e,12,4,8,0,4,0.6666666666666666
zc26r1al,0d3d703e,9,9,0,0,9,0.0
c7ac53of,0d3d703e,9,5,4,0,5,0.4444444444444444
rjanlii9,0d3d703e,9,3,6,0,3,0.6666666666666666
mrypomny,0d3d703e,9,9,0,0,9,0.0
jeq3oy2g,0d3d703e,11,11,0,0,11,0.0
8bgj1tsd,0d3d703e,9,9,0,0,9,0.0
tc5wgx8h,0d3d703e,9,9,0,0,9,0.0
vpxztp7b,0d3d703e,9,3,6,0,3,0.6666666666666666
f1ejz9fy,0d3d703e,9,3,6,0,3,0.6666666666666666
a9gvtd1o,0d3d703e,9,9,0,0,9,0.0
lmtka1ev,0d3d703e,9,3,6,0,3,0.6666666666666666
a0w1xgxf,0d3d703e,9,3,6,0,3,0.6666666666666666
41kp06jx,0d3d703e,9,3,6,0,3,0.6666666666666666
a6jpzpek,0d3d703e,8,1,7,0,1,0.875
6eyovdd2,0d3d703e,9,3,6,0,3,0.6666666666666666
c2lwacqc,0d87d2a6,169,30,139,0,30,0.8224852071005917
g7svteiz,0d87d2a6,174,38,136,0,38,0.7816091954022989
cw4tyx7n,0d87d2a6,201,35,166,0,35,0.8258706467661692
fgxp8fzz,0d87d2a6,207,23,184,0,23,0.8888888888888888
189iqcds,0d87d2a6,223,7,216,0,7,0.968609865470852
mzi8f2hv,0d87d2a6,197,13,184,0,13,0.934010152284264
gkse9wdn,0d87d2a6,179,179,0,0,179,0.0
rhbgnqhz,0d87d2a6,350,56,294,0,56,0.84
72p6pxny,0d87d2a6,340,30,310,0,30,0.9117647058823529
hd5k29qy,0d87d2a6,230,28,202,0,28,0.8782608695652174
jayyv6lz,0d87d2a6,183,30,153,0,30,0.8360655737704918
qu0lm98m,0d87d2a6,176,16,160,0,16,0.9090909090909091
yfyhejim,0d87d2a6,208,10,198,0,10,0.9519230769230769
2tkm21z6,0d87d2a6,175,173,2,0,173,0.011428571428571429
0yfthc4y,0d87d2a6,189,53,136,0,53,0.7195767195767195
ei0ij8ms,0d87d2a6,370,24,346,0,24,0.9351351351351351
0fy66fv2,0d87d2a6,9,9,0,0,9,0.0
7nszfy43,0d87d2a6,197,117,80,0,117,0.40609137055837563
b73rrttr,0d87d2a6,3,3,0,0,3,0.0
r99uy0qb,0d87d2a6,246,24,222,0,24,0.9024390243902439
idma9086,0d87d2a6,187,22,165,0,22,0.8823529411764706
kavvl57w,0d87d2a6,187,13,174,0,13,0.93048128342246
yebzokh4,0d87d2a6,200,79,121,0,79,0.605
qfiy90jx,0d87d2a6,270,22,248,0,22,0.9185185185185185
8oohxrrz,0d87d2a6,149,11,138,0,11,0.9261744966442953
bx44xwzb,0d87d2a6,199,45,154,0,45,0.7738693467336684
o2ho0580,0d87d2a6,23,7,16,0,7,0.6956521739130435
c9sps7bl,0d87d2a6,199,13,186,0,13,0.9346733668341709
g3vslpjv,0d87d2a6,182,29,153,0,29,0.8406593406593407
2d8q4qkc,0d87d2a6,211,10,201,0,10,0.95260663507109
jqeesfz7,0d87d2a6,193,193,0,0,193,0.0
kck1uue7,0d87d2a6,300,21,279,0,21,0.93
nx0vccp8,0d87d2a6,426,202,224,0,202,0.5258215962441315
8psac9uo,0d87d2a6,404,43,361,0,43,0.8935643564356436
9pjr0waw,0d87d2a6,167,14,153,0,14,0.9161676646706587
ascil7wf,0d87d2a6,184,18,166,0,18,0.9021739130434783
aypxap78,0d87d2a6,204,13,191,0,13,0.9362745098039216
l0nln4b2,0d87d2a6,177,25,152,0,25,0.8587570621468926
8y2nd2sh,0d87d2a6,187,16,171,0,16,0.9144385026737968
zelqv7az,0d87d2a6,181,20,161,0,20,0.8895027624309392
z8b26ynw,0d87d2a6,201,27,174,0,27,0.8656716417910447
cfclud8z,0d87d2a6,190,19,171,0,19,0.9
jx6lhkbi,0d87d2a6,177,12,165,0,12,0.9322033898305084
sp00glmz,0d87d2a6,233,38,195,0,38,0.8369098712446352
mpzcivx9,0d87d2a6,193,19,174,0,19,0.9015544041450777
1qt2f29y,0d87d2a6,175,170,5,0,170,0.02857142857142857
clhkwrie,0d87d2a6,245,45,200,0,45,0.8163265306122449
23iyreiv,0d87d2a6,157,19,138,0,19,0.8789808917197452
2ke9hbes,0d87d2a6,265,52,213,0,52,0.8037735849056604
9evwb372,0d87d2a6,198,11,187,0,11,0.9444444444444444
ya0wv6pm,0d87d2a6,489,77,412,0,77,0.8425357873210634
1r6yodve,0d87d2a6,1,1,0,0,1,0.0
2anyuqd8,0d87d2a6,171,171,0,0,171,0.0
9ohxtpht,0d87d2a6,179,43,136,0,43,0.7597765363128491
w12e497z,0d87d2a6,269,32,237,0,32,0.8810408921933085
hkj9daz7,0d87d2a6,206,17,189,0,17,0.9174757281553398
zfeorjum,0d87d2a6,185,21,164,0,21,0.8864864864864865
8d21w3yr,0d87d2a6,441,83,358,0,83,0.8117913832199547
oxvw1rhx,0d87d2a6,164,161,3,0,161,0.018292682926829267
4j6cy1mk,0d87d2a6,414,72,342,0,72,0.8260869565217391
m63pxnwq,0d87d2a6,211,12,199,0,12,0.943127962085308
onnumbyy,0d87d2a6,182,84,98,0,84,0.5384615384615384
ler5uq42,0d87d2a6,177,177,0,0,177,0.0
4wx63ymf,0d87d2a6,190,11,179,0,11,0.9421052631578948
nfbzvhip,0d87d2a6,521,134,387,0,134,0.7428023032629558
t3l0if03,0d87d2a6,196,14,182,0,14,0.9285714285714286
nldu5ge3,0d87d2a6,179,41,138,0,41,0.770949720670391
kkeej6x5,0d87d2a6,173,76,97,0,76,0.5606936416184971
f5ktzt2t,0d87d2a6,207,12,195,0,12,0.9420289855072463
pcrxo3zp,0d87d2a6,215,11,204,0,11,0.9488372093023256
bcyhma9y,0d87d2a6,319,219,100,0,219,0.31347962382445144
nqubyvew,0d87d2a6,191,77,114,0,77,0.5968586387434555
mr7lkk46,0d87d2a6,216,14,202,0,14,0.9351851851851852
2w766g1z,0d87d2a6,346,101,245,0,101,0.708092485549133
7agy8y3l,0d87d2a6,196,39,157,0,39,0.8010204081632653
vbwguazj,0d87d2a6,334,47,287,0,47,0.8592814371257484
mhskzwic,0d87d2a6,176,53,123,0,53,0.6988636363636364
8yhijukj,0d87d2a6,193,12,181,0,12,0.9378238341968912
z3die4q3,0d87d2a6,397,15,382,0,15,0.9622166246851386
8jwr3j6t,0d87d2a6,194,14,180,0,14,0.9278350515463918
pz38obzd,0d87d2a6,177,27,150,0,27,0.847457627118644
nrfiw9bx,0d87d2a6,196,17,179,0,17,0.9132653061224489
d33m799j,0d87d2a6,2,2,0,0,2,0.0
kmwiem6m,0d87d2a6,704,40,664,0,40,0.9431818181818182
27d8totr,0d87d2a6,209,25,184,0,25,0.8803827751196173
fkx2gd88,0d87d2a6,365,27,338,0,27,0.9260273972602739
qothvfhf,0d87d2a6,164,164,0,0,164,0.0
91fk0af9,0d87d2a6,346,64,282,0,64,0.815028901734104
cp3b83py,0d87d2a6,186,17,169,0,17,0.9086021505376344
aqmjput5,0d87d2a6,228,135,93,0,135,0.40789473684210525
l9krayds,0d87d2a6,378,137,241,0,137,0.6375661375661376
f5ohsl5h,0d87d2a6,190,20,170,0,20,0.8947368421052632
bhpug29p,0d87d2a6,204,50,154,0,50,0.7549019607843137
icf7bchs,0d87d2a6,212,131,81,0,131,0.38207547169811323
6e5gb0yb,0d87d2a6,254,17,237,0,17,0.9330708661417323
dmft9d3y,0d87d2a6,433,67,366,0,67,0.8452655889145496
bdfn1h0o,0d87d2a6,445,36,409,0,36,0.9191011235955057
clucow7d,0d87d2a6,220,11,209,0,11,0.95
cghxa2ie,0d87d2a6,399,49,350,0,49,0.8771929824561403
3d2as981,0d87d2a6,194,16,178,0,16,0.9175257731958762
y8mzyzjc,0d87d2a6,520,110,410,0,110,0.7884615384615384
bmlngyh3,0d87d2a6,911,49,861,1,49,0.9451152579582875
byx9jkxm,0d87d2a6,188,13,175,0,13,0.9308510638297872
74l1qvc1,0d87d2a6,1,1,0,0,1,0.0
154uk6vm,0d87d2a6,227,34,193,0,34,0.8502202643171806
ym49wqbn,0d87d2a6,608,42,566,0,42,0.930921052631579
npr5bsi2,0d87d2a6,220,95,125,0,95,0.5681818181818182
emwp6wq7,0d87d2a6,194,16,178,0,16,0.9175257731958762
pad0sufd,0d87d2a6,217,13,204,0,13,0.9400921658986175
61zahdh9,0d87d2a6,356,35,321,0,35,0.901685393258427
5hz183aa,0d87d2a6,75,37,38,0,37,0.5066666666666667
o5qropwk,0d87d2a6,165,106,59,0,106,0.3575757575757576
ol9lky1i,0d87d2a6,261,21,240,0,21,0.9195402298850575
5nrjvc7q,0d87d2a6,182,13,169,0,13,0.9285714285714286
r24jdhzg,0d87d2a6,185,24,161,0,24,0.8702702702702703
3cc6zm51,0d87d2a6,216,66,150,0,66,0.6944444444444444
ske58akk,0d87d2a6,186,18,168,0,18,0.9032258064516129
ovhoesyy,0d87d2a6,202,17,185,0,17,0.9158415841584159
nze0azo1,0d87d2a6,128,14,114,0,14,0.890625
r2ck84r8,0d87d2a6,218,27,191,0,27,0.8761467889908257
hpl7jugr,0d87d2a6,278,16,262,0,16,0.9424460431654677
8aknstxj,0d87d2a6,202,46,156,0,46,0.7722772277227723
qazkn1sw,0d87d2a6,6,5,1,0,5,0.16666666666666666
f0wpo2hr,0d87d2a6,503,27,475,1,27,0.9443339960238568
plfupad7,0d87d2a6,181,31,150,0,31,0.8287292817679558
ism64anu,0d87d2a6,201,22,179,0,22,0.8905472636815921
zvbewhqx,0d87d2a6,191,21,170,0,21,0.8900523560209425
sn10zd6g,0d87d2a6,196,16,180,0,16,0.9183673469387755
hsm45iwx,0d87d2a6,192,8,184,0,8,0.9583333333333334
4s3cm7d8,0d87d2a6,178,77,101,0,77,0.5674157303370787
e2w81k0i,0d87d2a6,254,15,239,0,15,0.9409448818897638
89u58v07,0d87d2a6,348,24,324,0,24,0.9310344827586207
phbjwkyw,0d87d2a6,224,15,209,0,15,0.9330357142857143
0ra11hiv,0d87d2a6,266,110,156,0,110,0.5864661654135338
cuybsfwr,0d87d2a6,215,19,196,0,19,0.9116279069767442
y32zaw9c,0d87d2a6,159,157,2,0,157,0.012578616352201259
02333qfj,0d87d2a6,388,66,322,0,66,0.8298969072164949
qfsp3ery,0d87d2a6,235,43,192,0,43,0.8170212765957446
44o5xnxe,0d87d2a6,175,16,159,0,16,0.9085714285714286
qkiu92kk,0d87d2a6,184,124,60,0,124,0.32608695652173914
cdo2cmtp,0d87d2a6,276,273,3,0,273,0.010869565217391304
bw2cwy0m,0d87d2a6,266,49,217,0,49,0.8157894736842105
kwy2bqjo,0d87d2a6,184,16,168,0,16,0.9130434782608695
uktb326q,0d87d2a6,203,93,110,0,93,0.541871921182266
v6jvgdvg,0d87d2a6,127,126,1,0,126,0.007874015748031496
l5sagbsh,0d87d2a6,346,101,245,0,101,0.708092485549133
ljwskxcq,0d87d2a6,182,12,170,0,12,0.9340659340659341
3irnkhq8,0d87d2a6,175,21,154,0,21,0.88
4s9g1cze,0d87d2a6,199,13,186,0,13,0.9346733668341709
zj5uemkt,0d87d2a6,212,17,195,0,17,0.9198113207547169
wcau806y,0d87d2a6,178,123,55,0,123,0.3089887640449438
2j8p9vyz,0d87d2a6,300,29,271,0,29,0.9033333333333333
s03ed531,0d87d2a6,242,242,0,0,242,0.0
mrwlcmno,0d87d2a6,179,100,79,0,100,0.441340782122905
ew4oecfi,0d87d2a6,186,13,173,0,13,0.9301075268817204
ni5df01j,0d87d2a6,205,12,193,0,12,0.9414634146341463
eyn3wygc,0d87d2a6,207,101,106,0,101,0.5120772946859904
t2eyvuxq,0d87d2a6,241,14,227,0,14,0.941908713692946
a589fsqz,0d87d2a6,220,21,199,0,21,0.9045454545454545
d1vjrjhc,0d87d2a6,188,52,136,0,52,0.723404255319149
mlvcv31l,0d87d2a6,181,17,164,0,17,0.9060773480662984
k8txaw58,0d87d2a6,204,14,190,0,14,0.9313725490196079
o4kkkuj9,0d87d2a6,400,133,267,0,133,0.6675
vr20hyge,0d87d2a6,211,73,138,0,73,0.6540284360189573
nhds6zsd,0d87d2a6,174,171,3,0,171,0.017241379310344827
so5k1adg,0d87d2a6,188,188,0,0,188,0.0
904h81sn,0d87d2a6,210,23,187,0,23,0.8904761904761904
j2dvablb,0d87d2a6,209,19,190,0,19,0.9090909090909091
xasfvnb7,0d87d2a6,174,140,34,0,140,0.19540229885057472
sesf1qnx,0d87d2a6,209,26,183,0,26,0.8755980861244019
6eyovdd2,0d87d2a6,187,31,156,0,31,0.8342245989304813
a6jpzpek,0d87d2a6,190,25,165,0,25,0.868421052631579
lmtka1ev,0d87d2a6,229,10,219,0,10,0.9563318777292577
41kp06jx,0d87d2a6,211,22,189,0,22,0.8957345971563981
a0w1xgxf,0d87d2a6,194,39,155,0,39,0.7989690721649485
e0biso3r,0d87d2a6,193,11,182,0,11,0.9430051813471503
a9gvtd1o,0d87d2a6,196,15,181,0,15,0.923469387755102
vpxztp7b,0d87d2a6,192,25,167,0,25,0.8697916666666666
f1ejz9fy,0d87d2a6,187,14,173,0,14,0.9251336898395722
tc5wgx8h,0d87d2a6,399,22,377,0,22,0.9448621553884712
8bgj1tsd,0d87d2a6,138,33,105,0,33,0.7608695652173914
c7ac53of,0d87d2a6,81,9,72,0,9,0.8888888888888888
rjanlii9,0d87d2a6,307,37,270,0,37,0.8794788273615635
648anokh,0d87d2a6,185,25,160,0,25,0.8648648648648649
nqubyvew,1c02dbbe,134,41,93,0,41,0.6940298507462687
2w766g1z,1c02dbbe,137,13,124,0,13,0.9051094890510949
mr7lkk46,1c02dbbe,153,18,135,0,18,0.8823529411764706
kkeej6x5,1c02dbbe,118,41,77,0,41,0.652542372881356
f5ktzt2t,1c02dbbe,136,13,123,0,13,0.9044117647058824
bcyhma9y,1c02dbbe,240,130,109,1,130,0.45416666666666666
nfbzvhip,1c02dbbe,153,18,135,0,18,0.8823529411764706
4wx63ymf,1c02dbbe,129,19,110,0,19,0.8527131782945736
t3l0if03,1c02dbbe,128,17,111,0,17,0.8671875
nldu5ge3,1c02dbbe,138,19,119,0,19,0.8623188405797102
onnumbyy,1c02dbbe,243,23,220,0,23,0.9053497942386831
nrfiw9bx,1c02dbbe,129,19,110,0,19,0.8527131782945736
xklnx39q,1c02dbbe,148,10,138,0,10,0.9324324324324325
pz38obzd,1c02dbbe,354,39,315,0,39,0.8898305084745762
8yhijukj,1c02dbbe,124,12,112,0,12,0.9032258064516129
mhskzwic,1c02dbbe,124,26,98,0,26,0.7903225806451613
z3die4q3,1c02dbbe,139,11,128,0,11,0.920863309352518
p445h6ow,1c02dbbe,124,23,101,0,23,0.8145161290322581
8jwr3j6t,1c02dbbe,135,13,122,0,13,0.9037037037037037
o1t1fb7j,1c02dbbe,137,29,108,0,29,0.7883211678832117
vbwguazj,1c02dbbe,126,13,113,0,13,0.8968253968253969
om1m73rv,1c02dbbe,130,11,119,0,11,0.9153846153846154
9evwb372,1c02dbbe,123,13,110,0,13,0.8943089430894309
ya0wv6pm,1c02dbbe,143,20,123,0,20,0.8601398601398601
23iyreiv,1c02dbbe,136,21,115,0,21,0.8455882352941176
sp00glmz,1c02dbbe,134,14,120,0,14,0.8955223880597015
1qt2f29y,1c02dbbe,122,27,95,0,27,0.7786885245901639
clhkwrie,1c02dbbe,130,65,65,0,65,0.5
mpzcivx9,1c02dbbe,167,34,133,0,34,0.7964071856287425
jx6lhkbi,1c02dbbe,132,17,115,0,17,0.8712121212121212
zelqv7az,1c02dbbe,123,13,110,0,13,0.8943089430894309
z8b26ynw,1c02dbbe,137,14,123,0,14,0.8978102189781022
cfclud8z,1c02dbbe,126,13,113,0,13,0.8968253968253969
8d21w3yr,1c02dbbe,117,117,0,0,117,0.0
oxvw1rhx,1c02dbbe,134,12,122,0,12,0.9104477611940298
fl73adm5,1c02dbbe,159,10,149,0,10,0.9371069182389937
4j6cy1mk,1c02dbbe,168,12,156,0,12,0.9285714285714286
318gokyy,1c02dbbe,150,21,129,0,21,0.86
9ohxtpht,1c02dbbe,125,17,108,0,17,0.864
w12e497z,1c02dbbe,218,13,205,0,13,0.9403669724770642
hkj9daz7,1c02dbbe,130,12,118,0,12,0.9076923076923077
zfeorjum,1c02dbbe,133,12,121,0,12,0.9097744360902256
cbvc5e3w,1c02dbbe,151,151,0,0,151,0.0
k0qq522n,1c02dbbe,123,90,33,0,90,0.2682926829268293
1r6yodve,1c02dbbe,180,180,0,0,180,0.0
c9sps7bl,1c02dbbe,168,8,160,0,8,0.9523809523809523
bx44xwzb,1c02dbbe,132,24,108,0,24,0.8181818181818182
o2ho0580,1c02dbbe,83,12,71,0,12,0.8554216867469879
2d8q4qkc,1c02dbbe,150,7,143,0,7,0.9533333333333334
g3vslpjv,1c02dbbe,126,19,107,0,19,0.8492063492063492
x5id5i5q,1c02dbbe,119,37,82,0,37,0.6890756302521008
8oohxrrz,1c02dbbe,127,13,114,0,13,0.8976377952755905
qfiy90jx,1c02dbbe,130,15,115,0,15,0.8846153846153846
yebzokh4,1c02dbbe,117,117,0,0,117,0.0
0fy66fv2,1c02dbbe,30,30,0,0,30,0.0
b73rrttr,1c02dbbe,7,7,0,0,7,0.0
r99uy0qb,1c02dbbe,132,24,108,0,24,0.8181818181818182
idma9086,1c02dbbe,126,14,112,0,14,0.8888888888888888
4kl3i3tv,1c02dbbe,153,25,128,0,25,0.8366013071895425
8y2nd2sh,1c02dbbe,153,11,142,0,11,0.9281045751633987
qif0sa3r,1c02dbbe,135,49,86,0,49,0.6370370370370371
ascil7wf,1c02dbbe,134,23,111,0,23,0.8283582089552238
l0nln4b2,1c02dbbe,123,27,96,0,27,0.7804878048780488
aypxap78,1c02dbbe,180,12,168,0,12,0.9333333333333333
8psac9uo,1c02dbbe,133,34,99,0,34,0.7443609022556391
nx0vccp8,1c02dbbe,125,64,61,0,64,0.488
kck1uue7,1c02dbbe,151,21,130,0,21,0.8609271523178808
9pjr0waw,1c02dbbe,128,25,103,0,25,0.8046875
jqeesfz7,1c02dbbe,123,123,0,0,123,0.0
gkse9wdn,1c02dbbe,124,124,0,0,124,0.0
hd5k29qy,1c02dbbe,130,15,115,0,15,0.8846153846153846
rhbgnqhz,1c02dbbe,296,32,264,0,32,0.8918918918918919
72p6pxny,1c02dbbe,124,29,95,0,29,0.7661290322580645
fgxp8fzz,1c02dbbe,151,10,141,0,10,0.9337748344370861
mzi8f2hv,1c02dbbe,147,9,138,0,9,0.9387755102040817
189iqcds,1c02dbbe,140,15,125,0,15,0.8928571428571429
c2lwacqc,1c02dbbe,122,12,110,0,12,0.9016393442622951
g7svteiz,1c02dbbe,133,58,75,0,58,0.5639097744360902
2tkm21z6,1c02dbbe,117,117,0,0,117,0.0
ei0ij8ms,1c02dbbe,136,14,122,0,14,0.8970588235294118
0yfthc4y,1c02dbbe,126,13,113,0,13,0.8968253968253969
yfyhejim,1c02dbbe,143,12,131,0,12,0.916083916083916
jayyv6lz,1c02dbbe,129,128,1,0,128,0.007751937984496124
qu0lm98m,1c02dbbe,256,18,238,0,18,0.9296875
ldo5smvx,1c02dbbe,133,17,115,1,17,0.8646616541353384
j2dvablb,1c02dbbe,142,12,130,0,12,0.9154929577464789
so5k1adg,1c02dbbe,118,118,0,0,118,0.0
904h81sn,1c02dbbe,144,10,134,0,10,0.9305555555555556
03ljcqhc,1c02dbbe,131,30,101,0,30,0.7709923664122137
vr20hyge,1c02dbbe,3,3,0,0,3,0.0
nhds6zsd,1c02dbbe,132,24,108,0,24,0.8181818181818182
zc26r1al,1c02dbbe,117,117,0,0,117,0.0
648anokh,1c02dbbe,126,12,114,0,12,0.9047619047619048
qqqzakmg,1c02dbbe,313,31,282,0,31,0.9009584664536742
tc5wgx8h,1c02dbbe,137,13,124,0,13,0.9051094890510949
8bgj1tsd,1c02dbbe,132,22,110,0,22,0.8333333333333334
mrypomny,1c02dbbe,117,66,51,0,66,0.4358974358974359
jeq3oy2g,1c02dbbe,139,38,101,0,38,0.7266187050359713
c7ac53of,1c02dbbe,10,10,0,0,10,0.0
rjanlii9,1c02dbbe,124,13,111,0,13,0.8951612903225806
e0biso3r,1c02dbbe,134,14,120,0,14,0.8955223880597015
a9gvtd1o,1c02dbbe,132,15,117,0,15,0.8863636363636364
f1ejz9fy,1c02dbbe,194,10,184,0,10,0.9484536082474226
vpxztp7b,1c02dbbe,133,13,120,0,13,0.9022556390977443
6eyovdd2,1c02dbbe,125,14,111,0,14,0.888
a6jpzpek,1c02dbbe,142,8,134,0,8,0.9436619718309859
41kp06jx,1c02dbbe,142,10,132,0,10,0.9295774647887324
a0w1xgxf,1c02dbbe,135,12,123,0,12,0.9111111111111111
lmtka1ev,1c02dbbe,154,9,145,0,9,0.9415584415584416
zj5uemkt,1c02dbbe,133,30,103,0,30,0.7744360902255639
4s9g1cze,1c02dbbe,136,12,124,0,12,0.9117647058823529
3irnkhq8,1c02dbbe,143,24,119,0,24,0.8321678321678322
ljwskxcq,1c02dbbe,157,9,148,0,9,0.9426751592356688
v6jvgdvg,1c02dbbe,119,92,27,0,92,0.226890756302521
l5sagbsh,1c02dbbe,127,18,109,0,18,0.8582677165354331
bw2cwy0m,1c02dbbe,123,13,110,0,13,0.8943089430894309
kwy2bqjo,1c02dbbe,153,30,123,0,30,0.803921568627451
uktb326q,1c02dbbe,137,27,110,0,27,0.8029197080291971
a589fsqz,1c02dbbe,156,14,142,0,14,0.9102564102564102
k8txaw58,1c02dbbe,138,16,122,0,16,0.8840579710144928
o4kkkuj9,1c02dbbe,132,52,80,0,52,0.6060606060606061
mlvcv31l,1c02dbbe,156,6,150,0,6,0.9615384615384616
d1vjrjhc,1c02dbbe,128,12,116,0,12,0.90625
qv0yh587,1c02dbbe,206,152,54,0,152,0.2621359223300971
t2eyvuxq,1c02dbbe,143,12,131,0,12,0.916083916083916
08vqizpx,1c02dbbe,119,119,0,0,119,0.0
ew4oecfi,1c02dbbe,150,15,135,0,15,0.9
mrwlcmno,1c02dbbe,121,67,54,0,67,0.4462809917355372
eyn3wygc,1c02dbbe,137,21,116,0,21,0.8467153284671532
ni5df01j,1c02dbbe,121,12,109,0,12,0.9008264462809917
wcau806y,1c02dbbe,119,48,71,0,48,0.5966386554621849
s03ed531,1c02dbbe,118,118,0,0,118,0.0
2j8p9vyz,1c02dbbe,122,13,109,0,13,0.8934426229508197
ism64anu,1c02dbbe,168,6,162,0,6,0.9642857142857143
n2et79bd,1c02dbbe,123,12,111,0,12,0.9024390243902439
plfupad7,1c02dbbe,160,20,140,0,20,0.875
0hrc9vve,1c02dbbe,19,1,18,0,1,0.9473684210526315
zvbewhqx,1c02dbbe,121,12,109,0,12,0.9008264462809917
8aknstxj,1c02dbbe,177,38,139,0,38,0.7853107344632768
c7z6erey,1c02dbbe,125,15,110,0,15,0.88
f0wpo2hr,1c02dbbe,124,13,111,0,13,0.8951612903225806
qazkn1sw,1c02dbbe,320,183,137,0,183,0.428125
r2ck84r8,1c02dbbe,144,19,125,0,19,0.8680555555555556
nze0azo1,1c02dbbe,138,19,119,0,19,0.8623188405797102
hpl7jugr,1c02dbbe,161,7,154,0,7,0.9565217391304348
stbyxpx6,1c02dbbe,141,38,103,0,38,0.7304964539007093
r24jdhzg,1c02dbbe,146,27,119,0,27,0.815068493150685
ovhoesyy,1c02dbbe,140,19,121,0,19,0.8642857142857143
ske58akk,1c02dbbe,128,20,108,0,20,0.84375
3cc6zm51,1c02dbbe,123,123,0,0,123,0.0
q04yitea,1c02dbbe,133,45,88,0,45,0.6616541353383458
02333qfj,1c02dbbe,135,13,122,0,13,0.9037037037037037
qkiu92kk,1c02dbbe,128,15,113,0,15,0.8828125
ihnjt6k4,1c02dbbe,127,19,108,0,19,0.8503937007874016
44o5xnxe,1c02dbbe,118,86,32,0,86,0.2711864406779661
0ra11hiv,1c02dbbe,118,60,58,0,60,0.4915254237288136
y32zaw9c,1c02dbbe,118,115,3,0,115,0.025423728813559324
89u58v07,1c02dbbe,149,20,129,0,20,0.8657718120805369
phbjwkyw,1c02dbbe,146,16,130,0,16,0.8904109589041096
szbhlpfr,1c02dbbe,170,7,163,0,7,0.9588235294117647
sn10zd6g,1c02dbbe,125,12,113,0,12,0.904
4s3cm7d8,1c02dbbe,118,19,99,0,19,0.8389830508474576
e2w81k0i,1c02dbbe,155,13,142,0,13,0.9161290322580645
hsm45iwx,1c02dbbe,139,14,125,0,14,0.8992805755395683
6e5gb0yb,1c02dbbe,173,20,153,0,20,0.884393063583815
dmft9d3y,1c02dbbe,144,17,127,0,17,0.8819444444444444
f5ohsl5h,1c02dbbe,124,35,89,0,35,0.717741935483871
aqmjput5,1c02dbbe,398,19,379,0,19,0.9522613065326633
l9krayds,1c02dbbe,139,14,125,0,14,0.8992805755395683
icf7bchs,1c02dbbe,239,38,201,0,38,0.8410041841004184
qothvfhf,1c02dbbe,117,117,0,0,117,0.0
91fk0af9,1c02dbbe,131,20,111,0,20,0.8473282442748091
fkx2gd88,1c02dbbe,144,12,132,0,12,0.9166666666666666
cp3b83py,1c02dbbe,126,14,112,0,14,0.8888888888888888
d33m799j,1c02dbbe,15,14,1,0,14,0.06666666666666667
5pds9j1d,1c02dbbe,120,120,0,0,120,0.0
kmwiem6m,1c02dbbe,121,12,109,0,12,0.9008264462809917
5hz183aa,1c02dbbe,178,144,34,0,144,0.19101123595505617
61zahdh9,1c02dbbe,131,58,73,0,58,0.5572519083969466
ol9lky1i,1c02dbbe,144,13,131,0,13,0.9097222222222222
5nrjvc7q,1c02dbbe,122,19,103,0,19,0.8442622950819673
o5qropwk,1c02dbbe,124,14,110,0,14,0.8870967741935484
154uk6vm,1c02dbbe,124,40,84,0,40,0.6774193548387096
ym49wqbn,1c02dbbe,130,19,111,0,19,0.8538461538461538
npr5bsi2,1c02dbbe,156,23,133,0,23,0.8525641025641025
xeu3j3ki,1c02dbbe,141,12,129,0,12,0.9148936170212766
pad0sufd,1c02dbbe,146,12,134,0,12,0.9178082191780822
emwp6wq7,1c02dbbe,129,16,113,0,16,0.875968992248062
j2pjmr32,1c02dbbe,178,75,103,0,75,0.5786516853932584
byx9jkxm,1c02dbbe,129,16,113,0,16,0.875968992248062
cghxa2ie,1c02dbbe,131,18,113,0,18,0.8625954198473282
3d2as981,1c02dbbe,132,20,112,0,20,0.8484848484848485
clucow7d,1c02dbbe,150,13,137,0,13,0.9133333333333333
0hrc9vve,c444b776,80,2,78,0,2,0.975
zvbewhqx,c444b776,46,46,0,0,46,0.0
plfupad7,c444b776,46,46,0,0,46,0.0
ism64anu,c444b776,46,42,4,0,42,0.08695652173913043
n2et79bd,c444b776,4,4,0,0,4,0.0
qazkn1sw,c444b776,16,4,12,0,4,0.75
f0wpo2hr,c444b776,42,41,1,0,41,0.023809523809523808
c7z6erey,c444b776,42,42,0,0,42,0.0
8aknstxj,c444b776,3,2,1,0,2,0.3333333333333333
r2ck84r8,c444b776,43,43,0,0,43,0.0
nze0azo1,c444b776,40,40,0,0,40,0.0
hpl7jugr,c444b776,42,37,5,0,37,0.11904761904761904
3cc6zm51,c444b776,48,48,0,0,48,0.0
ovhoesyy,c444b776,40,40,0,0,40,0.0
ske58akk,c444b776,87,61,26,0,61,0.2988505747126437
r24jdhzg,c444b776,42,42,0,0,42,0.0
stbyxpx6,c444b776,50,49,1,0,49,0.02
ihnjt6k4,c444b776,56,56,0,0,56,0.0
44o5xnxe,c444b776,49,41,8,0,41,0.16326530612244897
02333qfj,c444b776,13,13,0,0,13,0.0
q04yitea,c444b776,40,40,0,0,40,0.0
y32zaw9c,c444b776,40,40,0,0,40,0.0
0ra11hiv,c444b776,43,43,0,0,43,0.0
szbhlpfr,c444b776,58,57,1,0,57,0.017241379310344827
phbjwkyw,c444b776,86,63,23,0,63,0.26744186046511625
095bdwyc,c444b776,50,50,0,0,50,0.0
89u58v07,c444b776,40,40,0,0,40,0.0
hsm45iwx,c444b776,58,45,13,0,45,0.22413793103448276
4s3cm7d8,c444b776,40,40,0,0,40,0.0
e2w81k0i,c444b776,44,38,6,0,38,0.13636363636363635
sn10zd6g,c444b776,42,42,0,0,42,0.0
dmft9d3y,c444b776,51,47,4,0,47,0.0784313725490196
6e5gb0yb,c444b776,43,42,1,0,42,0.023255813953488372
icf7bchs,c444b776,155,46,109,0,46,0.7032258064516129
l9krayds,c444b776,284,70,214,0,70,0.7535211267605634
aqmjput5,c444b776,207,100,107,0,100,0.5169082125603864
nvlsix5c,c444b776,22,22,0,0,22,0.0
bhpug29p,c444b776,57,57,0,0,57,0.0
cp3b83py,c444b776,45,45,0,0,45,0.0
fkx2gd88,c444b776,42,36,6,0,36,0.14285714285714285
27d8totr,c444b776,40,40,0,0,40,0.0
qothvfhf,c444b776,46,46,0,0,46,0.0
kmwiem6m,c444b776,40,40,0,0,40,0.0
5pds9j1d,c444b776,57,57,0,0,57,0.0
ikfbpugl,c444b776,36,27,9,0,27,0.25
d33m799j,c444b776,45,2,43,0,2,0.9555555555555556
o5qropwk,c444b776,45,41,4,0,41,0.08888888888888889
ol9lky1i,c444b776,45,44,1,0,44,0.022222222222222223
5nrjvc7q,c444b776,46,46,0,0,46,0.0
61zahdh9,c444b776,52,52,0,0,52,0.0
5hz183aa,c444b776,92,75,17,0,75,0.18478260869565216
emwp6wq7,c444b776,40,40,0,0,40,0.0
pad0sufd,c444b776,46,46,0,0,46,0.0
xeu3j3ki,c444b776,40,40,0,0,40,0.0
ym49wqbn,c444b776,43,43,0,0,43,0.0
154uk6vm,c444b776,42,42,0,0,42,0.0
npr5bsi2,c444b776,55,55,0,0,55,0.0
byx9jkxm,c444b776,44,39,5,0,39,0.11363636363636363
74l1qvc1,c444b776,40,40,0,0,40,0.0
j2pjmr32,c444b776,206,24,182,0,24,0.883495145631068
bmlngyh3,c444b776,40,40,0,0,40,0.0
clucow7d,c444b776,46,44,2,0,44,0.043478260869565216
cghxa2ie,c444b776,42,42,0,0,42,0.0
3d2as981,c444b776,45,45,0,0,45,0.0
xasfvnb7,c444b776,35,19,16,0,19,0.45714285714285713
03ljcqhc,c444b776,48,48,0,0,48,0.0
so5k1adg,c444b776,64,64,0,0,64,0.0
j2dvablb,c444b776,43,38,5,0,38,0.11627906976744186
vr20hyge,c444b776,2,2,0,0,2,0.0
nhds6zsd,c444b776,40,40,0,0,40,0.0
4stfwpke,c444b776,44,44,0,0,44,0.0
648anokh,c444b776,40,40,0,0,40,0.0
zc26r1al,c444b776,62,61,0,1,61,0.0
c7ac53of,c444b776,96,15,81,0,15,0.84375
rjanlii9,c444b776,41,41,0,0,41,0.0
mrypomny,c444b776,44,44,0,0,44,0.0
8bgj1tsd,c444b776,46,46,0,0,46,0.0
tc5wgx8h,c444b776,40,40,0,0,40,0.0
vpxztp7b,c444b776,104,103,1,0,103,0.009615384615384616
f1ejz9fy,c444b776,44,39,5,0,39,0.11363636363636363
e0biso3r,c444b776,40,40,0,0,40,0.0
a9gvtd1o,c444b776,45,43,2,0,43,0.044444444444444446
lmtka1ev,c444b776,42,37,5,0,37,0.11904761904761904
a0w1xgxf,c444b776,42,10,32,0,10,0.7619047619047619
41kp06jx,c444b776,44,44,0,0,44,0.0
a6jpzpek,c444b776,13,3,10,0,3,0.7692307692307693
6eyovdd2,c444b776,40,35,5,0,35,0.125
zj5uemkt,c444b776,41,41,0,0,41,0.0
ljwskxcq,c444b776,40,35,5,0,35,0.125
v6jvgdvg,c444b776,70,60,10,0,60,0.14285714285714285
l5sagbsh,c444b776,55,36,19,0,36,0.34545454545454546
3irnkhq8,c444b776,47,42,5,0,42,0.10638297872340426
bw2cwy0m,c444b776,40,40,0,0,40,0.0
kwy2bqjo,c444b776,44,44,0,0,44,0.0
d1vjrjhc,c444b776,46,46,0,0,46,0.0
k8txaw58,c444b776,50,50,0,0,50,0.0
o4kkkuj9,c444b776,55,54,1,0,54,0.01818181818181818
mlvcv31l,c444b776,40,38,2,0,38,0.05
a589fsqz,c444b776,42,42,0,0,42,0.0
t2eyvuxq,c444b776,51,51,0,0,51,0.0
eyn3wygc,c444b776,54,54,0,0,54,0.0
ni5df01j,c444b776,42,42,0,0,42,0.0
mrwlcmno,c444b776,42,42,0,0,42,0.0
ew4oecfi,c444b776,42,42,0,0,42,0.0
6p8vl3lk,c444b776,17,17,0,0,17,0.0
2j8p9vyz,c444b776,49,42,7,0,42,0.14285714285714285
s03ed531,c444b776,66,66,0,0,66,0.0
wcau806y,c444b776,3,3,0,0,3,0.0
g3vslpjv,c444b776,40,39,1,0,39,0.025
o2ho0580,c444b776,128,19,109,0,19,0.8515625
bx44xwzb,c444b776,42,42,0,0,42,0.0
c9sps7bl,c444b776,54,48,6,0,48,0.1111111111111111
qfiy90jx,c444b776,40,40,0,0,40,0.0
8oohxrrz,c444b776,42,42,0,0,42,0.0
x5id5i5q,c444b776,40,40,0,0,40,0.0
yebzokh4,c444b776,40,40,0,0,40,0.0
kavvl57w,c444b776,40,37,3,0,37,0.075
r99uy0qb,c444b776,10,10,0,0,10,0.0
idma9086,c444b776,77,56,21,0,56,0.2727272727272727
b73rrttr,c444b776,10,10,0,0,10,0.0
8y2nd2sh,c444b776,44,39,5,0,39,0.11363636363636363
l0nln4b2,c444b776,42,42,0,0,42,0.0
ascil7wf,c444b776,49,49,0,0,49,0.0
kck1uue7,c444b776,41,37,4,0,37,0.0975609756097561
8psac9uo,c444b776,47,45,2,0,45,0.0425531914893617
nx0vccp8,c444b776,40,40,0,0,40,0.0
jqeesfz7,c444b776,56,56,0,0,56,0.0
rhbgnqhz,c444b776,42,42,0,0,42,0.0
72p6pxny,c444b776,50,47,3,0,47,0.06
hd5k29qy,c444b776,16,16,0,0,16,0.0
189iqcds,c444b776,49,49,0,0,49,0.0
mzi8f2hv,c444b776,44,44,0,0,44,0.0
fgxp8fzz,c444b776,67,48,19,0,48,0.2835820895522388
yc52i3qf,c444b776,8,8,0,0,8,0.0
c2lwacqc,c444b776,40,40,0,0,40,0.0
g7svteiz,c444b776,42,42,0,0,42,0.0
0yfthc4y,c444b776,45,45,0,0,45,0.0
ei0ij8ms,c444b776,107,61,46,0,61,0.42990654205607476
2tkm21z6,c444b776,43,43,0,0,43,0.0
9wkeb5tu,c444b776,40,40,0,0,40,0.0
yfyhejim,c444b776,69,55,14,0,55,0.2028985507246377
qu0lm98m,c444b776,64,64,0,0,64,0.0
jayyv6lz,c444b776,47,47,0,0,47,0.0
5vv1rrzw,c444b776,50,49,1,0,49,0.02
mr7lkk46,c444b776,60,60,0,0,60,0.0
nqubyvew,c444b776,52,52,0,0,52,0.0
bcyhma9y,c444b776,3,3,0,0,3,0.0
kkeej6x5,c444b776,40,40,0,0,40,0.0
f5ktzt2t,c444b776,40,35,5,0,35,0.125
pcrxo3zp,c444b776,46,41,5,0,41,0.10869565217391304
t3l0if03,c444b776,42,42,0,0,42,0.0
nldu5ge3,c444b776,42,42,0,0,42,0.0
ler5uq42,c444b776,44,44,0,0,44,0.0
nfbzvhip,c444b776,59,59,0,0,59,0.0
4wx63ymf,c444b776,40,40,0,0,40,0.0
m63pxnwq,c444b776,41,41,0,0,41,0.0
nrfiw9bx,c444b776,44,37,7,0,37,0.1590909090909091
xklnx39q,c444b776,42,37,5,0,37,0.11904761904761904
pz38obzd,c444b776,44,44,0,0,44,0.0
z3die4q3,c444b776,44,41,3,0,41,0.06818181818181818
8jwr3j6t,c444b776,42,42,0,0,42,0.0
mhskzwic,c444b776,48,46,2,0,46,0.041666666666666664
8yhijukj,c444b776,44,44,0,0,44,0.0
om1m73rv,c444b776,40,40,0,0,40,0.0
7agy8y3l,c444b776,44,44,0,0,44,0.0
vbwguazj,c444b776,44,44,0,0,44,0.0
9evwb372,c444b776,43,43,0,0,43,0.0
2ke9hbes,c444b776,40,40,0,0,40,0.0
ya0wv6pm,c444b776,44,44,0,0,44,0.0
clhkwrie,c444b776,44,44,0,0,44,0.0
1qt2f29y,c444b776,16,3,13,0,3,0.8125
sp00glmz,c444b776,18,18,0,0,18,0.0
jx6lhkbi,c444b776,11,11,0,0,11,0.0
zelqv7az,c444b776,42,42,0,0,42,0.0
z8b26ynw,c444b776,40,35,5,0,35,0.125
wa9xd98o,c444b776,1,1,0,0,1,0.0
oxvw1rhx,c444b776,21,21,0,0,21,0.0
4j6cy1mk,c444b776,45,45,0,0,45,0.0
fl73adm5,c444b776,79,44,35,0,44,0.4430379746835443
8d21w3yr,c444b776,40,40,0,0,40,0.0
zfeorjum,c444b776,44,44,0,0,44,0.0
hkj9daz7,c444b776,44,42,2,0,42,0.045454545454545456
9ohxtpht,c444b776,40,35,5,0,35,0.125
w12e497z,c444b776,211,38,173,0,38,0.8199052132701422
0wk7vjg8,c444b776,45,45,0,0,45,0.0
1r6yodve,c444b776,116,116,0,0,116,0.0
cbvc5e3w,c444b776,87,87,0,0,87,0.0
lmtka1ev,1bfc4729,54,5,49,0,5,0.9074074074074074
a0w1xgxf,1bfc4729,56,6,50,0,6,0.8928571428571429
a6jpzpek,1bfc4729,66,41,25,0,41,0.3787878787878788
6eyovdd2,1bfc4729,53,15,38,0,15,0.7169811320754716
vpxztp7b,1bfc4729,55,11,44,0,11,0.8
f1ejz9fy,1bfc4729,57,5,52,0,5,0.9122807017543859
a9gvtd1o,1bfc4729,55,16,39,0,16,0.7090909090909091
e0biso3r,1bfc4729,53,4,49,0,4,0.9245283018867925
rjanlii9,1bfc4729,68,10,58,0,10,0.8529411764705882
c7ac53of,1bfc4729,71,71,0,0,71,0.0
jeq3oy2g,1bfc4729,38,4,34,0,4,0.8947368421052632
mrypomny,1bfc4729,50,50,0,0,50,0.0
8bgj1tsd,1bfc4729,55,9,46,0,9,0.8363636363636363
tc5wgx8h,1bfc4729,104,15,89,0,15,0.8557692307692307
648anokh,1bfc4729,56,3,53,0,3,0.9464285714285714
4stfwpke,1bfc4729,78,9,69,0,9,0.8846153846153846
nhds6zsd,1bfc4729,50,50,0,0,50,0.0
vr20hyge,1bfc4729,64,64,0,0,64,0.0
ce9qdbyh,1bfc4729,62,16,46,0,16,0.7419354838709677
904h81sn,1bfc4729,52,14,38,0,14,0.7307692307692307
so5k1adg,1bfc4729,50,50,0,0,50,0.0
j2dvablb,1bfc4729,53,4,49,0,4,0.9245283018867925
xasfvnb7,1bfc4729,80,24,56,0,24,0.7
2j8p9vyz,1bfc4729,59,8,51,0,8,0.864406779661017
s03ed531,1bfc4729,52,52,0,0,52,0.0
wcau806y,1bfc4729,55,17,38,0,17,0.6909090909090909
eyn3wygc,1bfc4729,54,18,36,0,18,0.6666666666666666
ni5df01j,1bfc4729,56,5,51,0,5,0.9107142857142857
mrwlcmno,1bfc4729,58,39,19,0,39,0.3275862068965517
ew4oecfi,1bfc4729,52,6,46,0,6,0.8846153846153846
08vqizpx,1bfc4729,50,50,0,0,50,0.0
t2eyvuxq,1bfc4729,59,6,53,0,6,0.8983050847457628
qv0yh587,1bfc4729,56,53,3,0,53,0.05357142857142857
d1vjrjhc,1bfc4729,55,5,50,0,5,0.9090909090909091
k8txaw58,1bfc4729,54,4,50,0,4,0.9259259259259259
mlvcv31l,1bfc4729,50,10,40,0,10,0.8
a589fsqz,1bfc4729,60,13,47,0,13,0.7833333333333333
7o2tmcr2,1bfc4729,324,73,251,0,73,0.7746913580246914
cdo2cmtp,1bfc4729,50,47,3,0,47,0.06
uktb326q,1bfc4729,54,13,41,0,13,0.7592592592592593
kwy2bqjo,1bfc4729,53,6,47,0,6,0.8867924528301887
bw2cwy0m,1bfc4729,68,10,58,0,10,0.8529411764705882
ljwskxcq,1bfc4729,61,6,55,0,6,0.9016393442622951
l5sagbsh,1bfc4729,83,7,76,0,7,0.9156626506024096
v6jvgdvg,1bfc4729,55,13,42,0,13,0.7636363636363637
4s9g1cze,1bfc4729,55,5,50,0,5,0.9090909090909091
3irnkhq8,1bfc4729,88,9,79,0,9,0.8977272727272727
zj5uemkt,1bfc4729,85,14,71,0,14,0.8352941176470589
hsm45iwx,1bfc4729,61,7,54,0,7,0.8852459016393442
e2w81k0i,1bfc4729,61,5,56,0,5,0.9180327868852459
4s3cm7d8,1bfc4729,57,10,46,1,10,0.8070175438596491
sn10zd6g,1bfc4729,58,5,53,0,5,0.9137931034482759
89u58v07,1bfc4729,61,4,57,0,4,0.9344262295081968
y32zaw9c,1bfc4729,52,52,0,0,52,0.0
cuybsfwr,1bfc4729,102,8,94,0,8,0.9215686274509803
0ra11hiv,1bfc4729,50,50,0,0,50,0.0
44o5xnxe,1bfc4729,50,15,35,0,15,0.7
qkiu92kk,1bfc4729,56,8,48,0,8,0.8571428571428571
02333qfj,1bfc4729,56,9,47,0,9,0.8392857142857143
qfsp3ery,1bfc4729,53,13,40,0,13,0.7547169811320755
q04yitea,1bfc4729,55,12,43,0,12,0.7818181818181819
3cc6zm51,1bfc4729,56,4,52,0,4,0.9285714285714286
ovhoesyy,1bfc4729,56,9,47,0,9,0.8392857142857143
ske58akk,1bfc4729,67,9,58,0,9,0.8656716417910447
r24jdhzg,1bfc4729,51,11,40,0,11,0.7843137254901961
stbyxpx6,1bfc4729,72,19,53,0,19,0.7361111111111112
hpl7jugr,1bfc4729,56,5,51,0,5,0.9107142857142857
r2ck84r8,1bfc4729,51,18,33,0,18,0.6470588235294118
nze0azo1,1bfc4729,62,8,54,0,8,0.8709677419354839
qazkn1sw,1bfc4729,64,31,33,0,31,0.515625
f0wpo2hr,1bfc4729,119,9,110,0,9,0.9243697478991597
c7z6erey,1bfc4729,54,10,44,0,10,0.8148148148148148
8aknstxj,1bfc4729,90,10,80,0,10,0.8888888888888888
zvbewhqx,1bfc4729,58,7,51,0,7,0.8793103448275862
0hrc9vve,1bfc4729,58,11,46,1,11,0.7931034482758621
plfupad7,1bfc4729,57,3,54,0,3,0.9473684210526315
ism64anu,1bfc4729,77,19,58,0,19,0.7532467532467533
bmlngyh3,1bfc4729,172,17,154,1,17,0.8953488372093024
clucow7d,1bfc4729,52,9,43,0,9,0.8269230769230769
cghxa2ie,1bfc4729,54,3,51,0,3,0.9444444444444444
byx9jkxm,1bfc4729,61,9,52,0,9,0.8524590163934426
j2pjmr32,1bfc4729,59,12,47,0,12,0.7966101694915254
emwp6wq7,1bfc4729,50,10,40,0,10,0.8
npr5bsi2,1bfc4729,53,21,32,0,21,0.6037735849056604
ym49wqbn,1bfc4729,56,22,34,0,22,0.6071428571428571
154uk6vm,1bfc4729,118,13,105,0,13,0.8898305084745762
o5qropwk,1bfc4729,71,5,66,0,5,0.9295774647887324
5nrjvc7q,1bfc4729,54,10,44,0,10,0.8148148148148148
ol9lky1i,1bfc4729,55,11,44,0,11,0.8
61zahdh9,1bfc4729,60,11,49,0,11,0.8166666666666667
5hz183aa,1bfc4729,31,3,28,0,3,0.9032258064516129
kmwiem6m,1bfc4729,55,8,47,0,8,0.8545454545454545
5pds9j1d,1bfc4729,50,50,0,0,50,0.0
ikfbpugl,1bfc4729,61,10,51,0,10,0.8360655737704918
d33m799j,1bfc4729,56,14,42,0,14,0.75
cp3b83py,1bfc4729,50,10,40,0,10,0.8
fkx2gd88,1bfc4729,55,6,49,0,6,0.8909090909090909
27d8totr,1bfc4729,55,3,52,0,3,0.9454545454545454
91fk0af9,1bfc4729,52,16,36,0,16,0.6923076923076923
qothvfhf,1bfc4729,50,50,0,0,50,0.0
icf7bchs,1bfc4729,54,27,27,0,27,0.5
aqmjput5,1bfc4729,70,6,64,0,6,0.9142857142857143
bhpug29p,1bfc4729,66,17,49,0,17,0.7424242424242424
dmft9d3y,1bfc4729,53,14,39,0,14,0.7358490566037735
pgtp756s,1bfc4729,51,50,1,0,50,0.0196078431372549
6e5gb0yb,1bfc4729,56,6,50,0,6,0.8928571428571429
om1m73rv,1bfc4729,53,10,43,0,10,0.8113207547169812
7agy8y3l,1bfc4729,57,13,44,0,13,0.7719298245614035
p445h6ow,1bfc4729,54,13,41,0,13,0.7592592592592593
8jwr3j6t,1bfc4729,53,10,43,0,10,0.8113207547169812
z3die4q3,1bfc4729,72,5,67,0,5,0.9305555555555556
mhskzwic,1bfc4729,135,30,105,0,30,0.7777777777777778
8yhijukj,1bfc4729,77,10,67,0,10,0.8701298701298701
50nsp39w,1bfc4729,52,8,44,0,8,0.8461538461538461
pz38obzd,1bfc4729,53,5,48,0,5,0.9056603773584906
xklnx39q,1bfc4729,124,12,112,0,12,0.9032258064516129
nrfiw9bx,1bfc4729,67,8,59,0,8,0.8805970149253731
m63pxnwq,1bfc4729,52,9,43,0,9,0.8269230769230769
nldu5ge3,1bfc4729,52,16,36,0,16,0.6923076923076923
t3l0if03,1bfc4729,52,8,44,0,8,0.8461538461538461
nfbzvhip,1bfc4729,64,13,51,0,13,0.796875
4wx63ymf,1bfc4729,62,8,54,0,8,0.8709677419354839
pcrxo3zp,1bfc4729,94,7,87,0,7,0.925531914893617
f5ktzt2t,1bfc4729,55,4,51,0,4,0.9272727272727272
kkeej6x5,1bfc4729,53,10,43,0,10,0.8113207547169812
mr7lkk46,1bfc4729,52,10,42,0,10,0.8076923076923077
2w766g1z,1bfc4729,71,9,62,0,9,0.8732394366197183
nqubyvew,1bfc4729,54,16,38,0,16,0.7037037037037037
2anyuqd8,1bfc4729,52,52,0,0,52,0.0
1r6yodve,1bfc4729,2,2,0,0,2,0.0
cbvc5e3w,1bfc4729,50,50,0,0,50,0.0
zfeorjum,1bfc4729,58,7,51,0,7,0.8793103448275862
hkj9daz7,1bfc4729,57,3,54,0,3,0.9473684210526315
w12e497z,1bfc4729,2,2,0,0,2,0.0
9ohxtpht,1bfc4729,61,5,56,0,5,0.9180327868852459
4j6cy1mk,1bfc4729,58,15,43,0,15,0.7413793103448276
oxvw1rhx,1bfc4729,50,50,0,0,50,0.0
8d21w3yr,1bfc4729,51,9,41,1,9,0.803921568627451
cfclud8z,1bfc4729,50,8,42,0,8,0.84
z8b26ynw,1bfc4729,57,4,53,0,4,0.9298245614035088
zelqv7az,1bfc4729,90,9,81,0,9,0.9
jx6lhkbi,1bfc4729,63,3,60,0,3,0.9523809523809523
mpzcivx9,1bfc4729,157,14,143,0,14,0.910828025477707
clhkwrie,1bfc4729,52,31,21,0,31,0.40384615384615385
1qt2f29y,1bfc4729,50,50,0,0,50,0.0
sp00glmz,1bfc4729,72,12,60,0,12,0.8333333333333334
ya0wv6pm,1bfc4729,65,19,46,0,19,0.7076923076923077
9evwb372,1bfc4729,54,10,44,0,10,0.8148148148148148
2ke9hbes,1bfc4729,203,31,172,0,31,0.8472906403940886
jqeesfz7,1bfc4729,54,54,0,0,54,0.0
xji13cu2,1bfc4729,54,9,45,0,9,0.8333333333333334
9pjr0waw,1bfc4729,55,11,44,0,11,0.8
kck1uue7,1bfc4729,57,4,53,0,4,0.9298245614035088
8psac9uo,1bfc4729,65,15,50,0,15,0.7692307692307693
nx0vccp8,1bfc4729,54,26,28,0,26,0.5185185185185185
aypxap78,1bfc4729,70,5,65,0,5,0.9285714285714286
l0nln4b2,1bfc4729,50,14,36,0,14,0.72
ascil7wf,1bfc4729,65,17,48,0,17,0.7384615384615385
8y2nd2sh,1bfc4729,52,9,43,0,9,0.8269230769230769
idma9086,1bfc4729,53,17,36,0,17,0.6792452830188679
r99uy0qb,1bfc4729,55,13,42,0,13,0.7636363636363637
yebzokh4,1bfc4729,72,6,66,0,6,0.9166666666666666
kavvl57w,1bfc4729,57,6,51,0,6,0.8947368421052632
qfiy90jx,1bfc4729,61,10,51,0,10,0.8360655737704918
8oohxrrz,1bfc4729,55,8,47,0,8,0.8545454545454545
g3vslpjv,1bfc4729,52,10,42,0,10,0.8076923076923077
o2ho0580,1bfc4729,52,35,17,0,35,0.3269230769230769
bx44xwzb,1bfc4729,55,29,26,0,29,0.4727272727272727
c9sps7bl,1bfc4729,69,5,64,0,5,0.927536231884058
ldo5smvx,1bfc4729,55,6,49,0,6,0.8909090909090909
qu0lm98m,1bfc4729,51,13,38,0,13,0.7450980392156863
jayyv6lz,1bfc4729,59,58,1,0,58,0.01694915254237288
yfyhejim,1bfc4729,79,12,67,0,12,0.8481012658227848
0yfthc4y,1bfc4729,65,40,25,0,40,0.38461538461538464
ei0ij8ms,1bfc4729,84,10,74,0,10,0.8809523809523809
g7svteiz,1bfc4729,76,21,55,0,21,0.7236842105263158
c2lwacqc,1bfc4729,62,9,53,0,9,0.8548387096774194
cw4tyx7n,1bfc4729,7,1,6,0,1,0.8571428571428571
189iqcds,1bfc4729,83,14,69,0,14,0.8313253012048193
mzi8f2hv,1bfc4729,96,12,84,0,12,0.875
fgxp8fzz,1bfc4729,55,5,50,0,5,0.9090909090909091
72p6pxny,1bfc4729,52,18,34,0,18,0.6538461538461539
rhbgnqhz,1bfc4729,52,4,48,0,4,0.9230769230769231
hd5k29qy,1bfc4729,58,4,54,0,4,0.9310344827586207
sesf1qnx,1c0d0a4b,97,59,38,0,59,0.3917525773195876
xasfvnb7,1c0d0a4b,83,82,1,0,82,0.012048192771084338
j2dvablb,1c0d0a4b,86,46,40,0,46,0.46511627906976744
so5k1adg,1c0d0a4b,85,85,0,0,85,0.0
904h81sn,1c0d0a4b,84,55,29,0,55,0.34523809523809523
ce9qdbyh,1c0d0a4b,92,53,39,0,53,0.42391304347826086
vr20hyge,1c0d0a4b,81,81,0,0,81,0.0
nhds6zsd,1c0d0a4b,81,81,0,0,81,0.0
648anokh,1c0d0a4b,106,49,57,0,49,0.5377358490566038
8bgj1tsd,1c0d0a4b,82,74,8,0,74,0.0975609756097561
tc5wgx8h,1c0d0a4b,82,68,14,0,68,0.17073170731707318
mrypomny,1c0d0a4b,81,63,18,0,63,0.2222222222222222
jeq3oy2g,1c0d0a4b,14,6,8,0,6,0.5714285714285714
c7ac53of,1c0d0a4b,35,35,0,0,35,0.0
rjanlii9,1c0d0a4b,12,3,9,0,3,0.75
e0biso3r,1c0d0a4b,84,48,36,0,48,0.42857142857142855
a9gvtd1o,1c0d0a4b,190,102,88,0,102,0.4631578947368421
f1ejz9fy,1c0d0a4b,90,46,44,0,46,0.4888888888888889
a6jpzpek,1c0d0a4b,4,4,0,0,4,0.0
6eyovdd2,1c0d0a4b,83,65,18,0,65,0.21686746987951808
a0w1xgxf,1c0d0a4b,51,51,0,0,51,0.0
41kp06jx,1c0d0a4b,89,51,38,0,51,0.42696629213483145
lmtka1ev,1c0d0a4b,84,40,44,0,40,0.5238095238095238
zj5uemkt,1c0d0a4b,84,47,37,0,47,0.44047619047619047
3irnkhq8,1c0d0a4b,93,52,41,0,52,0.44086021505376344
4s9g1cze,1c0d0a4b,84,37,47,0,37,0.5595238095238095
l5sagbsh,1c0d0a4b,84,49,35,0,49,0.4166666666666667
ljwskxcq,1c0d0a4b,85,38,47,0,38,0.5529411764705883
kwy2bqjo,1c0d0a4b,88,44,44,0,44,0.5
bw2cwy0m,1c0d0a4b,86,86,0,0,86,0.0
uktb326q,1c0d0a4b,83,80,3,0,80,0.03614457831325301
a589fsqz,1c0d0a4b,83,83,0,0,83,0.0
mlvcv31l,1c0d0a4b,96,47,49,0,47,0.5104166666666666
o4kkkuj9,1c0d0a4b,82,67,15,0,67,0.18292682926829268
k8txaw58,1c0d0a4b,120,27,93,0,27,0.775
1xogp17t,1c0d0a4b,18,4,14,0,4,0.7777777777777778
qv0yh587,1c0d0a4b,83,81,2,0,81,0.024096385542168676
t2eyvuxq,1c0d0a4b,81,74,7,0,74,0.08641975308641975
08vqizpx,1c0d0a4b,82,82,0,0,82,0.0
ew4oecfi,1c0d0a4b,83,45,38,0,45,0.4578313253012048
mrwlcmno,1c0d0a4b,89,89,0,0,89,0.0
ni5df01j,1c0d0a4b,43,43,0,0,43,0.0
eyn3wygc,1c0d0a4b,82,82,0,0,82,0.0
wcau806y,1c0d0a4b,81,81,0,0,81,0.0
s03ed531,1c0d0a4b,81,81,0,0,81,0.0
6p8vl3lk,1c0d0a4b,84,65,19,0,65,0.2261904761904762
ism64anu,1c0d0a4b,86,70,16,0,70,0.18604651162790697
plfupad7,1c0d0a4b,99,92,7,0,92,0.0707070707070707
zvbewhqx,1c0d0a4b,81,66,15,0,66,0.18518518518518517
c7z6erey,1c0d0a4b,81,70,11,0,70,0.13580246913580246
8aknstxj,1c0d0a4b,87,42,45,0,42,0.5172413793103449
f0wpo2hr,1c0d0a4b,81,49,32,0,49,0.3950617283950617
qazkn1sw,1c0d0a4b,4,3,1,0,3,0.25
nze0azo1,1c0d0a4b,216,105,111,0,105,0.5138888888888888
r2ck84r8,1c0d0a4b,90,50,40,0,50,0.4444444444444444
hpl7jugr,1c0d0a4b,122,27,95,0,27,0.7786885245901639
stbyxpx6,1c0d0a4b,83,56,27,0,56,0.3253012048192771
r24jdhzg,1c0d0a4b,85,85,0,0,85,0.0
ske58akk,1c0d0a4b,85,50,35,0,50,0.4117647058823529
ovhoesyy,1c0d0a4b,122,33,89,0,33,0.7295081967213115
3cc6zm51,1c0d0a4b,82,82,0,0,82,0.0
q04yitea,1c0d0a4b,83,83,0,0,83,0.0
qfsp3ery,1c0d0a4b,162,159,3,0,159,0.018518518518518517
44o5xnxe,1c0d0a4b,81,46,35,0,46,0.43209876543209874
0ra11hiv,1c0d0a4b,83,71,12,0,71,0.14457831325301204
cuybsfwr,1c0d0a4b,84,84,0,0,84,0.0
y32zaw9c,1c0d0a4b,83,83,0,0,83,0.0
89u58v07,1c0d0a4b,82,60,22,0,60,0.2682926829268293
phbjwkyw,1c0d0a4b,111,41,70,0,41,0.6306306306306306
szbhlpfr,1c0d0a4b,1,1,0,0,1,0.0
sn10zd6g,1c0d0a4b,86,47,39,0,47,0.45348837209302323
4s3cm7d8,1c0d0a4b,84,83,1,0,83,0.011904761904761904
e2w81k0i,1c0d0a4b,86,46,40,0,46,0.46511627906976744
hsm45iwx,1c0d0a4b,83,83,0,0,83,0.0
6e5gb0yb,1c0d0a4b,118,48,70,0,48,0.5932203389830508
pgtp756s,1c0d0a4b,82,82,0,0,82,0.0
dmft9d3y,1c0d0a4b,86,55,31,0,55,0.36046511627906974
nvlsix5c,1c0d0a4b,62,61,1,0,61,0.016129032258064516
f5ohsl5h,1c0d0a4b,86,48,38,0,48,0.4418604651162791
aqmjput5,1c0d0a4b,1,1,0,0,1,0.0
icf7bchs,1c0d0a4b,202,195,7,0,195,0.034653465346534656
91fk0af9,1c0d0a4b,82,82,0,0,82,0.0
qothvfhf,1c0d0a4b,132,132,0,0,132,0.0
27d8totr,1c0d0a4b,83,83,0,0,83,0.0
fkx2gd88,1c0d0a4b,91,42,49,0,42,0.5384615384615384
cp3b83py,1c0d0a4b,92,46,46,0,46,0.5
d33m799j,1c0d0a4b,15,1,14,0,1,0.9333333333333333
kmwiem6m,1c0d0a4b,85,37,48,0,37,0.5647058823529412
61zahdh9,1c0d0a4b,83,72,11,0,72,0.13253012048192772
ol9lky1i,1c0d0a4b,112,35,77,0,35,0.6875
5nrjvc7q,1c0d0a4b,162,162,0,0,162,0.0
o5qropwk,1c0d0a4b,87,77,10,0,77,0.11494252873563218
ym49wqbn,1c0d0a4b,113,91,22,0,91,0.19469026548672566
154uk6vm,1c0d0a4b,14,14,0,0,14,0.0
npr5bsi2,1c0d0a4b,86,86,0,0,86,0.0
pad0sufd,1c0d0a4b,83,67,16,0,67,0.1927710843373494
emwp6wq7,1c0d0a4b,103,40,63,0,40,0.6116504854368932
j2pjmr32,1c0d0a4b,4,4,0,0,4,0.0
byx9jkxm,1c0d0a4b,84,51,33,0,51,0.39285714285714285
74l1qvc1,1c0d0a4b,159,52,107,0,52,0.6729559748427673
cghxa2ie,1c0d0a4b,83,40,43,0,40,0.5180722891566265
3d2as981,1c0d0a4b,122,38,84,0,38,0.6885245901639344
clucow7d,1c0d0a4b,95,39,56,0,39,0.5894736842105263
bmlngyh3,1c0d0a4b,82,82,0,0,82,0.0
mr7lkk46,1c0d0a4b,103,45,58,0,45,0.5631067961165048
f5ktzt2t,1c0d0a4b,93,40,53,0,40,0.5698924731182796
kkeej6x5,1c0d0a4b,82,65,17,0,65,0.2073170731707317
4wx63ymf,1c0d0a4b,128,35,93,0,35,0.7265625
nfbzvhip,1c0d0a4b,90,90,0,0,90,0.0
ler5uq42,1c0d0a4b,84,84,0,0,84,0.0
t3l0if03,1c0d0a4b,92,71,21,0,71,0.22826086956521738
nldu5ge3,1c0d0a4b,161,146,15,0,146,0.09316770186335403
m63pxnwq,1c0d0a4b,83,63,20,0,63,0.24096385542168675
onnumbyy,1c0d0a4b,82,82,0,0,82,0.0
nrfiw9bx,1c0d0a4b,124,28,96,0,28,0.7741935483870968
pz38obzd,1c0d0a4b,84,52,32,0,52,0.38095238095238093
xklnx39q,1c0d0a4b,84,40,44,0,40,0.5238095238095238
8yhijukj,1c0d0a4b,82,82,0,0,82,0.0
mhskzwic,1c0d0a4b,81,53,28,0,53,0.345679012345679
z3die4q3,1c0d0a4b,83,38,45,0,38,0.5421686746987951
8jwr3j6t,1c0d0a4b,86,72,14,0,72,0.16279069767441862
o1t1fb7j,1c0d0a4b,136,109,27,0,109,0.19852941176470587
7agy8y3l,1c0d0a4b,81,81,0,0,81,0.0
vbwguazj,1c0d0a4b,82,56,26,0,56,0.3170731707317073
om1m73rv,1c0d0a4b,87,43,44,0,43,0.5057471264367817
9evwb372,1c0d0a4b,82,38,44,0,38,0.5365853658536586
ya0wv6pm,1c0d0a4b,81,81,0,0,81,0.0
sp00glmz,1c0d0a4b,246,128,118,0,128,0.4796747967479675
clhkwrie,1c0d0a4b,82,82,0,0,82,0.0
1qt2f29y,1c0d0a4b,83,82,1,0,82,0.012048192771084338
mpzcivx9,1c0d0a4b,95,36,59,0,36,0.6210526315789474
jx6lhkbi,1c0d0a4b,86,52,34,0,52,0.3953488372093023
zelqv7az,1c0d0a4b,81,77,4,0,77,0.04938271604938271
z8b26ynw,1c0d0a4b,123,34,89,0,34,0.7235772357723578
cfclud8z,1c0d0a4b,85,68,17,0,68,0.2
wa9xd98o,1c0d0a4b,85,49,36,0,49,0.4235294117647059
8d21w3yr,1c0d0a4b,2,1,1,0,1,0.5
oxvw1rhx,1c0d0a4b,162,162,0,0,162,0.0
4j6cy1mk,1c0d0a4b,83,82,1,0,82,0.012048192771084338
fl73adm5,1c0d0a4b,120,38,82,0,38,0.6833333333333333
w12e497z,1c0d0a4b,55,34,21,0,34,0.38181818181818183
zfeorjum,1c0d0a4b,84,40,44,0,40,0.5238095238095238
hkj9daz7,1c0d0a4b,86,63,23,0,63,0.26744186046511625
cbvc5e3w,1c0d0a4b,86,86,0,0,86,0.0
k0qq522n,1c0d0a4b,81,74,7,0,74,0.08641975308641975
1r6yodve,1c0d0a4b,36,36,0,0,36,0.0
2anyuqd8,1c0d0a4b,84,84,0,0,84,0.0
c9sps7bl,1c0d0a4b,120,31,89,0,31,0.7416666666666667
bx44xwzb,1c0d0a4b,90,59,31,0,59,0.34444444444444444
o2ho0580,1c0d0a4b,30,30,0,0,30,0.0
2d8q4qkc,1c0d0a4b,93,38,55,0,38,0.5913978494623656
g3vslpjv,1c0d0a4b,83,67,16,0,67,0.1927710843373494
x5id5i5q,1c0d0a4b,81,80,1,0,80,0.012345679012345678
8oohxrrz,1c0d0a4b,81,71,10,0,71,0.12345679012345678
qfiy90jx,1c0d0a4b,87,44,43,0,44,0.4942528735632184
kavvl57w,1c0d0a4b,83,47,36,0,47,0.43373493975903615
yebzokh4,1c0d0a4b,234,149,85,0,149,0.36324786324786323
0fy66fv2,1c0d0a4b,9,9,0,0,9,0.0
b73rrttr,1c0d0a4b,5,5,0,0,5,0.0
r99uy0qb,1c0d0a4b,13,2,11,0,2,0.8461538461538461
idma9086,1c0d0a4b,83,71,12,0,71,0.14457831325301204
8y2nd2sh,1c0d0a4b,110,53,57,0,53,0.5181818181818182
ascil7wf,1c0d0a4b,32,32,0,0,32,0.0
aypxap78,1c0d0a4b,91,39,52,0,39,0.5714285714285714
nx0vccp8,1c0d0a4b,86,86,0,0,86,0.0
8psac9uo,1c0d0a4b,84,80,4,0,80,0.047619047619047616
kck1uue7,1c0d0a4b,141,26,115,0,26,0.8156028368794326
jqeesfz7,1c0d0a4b,83,83,0,0,83,0.0
hd5k29qy,1c0d0a4b,84,41,43,0,41,0.5119047619047619
rhbgnqhz,1c0d0a4b,90,52,38,0,52,0.4222222222222222
72p6pxny,1c0d0a4b,215,165,50,0,165,0.23255813953488372
fgxp8fzz,1c0d0a4b,90,47,43,0,47,0.4777777777777778
mzi8f2hv,1c0d0a4b,37,37,0,0,37,0.0
189iqcds,1c0d0a4b,117,36,81,0,36,0.6923076923076923
cw4tyx7n,1c0d0a4b,2,2,0,0,2,0.0
c2lwacqc,1c0d0a4b,81,56,25,0,56,0.30864197530864196
g7svteiz,1c0d0a4b,81,81,0,0,81,0.0
yc52i3qf,1c0d0a4b,82,45,37,0,45,0.45121951219512196
2tkm21z6,1c0d0a4b,81,81,0,0,81,0.0
ei0ij8ms,1c0d0a4b,86,37,49,0,37,0.5697674418604651
0yfthc4y,1c0d0a4b,82,80,2,0,80,0.024390243902439025
yfyhejim,1c0d0a4b,85,37,48,0,37,0.5647058823529412
jayyv6lz,1c0d0a4b,87,50,37,0,50,0.42528735632183906
qu0lm98m,1c0d0a4b,83,43,40,0,43,0.4819277108433735
ldo5smvx,1c0d0a4b,88,55,33,0,55,0.375
r99uy0qb,00d62c1b,45,17,28,0,17,0.6222222222222222
idma9086,00d62c1b,36,11,25,0,11,0.6944444444444444
0fy66fv2,00d62c1b,26,26,0,0,26,0.0
7nszfy43,00d62c1b,33,8,25,0,8,0.7575757575757576
b73rrttr,00d62c1b,14,13,1,0,13,0.07142857142857142
yebzokh4,00d62c1b,33,33,0,0,33,0.0
kavvl57w,00d62c1b,33,14,19,0,14,0.5757575757575758
qfiy90jx,00d62c1b,35,12,23,0,12,0.6571428571428571
8oohxrrz,00d62c1b,68,16,52,0,16,0.7647058823529411
x5id5i5q,00d62c1b,1,1,0,0,1,0.0
g3vslpjv,00d62c1b,33,12,21,0,12,0.6363636363636364
2d8q4qkc,00d62c1b,33,10,23,0,10,0.696969696969697
o2ho0580,00d62c1b,34,3,31,0,3,0.9117647058823529
bx44xwzb,00d62c1b,33,33,0,0,33,0.0
c9sps7bl,00d62c1b,33,10,23,0,10,0.696969696969697
jqeesfz7,00d62c1b,36,36,0,0,36,0.0
xji13cu2,00d62c1b,32,19,13,0,19,0.40625
9pjr0waw,00d62c1b,33,9,24,0,9,0.7272727272727273
kck1uue7,00d62c1b,33,13,20,0,13,0.6060606060606061
nx0vccp8,00d62c1b,33,33,0,0,33,0.0
8psac9uo,00d62c1b,48,23,25,0,23,0.5208333333333334
aypxap78,00d62c1b,35,12,23,0,12,0.6571428571428571
l0nln4b2,00d62c1b,33,33,0,0,33,0.0
ascil7wf,00d62c1b,34,9,25,0,9,0.7352941176470589
8y2nd2sh,00d62c1b,33,8,25,0,8,0.7575757575757576
c2lwacqc,00d62c1b,33,19,14,0,19,0.42424242424242425
g7svteiz,00d62c1b,33,20,13,0,20,0.3939393939393939
cw4tyx7n,00d62c1b,8,1,7,0,1,0.875
189iqcds,00d62c1b,33,8,25,0,8,0.7575757575757576
mzi8f2hv,00d62c1b,33,8,25,0,8,0.7575757575757576
fgxp8fzz,00d62c1b,33,8,25,0,8,0.7575757575757576
rhbgnqhz,00d62c1b,37,9,28,0,9,0.7567567567567568
72p6pxny,00d62c1b,37,9,28,0,9,0.7567567567567568
hd5k29qy,00d62c1b,33,10,23,0,10,0.696969696969697
ldo5smvx,00d62c1b,36,11,25,0,11,0.6944444444444444
qu0lm98m,00d62c1b,33,9,24,0,9,0.7272727272727273
jayyv6lz,00d62c1b,83,14,69,0,14,0.8313253012048193
yfyhejim,00d62c1b,81,16,65,0,16,0.8024691358024691
0yfthc4y,00d62c1b,37,32,5,0,32,0.13513513513513514
ei0ij8ms,00d62c1b,33,8,25,0,8,0.7575757575757576
2tkm21z6,00d62c1b,33,33,0,0,33,0.0
onnumbyy,00d62c1b,34,32,2,0,32,0.058823529411764705
m63pxnwq,00d62c1b,36,10,26,0,10,0.7222222222222222
t3l0if03,00d62c1b,33,8,25,0,8,0.7575757575757576
nldu5ge3,00d62c1b,35,8,27,0,8,0.7714285714285715
4wx63ymf,00d62c1b,34,9,25,0,9,0.7352941176470589
bcyhma9y,00d62c1b,43,43,0,0,43,0.0
kkeej6x5,00d62c1b,33,9,24,0,9,0.7272727272727273
f5ktzt2t,00d62c1b,36,9,27,0,9,0.75
pcrxo3zp,00d62c1b,125,84,41,0,84,0.328
2w766g1z,00d62c1b,33,18,15,0,18,0.45454545454545453
nqubyvew,00d62c1b,35,14,21,0,14,0.6
om1m73rv,00d62c1b,36,12,24,0,12,0.6666666666666666
7agy8y3l,00d62c1b,33,33,0,0,33,0.0
vbwguazj,00d62c1b,37,11,26,0,11,0.7027027027027027
z3die4q3,00d62c1b,33,8,25,0,8,0.7575757575757576
8jwr3j6t,00d62c1b,35,15,20,0,15,0.5714285714285714
p445h6ow,00d62c1b,33,14,19,0,14,0.5757575757575758
mhskzwic,00d62c1b,33,14,19,0,14,0.5757575757575758
8yhijukj,00d62c1b,33,8,25,0,8,0.7575757575757576
xklnx39q,00d62c1b,33,8,25,0,8,0.7575757575757576
pz38obzd,00d62c1b,33,14,19,0,14,0.5757575757575758
nrfiw9bx,00d62c1b,33,11,22,0,11,0.6666666666666666
cfclud8z,00d62c1b,35,8,27,0,8,0.7714285714285715
zelqv7az,00d62c1b,33,8,25,0,8,0.7575757575757576
jx6lhkbi,00d62c1b,36,10,26,0,10,0.7222222222222222
mpzcivx9,00d62c1b,34,9,25,0,9,0.7352941176470589
clhkwrie,00d62c1b,33,17,16,0,17,0.48484848484848486
1qt2f29y,00d62c1b,33,23,10,0,23,0.30303030303030304
sp00glmz,00d62c1b,45,18,27,0,18,0.6
23iyreiv,00d62c1b,34,9,25,0,9,0.7352941176470589
ya0wv6pm,00d62c1b,33,33,0,0,33,0.0
0wk7vjg8,00d62c1b,33,8,25,0,8,0.7575757575757576
1r6yodve,00d62c1b,125,125,0,0,125,0.0
2anyuqd8,00d62c1b,38,38,0,0,38,0.0
k0qq522n,00d62c1b,33,33,0,0,33,0.0
cbvc5e3w,00d62c1b,33,33,0,0,33,0.0
zfeorjum,00d62c1b,33,8,25,0,8,0.7575757575757576
hkj9daz7,00d62c1b,37,10,27,0,10,0.7297297297297297
9ohxtpht,00d62c1b,33,12,21,0,12,0.6363636363636364
w12e497z,00d62c1b,173,65,108,0,65,0.6242774566473989
318gokyy,00d62c1b,33,14,19,0,14,0.5757575757575758
oxvw1rhx,00d62c1b,33,19,14,0,19,0.42424242424242425
4j6cy1mk,00d62c1b,35,20,15,0,20,0.42857142857142855
fl73adm5,00d62c1b,34,8,26,0,8,0.7647058823529411
8d21w3yr,00d62c1b,39,12,27,0,12,0.6923076923076923
3cc6zm51,00d62c1b,40,40,0,0,40,0.0
ske58akk,00d62c1b,43,16,27,0,16,0.627906976744186
ovhoesyy,00d62c1b,33,9,24,0,9,0.7272727272727273
r24jdhzg,00d62c1b,40,13,27,0,13,0.675
stbyxpx6,00d62c1b,34,31,3,0,31,0.08823529411764706
nze0azo1,00d62c1b,33,9,24,0,9,0.7272727272727273
r2ck84r8,00d62c1b,37,11,26,0,11,0.7027027027027027
hpl7jugr,00d62c1b,34,8,26,0,8,0.7647058823529411
qazkn1sw,00d62c1b,26,8,18,0,8,0.6923076923076923
f0wpo2hr,00d62c1b,33,8,25,0,8,0.7575757575757576
c7z6erey,00d62c1b,33,9,24,0,9,0.7272727272727273
8aknstxj,00d62c1b,34,8,26,0,8,0.7647058823529411
zvbewhqx,00d62c1b,33,8,25,0,8,0.7575757575757576
plfupad7,00d62c1b,33,10,23,0,10,0.696969696969697
ism64anu,00d62c1b,34,8,26,0,8,0.7647058823529411
hsm45iwx,00d62c1b,35,11,24,0,11,0.6857142857142857
4s3cm7d8,00d62c1b,44,23,21,0,23,0.4772727272727273
e2w81k0i,00d62c1b,33,10,23,0,10,0.696969696969697
sn10zd6g,00d62c1b,33,10,23,0,10,0.696969696969697
szbhlpfr,00d62c1b,35,19,16,0,19,0.45714285714285713
phbjwkyw,00d62c1b,34,8,26,0,8,0.7647058823529411
89u58v07,00d62c1b,36,11,25,0,11,0.6944444444444444
y32zaw9c,00d62c1b,33,32,1,0,32,0.030303030303030304
0ra11hiv,00d62c1b,37,15,22,0,15,0.5945945945945946
cuybsfwr,00d62c1b,35,35,0,0,35,0.0
ihnjt6k4,00d62c1b,98,40,58,0,40,0.5918367346938775
44o5xnxe,00d62c1b,33,8,25,0,8,0.7575757575757576
qkiu92kk,00d62c1b,33,33,0,0,33,0.0
02333qfj,00d62c1b,35,19,16,0,19,0.45714285714285713
q04yitea,00d62c1b,33,11,22,0,11,0.6666666666666666
qfsp3ery,00d62c1b,38,10,28,0,10,0.7368421052631579
kmwiem6m,00d62c1b,33,13,20,0,13,0.6060606060606061
ikfbpugl,00d62c1b,34,10,24,0,10,0.7058823529411765
d33m799j,00d62c1b,37,3,34,0,3,0.918918918918919
cp3b83py,00d62c1b,36,8,28,0,8,0.7777777777777778
27d8totr,00d62c1b,33,15,18,0,15,0.5454545454545454
fkx2gd88,00d62c1b,33,10,23,0,10,0.696969696969697
qothvfhf,00d62c1b,33,33,0,0,33,0.0
91fk0af9,00d62c1b,35,15,20,0,15,0.5714285714285714
l9krayds,00d62c1b,3,1,2,0,1,0.6666666666666666
dmft9d3y,00d62c1b,33,8,25,0,8,0.7575757575757576
bdfn1h0o,00d62c1b,33,12,21,0,12,0.6363636363636364
6e5gb0yb,00d62c1b,34,10,24,0,10,0.7058823529411765
pgtp756s,00d62c1b,33,33,0,0,33,0.0
y8mzyzjc,00d62c1b,35,24,11,0,24,0.3142857142857143
bmlngyh3,00d62c1b,34,13,21,0,13,0.6176470588235294
clucow7d,00d62c1b,33,33,0,0,33,0.0
cghxa2ie,00d62c1b,41,11,30,0,11,0.7317073170731707
byx9jkxm,00d62c1b,33,9,24,0,9,0.7272727272727273
emwp6wq7,00d62c1b,34,8,26,0,8,0.7647058823529411
pad0sufd,00d62c1b,33,33,0,0,33,0.0
xeu3j3ki,00d62c1b,33,20,13,0,20,0.3939393939393939
ym49wqbn,00d62c1b,33,13,20,0,13,0.6060606060606061
o5qropwk,00d62c1b,37,15,22,0,15,0.5945945945945946
5nrjvc7q,00d62c1b,33,8,25,0,8,0.7575757575757576
61zahdh9,00d62c1b,36,12,24,0,12,0.6666666666666666
5hz183aa,00d62c1b,12,1,11,0,1,0.9166666666666666
4stfwpke,00d62c1b,100,16,84,0,16,0.84
vr20hyge,00d62c1b,34,34,0,0,34,0.0
nhds6zsd,00d62c1b,33,9,24,0,9,0.7272727272727273
03ljcqhc,00d62c1b,33,11,22,0,11,0.6666666666666666
904h81sn,00d62c1b,35,8,27,0,8,0.7714285714285715
j2dvablb,00d62c1b,35,10,25,0,10,0.7142857142857143
xasfvnb7,00d62c1b,33,32,1,0,32,0.030303030303030304
lmtka1ev,00d62c1b,35,8,27,0,8,0.7714285714285715
a0w1xgxf,00d62c1b,35,9,26,0,9,0.7428571428571429
41kp06jx,00d62c1b,39,11,28,0,11,0.717948717948718
a6jpzpek,00d62c1b,33,10,23,0,10,0.696969696969697
6eyovdd2,00d62c1b,37,17,20,0,17,0.5405405405405406
vpxztp7b,00d62c1b,35,9,26,0,9,0.7428571428571429
f1ejz9fy,00d62c1b,34,9,25,0,9,0.7352941176470589
e0biso3r,00d62c1b,35,12,23,0,12,0.6571428571428571
a9gvtd1o,00d62c1b,36,20,16,0,20,0.4444444444444444
c7ac53of,00d62c1b,32,3,29,0,3,0.90625
rjanlii9,00d62c1b,33,8,25,0,8,0.7575757575757576
mrypomny,00d62c1b,33,27,6,0,27,0.18181818181818182
8bgj1tsd,00d62c1b,33,11,22,0,11,0.6666666666666666
tc5wgx8h,00d62c1b,53,21,32,0,21,0.6037735849056604
648anokh,00d62c1b,33,14,19,0,14,0.5757575757575758
cdo2cmtp,00d62c1b,33,33,0,0,33,0.0
uktb326q,00d62c1b,33,33,0,0,33,0.0
kwy2bqjo,00d62c1b,33,33,0,0,33,0.0
bw2cwy0m,00d62c1b,33,9,24,0,9,0.7272727272727273
v6jvgdvg,00d62c1b,34,34,0,0,34,0.0
l5sagbsh,00d62c1b,33,9,24,0,9,0.7272727272727273
ljwskxcq,00d62c1b,43,10,33,0,10,0.7674418604651163
3irnkhq8,00d62c1b,34,8,26,0,8,0.7647058823529411
4s9g1cze,00d62c1b,33,8,25,0,8,0.7575757575757576
zj5uemkt,00d62c1b,33,33,0,0,33,0.0
2j8p9vyz,00d62c1b,64,16,48,0,16,0.75
s03ed531,00d62c1b,33,33,0,0,33,0.0
wcau806y,00d62c1b,33,23,10,0,23,0.30303030303030304
ni5df01j,00d62c1b,33,8,25,0,8,0.7575757575757576
eyn3wygc,00d62c1b,33,33,0,0,33,0.0
mrwlcmno,00d62c1b,33,27,6,0,27,0.18181818181818182
ew4oecfi,00d62c1b,37,9,28,0,9,0.7567567567567568
t2eyvuxq,00d62c1b,33,8,25,0,8,0.7575757575757576
qv0yh587,00d62c1b,37,34,3,0,34,0.08108108108108109
d1vjrjhc,00d62c1b,38,21,17,0,21,0.4473684210526316
mlvcv31l,00d62c1b,37,12,25,0,12,0.6756756756756757
k8txaw58,00d62c1b,35,10,25,0,10,0.7142857142857143
o4kkkuj9,00d62c1b,37,37,0,0,37,0.0
a589fsqz,00d62c1b,34,8,26,0,8,0.7647058823529411
cdo2cmtp,d9f24cd1,29,21,8,0,21,0.27586206896551724
uktb326q,d9f24cd1,31,31,0,0,31,0.0
bw2cwy0m,d9f24cd1,30,11,19,0,11,0.6333333333333333
kwy2bqjo,d9f24cd1,39,8,31,0,8,0.7948717948717948
3irnkhq8,d9f24cd1,30,4,26,0,4,0.8666666666666667
4s9g1cze,d9f24cd1,32,3,29,0,3,0.90625
l5sagbsh,d9f24cd1,29,7,22,0,7,0.7586206896551724
v6jvgdvg,d9f24cd1,81,65,16,0,65,0.19753086419753085
ljwskxcq,d9f24cd1,29,3,26,0,3,0.896551724137931
zj5uemkt,d9f24cd1,29,29,0,0,29,0.0
s03ed531,d9f24cd1,43,43,0,0,43,0.0
2j8p9vyz,d9f24cd1,34,4,30,0,4,0.8823529411764706
wcau806y,d9f24cd1,32,12,20,0,12,0.625
ni5df01j,d9f24cd1,31,3,28,0,3,0.9032258064516129
eyn3wygc,d9f24cd1,31,10,21,0,10,0.6774193548387096
ew4oecfi,d9f24cd1,29,3,26,0,3,0.896551724137931
mrwlcmno,d9f24cd1,29,29,0,0,29,0.0
qv0yh587,d9f24cd1,3,3,0,0,3,0.0
t2eyvuxq,d9f24cd1,44,8,36,0,8,0.8181818181818182
mlvcv31l,d9f24cd1,29,4,25,0,4,0.8620689655172413
o4kkkuj9,d9f24cd1,30,4,26,0,4,0.8666666666666667
k8txaw58,d9f24cd1,31,3,28,0,3,0.9032258064516129
d1vjrjhc,d9f24cd1,30,4,26,0,4,0.8666666666666667
a589fsqz,d9f24cd1,30,5,25,0,5,0.8333333333333334
vr20hyge,d9f24cd1,30,5,25,0,5,0.8333333333333334
nhds6zsd,d9f24cd1,29,29,0,0,29,0.0
ce9qdbyh,d9f24cd1,36,7,29,0,7,0.8055555555555556
03ljcqhc,d9f24cd1,30,6,24,0,6,0.8
j2dvablb,d9f24cd1,35,3,31,1,3,0.8857142857142857
904h81sn,d9f24cd1,29,3,26,0,3,0.896551724137931
sesf1qnx,d9f24cd1,29,9,20,0,9,0.6896551724137931
xasfvnb7,d9f24cd1,48,48,0,0,48,0.0
41kp06jx,d9f24cd1,29,5,24,0,5,0.8275862068965517
a0w1xgxf,d9f24cd1,29,3,26,0,3,0.896551724137931
lmtka1ev,d9f24cd1,29,3,26,0,3,0.896551724137931
6eyovdd2,d9f24cd1,34,9,25,0,9,0.7352941176470589
a6jpzpek,d9f24cd1,31,6,25,0,6,0.8064516129032258
f1ejz9fy,d9f24cd1,31,3,28,0,3,0.9032258064516129
vpxztp7b,d9f24cd1,30,8,22,0,8,0.7333333333333333
e0biso3r,d9f24cd1,29,3,26,0,3,0.896551724137931
a9gvtd1o,d9f24cd1,32,3,29,0,3,0.90625
mrypomny,d9f24cd1,29,29,0,0,29,0.0
jeq3oy2g,d9f24cd1,79,12,67,0,12,0.8481012658227848
c7ac53of,d9f24cd1,14,14,0,0,14,0.0
rjanlii9,d9f24cd1,45,12,33,0,12,0.7333333333333333
tc5wgx8h,d9f24cd1,29,12,17,0,12,0.5862068965517241
8bgj1tsd,d9f24cd1,31,6,25,0,6,0.8064516129032258
648anokh,d9f24cd1,29,3,26,0,3,0.896551724137931
zc26r1al,d9f24cd1,59,59,0,0,59,0.0
5pds9j1d,d9f24cd1,29,29,0,0,29,0.0
kmwiem6m,d9f24cd1,29,4,25,0,4,0.8620689655172413
d33m799j,d9f24cd1,9,7,2,0,7,0.2222222222222222
ikfbpugl,d9f24cd1,73,9,64,0,9,0.8767123287671232
cp3b83py,d9f24cd1,31,3,28,0,3,0.9032258064516129
qothvfhf,d9f24cd1,29,29,0,0,29,0.0
fkx2gd88,d9f24cd1,61,10,51,0,10,0.8360655737704918
icf7bchs,d9f24cd1,42,42,0,0,42,0.0
nvlsix5c,d9f24cd1,36,4,32,0,4,0.8888888888888888
aqmjput5,d9f24cd1,32,5,27,0,5,0.84375
dmft9d3y,d9f24cd1,29,7,22,0,7,0.7586206896551724
bdfn1h0o,d9f24cd1,30,10,20,0,10,0.6666666666666666
6e5gb0yb,d9f24cd1,50,3,47,0,3,0.94
pgtp756s,d9f24cd1,33,33,0,0,33,0.0
bmlngyh3,d9f24cd1,122,29,93,0,29,0.7622950819672131
cghxa2ie,d9f24cd1,29,3,26,0,3,0.896551724137931
3d2as981,d9f24cd1,75,26,49,0,26,0.6533333333333333
clucow7d,d9f24cd1,30,3,27,0,3,0.9
byx9jkxm,d9f24cd1,34,3,31,0,3,0.9117647058823529
74l1qvc1,d9f24cd1,68,13,55,0,13,0.8088235294117647
pad0sufd,d9f24cd1,29,21,8,0,21,0.27586206896551724
emwp6wq7,d9f24cd1,34,6,28,0,6,0.8235294117647058
154uk6vm,d9f24cd1,45,45,0,0,45,0.0
ym49wqbn,d9f24cd1,59,14,45,0,14,0.7627118644067796
npr5bsi2,d9f24cd1,54,54,0,0,54,0.0
5nrjvc7q,d9f24cd1,33,5,28,0,5,0.8484848484848485
o5qropwk,d9f24cd1,29,28,1,0,28,0.034482758620689655
5hz183aa,d9f24cd1,12,12,0,0,12,0.0
61zahdh9,d9f24cd1,32,4,28,0,4,0.875
ske58akk,d9f24cd1,29,4,25,0,4,0.8620689655172413
ovhoesyy,d9f24cd1,29,8,21,0,8,0.7241379310344828
3cc6zm51,d9f24cd1,29,29,0,0,29,0.0
stbyxpx6,d9f24cd1,33,7,26,0,7,0.7878787878787878
r24jdhzg,d9f24cd1,32,32,0,0,32,0.0
nze0azo1,d9f24cd1,29,7,22,0,7,0.7586206896551724
r2ck84r8,d9f24cd1,29,6,23,0,6,0.7931034482758621
hpl7jugr,d9f24cd1,29,3,26,0,3,0.896551724137931
f0wpo2hr,d9f24cd1,79,8,71,0,8,0.8987341772151899
qazkn1sw,d9f24cd1,10,6,4,0,6,0.4
8aknstxj,d9f24cd1,33,4,29,0,4,0.8787878787878788
c7z6erey,d9f24cd1,31,3,28,0,3,0.9032258064516129
zvbewhqx,d9f24cd1,34,7,26,1,7,0.7647058823529411
n2et79bd,d9f24cd1,31,3,28,0,3,0.9032258064516129
ism64anu,d9f24cd1,33,4,29,0,4,0.8787878787878788
plfupad7,d9f24cd1,32,7,25,0,7,0.78125
4s3cm7d8,d9f24cd1,37,21,16,0,21,0.43243243243243246
e2w81k0i,d9f24cd1,32,4,28,0,4,0.875
hsm45iwx,d9f24cd1,50,11,39,0,11,0.78
sn10zd6g,d9f24cd1,29,14,15,0,14,0.5172413793103449
phbjwkyw,d9f24cd1,29,3,26,0,3,0.896551724137931
szbhlpfr,d9f24cd1,149,20,129,0,20,0.8657718120805369
89u58v07,d9f24cd1,30,5,25,0,5,0.8333333333333334
y32zaw9c,d9f24cd1,29,29,0,0,29,0.0
cuybsfwr,d9f24cd1,32,31,1,0,31,0.03125
qkiu92kk,d9f24cd1,29,23,6,0,23,0.20689655172413793
ihnjt6k4,d9f24cd1,32,3,29,0,3,0.90625
44o5xnxe,d9f24cd1,29,7,22,0,7,0.7586206896551724
q04yitea,d9f24cd1,29,18,11,0,18,0.3793103448275862
qfsp3ery,d9f24cd1,31,6,25,0,6,0.8064516129032258
02333qfj,d9f24cd1,29,16,13,0,16,0.4482758620689655
cfclud8z,d9f24cd1,33,5,28,0,5,0.8484848484848485
zelqv7az,d9f24cd1,32,4,28,0,4,0.875
z8b26ynw,d9f24cd1,42,7,35,0,7,0.8333333333333334
jx6lhkbi,d9f24cd1,30,7,23,0,7,0.7666666666666667
1qt2f29y,d9f24cd1,29,12,17,0,12,0.5862068965517241
clhkwrie,d9f24cd1,29,13,16,0,13,0.5517241379310345
mpzcivx9,d9f24cd1,29,3,26,0,3,0.896551724137931
sp00glmz,d9f24cd1,48,16,32,0,16,0.6666666666666666
9evwb372,d9f24cd1,29,3,26,0,3,0.896551724137931
ya0wv6pm,d9f24cd1,41,6,35,0,6,0.8536585365853658
23iyreiv,d9f24cd1,31,4,27,0,4,0.8709677419354839
1r6yodve,d9f24cd1,6,6,0,0,6,0.0
zfeorjum,d9f24cd1,29,12,17,0,12,0.5862068965517241
9ohxtpht,d9f24cd1,29,29,0,0,29,0.0
w12e497z,d9f24cd1,6,6,0,0,6,0.0
oxvw1rhx,d9f24cd1,39,5,34,0,5,0.8717948717948718
4j6cy1mk,d9f24cd1,29,26,3,0,26,0.10344827586206896
318gokyy,d9f24cd1,1,1,0,0,1,0.0
8d21w3yr,d9f24cd1,29,3,26,0,3,0.896551724137931
onnumbyy,d9f24cd1,29,16,13,0,16,0.4482758620689655
m63pxnwq,d9f24cd1,30,8,22,0,8,0.7333333333333333
t3l0if03,d9f24cd1,29,7,22,0,7,0.7586206896551724
nldu5ge3,d9f24cd1,30,8,22,0,8,0.7333333333333333
4wx63ymf,d9f24cd1,32,5,27,0,5,0.84375
nfbzvhip,d9f24cd1,56,28,28,0,28,0.5
ler5uq42,d9f24cd1,29,29,0,0,29,0.0
f5ktzt2t,d9f24cd1,39,7,32,0,7,0.8205128205128205
kkeej6x5,d9f24cd1,29,3,26,0,3,0.896551724137931
pcrxo3zp,d9f24cd1,38,3,35,0,3,0.9210526315789473
2w766g1z,d9f24cd1,29,5,24,0,5,0.8275862068965517
mr7lkk46,d9f24cd1,33,9,24,0,9,0.7272727272727273
5vv1rrzw,d9f24cd1,55,42,13,0,42,0.23636363636363636
nqubyvew,d9f24cd1,35,25,10,0,25,0.2857142857142857
7agy8y3l,d9f24cd1,81,34,47,0,34,0.5802469135802469
o1t1fb7j,d9f24cd1,29,21,8,0,21,0.27586206896551724
vbwguazj,d9f24cd1,49,6,43,0,6,0.8775510204081632
om1m73rv,d9f24cd1,29,6,23,0,6,0.7931034482758621
z3die4q3,d9f24cd1,29,3,26,0,3,0.896551724137931
8jwr3j6t,d9f24cd1,29,3,26,0,3,0.896551724137931
p445h6ow,d9f24cd1,29,12,17,0,12,0.5862068965517241
8yhijukj,d9f24cd1,51,5,46,0,5,0.9019607843137255
mhskzwic,d9f24cd1,34,14,20,0,14,0.5882352941176471
pz38obzd,d9f24cd1,29,11,18,0,11,0.6206896551724138
xklnx39q,d9f24cd1,30,9,21,0,9,0.7
nrfiw9bx,d9f24cd1,31,5,26,0,5,0.8387096774193549
c2lwacqc,d9f24cd1,35,10,25,0,10,0.7142857142857143
g7svteiz,d9f24cd1,31,6,25,0,6,0.8064516129032258
mzi8f2hv,d9f24cd1,29,3,26,0,3,0.896551724137931
189iqcds,d9f24cd1,31,4,27,0,4,0.8709677419354839
fgxp8fzz,d9f24cd1,42,6,36,0,6,0.8571428571428571
xgvto4mg,d9f24cd1,29,29,0,0,29,0.0
hd5k29qy,d9f24cd1,29,7,22,0,7,0.7586206896551724
rhbgnqhz,d9f24cd1,35,11,24,0,11,0.6857142857142857
72p6pxny,d9f24cd1,32,7,25,0,7,0.78125
gkse9wdn,d9f24cd1,29,29,0,0,29,0.0
ldo5smvx,d9f24cd1,32,11,21,0,11,0.65625
jayyv6lz,d9f24cd1,71,58,12,1,58,0.16901408450704225
qu0lm98m,d9f24cd1,29,8,21,0,8,0.7241379310344828
yfyhejim,d9f24cd1,32,4,28,0,4,0.875
9wkeb5tu,d9f24cd1,33,4,29,0,4,0.8787878787878788
ei0ij8ms,d9f24cd1,29,3,26,0,3,0.896551724137931
0yfthc4y,d9f24cd1,37,26,11,0,26,0.2972972972972973
2tkm21z6,d9f24cd1,29,29,0,0,29,0.0
r99uy0qb,d9f24cd1,26,5,21,0,5,0.8076923076923077
idma9086,d9f24cd1,31,3,28,0,3,0.9032258064516129
b73rrttr,d9f24cd1,11,10,1,0,10,0.09090909090909091
yebzokh4,d9f24cd1,29,29,0,0,29,0.0
8oohxrrz,d9f24cd1,31,6,25,0,6,0.8064516129032258
qfiy90jx,d9f24cd1,30,8,22,0,8,0.7333333333333333
x5id5i5q,d9f24cd1,29,22,7,0,22,0.2413793103448276
2d8q4qkc,d9f24cd1,29,3,26,0,3,0.896551724137931
g3vslpjv,d9f24cd1,29,7,22,0,7,0.7586206896551724
c9sps7bl,d9f24cd1,34,6,28,0,6,0.8235294117647058
bx44xwzb,d9f24cd1,29,29,0,0,29,0.0
o2ho0580,d9f24cd1,12,5,7,0,5,0.5833333333333334
jqeesfz7,d9f24cd1,29,29,0,0,29,0.0
9pjr0waw,d9f24cd1,29,6,23,0,6,0.7931034482758621
nx0vccp8,d9f24cd1,29,24,5,0,24,0.1724137931034483
8psac9uo,d9f24cd1,29,10,19,0,10,0.6551724137931034
kck1uue7,d9f24cd1,45,5,40,0,5,0.8888888888888888
l0nln4b2,d9f24cd1,30,3,27,0,3,0.9
aypxap78,d9f24cd1,44,11,33,0,11,0.75
ascil7wf,d9f24cd1,48,10,38,0,10,0.7916666666666666
qif0sa3r,d9f24cd1,39,1,38,0,1,0.9743589743589743
8y2nd2sh,d9f24cd1,33,8,25,0,8,0.7575757575757576
f1ejz9fy,2bcee788,99,10,89,0,10,0.898989898989899
vpxztp7b,2bcee788,20,19,0,1,19,0.0
a9gvtd1o,2bcee788,119,6,113,0,6,0.9495798319327731
e0biso3r,2bcee788,135,17,118,0,17,0.8740740740740741
41kp06jx,2bcee788,124,15,109,0,15,0.8790322580645161
a0w1xgxf,2bcee788,140,6,134,0,6,0.9571428571428572
lmtka1ev,2bcee788,112,3,109,0,3,0.9732142857142857
6eyovdd2,2bcee788,98,18,80,0,18,0.8163265306122449
a6jpzpek,2bcee788,140,18,122,0,18,0.8714285714285714
648anokh,2bcee788,113,19,94,0,19,0.831858407079646
zc26r1al,2bcee788,98,98,0,0,98,0.0
jeq3oy2g,2bcee788,136,2,134,0,2,0.9852941176470589
mrypomny,2bcee788,96,38,58,0,38,0.6041666666666666
rjanlii9,2bcee788,108,5,103,0,5,0.9537037037037037
c7ac53of,2bcee788,9,9,0,0,9,0.0
tc5wgx8h,2bcee788,105,20,85,0,20,0.8095238095238095
8bgj1tsd,2bcee788,122,13,109,0,13,0.8934426229508197
nhds6zsd,2bcee788,113,6,107,0,6,0.9469026548672567
vr20hyge,2bcee788,108,15,93,0,15,0.8611111111111112
4stfwpke,2bcee788,141,8,133,0,8,0.9432624113475178
03ljcqhc,2bcee788,106,8,98,0,8,0.9245283018867925
ce9qdbyh,2bcee788,195,9,186,0,9,0.9538461538461539
j2dvablb,2bcee788,112,6,106,0,6,0.9464285714285714
904h81sn,2bcee788,111,7,104,0,7,0.9369369369369369
so5k1adg,2bcee788,97,97,0,0,97,0.0
eyn3wygc,2bcee788,8,8,0,0,8,0.0
ni5df01j,2bcee788,134,11,123,0,11,0.917910447761194
ew4oecfi,2bcee788,96,4,92,0,4,0.9583333333333334
mrwlcmno,2bcee788,111,61,50,0,61,0.45045045045045046
s03ed531,2bcee788,100,100,0,0,100,0.0
2j8p9vyz,2bcee788,109,3,106,0,3,0.9724770642201835
wcau806y,2bcee788,4,4,0,0,4,0.0
k8txaw58,2bcee788,104,12,92,0,12,0.8846153846153846
o4kkkuj9,2bcee788,8,8,0,0,8,0.0
mlvcv31l,2bcee788,118,5,113,0,5,0.9576271186440678
a589fsqz,2bcee788,116,11,105,0,11,0.9051724137931034
qv0yh587,2bcee788,2,2,0,0,2,0.0
t2eyvuxq,2bcee788,203,9,194,0,9,0.9556650246305419
uktb326q,2bcee788,113,82,30,1,82,0.26548672566371684
bw2cwy0m,2bcee788,124,8,116,0,8,0.9354838709677419
kwy2bqjo,2bcee788,108,8,100,0,8,0.9259259259259259
4s9g1cze,2bcee788,138,5,133,0,5,0.9637681159420289
3irnkhq8,2bcee788,181,3,178,0,3,0.9834254143646409
ljwskxcq,2bcee788,126,8,118,0,8,0.9365079365079365
v6jvgdvg,2bcee788,1,1,0,0,1,0.0
l5sagbsh,2bcee788,114,6,108,0,6,0.9473684210526315
phbjwkyw,2bcee788,126,7,119,0,7,0.9444444444444444
89u58v07,2bcee788,118,9,109,0,9,0.923728813559322
e2w81k0i,2bcee788,118,4,114,0,4,0.9661016949152542
4s3cm7d8,2bcee788,4,4,0,0,4,0.0
hsm45iwx,2bcee788,12,11,1,0,11,0.08333333333333333
sn10zd6g,2bcee788,110,21,89,0,21,0.8090909090909091
qkiu92kk,2bcee788,122,19,103,0,19,0.8442622950819673
44o5xnxe,2bcee788,128,8,120,0,8,0.9375
qfsp3ery,2bcee788,119,9,110,0,9,0.9243697478991597
q04yitea,2bcee788,129,6,123,0,6,0.9534883720930233
02333qfj,2bcee788,8,8,0,0,8,0.0
y32zaw9c,2bcee788,100,94,6,0,94,0.06
cuybsfwr,2bcee788,20,19,0,1,19,0.0
0ra11hiv,2bcee788,13,13,0,0,13,0.0
hpl7jugr,2bcee788,115,4,111,0,4,0.9652173913043478
r2ck84r8,2bcee788,101,21,80,0,21,0.7920792079207921
nze0azo1,2bcee788,109,8,101,0,8,0.926605504587156
ovhoesyy,2bcee788,117,15,102,0,15,0.8717948717948718
ske58akk,2bcee788,123,7,116,0,7,0.943089430894309
3cc6zm51,2bcee788,104,17,87,0,17,0.8365384615384616
stbyxpx6,2bcee788,153,16,137,0,16,0.8954248366013072
r24jdhzg,2bcee788,118,18,100,0,18,0.847457627118644
zvbewhqx,2bcee788,111,13,98,0,13,0.8828828828828829
0hrc9vve,2bcee788,9,9,0,0,9,0.0
ism64anu,2bcee788,110,7,103,0,7,0.9363636363636364
n2et79bd,2bcee788,117,13,104,0,13,0.8888888888888888
plfupad7,2bcee788,102,5,97,0,5,0.9509803921568627
f0wpo2hr,2bcee788,41,14,27,0,14,0.6585365853658537
qazkn1sw,2bcee788,15,9,6,0,9,0.4
8aknstxj,2bcee788,117,6,111,0,6,0.9487179487179487
c7z6erey,2bcee788,96,13,83,0,13,0.8645833333333334
74l1qvc1,2bcee788,142,9,133,0,9,0.9366197183098591
byx9jkxm,2bcee788,132,5,127,0,5,0.9621212121212122
bmlngyh3,2bcee788,18,18,0,0,18,0.0
3d2as981,2bcee788,115,5,110,0,5,0.9565217391304348
cghxa2ie,2bcee788,19,12,7,0,12,0.3684210526315789
clucow7d,2bcee788,169,5,164,0,5,0.9704142011834319
5nrjvc7q,2bcee788,23,13,9,1,13,0.391304347826087
o5qropwk,2bcee788,18,18,0,0,18,0.0
5hz183aa,2bcee788,24,24,0,0,24,0.0
61zahdh9,2bcee788,113,7,106,0,7,0.9380530973451328
pad0sufd,2bcee788,113,5,108,0,5,0.9557522123893806
emwp6wq7,2bcee788,144,8,136,0,8,0.9444444444444444
154uk6vm,2bcee788,118,14,104,0,14,0.8813559322033898
ym49wqbn,2bcee788,17,9,1,7,9,0.058823529411764705
cp3b83py,2bcee788,116,6,110,0,6,0.9482758620689655
qothvfhf,2bcee788,120,9,111,0,9,0.925
91fk0af9,2bcee788,12,12,0,0,12,0.0
fkx2gd88,2bcee788,119,5,114,0,5,0.957983193277311
27d8totr,2bcee788,104,10,94,0,10,0.9038461538461539
5pds9j1d,2bcee788,96,96,0,0,96,0.0
kmwiem6m,2bcee788,158,4,154,0,4,0.9746835443037974
d33m799j,2bcee788,6,3,3,0,3,0.5
ikfbpugl,2bcee788,190,10,180,0,10,0.9473684210526315
dmft9d3y,2bcee788,104,43,61,0,43,0.5865384615384616
icf7bchs,2bcee788,139,15,124,0,15,0.8920863309352518
f5ohsl5h,2bcee788,143,23,120,0,23,0.8391608391608392
aqmjput5,2bcee788,115,13,102,0,13,0.8869565217391304
l9krayds,2bcee788,148,9,139,0,9,0.9391891891891891
z3die4q3,2bcee788,115,2,113,0,2,0.9826086956521739
8yhijukj,2bcee788,10,8,2,0,8,0.2
50nsp39w,2bcee788,16,16,0,0,16,0.0
mhskzwic,2bcee788,112,15,97,0,15,0.8660714285714286
vbwguazj,2bcee788,121,8,113,0,8,0.9338842975206612
7agy8y3l,2bcee788,12,11,1,0,11,0.08333333333333333
om1m73rv,2bcee788,119,10,109,0,10,0.9159663865546218
nrfiw9bx,2bcee788,104,10,94,0,10,0.9038461538461539
xklnx39q,2bcee788,38,6,32,0,6,0.8421052631578947
pz38obzd,2bcee788,101,9,92,0,9,0.9108910891089109
nldu5ge3,2bcee788,113,5,108,0,5,0.9557522123893806
nsu6cwh4,2bcee788,20,20,0,0,20,0.0
t3l0if03,2bcee788,111,11,100,0,11,0.9009009009009009
4wx63ymf,2bcee788,111,4,107,0,4,0.963963963963964
onnumbyy,2bcee788,12,12,0,0,12,0.0
m63pxnwq,2bcee788,101,7,94,0,7,0.9306930693069307
2w766g1z,2bcee788,106,12,94,0,12,0.8867924528301887
mr7lkk46,2bcee788,123,13,110,0,13,0.8943089430894309
pcrxo3zp,2bcee788,118,19,99,0,19,0.8389830508474576
kkeej6x5,2bcee788,115,11,104,0,11,0.9043478260869565
f5ktzt2t,2bcee788,140,4,136,0,4,0.9714285714285714
hkj9daz7,2bcee788,129,5,124,0,5,0.9612403100775194
zfeorjum,2bcee788,100,10,90,0,10,0.9
w12e497z,2bcee788,7,7,0,0,7,0.0
9ohxtpht,2bcee788,96,17,79,0,17,0.8229166666666666
k0qq522n,2bcee788,4,4,0,0,4,0.0
1r6yodve,2bcee788,7,7,0,0,7,0.0
fl73adm5,2bcee788,107,10,97,0,10,0.9065420560747663
4j6cy1mk,2bcee788,118,22,96,0,22,0.8135593220338984
oxvw1rhx,2bcee788,141,12,129,0,12,0.9148936170212766
8d21w3yr,2bcee788,130,8,122,0,8,0.9384615384615385
jx6lhkbi,2bcee788,12,12,0,0,12,0.0
cfclud8z,2bcee788,105,12,93,0,12,0.8857142857142857
z8b26ynw,2bcee788,113,7,106,0,7,0.9380530973451328
zelqv7az,2bcee788,97,15,82,0,15,0.845360824742268
ya0wv6pm,2bcee788,12,12,0,0,12,0.0
9evwb372,2bcee788,100,3,97,0,3,0.97
23iyreiv,2bcee788,150,5,145,0,5,0.9666666666666667
1qt2f29y,2bcee788,114,19,95,0,19,0.8333333333333334
clhkwrie,2bcee788,134,20,114,0,20,0.8507462686567164
mpzcivx9,2bcee788,117,14,103,0,14,0.8803418803418803
sp00glmz,2bcee788,120,26,94,0,26,0.7833333333333333
9pjr0waw,2bcee788,117,13,104,0,13,0.8888888888888888
8psac9uo,2bcee788,122,14,108,0,14,0.8852459016393442
nx0vccp8,2bcee788,234,93,141,0,93,0.6025641025641025
kck1uue7,2bcee788,125,5,120,0,5,0.96
xji13cu2,2bcee788,105,6,99,0,6,0.9428571428571428
jqeesfz7,2bcee788,110,110,0,0,110,0.0
8y2nd2sh,2bcee788,126,4,122,0,4,0.9682539682539683
l0nln4b2,2bcee788,25,19,3,3,19,0.12
aypxap78,2bcee788,4,1,3,0,1,0.75
yebzokh4,2bcee788,125,9,116,0,9,0.928
idma9086,2bcee788,115,22,93,0,22,0.808695652173913
r99uy0qb,2bcee788,9,3,6,0,3,0.6666666666666666
b73rrttr,2bcee788,110,33,77,0,33,0.7
0fy66fv2,2bcee788,19,19,0,0,19,0.0
2d8q4qkc,2bcee788,112,3,109,0,3,0.9732142857142857
g3vslpjv,2bcee788,130,17,113,0,17,0.8692307692307693
c9sps7bl,2bcee788,129,4,125,0,4,0.9689922480620154
o2ho0580,2bcee788,3,3,0,0,3,0.0
bx44xwzb,2bcee788,118,12,106,0,12,0.8983050847457628
8oohxrrz,2bcee788,109,15,94,0,15,0.8623853211009175
qfiy90jx,2bcee788,104,6,98,0,6,0.9423076923076923
x5id5i5q,2bcee788,99,15,84,0,15,0.8484848484848485
qu0lm98m,2bcee788,227,22,205,0,22,0.9030837004405287
jayyv6lz,2bcee788,145,62,83,0,62,0.5724137931034483
ldo5smvx,2bcee788,116,4,112,0,4,0.9655172413793104
0yfthc4y,2bcee788,16,16,0,0,16,0.0
2tkm21z6,2bcee788,96,96,0,0,96,0.0
yfyhejim,2bcee788,127,6,121,0,6,0.952755905511811
yc52i3qf,2bcee788,113,15,98,0,15,0.8672566371681416
cw4tyx7n,2bcee788,26,26,0,0,26,0.0
c2lwacqc,2bcee788,103,5,98,0,5,0.9514563106796117
hd5k29qy,2bcee788,20,7,13,0,7,0.65
72p6pxny,2bcee788,39,14,23,2,14,0.5897435897435898
rhbgnqhz,2bcee788,135,6,129,0,6,0.9555555555555556
gkse9wdn,2bcee788,101,101,0,0,101,0.0
mzi8f2hv,2bcee788,108,10,98,0,10,0.9074074074074074
fgxp8fzz,2bcee788,125,3,122,0,3,0.976
xgvto4mg,2bcee788,14,14,0,0,14,0.0
2tkm21z6,2bee17df,55,55,0,0,55,0.0
ei0ij8ms,2bee17df,84,7,77,0,7,0.9166666666666666
0yfthc4y,2bee17df,200,17,183,0,17,0.915
yfyhejim,2bee17df,72,7,65,0,7,0.9027777777777778
qu0lm98m,2bee17df,376,26,350,0,26,0.9308510638297872
jayyv6lz,2bee17df,81,10,71,0,10,0.8765432098765432
hd5k29qy,2bee17df,163,20,143,0,20,0.8773006134969326
rhbgnqhz,2bee17df,72,6,66,0,6,0.9166666666666666
fgxp8fzz,2bee17df,87,3,84,0,3,0.9655172413793104
mzi8f2hv,2bee17df,86,6,80,0,6,0.9302325581395349
cw4tyx7n,2bee17df,98,49,49,0,49,0.5
g7svteiz,2bee17df,77,9,68,0,9,0.8831168831168831
8y2nd2sh,2bee17df,82,11,71,0,11,0.8658536585365854
ascil7wf,2bee17df,286,16,270,0,16,0.9440559440559441
l0nln4b2,2bee17df,298,29,269,0,29,0.9026845637583892
aypxap78,2bee17df,72,5,67,0,5,0.9305555555555556
nx0vccp8,2bee17df,91,14,77,0,14,0.8461538461538461
8psac9uo,2bee17df,106,34,72,0,34,0.6792452830188679
kck1uue7,2bee17df,89,15,74,0,15,0.8314606741573034
jqeesfz7,2bee17df,70,70,0,0,70,0.0
c9sps7bl,2bee17df,87,9,78,0,9,0.896551724137931
o2ho0580,2bee17df,33,4,29,0,4,0.8787878787878788
bx44xwzb,2bee17df,215,55,160,0,55,0.7441860465116279
2d8q4qkc,2bee17df,79,5,74,0,5,0.9367088607594937
g3vslpjv,2bee17df,267,76,191,0,76,0.7153558052434457
8oohxrrz,2bee17df,74,7,67,0,7,0.9054054054054054
qfiy90jx,2bee17df,94,18,76,0,18,0.8085106382978723
yebzokh4,2bee17df,77,5,72,0,5,0.935064935064935
0fy66fv2,2bee17df,26,26,0,0,26,0.0
b73rrttr,2bee17df,124,120,4,0,120,0.03225806451612903
r99uy0qb,2bee17df,199,44,155,0,44,0.7788944723618091
4kl3i3tv,2bee17df,217,24,193,0,24,0.8894009216589862
idma9086,2bee17df,79,6,73,0,6,0.9240506329113924
8d21w3yr,2bee17df,70,56,14,0,56,0.2
oxvw1rhx,2bee17df,237,10,227,0,10,0.9578059071729957
4j6cy1mk,2bee17df,66,11,55,0,11,0.8333333333333334
9ohxtpht,2bee17df,72,6,66,0,6,0.9166666666666666
w12e497z,2bee17df,86,20,66,0,20,0.7674418604651163
hkj9daz7,2bee17df,78,5,73,0,5,0.9358974358974359
zfeorjum,2bee17df,129,18,111,0,18,0.8604651162790697
1r6yodve,2bee17df,111,111,0,0,111,0.0
2anyuqd8,2bee17df,65,65,0,0,65,0.0
0wk7vjg8,2bee17df,72,7,65,0,7,0.9027777777777778
ya0wv6pm,2bee17df,197,92,105,0,92,0.5329949238578681
23iyreiv,2bee17df,105,19,86,0,19,0.819047619047619
sp00glmz,2bee17df,123,22,101,0,22,0.8211382113821138
1qt2f29y,2bee17df,114,81,33,0,81,0.2894736842105263
clhkwrie,2bee17df,106,13,93,0,13,0.8773584905660378
mpzcivx9,2bee17df,123,6,117,0,6,0.9512195121951219
jx6lhkbi,2bee17df,75,8,67,0,8,0.8933333333333333
zelqv7az,2bee17df,72,6,66,0,6,0.9166666666666666
z8b26ynw,2bee17df,86,6,80,0,6,0.9302325581395349
cfclud8z,2bee17df,75,6,69,0,6,0.92
nrfiw9bx,2bee17df,161,26,135,0,26,0.8385093167701864
pz38obzd,2bee17df,72,9,63,0,9,0.875
xklnx39q,2bee17df,65,11,54,0,11,0.8307692307692308
50nsp39w,2bee17df,354,23,331,0,23,0.9350282485875706
mhskzwic,2bee17df,73,12,61,0,12,0.8356164383561644
z3die4q3,2bee17df,78,5,73,0,5,0.9358974358974359
8jwr3j6t,2bee17df,73,10,63,0,10,0.863013698630137
p445h6ow,2bee17df,68,25,43,0,25,0.6323529411764706
7agy8y3l,2bee17df,171,11,160,0,11,0.935672514619883
vbwguazj,2bee17df,106,15,91,0,15,0.8584905660377359
om1m73rv,2bee17df,259,19,240,0,19,0.9266409266409267
nqubyvew,2bee17df,83,12,71,0,12,0.8554216867469879
2w766g1z,2bee17df,70,7,63,0,7,0.9
mr7lkk46,2bee17df,299,40,258,1,40,0.862876254180602
f5ktzt2t,2bee17df,72,22,50,0,22,0.6944444444444444
kkeej6x5,2bee17df,72,7,65,0,7,0.9027777777777778
bcyhma9y,2bee17df,34,34,0,0,34,0.0
4wx63ymf,2bee17df,72,6,66,0,6,0.9166666666666666
nfbzvhip,2bee17df,67,65,2,0,65,0.029850746268656716
ler5uq42,2bee17df,6,6,0,0,6,0.0
t3l0if03,2bee17df,89,13,76,0,13,0.8539325842696629
nldu5ge3,2bee17df,85,7,78,0,7,0.9176470588235294
m63pxnwq,2bee17df,80,12,68,0,12,0.85
onnumbyy,2bee17df,108,45,63,0,45,0.5833333333333334
5hz183aa,2bee17df,117,47,70,0,47,0.5982905982905983
61zahdh9,2bee17df,72,6,66,0,6,0.9166666666666666
ol9lky1i,2bee17df,76,5,71,0,5,0.9342105263157895
5nrjvc7q,2bee17df,119,16,103,0,16,0.865546218487395
o5qropwk,2bee17df,89,1,88,0,1,0.9887640449438202
npr5bsi2,2bee17df,37,37,0,0,37,0.0
pad0sufd,2bee17df,85,9,76,0,9,0.8941176470588236
byx9jkxm,2bee17df,91,10,81,0,10,0.8901098901098901
74l1qvc1,2bee17df,53,34,19,0,34,0.3584905660377358
cghxa2ie,2bee17df,175,21,154,0,21,0.88
clucow7d,2bee17df,90,7,83,0,7,0.9222222222222223
bmlngyh3,2bee17df,302,13,289,0,13,0.956953642384106
dmft9d3y,2bee17df,257,58,199,0,58,0.77431906614786
nvlsix5c,2bee17df,226,45,181,0,45,0.8008849557522124
f5ohsl5h,2bee17df,86,6,80,0,6,0.9302325581395349
aqmjput5,2bee17df,231,97,134,0,97,0.5800865800865801
l9krayds,2bee17df,5,5,0,0,5,0.0
icf7bchs,2bee17df,192,52,140,0,52,0.7291666666666666
91fk0af9,2bee17df,80,6,74,0,6,0.925
qothvfhf,2bee17df,63,63,0,0,63,0.0
27d8totr,2bee17df,130,46,84,0,46,0.6461538461538462
fkx2gd88,2bee17df,86,9,77,0,9,0.8953488372093024
cp3b83py,2bee17df,83,19,64,0,19,0.7710843373493976
d33m799j,2bee17df,72,2,70,0,2,0.9722222222222222
ikfbpugl,2bee17df,105,8,97,0,8,0.9238095238095239
kmwiem6m,2bee17df,72,6,66,0,6,0.9166666666666666
q04yitea,2bee17df,73,13,60,0,13,0.821917808219178
qfsp3ery,2bee17df,99,9,90,0,9,0.9090909090909091
02333qfj,2bee17df,125,12,113,0,12,0.904
qkiu92kk,2bee17df,75,6,69,0,6,0.92
ihnjt6k4,2bee17df,212,43,169,0,43,0.7971698113207547
44o5xnxe,2bee17df,77,8,69,0,8,0.8961038961038961
0ra11hiv,2bee17df,69,63,6,0,63,0.08695652173913043
y32zaw9c,2bee17df,63,63,0,0,63,0.0
095bdwyc,2bee17df,1,1,0,0,1,0.0
89u58v07,2bee17df,188,12,176,0,12,0.9361702127659575
phbjwkyw,2bee17df,73,11,62,0,11,0.8493150684931506
sn10zd6g,2bee17df,166,19,147,0,19,0.8855421686746988
4s3cm7d8,2bee17df,111,21,90,0,21,0.8108108108108109
e2w81k0i,2bee17df,73,6,67,0,6,0.9178082191780822
hsm45iwx,2bee17df,96,10,86,0,10,0.8958333333333334
ism64anu,2bee17df,81,5,76,0,5,0.9382716049382716
plfupad7,2bee17df,69,22,47,0,22,0.6811594202898551
0hrc9vve,2bee17df,67,1,66,0,1,0.9850746268656716
zvbewhqx,2bee17df,78,7,71,0,7,0.9102564102564102
c7z6erey,2bee17df,292,35,257,0,35,0.8801369863013698
f0wpo2hr,2bee17df,72,8,64,0,8,0.8888888888888888
qazkn1sw,2bee17df,47,6,41,0,6,0.8723404255319149
nze0azo1,2bee17df,136,13,123,0,13,0.9044117647058824
r2ck84r8,2bee17df,71,9,62,0,9,0.8732394366197183
hpl7jugr,2bee17df,83,6,77,0,6,0.927710843373494
r24jdhzg,2bee17df,118,55,63,0,55,0.5338983050847458
ske58akk,2bee17df,106,11,95,0,11,0.8962264150943396
ovhoesyy,2bee17df,78,8,70,0,8,0.8974358974358975
3cc6zm51,2bee17df,76,44,32,0,44,0.42105263157894735
a589fsqz,2bee17df,128,8,120,0,8,0.9375
mlvcv31l,2bee17df,122,8,114,0,8,0.9344262295081968
o4kkkuj9,2bee17df,271,30,241,0,30,0.8892988929889298
k8txaw58,2bee17df,75,5,70,0,5,0.9333333333333333
d1vjrjhc,2bee17df,101,6,95,0,6,0.9405940594059405
qv0yh587,2bee17df,10,10,0,0,10,0.0
t2eyvuxq,2bee17df,72,5,67,0,5,0.9305555555555556
ew4oecfi,2bee17df,72,6,66,0,6,0.9166666666666666
mrwlcmno,2bee17df,63,51,12,0,51,0.19047619047619047
ni5df01j,2bee17df,95,19,76,0,19,0.8
eyn3wygc,2bee17df,82,11,71,0,11,0.8658536585365854
wcau806y,2bee17df,3,3,0,0,3,0.0
s03ed531,2bee17df,9,9,0,0,9,0.0
2j8p9vyz,2bee17df,102,11,91,0,11,0.8921568627450981
zj5uemkt,2bee17df,87,12,75,0,12,0.8620689655172413
3irnkhq8,2bee17df,57,2,55,0,2,0.9649122807017544
4s9g1cze,2bee17df,74,5,69,0,5,0.9324324324324325
v6jvgdvg,2bee17df,292,37,255,0,37,0.8732876712328768
l5sagbsh,2bee17df,79,6,73,0,6,0.9240506329113924
ljwskxcq,2bee17df,91,7,84,0,7,0.9230769230769231
bw2cwy0m,2bee17df,89,9,80,0,9,0.898876404494382
kwy2bqjo,2bee17df,82,7,75,0,7,0.9146341463414634
uktb326q,2bee17df,87,18,69,0,18,0.7931034482758621
cdo2cmtp,2bee17df,78,35,43,0,35,0.5512820512820513
zc26r1al,2bee17df,63,63,0,0,63,0.0
qqqzakmg,2bee17df,62,1,61,0,1,0.9838709677419355
648anokh,2bee17df,77,6,71,0,6,0.922077922077922
tc5wgx8h,2bee17df,81,5,76,0,5,0.9382716049382716
8bgj1tsd,2bee17df,67,67,0,0,67,0.0
mrypomny,2bee17df,93,49,44,0,49,0.4731182795698925
jeq3oy2g,2bee17df,123,1,122,0,1,0.991869918699187
c7ac53of,2bee17df,11,3,8,0,3,0.7272727272727273
rjanlii9,2bee17df,108,61,47,0,61,0.4351851851851852
e0biso3r,2bee17df,199,9,190,0,9,0.9547738693467337
a9gvtd1o,2bee17df,83,10,73,0,10,0.8795180722891566
f1ejz9fy,2bee17df,134,11,123,0,11,0.917910447761194
6eyovdd2,2bee17df,119,14,105,0,14,0.8823529411764706
a6jpzpek,2bee17df,50,5,45,0,5,0.9
a0w1xgxf,2bee17df,159,10,149,0,10,0.9371069182389937
xasfvnb7,2bee17df,109,107,2,0,107,0.01834862385321101
j2dvablb,2bee17df,87,9,78,0,9,0.896551724137931
so5k1adg,2bee17df,69,69,0,0,69,0.0
904h81sn,2bee17df,85,16,69,0,16,0.8117647058823529
nhds6zsd,2bee17df,63,63,0,0,63,0.0
