subject,trial,rt_click
qu0lm98m,23581191,1333.1000000089407
jayyv6lz,23581191,3076.5
ldo5smvx,23581191,1592.1999998092651
0yfthc4y,23581191,369.65000000596046
ei0ij8ms,23581191,1973.0
2tkm21z6,23581191,488.0
yfyhejim,23581191,1374.5
g7svteiz,23581191,1064.2499998807907
c2lwacqc,23581191,496.90000000596046
cw4tyx7n,23581191,821.5
72p6pxny,23581191,1888.0
rhbgnqhz,23581191,772.5
hd5k29qy,23581191,1790.4499999955297
gkse9wdn,23581191,1060.0
189iqcds,23581191,3203.8499999996275
mzi8f2hv,23581191,650.5999999996275
xgvto4mg,23581191,684.4499999992549
fgxp8fzz,23581191,2780.0500000715256
9pjr0waw,23581191,925.89999999851
kck1uue7,23581191,1873.5499999523163
nx0vccp8,23581191,1043.899999976158
8psac9uo,23581191,1277.75
jqeesfz7,23581191,290.5
xji13cu2,23581191,1223.5
8y2nd2sh,23581191,2130.300000011921
aypxap78,23581191,543.8000000119209
l0nln4b2,23581191,677.3000000119209
ascil7wf,23581191,1435.5499999970198
yebzokh4,23581191,1779.75
kavvl57w,23581191,1895.0999999940395
idma9086,23581191,1126.0
r99uy0qb,23581191,1579.5
7nszfy43,23581191,1498.0
b73rrttr,23581191,471.69999999925494
g3vslpjv,23581191,1662.2999999970198
2d8q4qkc,23581191,825.0
o2ho0580,23581191,940.3000001907349
bx44xwzb,23581191,1278.0
c9sps7bl,23581191,2573.300000011921
qfiy90jx,23581191,3087.75
8oohxrrz,23581191,650.9000000357628
x5id5i5q,23581191,696.0
hkj9daz7,23581191,1515.1000000014901
zfeorjum,23581191,1267.0
w12e497z,23581191,12353.85000000149
9ohxtpht,23581191,895.0000000037253
0wk7vjg8,23581191,5688.0
1r6yodve,23581191,675.0
k0qq522n,23581191,1923.8999999999069
cbvc5e3w,23581191,302.65000009536743
fl73adm5,23581191,2079.5
4j6cy1mk,23581191,520.2000000476837
oxvw1rhx,23581191,401.25
8d21w3yr,23581191,634.5
jx6lhkbi,23581191,2553.75
cfclud8z,23581191,3243.800000000745
z8b26ynw,23581191,1721.0
zelqv7az,23581191,1871.399999976158
ya0wv6pm,23581191,450.0
9evwb372,23581191,1515.0
mpzcivx9,23581191,690.6000000014901
1qt2f29y,23581191,800.01600000076
clhkwrie,23581191,1786.300000011921
sp00glmz,23581191,456.94999999925494
8jwr3j6t,23581191,774.5500000715256
p445h6ow,23581191,1937.0
z3die4q3,23581191,657.0
mhskzwic,23581191,759.5
50nsp39w,23581191,1259.7999999523165
8yhijukj,23581191,1699.300000011921
om1m73rv,23581191,1063.5
vbwguazj,23581191,551.9000000022352
7agy8y3l,23581191,2416.100000023842
o1t1fb7j,23581191,1875.7000000029802
nrfiw9bx,23581191,1143.0
pz38obzd,23581191,1446.2999999523165
xklnx39q,23581191,2156.399999976158
nldu5ge3,23581191,950.3999999985099
t3l0if03,23581191,999.75
ler5uq42,23581191,635.0
4wx63ymf,23581191,1039.4000000003723
nfbzvhip,23581191,1238.2999999523163
onnumbyy,23581191,2742.0
m63pxnwq,23581191,864.3000001907349
mr7lkk46,23581191,1588.850000023842
2w766g1z,23581191,1798.0
nqubyvew,23581191,1162.0999999940395
bcyhma9y,23581191,657.8500000089407
pcrxo3zp,23581191,2674.0999999046326
f5ktzt2t,23581191,856.1000000238419
kkeej6x5,23581191,448.5
74l1qvc1,23581191,106.59999999776484
byx9jkxm,23581191,911.0
j2pjmr32,23581191,1082.0
y8mzyzjc,23581191,615.9000000953674
bmlngyh3,23581191,1186.9000000953674
clucow7d,23581191,2015.8999999910593
3d2as981,23581191,2124.1999999284744
cghxa2ie,23581191,1164.4000000022352
o5qropwk,23581191,367.0
5nrjvc7q,23581191,2183.4000000059605
61zahdh9,23581191,966.8000000119208
5hz183aa,23581191,1540.0
emwp6wq7,23581191,624.1000000238419
pad0sufd,23581191,1994.2000000001863
xeu3j3ki,23581191,3031.0
npr5bsi2,23581191,385.39999985694885
ym49wqbn,23581191,545.8999999761581
cp3b83py,23581191,1878.199999988079
27d8totr,23581191,2900.79999999702
fkx2gd88,23581191,1290.800000011921
91fk0af9,23581191,4036.699999988079
qothvfhf,23581191,438.0
kmwiem6m,23581191,600.8999999761581
5pds9j1d,23581191,581.0
ikfbpugl,23581191,967.6999999880791
dmft9d3y,23581191,1072.100000023842
6e5gb0yb,23581191,690.0999999046326
icf7bchs,23581191,3011.0
aqmjput5,23581191,1345.0
l9krayds,23581191,719.2000000476837
f5ohsl5h,23581191,252.8000001907349
szbhlpfr,23581191,408.0
phbjwkyw,23581191,386.10000002384186
89u58v07,23581191,1167.0499999998137
hsm45iwx,23581191,1470.75
e2w81k0i,23581191,1040.350000023842
4s3cm7d8,23581191,683.5
sn10zd6g,23581191,1186.8500001430511
44o5xnxe,23581191,552.0
ihnjt6k4,23581191,2056.5
qkiu92kk,23581191,476.10000002384186
02333qfj,23581191,576.1000000238419
qfsp3ery,23581191,1123.0999999046326
q04yitea,23581191,1421.75
y32zaw9c,23581191,681.0
cuybsfwr,23581191,2074.2500000037253
0ra11hiv,23581191,750.3999996185303
nze0azo1,23581191,519.9499999880791
r2ck84r8,23581191,645.0
3cc6zm51,23581191,427.3000000715256
ske58akk,23581191,559.0
ovhoesyy,23581191,2799.0
r24jdhzg,23581191,591.8000000007451
stbyxpx6,23581191,990.2999999821186
zvbewhqx,23581191,655.3999999761581
0hrc9vve,23581191,1275.300000190735
plfupad7,23581191,1237.649999999907
ism64anu,23581191,2499.349999964237
qazkn1sw,23581191,400.5
f0wpo2hr,23581191,1723.0
c7z6erey,23581191,1710.949999988079
ni5df01j,23581191,1391.2999999523163
mrwlcmno,23581191,462.0
ew4oecfi,23581191,1375.25
08vqizpx,23581191,734.0
2j8p9vyz,23581191,1571.0
s03ed531,23581191,633.0
wcau806y,23581191,688.5
d1vjrjhc,23581191,1121.0499999970198
o4kkkuj9,23581191,614.6999999992549
k8txaw58,23581191,1494.75
t2eyvuxq,23581191,1601.1999999284744
qv0yh587,23581191,745.0
1xogp17t,23581191,102.0
uktb326q,23581191,634.0
bw2cwy0m,23581191,831.3999999985099
kwy2bqjo,23581191,1266.8000000119207
cdo2cmtp,23581191,555.3999999994412
zj5uemkt,23581191,755.6000000238419
v6jvgdvg,23581191,729.0499999523163
l5sagbsh,23581191,654.0
ljwskxcq,23581191,863.8500001430511
3irnkhq8,23581191,808.2000000178814
4s9g1cze,23581191,679.9999999701977
vpxztp7b,23581191,847.5
f1ejz9fy,23581191,861.5
a9gvtd1o,23581191,526.6999998092651
e0biso3r,23581191,3027.75
41kp06jx,23581191,707.1500000003725
a0w1xgxf,23581191,1023.0
6eyovdd2,23581191,513.8999999761581
a6jpzpek,23581191,914.4999999999999
648anokh,23581191,1297.1999999284744
rjanlii9,23581191,3048.4000000953674
jeq3oy2g,23581191,1874.0
mrypomny,23581191,779.0
tc5wgx8h,23581191,2570.2999999821186
8bgj1tsd,23581191,647.9500000476837
nhds6zsd,23581191,3546.5
xasfvnb7,23581191,381.69999980926514
03ljcqhc,23581191,805.5
ce9qdbyh,23581191,532.3500000238419
904h81sn,23581191,1105.4500000029802
j2dvablb,23581191,1672.9000000003723
uktb326q,baf41dbf,545.0
kwy2bqjo,baf41dbf,2360.649999976158
bw2cwy0m,baf41dbf,501.7999999988824
3irnkhq8,baf41dbf,3311.1500000059605
v6jvgdvg,baf41dbf,681.5500001907349
l5sagbsh,baf41dbf,10047.0
ljwskxcq,baf41dbf,2118.0
zj5uemkt,baf41dbf,987.1999999284744
s03ed531,baf41dbf,767.0000000009313
6p8vl3lk,baf41dbf,999.5
2j8p9vyz,baf41dbf,2698.0
wcau806y,baf41dbf,1489.0
eyn3wygc,baf41dbf,478.0
ew4oecfi,baf41dbf,2515.75
mrwlcmno,baf41dbf,446.5
qv0yh587,baf41dbf,694.0
mlvcv31l,baf41dbf,614.2000000029802
o4kkkuj9,baf41dbf,548.1999999992549
k8txaw58,baf41dbf,2826.149999976158
d1vjrjhc,baf41dbf,2235.0
a589fsqz,baf41dbf,847.5
4stfwpke,baf41dbf,735.8000000007451
nhds6zsd,baf41dbf,497.0
vr20hyge,baf41dbf,1087.0
j2dvablb,baf41dbf,2486.7999999988824
904h81sn,baf41dbf,467.95000000298023
a0w1xgxf,baf41dbf,1018.0
lmtka1ev,baf41dbf,948.5
a6jpzpek,baf41dbf,1544.8999999985099
6eyovdd2,baf41dbf,1946.199999988079
f1ejz9fy,baf41dbf,1305.5999999642372
vpxztp7b,baf41dbf,786.0
a9gvtd1o,baf41dbf,2883.0
e0biso3r,baf41dbf,610.0
jeq3oy2g,baf41dbf,411.5
mrypomny,baf41dbf,639.0
rjanlii9,baf41dbf,1800.350000023842
c7ac53of,baf41dbf,712.5999999046326
8bgj1tsd,baf41dbf,2623.399999856949
tc5wgx8h,baf41dbf,1200.7999999970198
648anokh,baf41dbf,527.9499999880791
5pds9j1d,baf41dbf,398.3999999985099
kmwiem6m,baf41dbf,2020.25
d33m799j,baf41dbf,2259.7999999523163
ikfbpugl,baf41dbf,1252.8500000238419
cp3b83py,baf41dbf,1481.5
91fk0af9,baf41dbf,552.5
qothvfhf,baf41dbf,466.699999988079
27d8totr,baf41dbf,766.7000000029802
fkx2gd88,baf41dbf,2216.600000023842
icf7bchs,baf41dbf,655.0
bhpug29p,baf41dbf,693.9000000001397
nvlsix5c,baf41dbf,2999.5
f5ohsl5h,baf41dbf,1389.5500001907349
l9krayds,baf41dbf,608.3000000119209
aqmjput5,baf41dbf,2068.0
bdfn1h0o,baf41dbf,616.3000000715256
dmft9d3y,baf41dbf,1600.6999999284744
6e5gb0yb,baf41dbf,682.4999998807907
pgtp756s,baf41dbf,2916.050000011921
bmlngyh3,baf41dbf,2234.599999904633
y8mzyzjc,baf41dbf,1064.4000000953674
3d2as981,baf41dbf,3508.899999976158
cghxa2ie,baf41dbf,2890.199999999255
clucow7d,baf41dbf,3979.0
byx9jkxm,baf41dbf,1531.0
emwp6wq7,baf41dbf,824.2000000476837
npr5bsi2,baf41dbf,490.75
ym49wqbn,baf41dbf,1417.1000000238419
154uk6vm,baf41dbf,643.2999999821186
xeu3j3ki,baf41dbf,2408.0
5nrjvc7q,baf41dbf,1948.3500000089407
ol9lky1i,baf41dbf,713.2999999523163
o5qropwk,baf41dbf,444.0
5hz183aa,baf41dbf,6693.0
61zahdh9,baf41dbf,1124.0999999940395
ske58akk,baf41dbf,4460.899999976158
ovhoesyy,baf41dbf,863.0
3cc6zm51,baf41dbf,527.2999999523163
stbyxpx6,baf41dbf,207.1000000089407
r24jdhzg,baf41dbf,1015.60000000149
hpl7jugr,baf41dbf,2304.0
nze0azo1,baf41dbf,785.0
r2ck84r8,baf41dbf,836.8999998569489
f0wpo2hr,baf41dbf,1778.0
qazkn1sw,baf41dbf,448.0
c7z6erey,baf41dbf,1435.0
8aknstxj,baf41dbf,3311.899999976158
zvbewhqx,baf41dbf,3129.400000095367
0hrc9vve,baf41dbf,140336.5
n2et79bd,baf41dbf,366.2999999988824
ism64anu,baf41dbf,2255.099999904633
plfupad7,baf41dbf,1055.2000000011176
e2w81k0i,baf41dbf,1932.5
4s3cm7d8,baf41dbf,700.0
hsm45iwx,baf41dbf,680.1500000059605
sn10zd6g,baf41dbf,3608.5
phbjwkyw,baf41dbf,621.5500000119209
szbhlpfr,baf41dbf,1977.8500000014901
89u58v07,baf41dbf,592.4000000003725
cuybsfwr,baf41dbf,390.30000000447035
0ra11hiv,baf41dbf,819.9000015258789
44o5xnxe,baf41dbf,387.0
ihnjt6k4,baf41dbf,601.0
qfsp3ery,baf41dbf,617.5999999046326
q04yitea,baf41dbf,767.7999999523163
02333qfj,baf41dbf,942.7999999523163
cfclud8z,baf41dbf,1788.9000000003725
z8b26ynw,baf41dbf,1024.0
zelqv7az,baf41dbf,1997.5499999523163
jx6lhkbi,baf41dbf,668.1000000238419
clhkwrie,baf41dbf,1281.6499999985099
1qt2f29y,baf41dbf,2100.042000000365
mpzcivx9,baf41dbf,1835.4999999995343
sp00glmz,baf41dbf,869.5499999988824
ya0wv6pm,baf41dbf,402.0
9evwb372,baf41dbf,832.0
23iyreiv,baf41dbf,1897.8999996185305
wz0zoo1d,baf41dbf,2796.399999976158
1r6yodve,baf41dbf,695.5
zfeorjum,baf41dbf,2438.0
hkj9daz7,baf41dbf,3476.5
w12e497z,baf41dbf,2238.8999999910593
9ohxtpht,baf41dbf,984.60000000149
4j6cy1mk,baf41dbf,583.0
fl73adm5,baf41dbf,1262.0999999046326
oxvw1rhx,baf41dbf,419.69999999925494
onnumbyy,baf41dbf,1107.0
m63pxnwq,baf41dbf,1157.0499999523163
t3l0if03,baf41dbf,1891.7999999523165
4wx63ymf,baf41dbf,840.5999999996275
ler5uq42,baf41dbf,684.5
bcyhma9y,baf41dbf,1537.0999999940395
pcrxo3zp,baf41dbf,4410.199999809265
f5ktzt2t,baf41dbf,1092.7000000476837
kkeej6x5,baf41dbf,535.9500000029802
2w766g1z,baf41dbf,3638.099999904633
mr7lkk46,baf41dbf,1094.3999999761581
5vv1rrzw,baf41dbf,792.7999999523163
nqubyvew,baf41dbf,595.2000000029802
vbwguazj,baf41dbf,480.25
7agy8y3l,baf41dbf,1979.100000023842
om1m73rv,baf41dbf,2819.0
8jwr3j6t,baf41dbf,820.7999999523163
z3die4q3,baf41dbf,2055.0
8yhijukj,baf41dbf,1213.4000000357628
pz38obzd,baf41dbf,1095.5499999523163
xklnx39q,baf41dbf,2538.0
nrfiw9bx,baf41dbf,1103.8999996185305
cw4tyx7n,baf41dbf,846.2999999821186
g7svteiz,baf41dbf,887.1000001430511
c2lwacqc,baf41dbf,520.0
mzi8f2hv,baf41dbf,1897.7999999988824
189iqcds,baf41dbf,902.8000000007452
fgxp8fzz,baf41dbf,5833.200000047684
hd5k29qy,baf41dbf,1934.2999999970195
72p6pxny,baf41dbf,1151.8000001907349
gkse9wdn,baf41dbf,869.0
ldo5smvx,baf41dbf,888.1500000953674
jayyv6lz,baf41dbf,1451.0
qu0lm98m,baf41dbf,894.0500000044703
yfyhejim,baf41dbf,2286.8499999046326
ei0ij8ms,baf41dbf,1186.5
0yfthc4y,baf41dbf,746.0
2tkm21z6,baf41dbf,504.0
idma9086,baf41dbf,5810.6500000059605
r99uy0qb,baf41dbf,2203.0
b73rrttr,baf41dbf,416.19999999925494
yebzokh4,baf41dbf,607.8999999985099
kavvl57w,baf41dbf,2712.550000011921
8oohxrrz,baf41dbf,3917.900000035763
qfiy90jx,baf41dbf,824.9500000476837
g3vslpjv,baf41dbf,3518.8000000044703
c9sps7bl,baf41dbf,2735.5999999940395
bx44xwzb,baf41dbf,628.6500000022352
o2ho0580,baf41dbf,990.3499999046326
jqeesfz7,baf41dbf,439.8999999985099
nx0vccp8,baf41dbf,789.8999999761581
8psac9uo,baf41dbf,691.2999999523163
kck1uue7,baf41dbf,1839.9000000953672
l0nln4b2,baf41dbf,1088.7999999523165
aypxap78,baf41dbf,2434.0
ascil7wf,baf41dbf,983.0
8y2nd2sh,baf41dbf,2740.1500000059605
r99uy0qb,4258a5f9,1621.0
idma9086,4258a5f9,864.6000000238419
0fy66fv2,4258a5f9,444.69999999925494
7nszfy43,4258a5f9,2945.0
b73rrttr,4258a5f9,404.1000000005588
yebzokh4,4258a5f9,440.0
kavvl57w,4258a5f9,1962.9999999850988
8oohxrrz,4258a5f9,1257.2999999523165
qfiy90jx,4258a5f9,567.1499999761581
2d8q4qkc,4258a5f9,1057.5
g3vslpjv,4258a5f9,1691.4000000059605
c9sps7bl,4258a5f9,1634.399999976158
bx44xwzb,4258a5f9,627.0499999970198
o2ho0580,4258a5f9,330.1000003814697
xji13cu2,4258a5f9,939.6999999880792
jqeesfz7,4258a5f9,215.55000000074506
9pjr0waw,4258a5f9,1153.9999999981374
8psac9uo,4258a5f9,473.5
kck1uue7,4258a5f9,1483.6499999761581
l0nln4b2,4258a5f9,432.0000000298023
aypxap78,4258a5f9,971.5
ascil7wf,4258a5f9,1519.3999999985099
8y2nd2sh,4258a5f9,1369.699999988079
yc52i3qf,4258a5f9,344.30000001192093
cw4tyx7n,4258a5f9,718.6499999910593
c2lwacqc,4258a5f9,358.0
g7svteiz,4258a5f9,758.9500000476837
mzi8f2hv,4258a5f9,938.8000000007451
189iqcds,4258a5f9,424.19999999925494
fgxp8fzz,4258a5f9,1058.0
xgvto4mg,4258a5f9,493.55000000074506
hd5k29qy,4258a5f9,1053.2999999970198
rhbgnqhz,4258a5f9,983.9000000059605
72p6pxny,4258a5f9,830.5
ldo5smvx,4258a5f9,1253.2000002861023
jayyv6lz,4258a5f9,438.0
qu0lm98m,4258a5f9,813.6999999955297
yfyhejim,4258a5f9,630.7000000476837
ei0ij8ms,4258a5f9,1021.0
0yfthc4y,4258a5f9,796.7999999970198
2tkm21z6,4258a5f9,393.5
onnumbyy,4258a5f9,515.5
m63pxnwq,4258a5f9,1131.8999998569489
t3l0if03,4258a5f9,738.7999999523163
nldu5ge3,4258a5f9,882.3000000044703
4wx63ymf,4258a5f9,1000.7999999988824
nfbzvhip,4258a5f9,304.14999985694885
ler5uq42,4258a5f9,542.0
bcyhma9y,4258a5f9,329.5
f5ktzt2t,4258a5f9,700.1000001430511
kkeej6x5,4258a5f9,311.5
pcrxo3zp,4258a5f9,1187.7999997138977
2w766g1z,4258a5f9,1019.600000023842
mr7lkk46,4258a5f9,2765.2999999523163
nqubyvew,4258a5f9,305.5
o1t1fb7j,4258a5f9,1050.5999999940395
7agy8y3l,4258a5f9,1063.6999999284744
vbwguazj,4258a5f9,1445.699999999255
om1m73rv,4258a5f9,722.3000000715256
z3die4q3,4258a5f9,1083.0
8jwr3j6t,4258a5f9,256.09999990463257
p445h6ow,4258a5f9,969.0
50nsp39w,4258a5f9,1289.7000000476835
8yhijukj,4258a5f9,1284.600000023842
pz38obzd,4258a5f9,1011.3000000715256
xklnx39q,4258a5f9,1186.6999999284744
cfclud8z,4258a5f9,1666.2999999970198
zelqv7az,4258a5f9,387.05000001192093
z8b26ynw,4258a5f9,695.0
jx6lhkbi,4258a5f9,1295.5999999046326
clhkwrie,4258a5f9,471.65000000596046
1qt2f29y,4258a5f9,400.00800000003073
mpzcivx9,4258a5f9,741.1999999992549
sp00glmz,4258a5f9,1856.70000000298
2ke9hbes,4258a5f9,1988.0
9evwb372,4258a5f9,767.0
ya0wv6pm,4258a5f9,596.0
0wk7vjg8,4258a5f9,687.5
cbvc5e3w,4258a5f9,191.14999997615814
1r6yodve,4258a5f9,748.0
2anyuqd8,4258a5f9,710.0
zfeorjum,4258a5f9,1568.0
hkj9daz7,4258a5f9,1368.6500000022352
9ohxtpht,4258a5f9,337.0
oxvw1rhx,4258a5f9,336.90000000037253
4j6cy1mk,4258a5f9,216.70000004768372
318gokyy,4258a5f9,863.4500000476837
8d21w3yr,4258a5f9,389.0
ske58akk,4258a5f9,1312.100000023842
ovhoesyy,4258a5f9,1414.0
3cc6zm51,4258a5f9,281.3499999642372
r24jdhzg,4258a5f9,952.1000000014901
nze0azo1,4258a5f9,930.100000023842
r2ck84r8,4258a5f9,993.2000000476837
hpl7jugr,4258a5f9,1048.0
f0wpo2hr,4258a5f9,963.0
qazkn1sw,4258a5f9,421.0
c7z6erey,4258a5f9,1002.5999999940395
8aknstxj,4258a5f9,1623.0999999642372
zvbewhqx,4258a5f9,332.1500000357628
n2et79bd,4258a5f9,394.2999999988824
ism64anu,4258a5f9,1276.8000000715256
plfupad7,4258a5f9,1530.800000000745
4s3cm7d8,4258a5f9,411.5
e2w81k0i,4258a5f9,1098.2000000476835
hsm45iwx,4258a5f9,1248.699999988079
sn10zd6g,4258a5f9,2079.400000095367
phbjwkyw,4258a5f9,904.5
szbhlpfr,4258a5f9,1544.8999999910593
89u58v07,4258a5f9,1441.5
y32zaw9c,4258a5f9,398.5
cuybsfwr,4258a5f9,288.1000000014901
qkiu92kk,4258a5f9,263.59999999403954
44o5xnxe,4258a5f9,900.0
q04yitea,4258a5f9,448.0
qfsp3ery,4258a5f9,937.7000000476837
02333qfj,4258a5f9,846.7999999523163
d33m799j,4258a5f9,1811.0499999523165
ikfbpugl,4258a5f9,529.6000000238419
cp3b83py,4258a5f9,651.9499999880791
qothvfhf,4258a5f9,381.5499999821186
27d8totr,4258a5f9,681.6499999985099
fkx2gd88,4258a5f9,1459.7000000476835
bhpug29p,4258a5f9,961.9000000001398
l9krayds,4258a5f9,1830.0
dmft9d3y,4258a5f9,668.5
6e5gb0yb,4258a5f9,653.2000000476837
pgtp756s,4258a5f9,343.30000001192093
bmlngyh3,4258a5f9,778.6999999284744
cghxa2ie,4258a5f9,1351.75
3d2as981,4258a5f9,2823.099999964237
clucow7d,4258a5f9,1456.300000011921
byx9jkxm,4258a5f9,855.0
j2pjmr32,4258a5f9,588.0
pad0sufd,4258a5f9,1024.5999999996277
emwp6wq7,4258a5f9,371.64999997615814
ym49wqbn,4258a5f9,265.94999998807907
154uk6vm,4258a5f9,1674.6000000089407
npr5bsi2,4258a5f9,306.0
5nrjvc7q,4258a5f9,402.19999998807907
o5qropwk,4258a5f9,320.0
5hz183aa,4258a5f9,1138.0
61zahdh9,4258a5f9,647.9000000059605
vr20hyge,4258a5f9,569.0
nhds6zsd,4258a5f9,406.0
ce9qdbyh,4258a5f9,741.5
j2dvablb,4258a5f9,765.1999999992549
904h81sn,4258a5f9,1137.7999999821186
sesf1qnx,4258a5f9,2069.4000000059605
xasfvnb7,4258a5f9,480.5
a0w1xgxf,4258a5f9,1031.0
41kp06jx,4258a5f9,588.1499999994412
lmtka1ev,4258a5f9,963.0
a6jpzpek,4258a5f9,1344.3500000014901
6eyovdd2,4258a5f9,679.7000000476837
f1ejz9fy,4258a5f9,1520.300000011921
vpxztp7b,4258a5f9,989.0
e0biso3r,4258a5f9,1376.3999996185305
a9gvtd1o,4258a5f9,1116.8000001907349
mrypomny,4258a5f9,338.0
jeq3oy2g,4258a5f9,304.0
c7ac53of,4258a5f9,4147.700000286102
rjanlii9,4258a5f9,1520.700000166893
8bgj1tsd,4258a5f9,935.9499999284744
tc5wgx8h,4258a5f9,1123.199999988079
qqqzakmg,4258a5f9,2027.0999999642372
648anokh,4258a5f9,765.3999999761581
zc26r1al,4258a5f9,230.39999985694885
uktb326q,4258a5f9,400.0
kwy2bqjo,4258a5f9,1157.100000023842
bw2cwy0m,4258a5f9,811.0
3irnkhq8,4258a5f9,811.9000000059605
4s9g1cze,4258a5f9,745.9000000357628
l5sagbsh,4258a5f9,820.0
v6jvgdvg,4258a5f9,562.7000000476837
ljwskxcq,4258a5f9,680.25
zj5uemkt,4258a5f9,656.0500000715256
s03ed531,4258a5f9,533.5
wcau806y,4258a5f9,504.0
ni5df01j,4258a5f9,426.25
ew4oecfi,4258a5f9,996.0999999046326
mrwlcmno,4258a5f9,395.0
qv0yh587,4258a5f9,431.0
t2eyvuxq,4258a5f9,970.399999976158
mlvcv31l,4258a5f9,957.2999999970198
o4kkkuj9,4258a5f9,1135.9000000003723
k8txaw58,4258a5f9,1115.7999999523165
d1vjrjhc,4258a5f9,1333.1000000089407
a589fsqz,4258a5f9,271.19999998807907
s03ed531,00dbd492,652.0
2j8p9vyz,00dbd492,1047.0
6p8vl3lk,00dbd492,3759.5
wcau806y,00dbd492,845.0
eyn3wygc,00dbd492,422.85000002384186
ni5df01j,00dbd492,466.9999998807907
ew4oecfi,00dbd492,1667.3999996185305
mrwlcmno,00dbd492,417.0
qv0yh587,00dbd492,435.5
t2eyvuxq,00dbd492,1700.550000011921
o4kkkuj9,00dbd492,350.30000000074506
k8txaw58,00dbd492,2122.100000023842
mlvcv31l,00dbd492,1756.2000000029802
d1vjrjhc,00dbd492,1572.5
a589fsqz,00dbd492,1551.800000011921
cdo2cmtp,00dbd492,292.5
uktb326q,00dbd492,446.0
kwy2bqjo,00dbd492,431.75
4s9g1cze,00dbd492,1455.7500000298023
3irnkhq8,00dbd492,1694.4000000059605
ljwskxcq,00dbd492,1384.0
v6jvgdvg,00dbd492,518.9000000953674
l5sagbsh,00dbd492,760.5
zj5uemkt,00dbd492,2689.949999988079
41kp06jx,00dbd492,1515.6000000005588
a0w1xgxf,00dbd492,579.0
lmtka1ev,00dbd492,1957.0
6eyovdd2,00dbd492,362.85000002384186
a6jpzpek,00dbd492,667.8000000007451
f1ejz9fy,00dbd492,436.5
vpxztp7b,00dbd492,448.0
e0biso3r,00dbd492,2760.25
a9gvtd1o,00dbd492,2130.8999996185303
mrypomny,00dbd492,408.0
c7ac53of,00dbd492,1823.0
rjanlii9,00dbd492,400.65000009536743
tc5wgx8h,00dbd492,893.9000000059605
8bgj1tsd,00dbd492,484.15000009536743
qqqzakmg,00dbd492,188.90000000596046
648anokh,00dbd492,446.89999997615814
vr20hyge,00dbd492,279.5
ce9qdbyh,00dbd492,336.35000002384186
03ljcqhc,00dbd492,1897.5
j2dvablb,00dbd492,1614.300000000745
904h81sn,00dbd492,393.60000002384186
xasfvnb7,00dbd492,421.7999999523163
bmlngyh3,00dbd492,2133.0500000715256
cghxa2ie,00dbd492,1343.7999999970198
3d2as981,00dbd492,1748.399999976158
clucow7d,00dbd492,561.5499999970198
byx9jkxm,00dbd492,1704.5
74l1qvc1,00dbd492,3352.0999999996275
pad0sufd,00dbd492,1866.3500000000931
emwp6wq7,00dbd492,974.8000000715256
154uk6vm,00dbd492,2793.5
ym49wqbn,00dbd492,378.0
npr5bsi2,00dbd492,577.6999998092651
xeu3j3ki,00dbd492,683.0
ol9lky1i,00dbd492,554.5
5nrjvc7q,00dbd492,2836.000000014901
o5qropwk,00dbd492,2240.0
5hz183aa,00dbd492,1017.0
61zahdh9,00dbd492,983.7000000476836
5pds9j1d,00dbd492,402.80000000074506
kmwiem6m,00dbd492,1078.300000011921
d33m799j,00dbd492,1566.800000011921
ikfbpugl,00dbd492,1508.5
cp3b83py,00dbd492,1676.5
91fk0af9,00dbd492,413.10000002384186
qothvfhf,00dbd492,1069.4000000357628
fkx2gd88,00dbd492,2905.0
27d8totr,00dbd492,2902.7999999970198
icf7bchs,00dbd492,637.0
f5ohsl5h,00dbd492,1288.8999998569489
bhpug29p,00dbd492,475.69999999995343
aqmjput5,00dbd492,1287.0
l9krayds,00dbd492,811.8000000119209
dmft9d3y,00dbd492,717.5
6e5gb0yb,00dbd492,3553.7499998807907
4s3cm7d8,00dbd492,400.0
e2w81k0i,00dbd492,814.8499999642372
hsm45iwx,00dbd492,2507.7999999970198
sn10zd6g,00dbd492,3360.149999976158
phbjwkyw,00dbd492,1558.699999988079
095bdwyc,00dbd492,354.6500000022352
89u58v07,00dbd492,2064.199999999255
y32zaw9c,00dbd492,514.0
0ra11hiv,00dbd492,537.25
cuybsfwr,00dbd492,2104.550000000745
qkiu92kk,00dbd492,407.75
44o5xnxe,00dbd492,1554.0
q04yitea,00dbd492,448.0
qfsp3ery,00dbd492,566.3000001907349
02333qfj,00dbd492,1094.8999998569489
ovhoesyy,00dbd492,2033.0
ske58akk,00dbd492,2463.0499999821186
3cc6zm51,00dbd492,255.10000002384183
stbyxpx6,00dbd492,458.69999998807907
r24jdhzg,00dbd492,392.0
r2ck84r8,00dbd492,1844.4999999999998
nze0azo1,00dbd492,2962.300000011921
hpl7jugr,00dbd492,2035.0
f0wpo2hr,00dbd492,1816.5
qazkn1sw,00dbd492,153.0
8aknstxj,00dbd492,2708.25
c7z6erey,00dbd492,1075.1499999761581
0hrc9vve,00dbd492,748.3000001907349
zvbewhqx,00dbd492,2403.600000023842
ism64anu,00dbd492,648.75
n2et79bd,00dbd492,1135.7999999998137
plfupad7,00dbd492,2047.1000000005588
1r6yodve,00dbd492,652.0000000002328
2anyuqd8,00dbd492,670.0
hkj9daz7,00dbd492,3359.29999999702
zfeorjum,00dbd492,1717.0
9ohxtpht,00dbd492,748.8999999985099
w12e497z,00dbd492,2046.0999999940395
oxvw1rhx,00dbd492,361.80000000074506
fl73adm5,00dbd492,1703.8999998569489
4j6cy1mk,00dbd492,262.7000000476837
8d21w3yr,00dbd492,1086.0
cfclud8z,00dbd492,3199.5499999988824
zelqv7az,00dbd492,737.8000000119209
z8b26ynw,00dbd492,1398.0
jx6lhkbi,00dbd492,1902.4499999284744
1qt2f29y,00dbd492,408.34149999916553
clhkwrie,00dbd492,387.6000000014901
mpzcivx9,00dbd492,1765.449999999255
sp00glmz,00dbd492,411.04999999701977
9evwb372,00dbd492,634.0
ya0wv6pm,00dbd492,1004.0
23iyreiv,00dbd492,1300.0999999046326
o1t1fb7j,00dbd492,1316.800000011921
7agy8y3l,00dbd492,431.60000002384186
vbwguazj,00dbd492,319.9000000022352
om1m73rv,00dbd492,783.7999999523163
z3die4q3,00dbd492,1759.5
8jwr3j6t,00dbd492,339.9500000476837
8yhijukj,00dbd492,1878.399999976158
50nsp39w,00dbd492,2306.9500000476837
mhskzwic,00dbd492,511.5
pz38obzd,00dbd492,341.2000000476837
xklnx39q,00dbd492,649.8999999761581
nrfiw9bx,00dbd492,1156.9000000953674
onnumbyy,00dbd492,694.0
m63pxnwq,00dbd492,1562.0
t3l0if03,00dbd492,1674.1500000059605
nldu5ge3,00dbd492,2273.29999999702
nfbzvhip,00dbd492,392.09999990463257
4wx63ymf,00dbd492,1447.800000000745
ler5uq42,00dbd492,599.4999999998836
bcyhma9y,00dbd492,231.70000000298023
f5ktzt2t,00dbd492,2607.4500000476837
kkeej6x5,00dbd492,319.44999999925494
pcrxo3zp,00dbd492,957.0
2w766g1z,00dbd492,530.0
5vv1rrzw,00dbd492,865.8500000238419
mr7lkk46,00dbd492,1330.8000000715256
ldo5smvx,00dbd492,935.7500004768372
qu0lm98m,00dbd492,563.0999999940395
jayyv6lz,00dbd492,5834.0
yfyhejim,00dbd492,1622.2999999523163
9wkeb5tu,00dbd492,584.6999999880791
0yfthc4y,00dbd492,340.19999998807907
2tkm21z6,00dbd492,376.5
yc52i3qf,00dbd492,752.25
c2lwacqc,00dbd492,436.29999999701977
g7svteiz,00dbd492,635.2999999523163
mzi8f2hv,00dbd492,1750.3999999994412
189iqcds,00dbd492,2224.5500000026077
fgxp8fzz,00dbd492,1975.3000000715251
hd5k29qy,00dbd492,500.5
rhbgnqhz,00dbd492,2320.9000000059605
72p6pxny,00dbd492,388.10000002384186
9pjr0waw,00dbd492,548.8500000014901
8psac9uo,00dbd492,837.8000000715256
nx0vccp8,00dbd492,595.1000000238419
kck1uue7,00dbd492,2111.600000143051
l0nln4b2,00dbd492,627.5
aypxap78,00dbd492,1922.0
ascil7wf,00dbd492,4555.0999999940395
8y2nd2sh,00dbd492,2733.800000011921
r99uy0qb,00dbd492,481.0
idma9086,00dbd492,417.5
4kl3i3tv,00dbd492,590.4000000059605
0fy66fv2,00dbd492,221.34999999962747
b73rrttr,00dbd492,383.79999999981374
7nszfy43,00dbd492,800.0
kavvl57w,00dbd492,3164.0999999940395
8oohxrrz,00dbd492,3218.099999964237
qfiy90jx,00dbd492,583.8499999046326
x5id5i5q,00dbd492,554.5
2d8q4qkc,00dbd492,2166.0
g3vslpjv,00dbd492,743.2999999970198
c9sps7bl,00dbd492,3136.699999988079
o2ho0580,00dbd492,1247.9500002861023
bx44xwzb,00dbd492,609.5
d33m799j,d5d6de2d,5468.699999928474
ikfbpugl,d5d6de2d,462.800000011921
5pds9j1d,d5d6de2d,309.9000000022352
kmwiem6m,d5d6de2d,930.0
fkx2gd88,d5d6de2d,1947.9500000178814
27d8totr,d5d6de2d,2808.2999999970198
cp3b83py,d5d6de2d,537.9499999880791
bhpug29p,d5d6de2d,802.5
nvlsix5c,d5d6de2d,1098.0
aqmjput5,d5d6de2d,480.0
l9krayds,d5d6de2d,756.2000000476837
icf7bchs,d5d6de2d,483.0
pgtp756s,d5d6de2d,364.89999997615814
6e5gb0yb,d5d6de2d,1467.0999999046326
dmft9d3y,d5d6de2d,898.0500000119209
cghxa2ie,d5d6de2d,4988.0
clucow7d,d5d6de2d,1248.0999999940395
bmlngyh3,d5d6de2d,886.5500000715256
j2pjmr32,d5d6de2d,637.5
74l1qvc1,d5d6de2d,441.2000000011176
byx9jkxm,d5d6de2d,1091.5
npr5bsi2,d5d6de2d,348.5
154uk6vm,d5d6de2d,1540.7000000178814
ym49wqbn,d5d6de2d,699.3000000119209
pad0sufd,d5d6de2d,1248.6500000003723
emwp6wq7,d5d6de2d,1629.7499999403954
5hz183aa,d5d6de2d,965.0
61zahdh9,d5d6de2d,1349.0999999642372
5nrjvc7q,d5d6de2d,539.0499999970198
o5qropwk,d5d6de2d,1557.5
r24jdhzg,d5d6de2d,1336.800000000745
ovhoesyy,d5d6de2d,1631.5
ske58akk,d5d6de2d,550.8000000119209
3cc6zm51,d5d6de2d,352.4500000476837
hpl7jugr,d5d6de2d,1062.5
r2ck84r8,d5d6de2d,963.5
nze0azo1,d5d6de2d,1343.5
8aknstxj,d5d6de2d,2205.949999988079
c7z6erey,d5d6de2d,933.6500000059604
f0wpo2hr,d5d6de2d,1173.0
qazkn1sw,d5d6de2d,419.0
ism64anu,d5d6de2d,5365.850000023842
n2et79bd,d5d6de2d,636.5
plfupad7,d5d6de2d,1800.0
zvbewhqx,d5d6de2d,680.3000000715256
0hrc9vve,d5d6de2d,2107.0
sn10zd6g,d5d6de2d,2086.800000071525
e2w81k0i,d5d6de2d,784.9999999403954
4s3cm7d8,d5d6de2d,408.0
hsm45iwx,d5d6de2d,1430.0999999940395
89u58v07,d5d6de2d,1596.0499999998137
095bdwyc,d5d6de2d,368.20000000298023
phbjwkyw,d5d6de2d,1017.1999999284744
szbhlpfr,d5d6de2d,639.9499999955297
cuybsfwr,d5d6de2d,377.29999999701977
0ra11hiv,d5d6de2d,1030.1000003814695
y32zaw9c,d5d6de2d,474.0
qfsp3ery,d5d6de2d,1732.3000001907349
q04yitea,d5d6de2d,383.7000000476837
02333qfj,d5d6de2d,1147.3999998569489
qkiu92kk,d5d6de2d,1358.5
44o5xnxe,d5d6de2d,561.5
cdo2cmtp,d5d6de2d,277.75
bw2cwy0m,d5d6de2d,1072.2999999988824
kwy2bqjo,d5d6de2d,1163.1499999761581
uktb326q,d5d6de2d,1389.0
4s9g1cze,d5d6de2d,879.7999999821186
3irnkhq8,d5d6de2d,1238.2999999821186
ljwskxcq,d5d6de2d,1016.0
l5sagbsh,d5d6de2d,1792.0
v6jvgdvg,d5d6de2d,1074.5999999046326
zj5uemkt,d5d6de2d,1432.1500000357628
wcau806y,d5d6de2d,530.0
s03ed531,d5d6de2d,569.0
2j8p9vyz,d5d6de2d,796.0
ew4oecfi,d5d6de2d,847.5
mrwlcmno,d5d6de2d,559.0
eyn3wygc,d5d6de2d,428.2999999821186
ni5df01j,d5d6de2d,738.7000000476837
qv0yh587,d5d6de2d,365.0
t2eyvuxq,d5d6de2d,1347.100000023842
a589fsqz,d5d6de2d,664.3999999761581
k8txaw58,d5d6de2d,1146.1000001430511
o4kkkuj9,d5d6de2d,1176.199999999255
mlvcv31l,d5d6de2d,991.5
d1vjrjhc,d5d6de2d,1139.4000000059605
nhds6zsd,d5d6de2d,1297.0
vr20hyge,d5d6de2d,1251.5
j2dvablb,d5d6de2d,1141.25
904h81sn,d5d6de2d,754.0999999940395
so5k1adg,d5d6de2d,277.19999999925494
03ljcqhc,d5d6de2d,726.6499999985099
ce9qdbyh,d5d6de2d,423.1999999284744
sesf1qnx,d5d6de2d,1075.800000011921
xasfvnb7,d5d6de2d,352.90000009536743
6eyovdd2,d5d6de2d,1120.8499999642372
a6jpzpek,d5d6de2d,861.1999999992549
41kp06jx,d5d6de2d,1015.8499999996277
a0w1xgxf,d5d6de2d,861.0
lmtka1ev,d5d6de2d,1144.5
a9gvtd1o,d5d6de2d,1125.5000009536743
e0biso3r,d5d6de2d,1385.6499998569489
f1ejz9fy,d5d6de2d,880.3000000119209
vpxztp7b,d5d6de2d,1429.5
tc5wgx8h,d5d6de2d,1491.8500000089407
8bgj1tsd,d5d6de2d,886.75
jeq3oy2g,d5d6de2d,366.0
mrypomny,d5d6de2d,337.0
rjanlii9,d5d6de2d,1692.3999999761581
c7ac53of,d5d6de2d,584.2000002861023
zc26r1al,d5d6de2d,242.05000007152557
648anokh,d5d6de2d,1063.0
cw4tyx7n,d5d6de2d,1247.1500000059605
g7svteiz,d5d6de2d,799.5999999046326
c2lwacqc,d5d6de2d,1564.5
yc52i3qf,d5d6de2d,689.8000000119209
fgxp8fzz,d5d6de2d,1108.25
189iqcds,d5d6de2d,1812.2999999988824
hd5k29qy,d5d6de2d,2119.39999999851
72p6pxny,d5d6de2d,1144.7000000476837
rhbgnqhz,d5d6de2d,1087.8499999940395
ldo5smvx,d5d6de2d,2223.0999999046326
qu0lm98m,d5d6de2d,908.25
jayyv6lz,d5d6de2d,1081.0
yfyhejim,d5d6de2d,2974.25
2tkm21z6,d5d6de2d,387.0
ei0ij8ms,d5d6de2d,1174.0
b73rrttr,d5d6de2d,375.95000000018626
idma9086,d5d6de2d,1326.5000000298023
r99uy0qb,d5d6de2d,1451.0
kavvl57w,d5d6de2d,1105.0999999940395
yebzokh4,d5d6de2d,688.0
x5id5i5q,d5d6de2d,1037.5
8oohxrrz,d5d6de2d,1280.75
qfiy90jx,d5d6de2d,1193.0
c9sps7bl,d5d6de2d,1959.449999988079
o2ho0580,d5d6de2d,414.90000009536743
bx44xwzb,d5d6de2d,669.7000000029802
g3vslpjv,d5d6de2d,1790.449999999255
xji13cu2,d5d6de2d,1183.8499999940395
jqeesfz7,d5d6de2d,229.60000000149012
8psac9uo,d5d6de2d,1137.1999998092651
nx0vccp8,d5d6de2d,539.6999999284744
kck1uue7,d5d6de2d,1151.7999999523165
9pjr0waw,d5d6de2d,1330.199999999255
ascil7wf,d5d6de2d,1131.8000000044703
l0nln4b2,d5d6de2d,1989.3000000119207
aypxap78,d5d6de2d,826.7999999821186
8y2nd2sh,d5d6de2d,1510.5999999642372
qif0sa3r,d5d6de2d,236.65000000037253
z8b26ynw,d5d6de2d,912.0
zelqv7az,d5d6de2d,1157.449999988079
cfclud8z,d5d6de2d,1411.0
jx6lhkbi,d5d6de2d,2660.0499999523163
sp00glmz,d5d6de2d,334.0
1qt2f29y,d5d6de2d,316.6729999994859
clhkwrie,d5d6de2d,3657.10000000149
mpzcivx9,d5d6de2d,1349.9000000003725
9evwb372,d5d6de2d,3484.0
2ke9hbes,d5d6de2d,431.0
23iyreiv,d5d6de2d,1128.300000190735
k0qq522n,d5d6de2d,10898.799999999814
cbvc5e3w,d5d6de2d,269.39999985694885
2anyuqd8,d5d6de2d,650.0
1r6yodve,d5d6de2d,688.0
w12e497z,d5d6de2d,2791.75
9ohxtpht,d5d6de2d,1127.4000000022352
hkj9daz7,d5d6de2d,1372.4000000022352
zfeorjum,d5d6de2d,1071.5
8d21w3yr,d5d6de2d,364.0
fl73adm5,d5d6de2d,912.7000000476836
4j6cy1mk,d5d6de2d,859.1000000238419
oxvw1rhx,d5d6de2d,341.90000000037253
318gokyy,d5d6de2d,648.5500000715256
m63pxnwq,d5d6de2d,1251.25
onnumbyy,d5d6de2d,1507.0
nfbzvhip,d5d6de2d,360.40000009536743
4wx63ymf,d5d6de2d,3074.5499999998137
ler5uq42,d5d6de2d,651.0
nldu5ge3,d5d6de2d,1192.6000000014901
t3l0if03,d5d6de2d,736.0
pcrxo3zp,d5d6de2d,514.7000002861023
kkeej6x5,d5d6de2d,1428.2999999970198
f5ktzt2t,d5d6de2d,824.700000166893
bcyhma9y,d5d6de2d,447.40000000596046
nqubyvew,d5d6de2d,849.9500000029802
2w766g1z,d5d6de2d,1375.25
mr7lkk46,d5d6de2d,1850.5
vbwguazj,d5d6de2d,367.8999999985099
7agy8y3l,d5d6de2d,408.1999999284744
o1t1fb7j,d5d6de2d,977.6999999880792
om1m73rv,d5d6de2d,759.2000000476837
8yhijukj,d5d6de2d,1145.199999988079
50nsp39w,d5d6de2d,914.9000000953674
mhskzwic,d5d6de2d,602.0
p445h6ow,d5d6de2d,1474.0
8jwr3j6t,d5d6de2d,612.9000000953674
z3die4q3,d5d6de2d,839.5
xklnx39q,d5d6de2d,1848.550000011921
pz38obzd,d5d6de2d,556.0
nrfiw9bx,d5d6de2d,1445.0
phbjwkyw,93b581b8,293.55000001192093
szbhlpfr,93b581b8,371.19999999552965
89u58v07,93b581b8,416.5
4s3cm7d8,93b581b8,403.5
hsm45iwx,93b581b8,3131.9000000059605
sn10zd6g,93b581b8,3807.900000095367
qkiu92kk,93b581b8,313.0499999821186
44o5xnxe,93b581b8,2963.0
qfsp3ery,93b581b8,565.25
q04yitea,93b581b8,3247.850000023842
02333qfj,93b581b8,3119.100000023842
y32zaw9c,93b581b8,668.5
cuybsfwr,93b581b8,1564.6000000014901
0ra11hiv,93b581b8,1754.6999988555908
hpl7jugr,93b581b8,1928.0
r2ck84r8,93b581b8,2901.75
nze0azo1,93b581b8,2153.399999976158
ovhoesyy,93b581b8,3242.0
ske58akk,93b581b8,3757.5999999940395
3cc6zm51,93b581b8,714.0999999642372
r24jdhzg,93b581b8,622.3000000007451
zvbewhqx,93b581b8,521.9000000953674
0hrc9vve,93b581b8,2790.3999996185303
ism64anu,93b581b8,3278.600000023842
plfupad7,93b581b8,693.7999999998137
qazkn1sw,93b581b8,606.0
8aknstxj,93b581b8,4288.299999952316
c7z6erey,93b581b8,2576.9999999701977
byx9jkxm,93b581b8,540.5
j2pjmr32,93b581b8,2876.5
bmlngyh3,93b581b8,351.89999985694885
y8mzyzjc,93b581b8,413.4499999284744
cghxa2ie,93b581b8,2872.5
clucow7d,93b581b8,3010.1499999910593
5nrjvc7q,93b581b8,1442.5499999970198
ol9lky1i,93b581b8,2280.100000023842
o5qropwk,93b581b8,410.0
61zahdh9,93b581b8,239.55000004172325
pad0sufd,93b581b8,2234.4000000003725
emwp6wq7,93b581b8,549.3999999761581
npr5bsi2,93b581b8,1752.2000000476837
154uk6vm,93b581b8,2627.5999999940395
ym49wqbn,93b581b8,3356.0
cp3b83py,93b581b8,1736.699999988079
91fk0af9,93b581b8,390.25
qothvfhf,93b581b8,533.1999999880791
fkx2gd88,93b581b8,4050.9000000059605
27d8totr,93b581b8,949.9000000022352
kmwiem6m,93b581b8,2176.9999999403954
d33m799j,93b581b8,1357.5
ikfbpugl,93b581b8,2197.7499999701977
bdfn1h0o,93b581b8,5915.199999809265
dmft9d3y,93b581b8,2132.0
6e5gb0yb,93b581b8,1652.7000000476835
icf7bchs,93b581b8,908.0
bhpug29p,93b581b8,489.69999999995343
aqmjput5,93b581b8,2028.0
f1ejz9fy,93b581b8,1523.199999988079
vpxztp7b,93b581b8,1355.5
a9gvtd1o,93b581b8,619.7000007629395
e0biso3r,93b581b8,774.4000000953674
41kp06jx,93b581b8,389.1499999994412
a0w1xgxf,93b581b8,1183.0
lmtka1ev,93b581b8,2259.0
6eyovdd2,93b581b8,1591.4000000953674
a6jpzpek,93b581b8,1396.75
648anokh,93b581b8,2313.849999964237
jeq3oy2g,93b581b8,5526.0
mrypomny,93b581b8,352.0
rjanlii9,93b581b8,1828.299999952316
c7ac53of,93b581b8,3751.0499999523163
tc5wgx8h,93b581b8,1692.8499999940395
8bgj1tsd,93b581b8,1468.100000143051
nhds6zsd,93b581b8,601.0
vr20hyge,93b581b8,829.0
4stfwpke,93b581b8,2279.300000000745
xasfvnb7,93b581b8,479.60000014305115
ce9qdbyh,93b581b8,265.25
j2dvablb,93b581b8,261.84999999962747
904h81sn,93b581b8,395.94999998807907
eyn3wygc,93b581b8,543.4000000059605
ni5df01j,93b581b8,280.5500000715256
ew4oecfi,93b581b8,2666.5
mrwlcmno,93b581b8,401.0
s03ed531,93b581b8,673.9999999999854
2j8p9vyz,93b581b8,2438.0
6p8vl3lk,93b581b8,2601.0
wcau806y,93b581b8,590.5
o4kkkuj9,93b581b8,308.0
k8txaw58,93b581b8,1907.5999999046328
mlvcv31l,93b581b8,3646.0
d1vjrjhc,93b581b8,1911.8999999985099
a589fsqz,93b581b8,326.40000000596046
qv0yh587,93b581b8,624.0
t2eyvuxq,93b581b8,390.6500000357628
1xogp17t,93b581b8,266.14999997615814
uktb326q,93b581b8,2760.0
bw2cwy0m,93b581b8,697.9500000001863
kwy2bqjo,93b581b8,434.8499999642372
cdo2cmtp,93b581b8,247.54999999981374
zj5uemkt,93b581b8,757.7999999523163
4s9g1cze,93b581b8,1344.6499999761581
3irnkhq8,93b581b8,2112.399999976158
ljwskxcq,93b581b8,1701.7000000476837
l5sagbsh,93b581b8,381.0
v6jvgdvg,93b581b8,2938.849999904633
8psac9uo,93b581b8,759.5
nx0vccp8,93b581b8,1197.8000000119207
kck1uue7,93b581b8,451.0
xji13cu2,93b581b8,551.75
jqeesfz7,93b581b8,245.2999999988824
8y2nd2sh,93b581b8,4331.700000017881
l0nln4b2,93b581b8,579.5499999821186
aypxap78,93b581b8,296.19999998807907
ascil7wf,93b581b8,634.8999999985099
yebzokh4,93b581b8,572.0
kavvl57w,93b581b8,3365.75
idma9086,93b581b8,3837.850000023842
r99uy0qb,93b581b8,437.0
b73rrttr,93b581b8,1159.8499999996275
7nszfy43,93b581b8,817.0
2d8q4qkc,93b581b8,2555.5
g3vslpjv,93b581b8,910.1499999985099
c9sps7bl,93b581b8,3701.449999988079
bx44xwzb,93b581b8,732.1999999992549
o2ho0580,93b581b8,1726.0499997138977
8oohxrrz,93b581b8,3310.899999976158
qfiy90jx,93b581b8,541.6000000238419
jayyv6lz,93b581b8,548.0
qu0lm98m,93b581b8,1932.5999999940395
ldo5smvx,93b581b8,2766.699999809265
ei0ij8ms,93b581b8,1935.0
0yfthc4y,93b581b8,370.1000000089407
2tkm21z6,93b581b8,1130.0
yfyhejim,93b581b8,1740.6000001430511
cw4tyx7n,93b581b8,1199.4000000059605
g7svteiz,93b581b8,521.2000000476837
c2lwacqc,93b581b8,328.84999999403954
hd5k29qy,93b581b8,350.1000000014901
72p6pxny,93b581b8,2769.7000000476837
rhbgnqhz,93b581b8,681.5
mzi8f2hv,93b581b8,2206.5999999996275
189iqcds,93b581b8,6325.200000001118
fgxp8fzz,93b581b8,3488.649999856949
p445h6ow,93b581b8,3128.0
8jwr3j6t,93b581b8,2513.5
z3die4q3,93b581b8,3548.0
8yhijukj,93b581b8,1903.449999988079
50nsp39w,93b581b8,403.2999999523163
mhskzwic,93b581b8,2524.0
vbwguazj,93b581b8,504.0
7agy8y3l,93b581b8,662.9000000953674
o1t1fb7j,93b581b8,5333.100000008941
om1m73rv,93b581b8,2072.099999904633
nrfiw9bx,93b581b8,2857.8499999046326
pz38obzd,93b581b8,498.60000002384186
xklnx39q,93b581b8,4236.700000047684
nldu5ge3,93b581b8,2735.0499999970198
t3l0if03,93b581b8,2713.5
nfbzvhip,93b581b8,469.0499999523163
4wx63ymf,93b581b8,2708.5499999998137
ler5uq42,93b581b8,1483.5
m63pxnwq,93b581b8,332.75
2w766g1z,93b581b8,2697.2000000476837
mr7lkk46,93b581b8,776.2500000596046
nqubyvew,93b581b8,2029.199999988079
bcyhma9y,93b581b8,321.0
pcrxo3zp,93b581b8,472.69999980926514
f5ktzt2t,93b581b8,1963.6499999761581
kkeej6x5,93b581b8,2048.300000000745
hkj9daz7,93b581b8,3656.199999999255
zfeorjum,93b581b8,547.0
w12e497z,93b581b8,2701.60000000149
9ohxtpht,93b581b8,371.75
0wk7vjg8,93b581b8,10268.0
cbvc5e3w,93b581b8,222.70000004768372
k0qq522n,93b581b8,1780.2000000001863
1r6yodve,93b581b8,754.9999999995343
wa9xd98o,93b581b8,4578.0
4j6cy1mk,93b581b8,1616.1500000357628
oxvw1rhx,93b581b8,340.34999999962747
318gokyy,93b581b8,312.10000002384186
8d21w3yr,93b581b8,497.5
jx6lhkbi,93b581b8,575.8999999761581
cfclud8z,93b581b8,746.3999999985099
z8b26ynw,93b581b8,1236.0
zelqv7az,93b581b8,2104.0
ya0wv6pm,93b581b8,851.0
9evwb372,93b581b8,2100.0
1qt2f29y,93b581b8,1658.3665000000037
clhkwrie,93b581b8,395.90000000596046
mpzcivx9,93b581b8,2678.699999999255
sp00glmz,93b581b8,1790.3499999977648
yfyhejim,5c0a986e,1526.9500000476837
ei0ij8ms,5c0a986e,1057.0
0yfthc4y,5c0a986e,416.09999999403954
2tkm21z6,5c0a986e,465.5
ldo5smvx,5c0a986e,975.0
qu0lm98m,5c0a986e,424.0
jayyv6lz,5c0a986e,646.5
mzi8f2hv,5c0a986e,320.69999999925494
189iqcds,5c0a986e,888.5
fgxp8fzz,5c0a986e,435.4500000476837
xgvto4mg,5c0a986e,890.6500000003725
hd5k29qy,5c0a986e,492.19999999552965
72p6pxny,5c0a986e,420.4500000476837
rhbgnqhz,5c0a986e,994.9000000059607
gkse9wdn,5c0a986e,1626.0000000009313
cw4tyx7n,5c0a986e,1093.3999999910593
g7svteiz,5c0a986e,577.7999999523163
c2lwacqc,5c0a986e,1678.4000000059605
l0nln4b2,5c0a986e,593.4999999701977
aypxap78,5c0a986e,367.60000002384186
ascil7wf,5c0a986e,794.2999999970198
qif0sa3r,5c0a986e,359.19999999925494
8y2nd2sh,5c0a986e,1449.1499999761581
xji13cu2,5c0a986e,648.5
jqeesfz7,5c0a986e,439.55000000074506
9pjr0waw,5c0a986e,589.6500000003725
8psac9uo,5c0a986e,1006.5499999523164
nx0vccp8,5c0a986e,988.3500000238417
kck1uue7,5c0a986e,910.5999999046326
8oohxrrz,5c0a986e,1539.5999999642372
qfiy90jx,5c0a986e,1585.9000000953674
x5id5i5q,5c0a986e,2277.5
g3vslpjv,5c0a986e,833.0500000007451
c9sps7bl,5c0a986e,917.7999999821185
o2ho0580,5c0a986e,597.3500003814697
bx44xwzb,5c0a986e,855.6000000014901
idma9086,5c0a986e,544.8499999642372
b73rrttr,5c0a986e,1904.9500000001863
7nszfy43,5c0a986e,2023.5
yebzokh4,5c0a986e,952.0500000007452
kavvl57w,5c0a986e,925.4500000029802
fl73adm5,5c0a986e,425.0
oxvw1rhx,5c0a986e,1206.3499999996275
318gokyy,5c0a986e,336.35000002384186
8d21w3yr,5c0a986e,1037.5
0wk7vjg8,5c0a986e,917.5
k0qq522n,5c0a986e,1972.0
1r6yodve,5c0a986e,1565.0
zfeorjum,5c0a986e,575.5
hkj9daz7,5c0a986e,801.75
w12e497z,5c0a986e,5100.049999989569
9ohxtpht,5c0a986e,464.25
clhkwrie,5c0a986e,511.20000000298023
1qt2f29y,5c0a986e,466.67599999997765
mpzcivx9,5c0a986e,1010.7000000001864
sp00glmz,5c0a986e,3011.300000000745
ya0wv6pm,5c0a986e,1227.0
9evwb372,5c0a986e,533.5
cfclud8z,5c0a986e,820.9000000003725
z8b26ynw,5c0a986e,399.5
zelqv7az,5c0a986e,512.1499999165535
jx6lhkbi,5c0a986e,488.14999997615814
xklnx39q,5c0a986e,598.1000000238419
pz38obzd,5c0a986e,550.8999999761581
nrfiw9bx,5c0a986e,494.05000019073486
vbwguazj,5c0a986e,448.1499999985099
7agy8y3l,5c0a986e,515.3499999642372
o1t1fb7j,5c0a986e,1697.8499999940395
om1m73rv,5c0a986e,338.5999999642372
p445h6ow,5c0a986e,559.5
8jwr3j6t,5c0a986e,311.5
z3die4q3,5c0a986e,462.5
8yhijukj,5c0a986e,553.5
50nsp39w,5c0a986e,1919.7500000000002
mhskzwic,5c0a986e,406.5
bcyhma9y,5c0a986e,2106.8500000089407
pcrxo3zp,5c0a986e,1335.1500000953677
kkeej6x5,5c0a986e,668.0500000007451
2w766g1z,5c0a986e,388.55000001192093
5vv1rrzw,5c0a986e,1256.7999999523163
nqubyvew,5c0a986e,637.8000000119209
onnumbyy,5c0a986e,1173.0
m63pxnwq,5c0a986e,1025.8500000238419
nldu5ge3,5c0a986e,365.3999999985099
t3l0if03,5c0a986e,325.40000000596046
nfbzvhip,5c0a986e,1298.6500000953674
4wx63ymf,5c0a986e,463.70000000018626
ler5uq42,5c0a986e,668.0
pad0sufd,5c0a986e,1044.5
emwp6wq7,5c0a986e,520.1000000238419
npr5bsi2,5c0a986e,485.0
ym49wqbn,5c0a986e,425.0999999642372
154uk6vm,5c0a986e,574.7999999970198
xeu3j3ki,5c0a986e,940.5
5nrjvc7q,5c0a986e,576.5999999940395
o5qropwk,5c0a986e,440.5
5hz183aa,5c0a986e,2326.0
61zahdh9,5c0a986e,850.9000000059605
bmlngyh3,5c0a986e,472.25
3d2as981,5c0a986e,959.5
cghxa2ie,5c0a986e,856.8499999996275
clucow7d,5c0a986e,1277.800000011921
74l1qvc1,5c0a986e,3286.699999999255
byx9jkxm,5c0a986e,456.0
j2pjmr32,5c0a986e,798.0
icf7bchs,5c0a986e,460.0
bhpug29p,5c0a986e,599.8500000000931
f5ohsl5h,5c0a986e,204.0
l9krayds,5c0a986e,1359.2999999523165
aqmjput5,5c0a986e,395.5
bdfn1h0o,5c0a986e,1080.0500000715256
dmft9d3y,5c0a986e,569.25
pgtp756s,5c0a986e,440.90000000596046
6e5gb0yb,5c0a986e,367.39999997615814
kmwiem6m,5c0a986e,327.0
d33m799j,5c0a986e,2077.5499999523163
ikfbpugl,5c0a986e,396.55000001192093
cp3b83py,5c0a986e,537.0500000119209
qothvfhf,5c0a986e,585.25
91fk0af9,5c0a986e,1190.4000000357628
27d8totr,5c0a986e,1025.5499999970198
y32zaw9c,5c0a986e,1381.0
cuybsfwr,5c0a986e,919.85000000149
0ra11hiv,5c0a986e,1729.8999996185305
qkiu92kk,5c0a986e,987.6499999910593
44o5xnxe,5c0a986e,309.5
qfsp3ery,5c0a986e,627.5
q04yitea,5c0a986e,576.8500000238419
02333qfj,5c0a986e,420.3000000715256
e2w81k0i,5c0a986e,1655.5
4s3cm7d8,5c0a986e,1796.0
hsm45iwx,5c0a986e,704.0999999940395
sn10zd6g,5c0a986e,832.7999999523163
phbjwkyw,5c0a986e,268.05000001192093
szbhlpfr,5c0a986e,489.25
89u58v07,5c0a986e,529.9000000003725
095bdwyc,5c0a986e,1071.9999999962747
f0wpo2hr,5c0a986e,412.0
qazkn1sw,5c0a986e,475.0
c7z6erey,5c0a986e,315.30000001192093
8aknstxj,5c0a986e,694.6999999284744
zvbewhqx,5c0a986e,839.8999999761581
0hrc9vve,5c0a986e,462.05000019073486
ism64anu,5c0a986e,616.4500000476837
plfupad7,5c0a986e,1999.949999999255
ovhoesyy,5c0a986e,484.5
ske58akk,5c0a986e,644.1999999880791
3cc6zm51,5c0a986e,850.8999999761581
stbyxpx6,5c0a986e,428.44999998807907
r24jdhzg,5c0a986e,1055.75
hpl7jugr,5c0a986e,317.5
r2ck84r8,5c0a986e,572.6999999284744
nze0azo1,5c0a986e,499.25
qv0yh587,5c0a986e,1776.5
t2eyvuxq,5c0a986e,597.8500000238419
1xogp17t,5c0a986e,101.19999980926514
k8txaw58,5c0a986e,588.6000000238419
o4kkkuj9,5c0a986e,720.8499999996275
mlvcv31l,5c0a986e,482.3500000014901
d1vjrjhc,5c0a986e,400.75
7o2tmcr2,5c0a986e,970.2499999850988
a589fsqz,5c0a986e,360.69999998807907
s03ed531,5c0a986e,733.5000000004657
2j8p9vyz,5c0a986e,1008.0
wcau806y,5c0a986e,1629.5
eyn3wygc,5c0a986e,548.7500000149012
ni5df01j,5c0a986e,632.3500000238419
ew4oecfi,5c0a986e,679.7999997138977
08vqizpx,5c0a986e,625.5
mrwlcmno,5c0a986e,462.0
4s9g1cze,5c0a986e,394.84999999403954
3irnkhq8,5c0a986e,545.9000000059605
ljwskxcq,5c0a986e,355.05000019073486
v6jvgdvg,5c0a986e,840.4999997615814
l5sagbsh,5c0a986e,497.5
zj5uemkt,5c0a986e,952.1999999880791
uktb326q,5c0a986e,1826.0
bw2cwy0m,5c0a986e,409.94999999925494
kwy2bqjo,5c0a986e,649.75
jeq3oy2g,5c0a986e,626.5
mrypomny,5c0a986e,480.0
rjanlii9,5c0a986e,913.25
c7ac53of,5c0a986e,5474.400000095367
8bgj1tsd,5c0a986e,556.0
tc5wgx8h,5c0a986e,477.34999999403954
648anokh,5c0a986e,548.4500000476837
qqqzakmg,5c0a986e,1563.100000023842
a0w1xgxf,5c0a986e,986.0
41kp06jx,5c0a986e,469.04999999981374
a6jpzpek,5c0a986e,3126.800000000745
6eyovdd2,5c0a986e,787.9999999999999
f1ejz9fy,5c0a986e,562.9499999880791
vpxztp7b,5c0a986e,1136.0
e0biso3r,5c0a986e,719.7000000476837
ce9qdbyh,5c0a986e,341.25
904h81sn,5c0a986e,427.79999999701977
so5k1adg,5c0a986e,288.75
4stfwpke,5c0a986e,351.0500000026077
nhds6zsd,5c0a986e,735.5
vr20hyge,5c0a986e,1002.5
xji13cu2,1f876c06,459.89999997615814
jqeesfz7,1f876c06,415.0499999988824
8psac9uo,1f876c06,948.0999999046326
nx0vccp8,1f876c06,950.1000000238419
kck1uue7,1f876c06,1010.7000000476836
9pjr0waw,1f876c06,609.9499999992549
ascil7wf,1f876c06,960.8500000014901
l0nln4b2,1f876c06,771.3500000238419
aypxap78,1f876c06,396.09999999403954
8y2nd2sh,1f876c06,684.0499999821186
b73rrttr,1f876c06,419.79999999981374
7nszfy43,1f876c06,772.5
idma9086,1f876c06,547.5500000119209
r99uy0qb,1f876c06,780.0
kavvl57w,1f876c06,1052.2999999970198
yebzokh4,1f876c06,684.0500000007451
x5id5i5q,1f876c06,704.0
qfiy90jx,1f876c06,691.8500000238419
c9sps7bl,1f876c06,1831.800000011921
bx44xwzb,1f876c06,999.6999999955297
o2ho0580,1f876c06,472.1000003814697
2d8q4qkc,1f876c06,331.0
g3vslpjv,1f876c06,1113.0
ldo5smvx,1f876c06,729.1499996185303
jayyv6lz,1f876c06,1006.0
qu0lm98m,1f876c06,587.75
yfyhejim,1f876c06,648.3500001430511
9wkeb5tu,1f876c06,433.39999997615814
2tkm21z6,1f876c06,667.0
ei0ij8ms,1f876c06,646.0
0yfthc4y,1f876c06,520.5
cw4tyx7n,1f876c06,1857.199999988079
g7svteiz,1f876c06,652.1500000953674
c2lwacqc,1f876c06,856.8000000119209
xgvto4mg,1f876c06,652.6499999985099
mzi8f2hv,1f876c06,350.34999999962747
189iqcds,1f876c06,845.3000000007451
gkse9wdn,1f876c06,985.0
hd5k29qy,1f876c06,700.4000000059605
72p6pxny,1f876c06,479.89999997615814
rhbgnqhz,1f876c06,886.6499999761581
vbwguazj,1f876c06,634.4499999992549
7agy8y3l,1f876c06,576.1999999880791
om1m73rv,1f876c06,359.69999998807907
8yhijukj,1f876c06,613.6999999880791
50nsp39w,1f876c06,700.7000000476837
mhskzwic,1f876c06,587.5
8jwr3j6t,1f876c06,363.2999999523163
z3die4q3,1f876c06,372.5
pz38obzd,1f876c06,537.9499999880791
xklnx39q,1f876c06,673.5999999642372
nrfiw9bx,1f876c06,635.1999998092651
m63pxnwq,1f876c06,517.8999999761581
onnumbyy,1f876c06,1186.0
nfbzvhip,1f876c06,418.34999990463257
4wx63ymf,1f876c06,554.0500000007451
ler5uq42,1f876c06,950.0
nldu5ge3,1f876c06,403.6000000014901
t3l0if03,1f876c06,339.6500000357628
pcrxo3zp,1f876c06,569.5499999523163
f5ktzt2t,1f876c06,394.40000009536743
kkeej6x5,1f876c06,1356.0
nqubyvew,1f876c06,591.5499999970198
2w766g1z,1f876c06,403.6500000357628
mr7lkk46,1f876c06,780.75
cbvc5e3w,1f876c06,699.3500000238419
k0qq522n,1f876c06,890.6000000005588
2anyuqd8,1f876c06,835.5
1r6yodve,1f876c06,2804.5000000001164
w12e497z,1f876c06,4332.75
9ohxtpht,1f876c06,399.80000000074506
zfeorjum,1f876c06,625.0
hkj9daz7,1f876c06,1671.449999999255
8d21w3yr,1f876c06,1124.5
4j6cy1mk,1f876c06,393.3499999642372
oxvw1rhx,1f876c06,1059.4000000003723
318gokyy,1f876c06,452.3000000715256
z8b26ynw,1f876c06,366.0
zelqv7az,1f876c06,380.2000000476837
cfclud8z,1f876c06,811.0499999998137
jx6lhkbi,1f876c06,467.9500000476837
sp00glmz,1f876c06,763.7000000029802
clhkwrie,1f876c06,581.3500000014901
1qt2f29y,1f876c06,850.0169999990612
mpzcivx9,1f876c06,470.15000000037253
ya0wv6pm,1f876c06,457.0
9evwb372,1f876c06,634.5
2ke9hbes,1f876c06,546.5
23iyreiv,1f876c06,829.9999995231628
sn10zd6g,1f876c06,537.0
e2w81k0i,1f876c06,439.80000001192093
4s3cm7d8,1f876c06,748.5
hsm45iwx,1f876c06,675.7999999970198
89u58v07,1f876c06,672.3499999996275
phbjwkyw,1f876c06,524.9499999880791
szbhlpfr,1f876c06,540.0
cuybsfwr,1f876c06,691.3999999985099
0ra11hiv,1f876c06,669.8999996185303
y32zaw9c,1f876c06,544.5
qfsp3ery,1f876c06,599.75
q04yitea,1f876c06,696.0500000119209
02333qfj,1f876c06,571.8499999046326
qkiu92kk,1f876c06,514.9500000029802
44o5xnxe,1f876c06,381.5
stbyxpx6,1f876c06,487.65000000596046
r24jdhzg,1f876c06,500.30000000074506
ovhoesyy,1f876c06,564.0
ske58akk,1f876c06,557.7500000298023
3cc6zm51,1f876c06,509.3499999642372
hpl7jugr,1f876c06,451.5
r2ck84r8,1f876c06,588.3999999761581
nze0azo1,1f876c06,517.3500000238419
c7z6erey,1f876c06,377.90000000596046
8aknstxj,1f876c06,693.4499999880791
f0wpo2hr,1f876c06,583.5
qazkn1sw,1f876c06,690.0
ism64anu,1f876c06,655.6999999880791
zvbewhqx,1f876c06,584.25
0hrc9vve,1f876c06,1053.0
3d2as981,1f876c06,1060.1500000357628
cghxa2ie,1f876c06,745.0999999996275
bmlngyh3,1f876c06,451.0
j2pjmr32,1f876c06,2252.5
byx9jkxm,1f876c06,560.0
npr5bsi2,1f876c06,608.9499999284744
ym49wqbn,1f876c06,508.40000009536743
154uk6vm,1f876c06,515.1500000059605
xeu3j3ki,1f876c06,719.0
pad0sufd,1f876c06,550.1500000003725
emwp6wq7,1f876c06,635.8500000238419
5hz183aa,1f876c06,2527.5
61zahdh9,1f876c06,696.4000000357628
5nrjvc7q,1f876c06,823.75
ol9lky1i,1f876c06,530.1999998092651
o5qropwk,1f876c06,430.0
d33m799j,1f876c06,280.0
ikfbpugl,1f876c06,638.3000000417233
5pds9j1d,1f876c06,574.4500000029802
kmwiem6m,1f876c06,303.6500000357628
qothvfhf,1f876c06,585.9500000178814
fkx2gd88,1f876c06,732.4500000178814
27d8totr,1f876c06,907.75
cp3b83py,1f876c06,349.0
nvlsix5c,1f876c06,1183.0
l9krayds,1f876c06,691.25
pgtp756s,1f876c06,785.5
6e5gb0yb,1f876c06,391.6999999284744
bdfn1h0o,1f876c06,547.0499999523163
dmft9d3y,1f876c06,617.5500000119209
a6jpzpek,1f876c06,625.4500000001863
6eyovdd2,1f876c06,363.94999998807907
a0w1xgxf,1f876c06,801.5
41kp06jx,1f876c06,524.9500000001863
lmtka1ev,1f876c06,337.0
a9gvtd1o,1f876c06,603.5500011444092
e0biso3r,1f876c06,605.4000000953674
f1ejz9fy,1f876c06,550.5500000119209
vpxztp7b,1f876c06,783.0
tc5wgx8h,1f876c06,673.25
jeq3oy2g,1f876c06,1153.0
mrypomny,1f876c06,443.5
rjanlii9,1f876c06,991.3500000238419
c7ac53of,1f876c06,4157.700000286102
zc26r1al,1f876c06,470.4499999284744
648anokh,1f876c06,651.1500000357628
4stfwpke,1f876c06,673.2999999988824
nhds6zsd,1f876c06,605.0
vr20hyge,1f876c06,891.5
j2dvablb,1f876c06,395.0
904h81sn,1f876c06,416.34999999403954
so5k1adg,1f876c06,500.6499999994412
03ljcqhc,1f876c06,473.7499999925494
ce9qdbyh,1f876c06,391.0999999642372
sesf1qnx,1f876c06,832.2000000029802
xasfvnb7,1f876c06,926.9000000953674
wcau806y,1f876c06,911.0
s03ed531,1f876c06,665.9999999990687
6p8vl3lk,1f876c06,593.0
2j8p9vyz,1f876c06,896.0
ew4oecfi,1f876c06,616.5
08vqizpx,1f876c06,1008.0
mrwlcmno,1f876c06,609.5
eyn3wygc,1f876c06,940.2999999821186
ni5df01j,1f876c06,498.6999999284744
qv0yh587,1f876c06,707.5
t2eyvuxq,1f876c06,1008.7000000476836
a589fsqz,1f876c06,407.90000000596046
o4kkkuj9,1f876c06,763.4000000003725
mlvcv31l,1f876c06,551.0500000044703
d1vjrjhc,1f876c06,580.0499999970198
bw2cwy0m,1f876c06,606.6500000003725
kwy2bqjo,1f876c06,556.8499999642372
uktb326q,1f876c06,525.0
4s9g1cze,1f876c06,281.40000000596046
3irnkhq8,1f876c06,719.0
ljwskxcq,1f876c06,369.59999990463257
v6jvgdvg,1f876c06,687.1499998569489
l5sagbsh,1f876c06,404.5
zj5uemkt,1f876c06,650.5500000119209
vpxztp7b,74dd1130,1311.0
f1ejz9fy,74dd1130,429.5
e0biso3r,74dd1130,2039.3000001907349
a9gvtd1o,74dd1130,739.1000003814697
lmtka1ev,74dd1130,1362.5
a0w1xgxf,74dd1130,2215.0
41kp06jx,74dd1130,871.3500000005588
a6jpzpek,74dd1130,2486.550000000745
6eyovdd2,74dd1130,1039.7000000476835
qqqzakmg,74dd1130,2039.9000000357628
648anokh,74dd1130,573.0500000119209
zc26r1al,74dd1130,455.7999999523163
c7ac53of,74dd1130,1034.5
rjanlii9,74dd1130,1505.6000001430511
mrypomny,74dd1130,1314.0
jeq3oy2g,74dd1130,1314.0
vr20hyge,74dd1130,2658.0
nhds6zsd,74dd1130,586.0
4stfwpke,74dd1130,1502.6500000003725
sesf1qnx,74dd1130,1895.14999999851
904h81sn,74dd1130,1268.2999999970198
j2dvablb,74dd1130,1408.800000000745
eyn3wygc,74dd1130,1242.75
ni5df01j,74dd1130,2956.1999999284744
ew4oecfi,74dd1130,2533.1000003814697
2j8p9vyz,74dd1130,3336.0
wcau806y,74dd1130,3294.0
d1vjrjhc,74dd1130,401.15000000596046
o4kkkuj9,74dd1130,363.9000000003726
k8txaw58,74dd1130,2154.399999976158
mlvcv31l,74dd1130,4276.0
a589fsqz,74dd1130,406.90000000596046
7o2tmcr2,74dd1130,3455.7999999821186
t2eyvuxq,74dd1130,3240.099999964237
qv0yh587,74dd1130,2713.0
uktb326q,74dd1130,2099.0
bw2cwy0m,74dd1130,1055.7000000001863
cdo2cmtp,74dd1130,1221.7999999988824
zj5uemkt,74dd1130,6299.550000011921
ljwskxcq,74dd1130,1190.9000000953674
l5sagbsh,74dd1130,1992.0
v6jvgdvg,74dd1130,1959.6999998092651
3irnkhq8,74dd1130,1588.800000011921
szbhlpfr,74dd1130,1964.0
phbjwkyw,74dd1130,1182.8500000238419
89u58v07,74dd1130,1402.0499999998137
hsm45iwx,74dd1130,1731.800000011921
4s3cm7d8,74dd1130,1643.5
e2w81k0i,74dd1130,1932.3999999761581
sn10zd6g,74dd1130,1413.5999999046326
44o5xnxe,74dd1130,1949.0
q04yitea,74dd1130,639.7999999523163
qfsp3ery,74dd1130,592.2000000476837
y32zaw9c,74dd1130,565.0
r2ck84r8,74dd1130,1300.5
nze0azo1,74dd1130,1798.3999999761581
hpl7jugr,74dd1130,3427.5
3cc6zm51,74dd1130,2730.2500000000005
ovhoesyy,74dd1130,406.0
ske58akk,74dd1130,2790.5
r24jdhzg,74dd1130,2008.300000000745
0hrc9vve,74dd1130,1420.0
zvbewhqx,74dd1130,1463.9000000357628
plfupad7,74dd1130,831.5
ism64anu,74dd1130,1957.1999999284744
n2et79bd,74dd1130,6695.1500000003725
qazkn1sw,74dd1130,576.0
f0wpo2hr,74dd1130,3148.0
c7z6erey,74dd1130,2105.900000035763
8aknstxj,74dd1130,2514.5
byx9jkxm,74dd1130,1526.0
74l1qvc1,74dd1130,1396.39999999851
bmlngyh3,74dd1130,696.3999999761581
clucow7d,74dd1130,762.7000000178814
cghxa2ie,74dd1130,7196.700000001118
3d2as981,74dd1130,1547.5
o5qropwk,74dd1130,1307.0
5nrjvc7q,74dd1130,641.4000000059605
61zahdh9,74dd1130,1322.7999999821186
5hz183aa,74dd1130,820.0
emwp6wq7,74dd1130,2370.0499999523163
pad0sufd,74dd1130,409.40000000037253
ym49wqbn,74dd1130,296.74999994039536
154uk6vm,74dd1130,634.0999999940395
npr5bsi2,74dd1130,2526.25
cp3b83py,74dd1130,2146.6500000059605
fkx2gd88,74dd1130,2888.100000023842
27d8totr,74dd1130,6669.4000000059605
5pds9j1d,74dd1130,255.89999999850988
ikfbpugl,74dd1130,731.3499999940395
d33m799j,74dd1130,1119.8999999761581
dmft9d3y,74dd1130,1542.0999999046326
pgtp756s,74dd1130,758.7999999970198
6e5gb0yb,74dd1130,1618.5
icf7bchs,74dd1130,1043.0
l9krayds,74dd1130,2203.2000000476837
aqmjput5,74dd1130,1719.0
nvlsix5c,74dd1130,1904.0
bhpug29p,74dd1130,1307.7999999999302
z3die4q3,74dd1130,1162.0
8jwr3j6t,74dd1130,255.79999995231628
mhskzwic,74dd1130,920.0
8yhijukj,74dd1130,1838.5499999821186
om1m73rv,74dd1130,387.39999997615814
o1t1fb7j,74dd1130,4357.700000017881
7agy8y3l,74dd1130,1974.3000000715256
vbwguazj,74dd1130,319.9000000022352
nrfiw9bx,74dd1130,1535.7000002861023
pz38obzd,74dd1130,2186.099999904633
xklnx39q,74dd1130,3888.549999952316
t3l0if03,74dd1130,741.3000000119209
nldu5ge3,74dd1130,361.0
ler5uq42,74dd1130,2653.0
nfbzvhip,74dd1130,1754.0
4wx63ymf,74dd1130,1006.7999999988824
5vv1rrzw,74dd1130,1086.3500000238419
mr7lkk46,74dd1130,3838.100000023842
2w766g1z,74dd1130,1877.399999976158
nqubyvew,74dd1130,1955.199999988079
f5ktzt2t,74dd1130,6499.599999904633
kkeej6x5,74dd1130,24907.0
zfeorjum,74dd1130,595.0
hkj9daz7,74dd1130,2738.6999999955297
9ohxtpht,74dd1130,2987.75
1r6yodve,74dd1130,700.0
k0qq522n,74dd1130,571.7500000009313
cbvc5e3w,74dd1130,251.0
oxvw1rhx,74dd1130,1765.75
4j6cy1mk,74dd1130,1698.899999976158
fl73adm5,74dd1130,1775.4000000953674
8d21w3yr,74dd1130,438.0
jx6lhkbi,74dd1130,6116.100000023842
cfclud8z,74dd1130,840.4000000003725
zelqv7az,74dd1130,488.3000000715256
z8b26ynw,74dd1130,3336.0
9evwb372,74dd1130,1110.0
ya0wv6pm,74dd1130,1363.0
mpzcivx9,74dd1130,1614.5
clhkwrie,74dd1130,2353.85000000149
1qt2f29y,74dd1130,3125.0625
sp00glmz,74dd1130,332.20000000298023
8psac9uo,74dd1130,1521.0
nx0vccp8,74dd1130,3316.0
jqeesfz7,74dd1130,279.80000000074506
qif0sa3r,74dd1130,273.54999999981374
8y2nd2sh,74dd1130,975.4000000357628
l0nln4b2,74dd1130,1772.300000011921
ascil7wf,74dd1130,606.0500000044703
r99uy0qb,74dd1130,2583.0
idma9086,74dd1130,401.2999999523163
b73rrttr,74dd1130,375.7000000011176
7nszfy43,74dd1130,4068.0
g3vslpjv,74dd1130,1537.7500000037253
2d8q4qkc,74dd1130,1715.0
o2ho0580,74dd1130,634.5
bx44xwzb,74dd1130,847.2999999970198
c9sps7bl,74dd1130,2469.800000011921
8oohxrrz,74dd1130,1795.899999976158
x5id5i5q,74dd1130,1192.0
qu0lm98m,74dd1130,1535.1499999985099
jayyv6lz,74dd1130,582.0
0yfthc4y,74dd1130,608.1500000059605
ei0ij8ms,74dd1130,1358.0
2tkm21z6,74dd1130,6690.0
yfyhejim,74dd1130,1423.9000000953674
g7svteiz,74dd1130,1617.5
cw4tyx7n,74dd1130,702.4000000059605
rhbgnqhz,74dd1130,2038.8499999940395
72p6pxny,74dd1130,1087.8999998569489
hd5k29qy,74dd1130,2833.6000000089407
gkse9wdn,74dd1130,4088.5
mzi8f2hv,74dd1130,2380.0499999988824
fgxp8fzz,74dd1130,1740.4500000476837
j2dvablb,d364b489,693.0999999996275
904h81sn,d364b489,832.2999999821186
vr20hyge,d364b489,1133.0
nhds6zsd,d364b489,782.0
648anokh,d364b489,746.7999999523163
mrypomny,d364b489,808.0
jeq3oy2g,d364b489,867.0
c7ac53of,d364b489,1784.9000000953674
rjanlii9,d364b489,1149.5
8bgj1tsd,d364b489,863.7999999523163
tc5wgx8h,d364b489,1328.699999988079
f1ejz9fy,d364b489,715.8999999761581
vpxztp7b,d364b489,794.0
e0biso3r,d364b489,882.5
a9gvtd1o,d364b489,990.7000007629396
a0w1xgxf,d364b489,896.0
41kp06jx,d364b489,829.0
lmtka1ev,d364b489,603.0
a6jpzpek,d364b489,2457.300000000745
6eyovdd2,d364b489,584.0
zj5uemkt,d364b489,1187.600000023842
4s9g1cze,d364b489,495.199999988079
3irnkhq8,d364b489,917.8000000119208
ljwskxcq,d364b489,542.0999999046326
v6jvgdvg,d364b489,1162.3000001907349
l5sagbsh,d364b489,615.0
uktb326q,d364b489,3178.0
bw2cwy0m,d364b489,800.1000000005588
kwy2bqjo,d364b489,747.2999999523163
cdo2cmtp,d364b489,648.9000000003725
k8txaw58,d364b489,793.0
o4kkkuj9,d364b489,734.2999999988824
mlvcv31l,d364b489,995.5
d1vjrjhc,d364b489,872.7999999970198
a589fsqz,d364b489,649.2000000178814
qv0yh587,d364b489,1132.0
t2eyvuxq,d364b489,1185.600000023842
eyn3wygc,d364b489,1906.4000000059605
ni5df01j,d364b489,743.0999999046326
08vqizpx,d364b489,1166.9999999997672
ew4oecfi,d364b489,816.8000001907349
mrwlcmno,d364b489,812.0
s03ed531,d364b489,683.0
2j8p9vyz,d364b489,1129.0
wcau806y,d364b489,1217.0
0hrc9vve,d364b489,2160.3999996185303
zvbewhqx,d364b489,771.3000000715256
ism64anu,d364b489,985.7999999523164
plfupad7,d364b489,1191.5
f0wpo2hr,d364b489,952.0
qazkn1sw,d364b489,671.0
c7z6erey,d364b489,633.3000000119209
8aknstxj,d364b489,1831.199999988079
r2ck84r8,d364b489,834.9000000953674
nze0azo1,d364b489,1315.7999999523165
ovhoesyy,d364b489,969.0
ske58akk,d364b489,884.3999999761581
3cc6zm51,d364b489,1442.75
stbyxpx6,d364b489,1167.699999988079
r24jdhzg,d364b489,1719.199999999255
qkiu92kk,d364b489,846.0999999940395
44o5xnxe,d364b489,1079.0
q04yitea,d364b489,833.8000000715256
qfsp3ery,d364b489,1449.1999998092651
02333qfj,d364b489,688.1000001430511
y32zaw9c,d364b489,692.0
cuybsfwr,d364b489,1755.2000000029802
phbjwkyw,d364b489,1429.8999999761581
szbhlpfr,d364b489,755.9500000029802
89u58v07,d364b489,1028.2000000029802
4s3cm7d8,d364b489,1073.0
e2w81k0i,d364b489,696.1999999284744
hsm45iwx,d364b489,1111.7999999970198
sn10zd6g,d364b489,1014.6000001430511
dmft9d3y,d364b489,876.7000000476837
bdfn1h0o,d364b489,1777.7999999523165
6e5gb0yb,d364b489,741.3000001907349
icf7bchs,d364b489,504.0
nvlsix5c,d364b489,2828.0
bhpug29p,d364b489,974.5999999996276
l9krayds,d364b489,3036.899999976158
aqmjput5,d364b489,1921.5
cp3b83py,d364b489,702.1000000238419
qothvfhf,d364b489,1855.199999988079
fkx2gd88,d364b489,1071.5
27d8totr,d364b489,1049.0
5pds9j1d,d364b489,1031.2999999970198
kmwiem6m,d364b489,510.8000000715256
d33m799j,d364b489,3439.650000035763
ol9lky1i,d364b489,751.2999999523163
5nrjvc7q,d364b489,892.9000000059605
o5qropwk,d364b489,634.0
5hz183aa,d364b489,2022.0
61zahdh9,d364b489,676.1499999761581
pad0sufd,d364b489,1243.5999999996277
emwp6wq7,d364b489,1117.7999999523165
ym49wqbn,d364b489,1940.1999999284744
154uk6vm,d364b489,2459.5999999940395
npr5bsi2,d364b489,1464.0999999046326
byx9jkxm,d364b489,850.0
74l1qvc1,d364b489,2347.10000000149
j2pjmr32,d364b489,1690.0
bmlngyh3,d364b489,690.0
cghxa2ie,d364b489,1047.7000000029802
3d2as981,d364b489,2040.5
clucow7d,d364b489,1480.5
2w766g1z,d364b489,713.7000000476837
mr7lkk46,d364b489,1330.399999976158
nqubyvew,d364b489,756.7999999821186
bcyhma9y,d364b489,2156.9000000059605
kkeej6x5,d364b489,792.0
f5ktzt2t,d364b489,930.2000000476836
t3l0if03,d364b489,572.6000000238419
nldu5ge3,d364b489,694.1000000089407
nfbzvhip,d364b489,1080.3000001907349
4wx63ymf,d364b489,718.4000000022352
ler5uq42,d364b489,1243.0
onnumbyy,d364b489,1086.0
m63pxnwq,d364b489,658.0
nrfiw9bx,d364b489,995.5
xklnx39q,d364b489,1021.399999976158
pz38obzd,d364b489,1188.3000000715256
z3die4q3,d364b489,835.0
p445h6ow,d364b489,1799.0
8jwr3j6t,d364b489,575.5
8yhijukj,d364b489,1656.5
50nsp39w,d364b489,2007.8499999046326
mhskzwic,d364b489,1588.0
7agy8y3l,d364b489,1023.7999999523164
vbwguazj,d364b489,688.4000000022352
om1m73rv,d364b489,608.6000000238419
9evwb372,d364b489,767.0
ya0wv6pm,d364b489,1123.0
23iyreiv,d364b489,854.0
clhkwrie,d364b489,2826.0
1qt2f29y,d364b489,1433.3619999997318
mpzcivx9,d364b489,544.9000000003725
sp00glmz,d364b489,1233.699999999255
jx6lhkbi,d364b489,824.1000001430511
cfclud8z,d364b489,1350.699999999255
zelqv7az,d364b489,776.2999999523163
z8b26ynw,d364b489,555.0
oxvw1rhx,d364b489,1101.8999999994412
4j6cy1mk,d364b489,504.39999997615814
fl73adm5,d364b489,822.6000001430511
318gokyy,d364b489,768.5499999523163
8d21w3yr,d364b489,1087.0
zfeorjum,d364b489,819.0
hkj9daz7,d364b489,1359.2999999970198
9ohxtpht,d364b489,801.5
w12e497z,d364b489,2032.4000000059605
1r6yodve,d364b489,891.0
2d8q4qkc,d364b489,683.0
g3vslpjv,d364b489,1105.0
c9sps7bl,d364b489,1008.0
bx44xwzb,d364b489,1078.5
o2ho0580,d364b489,403.1000003814697
8oohxrrz,d364b489,864.4000000953674
qfiy90jx,d364b489,900.3999998569489
x5id5i5q,d364b489,335.0
yebzokh4,d364b489,1023.89999999851
kavvl57w,d364b489,1166.5999999940395
r99uy0qb,d364b489,3424.0
idma9086,d364b489,2104.100000023842
0fy66fv2,d364b489,282.15000000037253
b73rrttr,d364b489,736.2000000001863
8y2nd2sh,d364b489,1800.5999999642372
l0nln4b2,d364b489,921.600000023842
aypxap78,d364b489,742.9000000357628
ascil7wf,d364b489,1043.2999999970198
nx0vccp8,d364b489,1046.7000000476835
kck1uue7,d364b489,1348.0
xji13cu2,d364b489,1104.0
jqeesfz7,d364b489,903.5000000018626
hd5k29qy,d364b489,2884.29999999702
rhbgnqhz,d364b489,849.8999999761581
72p6pxny,d364b489,839.7999999523163
mzi8f2hv,d364b489,657.0999999996275
189iqcds,d364b489,1301.5
fgxp8fzz,d364b489,1157.5
cw4tyx7n,d364b489,1888.699999988079
c2lwacqc,d364b489,719.0999999940395
g7svteiz,d364b489,926.9500000476837
ei0ij8ms,d364b489,1138.0
0yfthc4y,d364b489,816.0999999940395
2tkm21z6,d364b489,1153.0
yfyhejim,d364b489,556.1500000953674
jayyv6lz,d364b489,806.0
qu0lm98m,d364b489,823.3999999910593
ldo5smvx,d364b489,775.3000001907349
3cc6zm51,1a07d186,1608.850000023842
ske58akk,1a07d186,1996.5
ovhoesyy,1a07d186,1109.0
r24jdhzg,1a07d186,1936.550000000745
hpl7jugr,1a07d186,1507.0
nze0azo1,1a07d186,1954.6499999761581
r2ck84r8,1a07d186,2109.899999976158
qazkn1sw,1a07d186,177.0
f0wpo2hr,1a07d186,1528.0
8aknstxj,1a07d186,3824.3000000715256
c7z6erey,1a07d186,1242.800000011921
zvbewhqx,1a07d186,2136.2000000476837
0hrc9vve,1a07d186,4141.199999809265
plfupad7,1a07d186,2334.2000000001863
n2et79bd,1a07d186,2070.0
ism64anu,1a07d186,1616.0
hsm45iwx,1a07d186,2163.6500000059605
e2w81k0i,1a07d186,1447.5500000119207
4s3cm7d8,1a07d186,2063.5
sn10zd6g,1a07d186,1568.4000000953674
szbhlpfr,1a07d186,1495.7999999970198
phbjwkyw,1a07d186,900.1000000238419
89u58v07,1a07d186,1592.0
y32zaw9c,1a07d186,1680.5
44o5xnxe,1a07d186,881.5
qkiu92kk,1a07d186,1670.5999999940395
02333qfj,1a07d186,3000.3000000715256
qfsp3ery,1a07d186,1898.3000001907349
q04yitea,1a07d186,1936.899999976158
kmwiem6m,1a07d186,1056.6499999761581
ikfbpugl,1a07d186,2920.699999988079
d33m799j,1a07d186,1869.2000000476837
cp3b83py,1a07d186,1359.0
27d8totr,1a07d186,1699.2000000029802
fkx2gd88,1a07d186,1786.9999999701977
qothvfhf,1a07d186,2207.199999988079
91fk0af9,1a07d186,2454.800000011921
icf7bchs,1a07d186,8524.0
l9krayds,1a07d186,2158.1499999165535
nvlsix5c,1a07d186,2440.0
dmft9d3y,1a07d186,1033.899999976158
6e5gb0yb,1a07d186,825.0999999046326
pgtp756s,1a07d186,965.1000000089407
bmlngyh3,1a07d186,1544.3999999761581
clucow7d,1a07d186,1032.699999988079
3d2as981,1a07d186,2109.5
cghxa2ie,1a07d186,2265.949999999255
byx9jkxm,1a07d186,1097.5
emwp6wq7,1a07d186,1030.7000000476835
pad0sufd,1a07d186,1008.7000000001863
xeu3j3ki,1a07d186,475.0
npr5bsi2,1a07d186,1550.3000001907349
154uk6vm,1a07d186,963.4499999880791
ym49wqbn,1a07d186,1476.399999976158
o5qropwk,1a07d186,1607.0
5nrjvc7q,1a07d186,2314.8499999940395
ol9lky1i,1a07d186,1650.8999999761581
61zahdh9,1a07d186,1376.600000023842
5hz183aa,1a07d186,1809.0
4stfwpke,1a07d186,3326.0
nhds6zsd,1a07d186,2181.0
vr20hyge,1a07d186,1165.0
03ljcqhc,1a07d186,1639.0999999940395
ce9qdbyh,1a07d186,1043.699999988079
904h81sn,1a07d186,1184.2000000029802
so5k1adg,1a07d186,1861.300000000745
j2dvablb,1a07d186,1126.0499999998137
sesf1qnx,1a07d186,980.5
lmtka1ev,1a07d186,1046.0
a0w1xgxf,1a07d186,1288.0
6eyovdd2,1a07d186,938.8000000119209
a6jpzpek,1a07d186,2480.14999999851
vpxztp7b,1a07d186,1292.0
f1ejz9fy,1a07d186,1062.8499999940395
a9gvtd1o,1a07d186,2208.2999992370605
e0biso3r,1a07d186,1575.2999997138977
rjanlii9,1a07d186,2224.5
c7ac53of,1a07d186,3061.199999809265
jeq3oy2g,1a07d186,2034.0
mrypomny,1a07d186,1244.0
tc5wgx8h,1a07d186,2276.2999999970198
8bgj1tsd,1a07d186,1744.0
648anokh,1a07d186,1000.100000023842
zc26r1al,1a07d186,1903.0
cdo2cmtp,1a07d186,1263.3999999985099
uktb326q,1a07d186,2202.0
kwy2bqjo,1a07d186,1265.6999999880793
bw2cwy0m,1a07d186,1650.0999999996277
v6jvgdvg,1a07d186,2852.099999904633
l5sagbsh,1a07d186,938.0
ljwskxcq,1a07d186,1017.0
3irnkhq8,1a07d186,1755.0
4s9g1cze,1a07d186,1021.0500000119209
2j8p9vyz,1a07d186,2105.0
s03ed531,1a07d186,1884.000000000931
wcau806y,1a07d186,2355.0
ni5df01j,1a07d186,1882.4499999284744
eyn3wygc,1a07d186,2031.1499999910593
mrwlcmno,1a07d186,866.0
ew4oecfi,1a07d186,1349.4000000953674
08vqizpx,1a07d186,1083.0
t2eyvuxq,1a07d186,2283.550000011921
1xogp17t,1a07d186,159.0
d1vjrjhc,1a07d186,1969.25
mlvcv31l,1a07d186,1882.050000011921
k8txaw58,1a07d186,992.1499999761581
o4kkkuj9,1a07d186,1743.6000000005588
a589fsqz,1a07d186,1327.5
idma9086,1a07d186,2291.0
r99uy0qb,1a07d186,1605.0
b73rrttr,1a07d186,1184.5
0fy66fv2,1a07d186,206.15000000037253
yebzokh4,1a07d186,2667.9499999955297
kavvl57w,1a07d186,2013.7000000029802
qfiy90jx,1a07d186,1108.0500000715256
8oohxrrz,1a07d186,813.1500000357628
x5id5i5q,1a07d186,1191.0
g3vslpjv,1a07d186,2086.300000000745
2d8q4qkc,1a07d186,1120.0
o2ho0580,1a07d186,2068.499999523163
bx44xwzb,1a07d186,1180.5
c9sps7bl,1a07d186,1559.5
jqeesfz7,1a07d186,842.0499999988824
kck1uue7,1a07d186,1786.0
nx0vccp8,1a07d186,3216.7999999523163
8psac9uo,1a07d186,1782.5
aypxap78,1a07d186,937.4499999880791
l0nln4b2,1a07d186,2638.800000011921
ascil7wf,1a07d186,2046.9000000059605
8y2nd2sh,1a07d186,2437.7999999821186
cw4tyx7n,1a07d186,1114.7000000029802
189iqcds,1a07d186,1422.7000000029802
mzi8f2hv,1a07d186,861.1499999994412
fgxp8fzz,1a07d186,1920.6999999284744
72p6pxny,1a07d186,1734.8500000238419
hd5k29qy,1a07d186,1991.75
ldo5smvx,1a07d186,1774.5499997138977
qu0lm98m,1a07d186,1551.5999999940395
jayyv6lz,1a07d186,2229.0
9wkeb5tu,1a07d186,1516.1500000059605
yfyhejim,1a07d186,1262.0999999046326
0yfthc4y,1a07d186,1390.0
ei0ij8ms,1a07d186,895.5
2tkm21z6,1a07d186,2321.5
onnumbyy,1a07d186,2711.0
m63pxnwq,1a07d186,965.9000000953674
nsu6cwh4,1a07d186,2596.2000000178814
nldu5ge3,1a07d186,1591.7000000029802
t3l0if03,1a07d186,1135.800000011921
4wx63ymf,1a07d186,1230.2999999970198
nfbzvhip,1a07d186,1140.8499999046326
kkeej6x5,1a07d186,1748.199999999255
f5ktzt2t,1a07d186,885.0999999046326
mr7lkk46,1a07d186,2599.399999976158
2w766g1z,1a07d186,1578.5999999642372
nqubyvew,1a07d186,2151.6500000059605
om1m73rv,1a07d186,731.6500000357628
vbwguazj,1a07d186,1456.0999999996277
8jwr3j6t,1a07d186,1103.5999999046326
z3die4q3,1a07d186,1372.0
mhskzwic,1a07d186,1671.0
8yhijukj,1a07d186,1391.199999988079
xklnx39q,1a07d186,1170.5
pz38obzd,1a07d186,1252.2000000476835
nrfiw9bx,1a07d186,899.5
cfclud8z,1a07d186,1672.5999999996275
z8b26ynw,1a07d186,1194.0
zelqv7az,1a07d186,1961.8499999642372
jx6lhkbi,1a07d186,1720.0499999523163
mpzcivx9,1a07d186,1462.2000000001863
1qt2f29y,1a07d186,2350.0470000002533
clhkwrie,1a07d186,2202.10000000149
sp00glmz,1a07d186,1531.6999999955297
23iyreiv,1a07d186,1613.9999995231628
ya0wv6pm,1a07d186,1729.5
2ke9hbes,1a07d186,2041.0
9evwb372,1a07d186,1118.0
wz0zoo1d,1a07d186,1944.9000000357626
1r6yodve,1a07d186,677.0
hkj9daz7,1a07d186,1504.3000000044703
zfeorjum,1a07d186,1971.0
w12e497z,1a07d186,3616.5
9ohxtpht,1a07d186,1928.25
318gokyy,1a07d186,2120.149999976158
fl73adm5,1a07d186,1290.3500000238419
4j6cy1mk,1a07d186,1114.8999999761581
oxvw1rhx,1a07d186,1698.1500000003725
8d21w3yr,1a07d186,3019.5
wa9xd98o,32597951,589.0
fl73adm5,32597951,535.8499999046326
4j6cy1mk,32597951,391.69999998807907
oxvw1rhx,32597951,550.0999999996275
8d21w3yr,32597951,632.5
hkj9daz7,32597951,1173.949999999255
zfeorjum,32597951,675.5
w12e497z,32597951,848.3499999940395
9ohxtpht,32597951,611.1500000022352
1r6yodve,32597951,842.5
cbvc5e3w,32597951,412.5499999523163
23iyreiv,32597951,635.3499999046326
ya0wv6pm,32597951,501.0
9evwb372,32597951,541.0
mpzcivx9,32597951,451.79999999981374
1qt2f29y,32597951,483.34299999987707
clhkwrie,32597951,714.2000000029802
sp00glmz,32597951,470.69999999925494
jx6lhkbi,32597951,652.1000000238419
cfclud8z,32597951,923.0499999988824
z8b26ynw,32597951,450.5
zelqv7az,32597951,484.10000002384186
nrfiw9bx,32597951,573.0
pz38obzd,32597951,605.4999999403954
xklnx39q,32597951,662.1500000357628
8jwr3j6t,32597951,576.1000000238419
z3die4q3,32597951,550.5
mhskzwic,32597951,644.0
8yhijukj,32597951,597.3000000119209
om1m73rv,32597951,400.69999998807907
vbwguazj,32597951,672.1499999985099
o1t1fb7j,32597951,984.3999999910593
7agy8y3l,32597951,798.5999999642372
mr7lkk46,32597951,1103.5999999642372
2w766g1z,32597951,411.9500000476837
bcyhma9y,32597951,628.9000000059605
pcrxo3zp,32597951,606.0499999523163
f5ktzt2t,32597951,600.1499999761581
kkeej6x5,32597951,760.0
nldu5ge3,32597951,366.8500000014901
t3l0if03,32597951,403.55000001192093
ler5uq42,32597951,7323.5
4wx63ymf,32597951,661.5
nfbzvhip,32597951,594.2000002861023
m63pxnwq,32597951,552.9499999284744
0yfthc4y,32597951,420.0
ei0ij8ms,32597951,587.5
2tkm21z6,32597951,622.5
yfyhejim,32597951,425.40000009536743
qu0lm98m,32597951,478.8500000014901
jayyv6lz,32597951,708.0
ldo5smvx,32597951,975.8499999046326
72p6pxny,32597951,632.0
rhbgnqhz,32597951,653.1999999880791
hd5k29qy,32597951,533.0499999970198
189iqcds,32597951,786.8499999977648
mzi8f2hv,32597951,518.2999999998137
fgxp8fzz,32597951,641.8500000238419
g7svteiz,32597951,887.3000000715256
c2lwacqc,32597951,576.6000000089407
cw4tyx7n,32597951,754.5
qif0sa3r,32597951,576.3999999994412
8y2nd2sh,32597951,811.5499999821186
aypxap78,32597951,554.1999999880791
l0nln4b2,32597951,728.8000000119209
ascil7wf,32597951,823.75
kck1uue7,32597951,1048.4000000953674
nx0vccp8,32597951,771.1999999880791
8psac9uo,32597951,897.5999999046326
jqeesfz7,32597951,509.09999999962747
g3vslpjv,32597951,1000.3000000007451
2d8q4qkc,32597951,342.5
o2ho0580,32597951,392.6000003814697
bx44xwzb,32597951,778.0500000007451
c9sps7bl,32597951,639.9000000059605
qfiy90jx,32597951,625.4499999284744
8oohxrrz,32597951,411.6500000357628
x5id5i5q,32597951,1198.0
yebzokh4,32597951,732.0500000007451
kavvl57w,32597951,963.6500000059605
idma9086,32597951,577.25
r99uy0qb,32597951,703.0
b73rrttr,32597951,1327.1499999994412
0fy66fv2,32597951,417.4000000022352
d1vjrjhc,32597951,462.2499999925494
mlvcv31l,32597951,580.0499999970198
o4kkkuj9,32597951,614.4000000003725
k8txaw58,32597951,544.1999999284744
a589fsqz,32597951,384.0
t2eyvuxq,32597951,533.3000000119209
qv0yh587,32597951,760.0
ni5df01j,32597951,556.6000001430511
eyn3wygc,32597951,697.8499999940395
mrwlcmno,32597951,636.0
ew4oecfi,32597951,591.5999999046326
08vqizpx,32597951,1283.4999999998836
2j8p9vyz,32597951,648.5
s03ed531,32597951,600.0
wcau806y,32597951,873.5
zj5uemkt,32597951,920.100000023842
l5sagbsh,32597951,541.0
v6jvgdvg,32597951,725.1999998092651
ljwskxcq,32597951,417.7000002861023
3irnkhq8,32597951,473.8500000089407
4s9g1cze,32597951,384.449999988079
uktb326q,32597951,958.0
kwy2bqjo,32597951,576.3999999761581
bw2cwy0m,32597951,607.8999999994412
cdo2cmtp,32597951,501.45000000018626
648anokh,32597951,495.85000002384186
zc26r1al,32597951,714.4500000476837
rjanlii9,32597951,582.9500000476837
c7ac53of,32597951,810.3499999046326
mrypomny,32597951,540.0
tc5wgx8h,32597951,565.0
8bgj1tsd,32597951,609.5999999046326
f1ejz9fy,32597951,499.94999998807907
a9gvtd1o,32597951,626.5500001907349
e0biso3r,32597951,806.1999998092651
lmtka1ev,32597951,300.5
41kp06jx,32597951,1170.7000000001863
a0w1xgxf,32597951,1480.5
6eyovdd2,32597951,511.89999997615814
a6jpzpek,32597951,772.8999999985099
xasfvnb7,32597951,699.0499999523163
ce9qdbyh,32597951,473.5
904h81sn,32597951,532.5
so5k1adg,32597951,587.5499999998137
j2dvablb,32597951,565.9500000001863
nhds6zsd,32597951,770.5
vr20hyge,32597951,1530.0
o5qropwk,32597951,671.5
5nrjvc7q,32597951,704.0
61zahdh9,32597951,506.05000001192093
5hz183aa,32597951,2981.0
emwp6wq7,32597951,515.6999999880791
pad0sufd,32597951,514.3499999996275
xeu3j3ki,32597951,675.5
npr5bsi2,32597951,413.14999997615814
154uk6vm,32597951,578.0499999970198
ym49wqbn,32597951,389.5
74l1qvc1,32597951,697.2000000001863
byx9jkxm,32597951,561.5
bmlngyh3,32597951,472.4500000476837
clucow7d,32597951,728.5499999970198
3d2as981,32597951,1296.3000000715256
cghxa2ie,32597951,810.7999999988824
6e5gb0yb,32597951,458.3000000715256
aqmjput5,32597951,552.0
l9krayds,32597951,888.2999999523163
bhpug29p,32597951,713.3500000000931
nvlsix5c,32597951,435.5
f5ohsl5h,32597951,483.80000019073486
cp3b83py,32597951,465.7999999821186
27d8totr,32597951,907.6999999992549
fkx2gd88,32597951,811.9000000059605
qothvfhf,32597951,551.0999999642372
kmwiem6m,32597951,363.10000002384186
5pds9j1d,32597951,736.1500000022352
d33m799j,32597951,2700.649999976158
44o5xnxe,32597951,617.5
ihnjt6k4,32597951,607.5
qkiu92kk,32597951,581.75
02333qfj,32597951,984.1499999761581
qfsp3ery,32597951,691.8500001430511
q04yitea,32597951,511.94999998807907
y32zaw9c,32597951,637.0
cuybsfwr,32597951,488.6500000022352
0ra11hiv,32597951,704.9000005722046
phbjwkyw,32597951,277.0
89u58v07,32597951,493.8500000005588
hsm45iwx,32597951,600.7000000029802
e2w81k0i,32597951,611.6999999880791
4s3cm7d8,32597951,716.0
sn10zd6g,32597951,719.75
zvbewhqx,32597951,532.1499999761581
plfupad7,32597951,964.850000000093
n2et79bd,32597951,638.9499999992549
ism64anu,32597951,943.1500000357628
qazkn1sw,32597951,136.0
f0wpo2hr,32597951,647.0
c7z6erey,32597951,457.09999999403954
hpl7jugr,32597951,482.0
nze0azo1,32597951,505.5
r2ck84r8,32597951,807.3999998569489
3cc6zm51,32597951,626.5
ske58akk,32597951,949.5499999821186
ovhoesyy,32597951,679.5
r24jdhzg,32597951,704.1999999992549
stbyxpx6,32597951,523.75
4s3cm7d8,6455b5f5,840.0
e2w81k0i,6455b5f5,1676.7500000596046
hsm45iwx,6455b5f5,3159.499999985099
sn10zd6g,6455b5f5,2093.7999999523163
phbjwkyw,6455b5f5,1154.7999999523163
szbhlpfr,6455b5f5,3147.85000000149
89u58v07,6455b5f5,1218.2999999998137
y32zaw9c,6455b5f5,402.0
0ra11hiv,6455b5f5,780.0
cuybsfwr,6455b5f5,2118.0
44o5xnxe,6455b5f5,537.0
q04yitea,6455b5f5,3803.799999952316
qfsp3ery,6455b5f5,1035.5999999046326
02333qfj,6455b5f5,2648.399999976158
ovhoesyy,6455b5f5,987.0
ske58akk,6455b5f5,2680.800000011921
3cc6zm51,6455b5f5,694.6499999761581
stbyxpx6,6455b5f5,474.1000000089407
r24jdhzg,6455b5f5,1103.800000000745
r2ck84r8,6455b5f5,889.8000000715256
nze0azo1,6455b5f5,603.1000000238419
hpl7jugr,6455b5f5,1854.5
f0wpo2hr,6455b5f5,2215.0
qazkn1sw,6455b5f5,437.5
c7z6erey,6455b5f5,1299.1000000238419
8aknstxj,6455b5f5,1818.3000000119207
0hrc9vve,6455b5f5,1900.4000000953674
zvbewhqx,6455b5f5,1267.2999999523163
ism64anu,6455b5f5,3428.699999988079
n2et79bd,6455b5f5,766.5
plfupad7,6455b5f5,4641.0999999996275
bmlngyh3,6455b5f5,2391.399999856949
cghxa2ie,6455b5f5,1187.550000000745
3d2as981,6455b5f5,3520.400000095367
clucow7d,6455b5f5,1676.8500000089407
byx9jkxm,6455b5f5,1469.5
74l1qvc1,6455b5f5,483.65000000037253
pad0sufd,6455b5f5,898.6000000000931
emwp6wq7,6455b5f5,448.05000001192093
154uk6vm,6455b5f5,469.8500000089407
npr5bsi2,6455b5f5,1378.049999833107
ol9lky1i,6455b5f5,1377.7999999523165
5nrjvc7q,6455b5f5,811.2499999850988
o5qropwk,6455b5f5,332.0
5hz183aa,6455b5f5,3534.5
61zahdh9,6455b5f5,1055.100000023842
5pds9j1d,6455b5f5,345.1500000022352
kmwiem6m,6455b5f5,862.5000000596046
ikfbpugl,6455b5f5,671.7999999821186
cp3b83py,6455b5f5,406.0999999642372
qothvfhf,6455b5f5,417.7999999821186
fkx2gd88,6455b5f5,2688.0999999642368
27d8totr,6455b5f5,2579.2999999970198
icf7bchs,6455b5f5,1015.0
f5ohsl5h,6455b5f5,2036.4500002861023
bhpug29p,6455b5f5,515.1000000000931
l9krayds,6455b5f5,2575.600000023842
aqmjput5,6455b5f5,1571.5
dmft9d3y,6455b5f5,832.6999999880791
bdfn1h0o,6455b5f5,2499.699999809265
6e5gb0yb,6455b5f5,1563.0
a0w1xgxf,6455b5f5,2363.5
41kp06jx,6455b5f5,3646.4500000011176
lmtka1ev,6455b5f5,1106.5
a6jpzpek,6455b5f5,719.1999999992549
6eyovdd2,6455b5f5,965.600000023842
f1ejz9fy,6455b5f5,1066.800000011921
vpxztp7b,6455b5f5,1234.0
e0biso3r,6455b5f5,2171.5999999046326
a9gvtd1o,6455b5f5,822.3500003814697
mrypomny,6455b5f5,598.0
jeq3oy2g,6455b5f5,1118.0
c7ac53of,6455b5f5,2016.8000001907349
rjanlii9,6455b5f5,1548.5
8bgj1tsd,6455b5f5,832.5
tc5wgx8h,6455b5f5,1415.0
648anokh,6455b5f5,1011.3000000715256
vr20hyge,6455b5f5,2316.0
nhds6zsd,6455b5f5,555.0
ce9qdbyh,6455b5f5,1334.9500000476835
j2dvablb,6455b5f5,1559.6500000003723
904h81sn,6455b5f5,1806.8500000089407
sesf1qnx,6455b5f5,2721.6000000089407
xasfvnb7,6455b5f5,454.19999980926514
s03ed531,6455b5f5,649.0
6p8vl3lk,6455b5f5,2456.5
2j8p9vyz,6455b5f5,2086.0
wcau806y,6455b5f5,2668.0
eyn3wygc,6455b5f5,431.5499999821186
ni5df01j,6455b5f5,3067.5
ew4oecfi,6455b5f5,1660.9000000953672
mrwlcmno,6455b5f5,874.0
qv0yh587,6455b5f5,664.0
t2eyvuxq,6455b5f5,1554.1500000357628
k8txaw58,6455b5f5,343.80000019073486
o4kkkuj9,6455b5f5,2134.9000000003725
mlvcv31l,6455b5f5,1364.2999999970198
d1vjrjhc,6455b5f5,2102.5999999940395
a589fsqz,6455b5f5,1546.6499999910593
uktb326q,6455b5f5,658.0
kwy2bqjo,6455b5f5,1839.3000000715256
bw2cwy0m,6455b5f5,511.95000000018626
4s9g1cze,6455b5f5,1387.7000000178814
3irnkhq8,6455b5f5,2753.9000000059605
ljwskxcq,6455b5f5,1638.8500001430511
v6jvgdvg,6455b5f5,1185.4000000953674
l5sagbsh,6455b5f5,1183.0
zj5uemkt,6455b5f5,743.2999999523163
jqeesfz7,6455b5f5,180.0
9pjr0waw,6455b5f5,1647.800000000745
8psac9uo,6455b5f5,1427.1999998092651
nx0vccp8,6455b5f5,693.5
kck1uue7,6455b5f5,2850.599999904633
l0nln4b2,6455b5f5,693.0999999940395
aypxap78,6455b5f5,1168.0999999642372
ascil7wf,6455b5f5,2159.89999999851
8y2nd2sh,6455b5f5,3791.299999952316
r99uy0qb,6455b5f5,3552.0
b73rrttr,6455b5f5,531.6000000005588
7nszfy43,6455b5f5,5523.0
yebzokh4,6455b5f5,655.8999999985099
8oohxrrz,6455b5f5,1118.699999988079
qfiy90jx,6455b5f5,2520.7999999523163
x5id5i5q,6455b5f5,6442.0
2d8q4qkc,6455b5f5,1907.5
g3vslpjv,6455b5f5,2018.4500000029802
c9sps7bl,6455b5f5,2729.199999988079
bx44xwzb,6455b5f5,721.7000000029802
o2ho0580,6455b5f5,1297.5999999046326
jayyv6lz,6455b5f5,891.0
qu0lm98m,6455b5f5,1808.0499999970198
yfyhejim,6455b5f5,1013.3499999046326
9wkeb5tu,6455b5f5,368.15000000596046
ei0ij8ms,6455b5f5,1523.0
0yfthc4y,6455b5f5,531.9000000059605
2tkm21z6,6455b5f5,377.5
yc52i3qf,6455b5f5,2161.800000011921
c2lwacqc,6455b5f5,425.59999999403954
g7svteiz,6455b5f5,675.8999999761581
mzi8f2hv,6455b5f5,1506.199999999255
189iqcds,6455b5f5,1696.7000000011176
hd5k29qy,6455b5f5,869.9000000059605
rhbgnqhz,6455b5f5,1673.800000011921
72p6pxny,6455b5f5,759.25
o1t1fb7j,6455b5f5,3512.3499999940395
7agy8y3l,6455b5f5,654.75
vbwguazj,6455b5f5,1021.0
om1m73rv,6455b5f5,879.2000000476837
z3die4q3,6455b5f5,2472.0
8jwr3j6t,6455b5f5,444.2999999523163
8yhijukj,6455b5f5,2064.0499999821186
50nsp39w,6455b5f5,987.7000000476836
mhskzwic,6455b5f5,993.5
xklnx39q,6455b5f5,3782.699999988079
pz38obzd,6455b5f5,584.1000000238419
nrfiw9bx,6455b5f5,1282.3000001907349
t3l0if03,6455b5f5,1064.0
nldu5ge3,6455b5f5,899.6999999880791
4wx63ymf,6455b5f5,1906.699999999255
ler5uq42,6455b5f5,434.0
kkeej6x5,6455b5f5,487.55000000447035
f5ktzt2t,6455b5f5,1242.4000000953674
pcrxo3zp,6455b5f5,1215.5
2w766g1z,6455b5f5,1750.1499999761581
mr7lkk46,6455b5f5,1311.0
1r6yodve,6455b5f5,685.0000000018626
zfeorjum,6455b5f5,2610.0
hkj9daz7,6455b5f5,2813.5
9ohxtpht,6455b5f5,334.5
w12e497z,6455b5f5,2623.75
oxvw1rhx,6455b5f5,997.2999999988824
4j6cy1mk,6455b5f5,216.80000007152557
fl73adm5,6455b5f5,1645.8500000238419
8d21w3yr,6455b5f5,2841.5
cfclud8z,6455b5f5,1594.300000000745
zelqv7az,6455b5f5,1062.8000000715256
z8b26ynw,6455b5f5,1408.0
jx6lhkbi,6455b5f5,2333.2999999523163
clhkwrie,6455b5f5,394.45000000298023
1qt2f29y,6455b5f5,433.3420000000042
mpzcivx9,6455b5f5,1732.7499999990687
sp00glmz,6455b5f5,498.8999999985099
9evwb372,6455b5f5,1641.0
ya0wv6pm,6455b5f5,2907.5
23iyreiv,6455b5f5,2273.199999809265
nrfiw9bx,a1570a43,3023.099999904633
pz38obzd,a1570a43,1332.0
xklnx39q,a1570a43,684.75
8jwr3j6t,a1570a43,2401.699999809265
z3die4q3,a1570a43,2646.5
mhskzwic,a1570a43,1654.5
50nsp39w,a1570a43,582.9000000953674
8yhijukj,a1570a43,2527.5
vbwguazj,a1570a43,432.09999999962747
7agy8y3l,a1570a43,608.0999999046326
mr7lkk46,a1570a43,1846.2999999523165
2w766g1z,a1570a43,425.0
pcrxo3zp,a1570a43,1501.5
f5ktzt2t,a1570a43,584.6499999761581
kkeej6x5,a1570a43,2004.550000000745
nldu5ge3,a1570a43,1031.5999999940395
t3l0if03,a1570a43,565.5
ler5uq42,a1570a43,550.5
4wx63ymf,a1570a43,1148.7999999998137
nfbzvhip,a1570a43,400.09999990463257
onnumbyy,a1570a43,1324.0
m63pxnwq,a1570a43,1368.1000000238419
4j6cy1mk,a1570a43,824.1000000238419
oxvw1rhx,a1570a43,400.70000000018626
8d21w3yr,a1570a43,2981.5
hkj9daz7,a1570a43,4556.89999999851
zfeorjum,a1570a43,782.0
w12e497z,a1570a43,1274.2999999970198
9ohxtpht,a1570a43,423.59999999403954
2anyuqd8,a1570a43,1611.0
1r6yodve,a1570a43,845.0000000002328
23iyreiv,a1570a43,2400.800000190735
ya0wv6pm,a1570a43,865.5
9evwb372,a1570a43,1493.0
mpzcivx9,a1570a43,1896.5999999996275
1qt2f29y,a1570a43,1966.7060000002384
clhkwrie,a1570a43,462.800000011921
sp00glmz,a1570a43,717.6500000022352
jx6lhkbi,a1570a43,3822.4500000476837
cfclud8z,a1570a43,1348.6500000003725
z8b26ynw,a1570a43,1879.0
zelqv7az,a1570a43,624.8000000119209
qif0sa3r,a1570a43,435.0
aypxap78,a1570a43,1292.9000000357628
l0nln4b2,a1570a43,643.75
ascil7wf,a1570a43,1320.4000000059605
9pjr0waw,a1570a43,563.0
kck1uue7,a1570a43,2914.4000000953674
nx0vccp8,a1570a43,1091.1499999761581
8psac9uo,a1570a43,859.2500001192093
jqeesfz7,a1570a43,1492.0999999996275
g3vslpjv,a1570a43,1303.6999999955297
2d8q4qkc,a1570a43,1417.0
o2ho0580,a1570a43,1111.3000001907349
bx44xwzb,a1570a43,1364.0
c9sps7bl,a1570a43,1432.0999999940395
qfiy90jx,a1570a43,1468.5
8oohxrrz,a1570a43,996.5
x5id5i5q,a1570a43,1471.5
yebzokh4,a1570a43,2271.8000000044703
kavvl57w,a1570a43,1679.6500000059605
idma9086,a1570a43,1543.4000000357628
r99uy0qb,a1570a43,2062.0
7nszfy43,a1570a43,1342.0
b73rrttr,a1570a43,1138.4500000011176
0fy66fv2,a1570a43,1740.4999999981374
0yfthc4y,a1570a43,1940.0
ei0ij8ms,a1570a43,2413.0
2tkm21z6,a1570a43,471.0
qu0lm98m,a1570a43,1874.7499999925494
jayyv6lz,a1570a43,874.0
ldo5smvx,a1570a43,2830.7000002861023
72p6pxny,a1570a43,2600.649999976158
rhbgnqhz,a1570a43,1863.7999999821186
hd5k29qy,a1570a43,1177.1499999985099
189iqcds,a1570a43,712.5
mzi8f2hv,a1570a43,1304.9000000003723
xgvto4mg,a1570a43,625.0
fgxp8fzz,a1570a43,3991.6999999284744
g7svteiz,a1570a43,2078.850000023842
c2lwacqc,a1570a43,340.0
cw4tyx7n,a1570a43,601.5
qqqzakmg,a1570a43,1888.800000011921
648anokh,a1570a43,1869.4500000476835
zc26r1al,a1570a43,440.0
c7ac53of,a1570a43,566.0000002384186
jeq3oy2g,a1570a43,450.0
mrypomny,a1570a43,408.0
tc5wgx8h,a1570a43,1343.2000000178814
8bgj1tsd,a1570a43,704.0
vpxztp7b,a1570a43,912.5
f1ejz9fy,a1570a43,705.7000000178814
a9gvtd1o,a1570a43,1775.3499994277954
e0biso3r,a1570a43,1419.8499999046326
41kp06jx,a1570a43,428.3999999985099
a0w1xgxf,a1570a43,3209.0
6eyovdd2,a1570a43,784.0
a6jpzpek,a1570a43,2386.300000000745
xasfvnb7,a1570a43,1070.0
03ljcqhc,a1570a43,1301.2000000029802
ce9qdbyh,a1570a43,686.4500000476837
904h81sn,a1570a43,1936.4000000208616
so5k1adg,a1570a43,289.55000000074506
j2dvablb,a1570a43,1825.0999999996277
nhds6zsd,a1570a43,1179.0
vr20hyge,a1570a43,1882.0
mlvcv31l,a1570a43,5009.10000000149
o4kkkuj9,a1570a43,2383.2999999988824
k8txaw58,a1570a43,939.3999999761581
a589fsqz,a1570a43,1578.5999999940395
t2eyvuxq,a1570a43,768.1000000238419
1xogp17t,a1570a43,135.30000019073486
ni5df01j,a1570a43,665.1499999761581
eyn3wygc,a1570a43,431.80000001192093
mrwlcmno,a1570a43,387.5
ew4oecfi,a1570a43,1581.6000001430511
08vqizpx,a1570a43,616.5000000004657
s03ed531,a1570a43,608.0
wcau806y,a1570a43,4093.0
zj5uemkt,a1570a43,744.7999999523163
v6jvgdvg,a1570a43,1503.3499999046326
l5sagbsh,a1570a43,826.0
ljwskxcq,a1570a43,1482.2000002861023
3irnkhq8,a1570a43,4996.75
4s9g1cze,a1570a43,3684.699999988079
bw2cwy0m,a1570a43,986.9500000011176
kwy2bqjo,a1570a43,1912.9499999284749
44o5xnxe,a1570a43,742.0
ihnjt6k4,a1570a43,2168.0
02333qfj,a1570a43,387.9499999284744
qfsp3ery,a1570a43,2020.5
q04yitea,a1570a43,895.7999999523163
y32zaw9c,a1570a43,744.0
cuybsfwr,a1570a43,636.8499999977648
89u58v07,a1570a43,807.9000000003725
hsm45iwx,a1570a43,827.4500000029802
e2w81k0i,a1570a43,1719.7000000476835
4s3cm7d8,a1570a43,1076.5
zvbewhqx,a1570a43,755.75
0hrc9vve,a1570a43,640.7000002861023
plfupad7,a1570a43,4833.0999999996275
n2et79bd,a1570a43,2315.39999999851
ism64anu,a1570a43,1018.8499999642372
qazkn1sw,a1570a43,236.0
f0wpo2hr,a1570a43,1919.0
8aknstxj,a1570a43,3724.5
c7z6erey,a1570a43,2071.899999976158
hpl7jugr,a1570a43,4202.0
nze0azo1,a1570a43,1926.550000011921
r2ck84r8,a1570a43,1321.75
3cc6zm51,a1570a43,1861.399999976158
ske58akk,a1570a43,555.0999999642372
ovhoesyy,a1570a43,893.5
r24jdhzg,a1570a43,1403.800000000745
o5qropwk,a1570a43,851.5
5nrjvc7q,a1570a43,752.5999999940395
ol9lky1i,a1570a43,881.8999999761581
61zahdh9,a1570a43,347.89999997615814
emwp6wq7,a1570a43,768.1500000357628
pad0sufd,a1570a43,1679.5
npr5bsi2,a1570a43,457.700000166893
154uk6vm,a1570a43,781.4000000059605
byx9jkxm,a1570a43,788.5
bmlngyh3,a1570a43,735.9500000476837
clucow7d,a1570a43,1399.5999999940395
3d2as981,a1570a43,1058.550000011921
cghxa2ie,a1570a43,3060.800000000745
dmft9d3y,a1570a43,1442.0
6e5gb0yb,a1570a43,882.6000000238419
icf7bchs,a1570a43,703.5
aqmjput5,a1570a43,1138.5
l9krayds,a1570a43,741.8000000715256
cp3b83py,a1570a43,1813.4500000178814
27d8totr,a1570a43,1332.7999999970198
fkx2gd88,a1570a43,2452.0
qothvfhf,a1570a43,452.15000000596046
kmwiem6m,a1570a43,1662.5
d33m799j,a1570a43,99114.20000004768
f1ejz9fy,90f3ed37,1375.2999999821186
vpxztp7b,90f3ed37,1736.0
e0biso3r,90f3ed37,1911.9500002861023
a9gvtd1o,90f3ed37,2263.7000007629395
41kp06jx,90f3ed37,1700.699999999255
a0w1xgxf,90f3ed37,1978.0
6eyovdd2,90f3ed37,1019.1999999880791
648anokh,90f3ed37,1161.9000000357628
zc26r1al,90f3ed37,290.40000009536743
mrypomny,90f3ed37,3084.5
jeq3oy2g,90f3ed37,1108.0
c7ac53of,90f3ed37,4694.799999952316
rjanlii9,90f3ed37,1785.9000000953672
tc5wgx8h,90f3ed37,2115.0999999940395
8bgj1tsd,90f3ed37,472.0
vr20hyge,90f3ed37,696.5
nhds6zsd,90f3ed37,587.5
ce9qdbyh,90f3ed37,1787.6000000238419
03ljcqhc,90f3ed37,427.40000000596046
j2dvablb,90f3ed37,1331.7000000001863
so5k1adg,90f3ed37,284.7500000009313
904h81sn,90f3ed37,1889.9000000059605
ni5df01j,90f3ed37,3179.9499999284744
eyn3wygc,90f3ed37,421.1000000089407
08vqizpx,90f3ed37,668.0
mrwlcmno,90f3ed37,386.5
s03ed531,90f3ed37,666.4999999995343
2j8p9vyz,90f3ed37,1735.5
wcau806y,90f3ed37,2211.0
mlvcv31l,90f3ed37,1009.8999999910593
k8txaw58,90f3ed37,2003.2999999523165
o4kkkuj9,90f3ed37,513.6000000005588
d1vjrjhc,90f3ed37,2577.5500000044703
a589fsqz,90f3ed37,1719.5999999940395
qv0yh587,90f3ed37,572.0
t2eyvuxq,90f3ed37,2092.2000000476837
uktb326q,90f3ed37,633.5
kwy2bqjo,90f3ed37,1599.5
bw2cwy0m,90f3ed37,1749.5999999996275
cdo2cmtp,90f3ed37,1418.9500000001863
zj5uemkt,90f3ed37,638.1499999761581
3irnkhq8,90f3ed37,1400.0999999940395
4s9g1cze,90f3ed37,1201.5
v6jvgdvg,90f3ed37,2290.4500000476837
l5sagbsh,90f3ed37,2562.5
ljwskxcq,90f3ed37,1404.3000001907349
phbjwkyw,90f3ed37,387.2000000476837
89u58v07,90f3ed37,1943.25
4s3cm7d8,90f3ed37,612.0
e2w81k0i,90f3ed37,1306.7999999523163
hsm45iwx,90f3ed37,1228.9000000059605
sn10zd6g,90f3ed37,2553.949999928475
qkiu92kk,90f3ed37,1188.5
44o5xnxe,90f3ed37,1163.0
q04yitea,90f3ed37,567.9000000357628
qfsp3ery,90f3ed37,551.75
02333qfj,90f3ed37,3567.9500000476837
y32zaw9c,90f3ed37,446.0
cuybsfwr,90f3ed37,408.20000000298023
nze0azo1,90f3ed37,1060.5
r2ck84r8,90f3ed37,1576.3000000715256
hpl7jugr,90f3ed37,1535.0
ske58akk,90f3ed37,543.3000000119209
ovhoesyy,90f3ed37,2969.5
3cc6zm51,90f3ed37,590.2999999523163
stbyxpx6,90f3ed37,2524.2000000029802
r24jdhzg,90f3ed37,2399.699999999255
0hrc9vve,90f3ed37,976.9000005722046
zvbewhqx,90f3ed37,403.8500000834465
n2et79bd,90f3ed37,556.7000000011176
ism64anu,90f3ed37,2853.199999988079
plfupad7,90f3ed37,2146.350000000559
f0wpo2hr,90f3ed37,2797.0
qazkn1sw,90f3ed37,204.5
8aknstxj,90f3ed37,1490.5
c7z6erey,90f3ed37,900.0
byx9jkxm,90f3ed37,1584.0
j2pjmr32,90f3ed37,1409.0
bmlngyh3,90f3ed37,2234.2999999523163
cghxa2ie,90f3ed37,1199.9000000003725
3d2as981,90f3ed37,4086.5500000715256
clucow7d,90f3ed37,1931.2000000029802
ol9lky1i,90f3ed37,3422.350000023842
5nrjvc7q,90f3ed37,1647.5
o5qropwk,90f3ed37,3525.0
5hz183aa,90f3ed37,1481.5
61zahdh9,90f3ed37,1359.550000011921
pad0sufd,90f3ed37,2057.0
emwp6wq7,90f3ed37,5421.399999976158
154uk6vm,90f3ed37,371.5
ym49wqbn,90f3ed37,1969.1999999880793
npr5bsi2,90f3ed37,2421.899999856949
xeu3j3ki,90f3ed37,2018.0
cp3b83py,90f3ed37,1815.9000000357628
qothvfhf,90f3ed37,538.1000000238419
fkx2gd88,90f3ed37,1935.4000000059605
5pds9j1d,90f3ed37,359.3999999985099
kmwiem6m,90f3ed37,1651.1499999761581
ikfbpugl,90f3ed37,455.199999988079
dmft9d3y,90f3ed37,772.6000000238419
6e5gb0yb,90f3ed37,1097.6000000238419
icf7bchs,90f3ed37,2327.0
f5ohsl5h,90f3ed37,2129.099999904633
nvlsix5c,90f3ed37,388.5
l9krayds,90f3ed37,2998.7499999403954
z3die4q3,90f3ed37,2614.5
8jwr3j6t,90f3ed37,903.0
p445h6ow,90f3ed37,3380.0
50nsp39w,90f3ed37,240.5
8yhijukj,90f3ed37,1203.2000000476835
mhskzwic,90f3ed37,1879.5
o1t1fb7j,90f3ed37,5643.0
7agy8y3l,90f3ed37,2158.5000000596046
vbwguazj,90f3ed37,2368.800000000745
om1m73rv,90f3ed37,1523.75
nrfiw9bx,90f3ed37,2153.2999997138977
xklnx39q,90f3ed37,2172.150000035763
pz38obzd,90f3ed37,335.75
t3l0if03,90f3ed37,621.0
nldu5ge3,90f3ed37,2946.5499999970198
4wx63ymf,90f3ed37,484.0
nfbzvhip,90f3ed37,424.7000002861023
ler5uq42,90f3ed37,867.0
onnumbyy,90f3ed37,667.5
m63pxnwq,90f3ed37,1476.5
2w766g1z,90f3ed37,959.0500000119208
mr7lkk46,90f3ed37,2480.199999988079
nqubyvew,90f3ed37,2217.2999999821186
bcyhma9y,90f3ed37,726.3499999940395
kkeej6x5,90f3ed37,7884.550000000745
f5ktzt2t,90f3ed37,1469.7999999523165
pcrxo3zp,90f3ed37,3238.7499997615814
hkj9daz7,90f3ed37,2103.35000000149
zfeorjum,90f3ed37,2584.0
9ohxtpht,90f3ed37,376.55000000074506
w12e497z,90f3ed37,1294.0
k0qq522n,90f3ed37,380.75
1r6yodve,90f3ed37,651.0
oxvw1rhx,90f3ed37,1383.9500000001863
fl73adm5,90f3ed37,1704.75
4j6cy1mk,90f3ed37,2070.2000000476837
8d21w3yr,90f3ed37,391.0
jx6lhkbi,90f3ed37,2155.8000000715256
cfclud8z,90f3ed37,1881.699999999255
zelqv7az,90f3ed37,1242.4499999284744
z8b26ynw,90f3ed37,1492.5
9evwb372,90f3ed37,3040.5
ya0wv6pm,90f3ed37,479.0
1qt2f29y,90f3ed37,383.3410000000149
clhkwrie,90f3ed37,2670.2500000074506
mpzcivx9,90f3ed37,3182.4000000003725
sp00glmz,90f3ed37,745.9999999962747
9pjr0waw,90f3ed37,711.5
nx0vccp8,90f3ed37,2348.7000000476837
8psac9uo,90f3ed37,2918.4499999284744
kck1uue7,90f3ed37,1320.6499999761581
xji13cu2,90f3ed37,1971.9000000357628
jqeesfz7,90f3ed37,333.90000000037253
qif0sa3r,90f3ed37,370.6000000014901
8y2nd2sh,90f3ed37,2347.7999999821186
l0nln4b2,90f3ed37,2410.3499999940395
aypxap78,90f3ed37,1509.5
ascil7wf,90f3ed37,2800.7999999970198
yebzokh4,90f3ed37,539.9500000029802
kavvl57w,90f3ed37,2413.4500000178814
r99uy0qb,90f3ed37,557.0
4kl3i3tv,90f3ed37,1627.4500000029802
idma9086,90f3ed37,2252.0999999940395
0fy66fv2,90f3ed37,467.8999999985099
b73rrttr,90f3ed37,1649.4000000003723
2d8q4qkc,90f3ed37,1592.5
g3vslpjv,90f3ed37,2500.150000002235
c9sps7bl,90f3ed37,1831.3999999761581
bx44xwzb,90f3ed37,720.3500000052154
o2ho0580,90f3ed37,1768.3000001907349
8oohxrrz,90f3ed37,741.2999999523163
qfiy90jx,90f3ed37,1776.8000000715253
x5id5i5q,90f3ed37,754.0
jayyv6lz,90f3ed37,439.0
qu0lm98m,90f3ed37,792.75
ei0ij8ms,90f3ed37,1152.5
0yfthc4y,90f3ed37,1931.3999999910593
yfyhejim,90f3ed37,1572.7999999523163
9wkeb5tu,90f3ed37,1228.550000011921
cw4tyx7n,90f3ed37,1171.699999988079
c2lwacqc,90f3ed37,849.8499999940395
g7svteiz,90f3ed37,1290.2000000476835
hd5k29qy,90f3ed37,13630.89999999851
rhbgnqhz,90f3ed37,1410.4500000178814
72p6pxny,90f3ed37,1509.8000000715256
gkse9wdn,90f3ed37,785.5
mzi8f2hv,90f3ed37,713.4000000003725
189iqcds,90f3ed37,393.59999999962747
fgxp8fzz,90f3ed37,1882.0499999523163
xgvto4mg,90f3ed37,616.6499999985099
y32zaw9c,55783887,727.0
qkiu92kk,55783887,555.3000000119209
44o5xnxe,55783887,431.0
q04yitea,55783887,879.7000000476837
qfsp3ery,55783887,780.0
02333qfj,55783887,464.0
4s3cm7d8,55783887,1008.0
e2w81k0i,55783887,432.09999990463257
hsm45iwx,55783887,576.4000000059605
sn10zd6g,55783887,739.75
phbjwkyw,55783887,537.1999999284744
095bdwyc,55783887,731.9499999992549
89u58v07,55783887,504.30000000074506
f0wpo2hr,55783887,513.0
c7z6erey,55783887,386.199999988079
zvbewhqx,55783887,787.5
ism64anu,55783887,777.1499999761581
plfupad7,55783887,760.5500000002794
ovhoesyy,55783887,767.0
ske58akk,55783887,875.5999999642372
3cc6zm51,55783887,742.1000000238419
stbyxpx6,55783887,607.6000000238419
r24jdhzg,55783887,567.9000000022352
r2ck84r8,55783887,554.8000000715256
nze0azo1,55783887,504.80000001192093
hpl7jugr,55783887,545.0
pad0sufd,55783887,670.3000000007451
emwp6wq7,55783887,791.5500000119209
ym49wqbn,55783887,515.3999999761581
154uk6vm,55783887,674.9000000059605
npr5bsi2,55783887,672.3999998569489
xeu3j3ki,55783887,740.0
5nrjvc7q,55783887,774.0
61zahdh9,55783887,445.09999999403954
bmlngyh3,55783887,577.4500000476837
cghxa2ie,55783887,876.6000000014901
3d2as981,55783887,857.0
clucow7d,55783887,741.9000000059605
byx9jkxm,55783887,565.0
74l1qvc1,55783887,1045.5999999996275
icf7bchs,55783887,661.5
f5ohsl5h,55783887,472.40000009536743
l9krayds,55783887,3162.900000035763
aqmjput5,55783887,2937.5
dmft9d3y,55783887,1810.050000011921
bdfn1h0o,55783887,879.9000000953674
6e5gb0yb,55783887,427.84999990463257
kmwiem6m,55783887,336.2000000476837
d33m799j,55783887,459.44999998807907
ikfbpugl,55783887,1737.9000000357628
cp3b83py,55783887,481.2999999821186
qothvfhf,55783887,751.2999999821186
fkx2gd88,55783887,947.4000000059605
27d8totr,55783887,882.8000000044703
mrypomny,55783887,511.0
c7ac53of,55783887,788.5
rjanlii9,55783887,2192.7000000476837
8bgj1tsd,55783887,529.6000001430511
648anokh,55783887,447.60000002384186
a0w1xgxf,55783887,3492.0
41kp06jx,55783887,1234.4000000003723
lmtka1ev,55783887,382.0
a6jpzpek,55783887,2111.8499999996275
6eyovdd2,55783887,431.99999994039536
f1ejz9fy,55783887,543.0999999642372
vpxztp7b,55783887,507.0
e0biso3r,55783887,688.7000002861023
a9gvtd1o,55783887,663.6000003814697
ce9qdbyh,55783887,512.4499999880791
j2dvablb,55783887,519.7499999990687
904h81sn,55783887,472.10000002384186
sesf1qnx,55783887,960.0999999940396
nhds6zsd,55783887,663.0
qv0yh587,55783887,733.0
t2eyvuxq,55783887,598.7000000476837
k8txaw58,55783887,512.2000000476837
o4kkkuj9,55783887,518.5
mlvcv31l,55783887,646.25
a589fsqz,55783887,507.20000000298023
s03ed531,55783887,1209.0
6p8vl3lk,55783887,665.0
2j8p9vyz,55783887,809.0
wcau806y,55783887,886.0
eyn3wygc,55783887,664.5999999940395
ni5df01j,55783887,712.0000001192093
08vqizpx,55783887,1234.0
ew4oecfi,55783887,600.3000001907349
4s9g1cze,55783887,359.80000001192093
3irnkhq8,55783887,547.0000000149012
ljwskxcq,55783887,373.1000003814697
v6jvgdvg,55783887,865.5999999046326
l5sagbsh,55783887,413.0
zj5uemkt,55783887,763.0999999642372
cdo2cmtp,55783887,399.80000000074506
uktb326q,55783887,757.0
bw2cwy0m,55783887,603.3500000005588
kwy2bqjo,55783887,525.6000000238419
l0nln4b2,55783887,846.9000000357628
aypxap78,55783887,527.25
8y2nd2sh,55783887,887.8000000119209
jqeesfz7,55783887,558.9000000003725
8psac9uo,55783887,1020.8999999761581
nx0vccp8,55783887,1093.9000000357628
kck1uue7,55783887,1259.8500000238419
qfiy90jx,55783887,658.3999999761581
x5id5i5q,55783887,785.0
2d8q4qkc,55783887,371.0
g3vslpjv,55783887,927.89999999851
c9sps7bl,55783887,871.0
bx44xwzb,55783887,905.7000000029802
o2ho0580,55783887,735.1999998092651
r99uy0qb,55783887,2425.5
idma9086,55783887,522.2999999523163
4kl3i3tv,55783887,786.2000000029802
b73rrttr,55783887,2173.5999999996275
yebzokh4,55783887,831.5
yfyhejim,55783887,389.59999990463257
ei0ij8ms,55783887,714.5
0yfthc4y,55783887,560.0
2tkm21z6,55783887,618.0
jayyv6lz,55783887,846.0
qu0lm98m,55783887,544.0999999940395
mzi8f2hv,55783887,371.2999999988824
189iqcds,55783887,810.25
hd5k29qy,55783887,533.9000000059605
rhbgnqhz,55783887,780.3000000119209
72p6pxny,55783887,615.2000000476837
cw4tyx7n,55783887,1484.4000000059605
c2lwacqc,55783887,558.5
g7svteiz,55783887,683.1000001430511
xklnx39q,55783887,2122.2000000476837
pz38obzd,55783887,604.6000000238419
nrfiw9bx,55783887,728.3499999046326
7agy8y3l,55783887,715.8500000238419
vbwguazj,55783887,655.8999999985099
om1m73rv,55783887,387.1999999284744
z3die4q3,55783887,595.0
p445h6ow,55783887,852.0
8yhijukj,55783887,690.8000000119209
50nsp39w,55783887,1029.5499999523163
mhskzwic,55783887,608.5
f5ktzt2t,55783887,558.9000000953674
2w766g1z,55783887,712.7999999523163
mr7lkk46,55783887,1665.5499999523163
onnumbyy,55783887,1056.0
t3l0if03,55783887,464.10000002384186
nldu5ge3,55783887,480.69999999552965
nfbzvhip,55783887,599.8000001907349
4wx63ymf,55783887,461.1000000014901
ler5uq42,55783887,684.0
oxvw1rhx,55783887,763.5
4j6cy1mk,55783887,342.7999999523163
fl73adm5,55783887,983.0
8d21w3yr,55783887,677.0
1r6yodve,55783887,691.0
2anyuqd8,55783887,994.0000000001164
zfeorjum,55783887,681.0
hkj9daz7,55783887,1027.25
9ohxtpht,55783887,592.1500000022352
w12e497z,55783887,3937.5
clhkwrie,55783887,548.0
1qt2f29y,55783887,683.347000000067
mpzcivx9,55783887,472.3999999985099
sp00glmz,55783887,767.3000000007451
9evwb372,55783887,549.0
2ke9hbes,55783887,799.5
ya0wv6pm,55783887,506.0
23iyreiv,55783887,435.3999996185303
cfclud8z,55783887,976.9000000022352
zelqv7az,55783887,495.89999997615814
z8b26ynw,55783887,528.5
jx6lhkbi,55783887,496.09999990463257
zj5uemkt,ecaa0ec1,2369.899999976158
3irnkhq8,ecaa0ec1,1511.1499999910593
4s9g1cze,ecaa0ec1,1558.75
l5sagbsh,ecaa0ec1,1245.0
v6jvgdvg,ecaa0ec1,2511.4500000476837
ljwskxcq,ecaa0ec1,1016.6999998092653
uktb326q,ecaa0ec1,1861.0
kwy2bqjo,ecaa0ec1,2049.5499999523163
bw2cwy0m,ecaa0ec1,1703.89999999851
cdo2cmtp,ecaa0ec1,2464.9500000001863
mlvcv31l,ecaa0ec1,634.4000000059605
o4kkkuj9,ecaa0ec1,2520.5999999996275
k8txaw58,ecaa0ec1,392.5499999523163
d1vjrjhc,ecaa0ec1,2203.39999999851
a589fsqz,ecaa0ec1,1711.9000000059605
qv0yh587,ecaa0ec1,1958.5
t2eyvuxq,ecaa0ec1,2099.5
ni5df01j,ecaa0ec1,2234.899999856949
eyn3wygc,ecaa0ec1,2076.199999988079
ew4oecfi,ecaa0ec1,3367.599999904633
mrwlcmno,ecaa0ec1,432.0
s03ed531,ecaa0ec1,1006.0
2j8p9vyz,ecaa0ec1,18367.0
wcau806y,ecaa0ec1,1799.5
xasfvnb7,ecaa0ec1,1992.5999999046326
j2dvablb,ecaa0ec1,797.1000000014901
so5k1adg,ecaa0ec1,1644.25
904h81sn,ecaa0ec1,1696.2999999821186
vr20hyge,ecaa0ec1,2900.0
nhds6zsd,ecaa0ec1,1750.0
648anokh,ecaa0ec1,662.5
mrypomny,ecaa0ec1,614.0
jeq3oy2g,ecaa0ec1,345.5
c7ac53of,ecaa0ec1,2493.7499997615814
rjanlii9,ecaa0ec1,3422.7999999523163
tc5wgx8h,ecaa0ec1,604.5
f1ejz9fy,ecaa0ec1,1433.0
vpxztp7b,ecaa0ec1,1872.0
e0biso3r,ecaa0ec1,1609.6999998092651
a9gvtd1o,ecaa0ec1,3190.9999990463257
41kp06jx,ecaa0ec1,1689.199999999255
a0w1xgxf,ecaa0ec1,1529.0
lmtka1ev,ecaa0ec1,1275.0
6eyovdd2,ecaa0ec1,732.1000000238419
a6jpzpek,ecaa0ec1,863.0
dmft9d3y,ecaa0ec1,1713.800000011921
6e5gb0yb,ecaa0ec1,1426.8000001907349
icf7bchs,ecaa0ec1,1196.0
nvlsix5c,ecaa0ec1,2400.0
f5ohsl5h,ecaa0ec1,900.3499999046326
aqmjput5,ecaa0ec1,1288.0
l9krayds,ecaa0ec1,2103.5
cp3b83py,ecaa0ec1,1989.1500000059605
27d8totr,ecaa0ec1,809.1499999985099
fkx2gd88,ecaa0ec1,3949.2000000178814
kmwiem6m,ecaa0ec1,1644.2000000476835
d33m799j,ecaa0ec1,3065.9500000476837
5nrjvc7q,ecaa0ec1,2586.25
o5qropwk,ecaa0ec1,584.0
pad0sufd,ecaa0ec1,1891.5
emwp6wq7,ecaa0ec1,2263.7000000476837
ym49wqbn,ecaa0ec1,614.1999999284744
npr5bsi2,ecaa0ec1,915.6000001430511
xeu3j3ki,ecaa0ec1,2603.5
byx9jkxm,ecaa0ec1,892.5
bmlngyh3,ecaa0ec1,7920.100000023842
cghxa2ie,ecaa0ec1,2503.39999999851
3d2as981,ecaa0ec1,2916.350000023842
clucow7d,ecaa0ec1,2162.9000000059605
0hrc9vve,ecaa0ec1,555.5
zvbewhqx,ecaa0ec1,1583.800000011921
ism64anu,ecaa0ec1,1412.6999999880793
plfupad7,ecaa0ec1,2846.25
f0wpo2hr,ecaa0ec1,789.0
qazkn1sw,ecaa0ec1,881.0
8aknstxj,ecaa0ec1,620.6999999284744
c7z6erey,ecaa0ec1,1787.5
nze0azo1,ecaa0ec1,764.6999999284744
r2ck84r8,ecaa0ec1,1569.3499999046326
hpl7jugr,ecaa0ec1,1978.0
ske58akk,ecaa0ec1,901.6999999880791
ovhoesyy,ecaa0ec1,2041.0
3cc6zm51,ecaa0ec1,800.1000000238419
stbyxpx6,ecaa0ec1,1328.1000000089407
r24jdhzg,ecaa0ec1,888.5
44o5xnxe,ecaa0ec1,1442.0
q04yitea,ecaa0ec1,739.9000000357628
qfsp3ery,ecaa0ec1,816.1499998569489
02333qfj,ecaa0ec1,1616.0
y32zaw9c,ecaa0ec1,1459.0
0ra11hiv,ecaa0ec1,2289.7999992370605
phbjwkyw,ecaa0ec1,573.6499999761581
szbhlpfr,ecaa0ec1,50.6000000089407
89u58v07,ecaa0ec1,2081.0
4s3cm7d8,ecaa0ec1,1671.0
e2w81k0i,ecaa0ec1,1824.2999999523165
hsm45iwx,ecaa0ec1,2651.1500000059605
sn10zd6g,ecaa0ec1,927.1999998092653
9evwb372,ecaa0ec1,625.0
ya0wv6pm,ecaa0ec1,803.0
1qt2f29y,ecaa0ec1,2333.379999998957
clhkwrie,ecaa0ec1,329.09999999403954
mpzcivx9,ecaa0ec1,1671.3499999996275
sp00glmz,ecaa0ec1,2000.5
jx6lhkbi,ecaa0ec1,2287.7999999523163
cfclud8z,ecaa0ec1,1121.60000000149
zelqv7az,ecaa0ec1,351.19999998807907
z8b26ynw,ecaa0ec1,555.5
oxvw1rhx,ecaa0ec1,2142.699999999255
4j6cy1mk,ecaa0ec1,1232.5
318gokyy,ecaa0ec1,17929.60000014305
8d21w3yr,ecaa0ec1,5706.0
hkj9daz7,ecaa0ec1,1016.89999999851
zfeorjum,ecaa0ec1,2516.0
9ohxtpht,ecaa0ec1,851.9500000029802
w12e497z,ecaa0ec1,1295.2000000029802
cbvc5e3w,ecaa0ec1,2138.300000190735
1r6yodve,ecaa0ec1,1052.0
2anyuqd8,ecaa0ec1,2153.0
2w766g1z,ecaa0ec1,2025.4000000953672
mr7lkk46,ecaa0ec1,2287.0
5vv1rrzw,ecaa0ec1,2580.900000095367
nqubyvew,ecaa0ec1,620.6000000089407
f5ktzt2t,ecaa0ec1,1866.0999999046328
kkeej6x5,ecaa0ec1,3841.10000000149
pcrxo3zp,ecaa0ec1,1231.4500000476837
t3l0if03,ecaa0ec1,1719.3500000238419
nldu5ge3,ecaa0ec1,4980.5
4wx63ymf,ecaa0ec1,1483.2000000001863
nfbzvhip,ecaa0ec1,552.0999999046326
onnumbyy,ecaa0ec1,1896.0
m63pxnwq,ecaa0ec1,2312.599999904633
nrfiw9bx,ecaa0ec1,1778.1999998092651
pz38obzd,ecaa0ec1,664.0
xklnx39q,ecaa0ec1,2819.7000000476837
z3die4q3,ecaa0ec1,3276.0
p445h6ow,ecaa0ec1,1570.0
8yhijukj,ecaa0ec1,1871.5999999940395
mhskzwic,ecaa0ec1,1716.0
7agy8y3l,ecaa0ec1,633.0
vbwguazj,ecaa0ec1,2800.10000000149
om1m73rv,ecaa0ec1,1706.0
hd5k29qy,ecaa0ec1,2301.0
72p6pxny,ecaa0ec1,1791.7999999523165
mzi8f2hv,ecaa0ec1,699.7999999988824
189iqcds,ecaa0ec1,3439.5999999996275
xgvto4mg,ecaa0ec1,1075.800000000745
cw4tyx7n,ecaa0ec1,2101.600000023842
c2lwacqc,ecaa0ec1,976.3000000119208
g7svteiz,ecaa0ec1,1915.75
ei0ij8ms,ecaa0ec1,2596.0
2tkm21z6,ecaa0ec1,1938.0
yfyhejim,ecaa0ec1,1693.1999998092651
jayyv6lz,ecaa0ec1,1780.5
qu0lm98m,ecaa0ec1,2508.25
ldo5smvx,ecaa0ec1,2669.5999994277954
g3vslpjv,ecaa0ec1,2374.89999999851
c9sps7bl,ecaa0ec1,2319.9500000178814
bx44xwzb,ecaa0ec1,2343.39999999851
o2ho0580,ecaa0ec1,2432.0999994277954
8oohxrrz,ecaa0ec1,2966.100000023842
x5id5i5q,ecaa0ec1,3002.0
yebzokh4,ecaa0ec1,1764.0999999977648
r99uy0qb,ecaa0ec1,2068.5
idma9086,ecaa0ec1,801.1000000238419
7nszfy43,ecaa0ec1,6591.0
b73rrttr,ecaa0ec1,1393.5999999996277
qif0sa3r,ecaa0ec1,684.7999999988824
8y2nd2sh,ecaa0ec1,1047.899999976158
l0nln4b2,ecaa0ec1,1821.5
aypxap78,ecaa0ec1,2162.199999988079
ascil7wf,ecaa0ec1,1743.1499999985099
nx0vccp8,ecaa0ec1,1101.5999999046326
8psac9uo,ecaa0ec1,2872.2000000476837
kck1uue7,ecaa0ec1,4003.300000190735
jqeesfz7,ecaa0ec1,341.19999999925494
lmtka1ev,2dd70a9a,1698.0
41kp06jx,2dd70a9a,1844.2000000001863
a0w1xgxf,2dd70a9a,1004.0
6eyovdd2,2dd70a9a,1544.0
a6jpzpek,2dd70a9a,1395.7999999988824
vpxztp7b,2dd70a9a,874.0
f1ejz9fy,2dd70a9a,1887.8500000238419
e0biso3r,2dd70a9a,660.1000001430511
a9gvtd1o,2dd70a9a,851.1000003814697
c7ac53of,2dd70a9a,4715.900000095367
rjanlii9,2dd70a9a,2348.900000095367
mrypomny,2dd70a9a,864.0
jeq3oy2g,2dd70a9a,373.0
tc5wgx8h,2dd70a9a,990.7999999821186
8bgj1tsd,2dd70a9a,413.10000002384186
648anokh,2dd70a9a,1603.7999999523165
zc26r1al,2dd70a9a,345.1999999284744
4stfwpke,2dd70a9a,1430.199999999255
vr20hyge,2dd70a9a,761.5
nhds6zsd,2dd70a9a,2768.0
so5k1adg,2dd70a9a,366.55000000074506
904h81sn,2dd70a9a,5611.699999988079
j2dvablb,2dd70a9a,959.5999999996276
xasfvnb7,2dd70a9a,508.09999990463257
sesf1qnx,2dd70a9a,1047.2999999970198
2j8p9vyz,2dd70a9a,5569.0
6p8vl3lk,2dd70a9a,4938.5
s03ed531,2dd70a9a,633.0000000004657
wcau806y,2dd70a9a,728.5
ni5df01j,2dd70a9a,3349.399999856949
eyn3wygc,2dd70a9a,6877.299999982119
mrwlcmno,2dd70a9a,417.0
ew4oecfi,2dd70a9a,474.94999980926514
t2eyvuxq,2dd70a9a,2172.8000000715256
d1vjrjhc,2dd70a9a,4554.70000000298
mlvcv31l,2dd70a9a,5849.5999999940395
o4kkkuj9,2dd70a9a,388.6000000005588
k8txaw58,2dd70a9a,2693.800000190735
a589fsqz,2dd70a9a,1504.4500000029802
cdo2cmtp,2dd70a9a,1784.4500000001863
uktb326q,2dd70a9a,403.0
kwy2bqjo,2dd70a9a,1793.550000011921
bw2cwy0m,2dd70a9a,548.8999999994412
v6jvgdvg,2dd70a9a,633.5999999046326
l5sagbsh,2dd70a9a,1433.0
ljwskxcq,2dd70a9a,1768.6999998092651
3irnkhq8,2dd70a9a,5571.799999982119
4s9g1cze,2dd70a9a,2562.199999988079
zj5uemkt,2dd70a9a,630.8500000238419
hsm45iwx,2dd70a9a,1091.7000000178814
4s3cm7d8,2dd70a9a,1166.0
e2w81k0i,2dd70a9a,2399.949999988079
szbhlpfr,2dd70a9a,424.29999999701977
phbjwkyw,2dd70a9a,3912.099999904633
89u58v07,2dd70a9a,6854.20000000298
y32zaw9c,2dd70a9a,448.0
0ra11hiv,2dd70a9a,734.9499998092651
44o5xnxe,2dd70a9a,926.0
qkiu92kk,2dd70a9a,410.90000000596046
02333qfj,2dd70a9a,6428.300000190735
q04yitea,2dd70a9a,2621.5
qfsp3ery,2dd70a9a,634.8000001907349
3cc6zm51,2dd70a9a,606.4999999403954
ske58akk,2dd70a9a,2359.2000000476837
ovhoesyy,2dd70a9a,1840.0
r24jdhzg,2dd70a9a,855.5
stbyxpx6,2dd70a9a,434.34999999403954
nze0azo1,2dd70a9a,317.44999998807907
r2ck84r8,2dd70a9a,1084.4000000953674
hpl7jugr,2dd70a9a,1990.0
qazkn1sw,2dd70a9a,325.0
f0wpo2hr,2dd70a9a,3851.0
8aknstxj,2dd70a9a,497.94999998807907
c7z6erey,2dd70a9a,2483.100000023842
0hrc9vve,2dd70a9a,7281.699999809265
zvbewhqx,2dd70a9a,1904.899999976158
plfupad7,2dd70a9a,694.5999999996275
n2et79bd,2dd70a9a,2177.5
ism64anu,2dd70a9a,2355.899999976158
bmlngyh3,2dd70a9a,344.10000014305115
clucow7d,2dd70a9a,3025.0
cghxa2ie,2dd70a9a,3358.7999999988824
3d2as981,2dd70a9a,3211.5
byx9jkxm,2dd70a9a,6216.0
74l1qvc1,2dd70a9a,159.40000000223517
j2pjmr32,2dd70a9a,959.5
emwp6wq7,2dd70a9a,5503.899999976158
pad0sufd,2dd70a9a,423.3999999994412
xeu3j3ki,2dd70a9a,1090.0
154uk6vm,2dd70a9a,479.5999999791384
ym49wqbn,2dd70a9a,669.6000000238419
npr5bsi2,2dd70a9a,300.9499999284744
o5qropwk,2dd70a9a,341.5
ol9lky1i,2dd70a9a,1294.5499999523163
5nrjvc7q,2dd70a9a,3416.5999999940395
61zahdh9,2dd70a9a,2285.9000000059605
5hz183aa,2dd70a9a,1338.0
kmwiem6m,2dd70a9a,1284.5
5pds9j1d,2dd70a9a,357.69999999925494
ikfbpugl,2dd70a9a,659.6499999761581
d33m799j,2dd70a9a,3319.850000023842
cp3b83py,2dd70a9a,1700.899999976158
27d8totr,2dd70a9a,5154.30000000447
91fk0af9,2dd70a9a,569.9000000357628
qothvfhf,2dd70a9a,543.5
icf7bchs,2dd70a9a,742.5
aqmjput5,2dd70a9a,1370.0
l9krayds,2dd70a9a,777.0999999046326
dmft9d3y,2dd70a9a,2148.800000011921
6e5gb0yb,2dd70a9a,595.5999999046326
om1m73rv,2dd70a9a,1205.7000000476835
7agy8y3l,2dd70a9a,1515.8000000119207
vbwguazj,2dd70a9a,4230.25
z3die4q3,2dd70a9a,2333.5
8jwr3j6t,2dd70a9a,284.450000166893
p445h6ow,2dd70a9a,1093.0
mhskzwic,2dd70a9a,1227.0
50nsp39w,2dd70a9a,2021.0999999046326
8yhijukj,2dd70a9a,505.30000004172325
pz38obzd,2dd70a9a,660.0
xklnx39q,2dd70a9a,4113.600000023842
nrfiw9bx,2dd70a9a,2324.150000095368
onnumbyy,2dd70a9a,1189.5
m63pxnwq,2dd70a9a,2594.099999904633
t3l0if03,2dd70a9a,399.65000000596046
nldu5ge3,2dd70a9a,339.6000000089407
ler5uq42,2dd70a9a,1084.5
4wx63ymf,2dd70a9a,1879.4000000003723
nfbzvhip,2dd70a9a,2445.600000143051
bcyhma9y,2dd70a9a,464.4500000178814
kkeej6x5,2dd70a9a,491.8500000014901
pcrxo3zp,2dd70a9a,3750.5
mr7lkk46,2dd70a9a,3233.6999999284744
2w766g1z,2dd70a9a,1958.699999988079
nqubyvew,2dd70a9a,671.4000000059605
0wk7vjg8,2dd70a9a,3103.0
1r6yodve,2dd70a9a,807.0
2anyuqd8,2dd70a9a,726.9999999997672
k0qq522n,2dd70a9a,568.0999999996275
hkj9daz7,2dd70a9a,4792.0
zfeorjum,2dd70a9a,1035.0
9ohxtpht,2dd70a9a,412.5000000037253
w12e497z,2dd70a9a,1094.7000000029802
oxvw1rhx,2dd70a9a,2343.2999999998137
fl73adm5,2dd70a9a,2537.5
4j6cy1mk,2dd70a9a,1970.2999999523165
8d21w3yr,2dd70a9a,2520.5
cfclud8z,2dd70a9a,3217.70000000298
zelqv7az,2dd70a9a,431.94999998807907
z8b26ynw,2dd70a9a,1612.0
jx6lhkbi,2dd70a9a,1602.6999999284744
mpzcivx9,2dd70a9a,2732.7000000011176
1qt2f29y,2dd70a9a,350.0070000011474
clhkwrie,2dd70a9a,486.09999999403954
sp00glmz,2dd70a9a,10472.300000000743
23iyreiv,2dd70a9a,4074.3499999046326
2ke9hbes,2dd70a9a,665.0
9evwb372,2dd70a9a,1343.0
ya0wv6pm,2dd70a9a,391.0
jqeesfz7,2dd70a9a,329.30000000074506
kck1uue7,2dd70a9a,4393.350000023842
nx0vccp8,2dd70a9a,626.3000000119209
8psac9uo,2dd70a9a,660.6499999761581
aypxap78,2dd70a9a,2083.0
l0nln4b2,2dd70a9a,649.1500000059605
ascil7wf,2dd70a9a,3272.5
8y2nd2sh,2dd70a9a,2173.149999976158
r99uy0qb,2dd70a9a,4619.5
4kl3i3tv,2dd70a9a,609.0999999940395
idma9086,2dd70a9a,4660.199999988079
b73rrttr,2dd70a9a,355.94999999925494
yebzokh4,2dd70a9a,652.0
qfiy90jx,2dd70a9a,4732.200000047684
8oohxrrz,2dd70a9a,5142.899999976158
x5id5i5q,2dd70a9a,472.5
g3vslpjv,2dd70a9a,800.3000000044703
2d8q4qkc,2dd70a9a,5754.0
o2ho0580,2dd70a9a,348.30000019073486
bx44xwzb,2dd70a9a,637.25
ldo5smvx,2dd70a9a,4859.39999961853
qu0lm98m,2dd70a9a,2109.89999999851
jayyv6lz,2dd70a9a,617.0
yfyhejim,2dd70a9a,2946.199999809265
0yfthc4y,2dd70a9a,393.6499999910593
ei0ij8ms,2dd70a9a,2248.0
2tkm21z6,2dd70a9a,419.0
c2lwacqc,2dd70a9a,3999.749999985099
g7svteiz,2dd70a9a,583.5500000715256
cw4tyx7n,2dd70a9a,915.5999999940396
189iqcds,2dd70a9a,2596.89999999851
mzi8f2hv,2dd70a9a,1702.0
fgxp8fzz,2dd70a9a,2161.899999856949
rhbgnqhz,2dd70a9a,2099.8499999940395
72p6pxny,2dd70a9a,2129.25
hd5k29qy,2dd70a9a,5530.30000000447
gkse9wdn,2dd70a9a,952.0000000009313
ya0wv6pm,73c3b0d8,1344.0
9evwb372,73c3b0d8,783.5
clhkwrie,73c3b0d8,1407.0
1qt2f29y,73c3b0d8,3091.7285000000848
mpzcivx9,73c3b0d8,1260.2000000001863
sp00glmz,73c3b0d8,1306.7999999970198
jx6lhkbi,73c3b0d8,1913.3000000715253
cfclud8z,73c3b0d8,2451.300000000745
z8b26ynw,73c3b0d8,846.0
zelqv7az,73c3b0d8,1532.6500000357628
4j6cy1mk,73c3b0d8,1279.7000000476835
oxvw1rhx,73c3b0d8,902.6999999992548
8d21w3yr,73c3b0d8,1339.0
zfeorjum,73c3b0d8,1553.0
hkj9daz7,73c3b0d8,1464.75
w12e497z,73c3b0d8,3519.9499999955297
9ohxtpht,73c3b0d8,1570.300000000745
0wk7vjg8,73c3b0d8,3951.0
2anyuqd8,73c3b0d8,2645.0
2w766g1z,73c3b0d8,1379.399999976158
5vv1rrzw,73c3b0d8,1254.75
mr7lkk46,73c3b0d8,2053.2999999523163
f5ktzt2t,73c3b0d8,642.8500000238419
kkeej6x5,73c3b0d8,1404.300000000745
nldu5ge3,73c3b0d8,1508.3999999985099
t3l0if03,73c3b0d8,600.3999999761581
nfbzvhip,73c3b0d8,2451.699999809265
4wx63ymf,73c3b0d8,1201.6500000003723
onnumbyy,73c3b0d8,3042.0
nrfiw9bx,73c3b0d8,1688.0500001907349
pz38obzd,73c3b0d8,1693.399999976158
xklnx39q,73c3b0d8,3051.899999976158
p445h6ow,73c3b0d8,1144.0
8jwr3j6t,73c3b0d8,1131.6000000238419
z3die4q3,73c3b0d8,713.0
8yhijukj,73c3b0d8,1734.5499999821186
50nsp39w,73c3b0d8,787.5
mhskzwic,73c3b0d8,1588.5
vbwguazj,73c3b0d8,1627.9000000003725
o1t1fb7j,73c3b0d8,4420.699999988079
7agy8y3l,73c3b0d8,3895.1999999284744
om1m73rv,73c3b0d8,869.1000000238419
hd5k29qy,73c3b0d8,1125.25
72p6pxny,73c3b0d8,1743.5999999046326
rhbgnqhz,73c3b0d8,1468.9000000059605
mzi8f2hv,73c3b0d8,1162.0
189iqcds,73c3b0d8,3273.2999999988824
cw4tyx7n,73c3b0d8,5932.0999999940395
g7svteiz,73c3b0d8,1094.9500000476837
c2lwacqc,73c3b0d8,1807.2999999821184
ei0ij8ms,73c3b0d8,1574.5
0yfthc4y,73c3b0d8,570.0
2tkm21z6,73c3b0d8,2099.5
yfyhejim,73c3b0d8,1244.7999999523163
qu0lm98m,73c3b0d8,2053.5
jayyv6lz,73c3b0d8,1165.0
2d8q4qkc,73c3b0d8,765.5
g3vslpjv,73c3b0d8,3380.9500000029802
c9sps7bl,73c3b0d8,1349.8999999761581
o2ho0580,73c3b0d8,2950.199999809265
bx44xwzb,73c3b0d8,1760.5
8oohxrrz,73c3b0d8,1094.899999976158
qfiy90jx,73c3b0d8,1333.2999999523165
x5id5i5q,73c3b0d8,2078.0
yebzokh4,73c3b0d8,2336.29999999702
idma9086,73c3b0d8,2040.1500000059605
r99uy0qb,73c3b0d8,2213.0
b73rrttr,73c3b0d8,1362.0
8y2nd2sh,73c3b0d8,1815.25
l0nln4b2,73c3b0d8,2209.850000023842
aypxap78,73c3b0d8,2790.699999988079
ascil7wf,73c3b0d8,2062.14999999851
8psac9uo,73c3b0d8,2300.2499998807907
nx0vccp8,73c3b0d8,2310.6000000834465
kck1uue7,73c3b0d8,2074.6999999284744
jqeesfz7,73c3b0d8,2121.699999999255
zj5uemkt,73c3b0d8,3164.649999976158
4s9g1cze,73c3b0d8,308.4000000357628
3irnkhq8,73c3b0d8,1496.0
ljwskxcq,73c3b0d8,1175.0999999046326
v6jvgdvg,73c3b0d8,671.7000000476837
l5sagbsh,73c3b0d8,700.0
uktb326q,73c3b0d8,2213.0
bw2cwy0m,73c3b0d8,923.7999999998137
o4kkkuj9,73c3b0d8,2471.4000000003725
k8txaw58,73c3b0d8,1112.0
mlvcv31l,73c3b0d8,1610.4500000029802
d1vjrjhc,73c3b0d8,1817.0499999895692
a589fsqz,73c3b0d8,1312.4500000029802
qv0yh587,73c3b0d8,793.0
t2eyvuxq,73c3b0d8,1984.8999999761581
eyn3wygc,73c3b0d8,2744.749999985099
ew4oecfi,73c3b0d8,891.8999998569489
mrwlcmno,73c3b0d8,1614.5
s03ed531,73c3b0d8,2057.5000000004657
2j8p9vyz,73c3b0d8,944.0
wcau806y,73c3b0d8,2025.0
sesf1qnx,73c3b0d8,2721.3499999940395
03ljcqhc,73c3b0d8,841.3999999910593
j2dvablb,73c3b0d8,1772.7999999998137
904h81sn,73c3b0d8,1051.2500000149012
nhds6zsd,73c3b0d8,1158.5
vr20hyge,73c3b0d8,1639.5
648anokh,73c3b0d8,955.1500000357628
jeq3oy2g,73c3b0d8,1650.0
mrypomny,73c3b0d8,1280.0
rjanlii9,73c3b0d8,2284.9500000476837
c7ac53of,73c3b0d8,4184.699999809265
8bgj1tsd,73c3b0d8,1756.7500001192093
tc5wgx8h,73c3b0d8,1797.7999999821186
f1ejz9fy,73c3b0d8,953.0499999821186
vpxztp7b,73c3b0d8,1192.0
a9gvtd1o,73c3b0d8,1118.1000003814695
e0biso3r,73c3b0d8,1934.9000000953672
lmtka1ev,73c3b0d8,565.0
a6jpzpek,73c3b0d8,2108.10000000149
6eyovdd2,73c3b0d8,1051.4500000476837
dmft9d3y,73c3b0d8,2829.0499999523163
6e5gb0yb,73c3b0d8,600.2000000476837
icf7bchs,73c3b0d8,734.0
l9krayds,73c3b0d8,1298.75
aqmjput5,73c3b0d8,1450.0
91fk0af9,73c3b0d8,2975.4499999582767
fkx2gd88,73c3b0d8,1048.5500000119207
27d8totr,73c3b0d8,2690.949999988079
5pds9j1d,73c3b0d8,936.2000000029802
kmwiem6m,73c3b0d8,1122.899999976158
d33m799j,73c3b0d8,2314.7000000476837
ikfbpugl,73c3b0d8,706.7999999523163
5nrjvc7q,73c3b0d8,1889.550000011921
ol9lky1i,73c3b0d8,1333.9500000476837
o5qropwk,73c3b0d8,1682.0
5hz183aa,73c3b0d8,3734.0
61zahdh9,73c3b0d8,1036.0999999940395
pad0sufd,73c3b0d8,1467.39999999851
emwp6wq7,73c3b0d8,795.6499999761581
npr5bsi2,73c3b0d8,950.9000000953674
ym49wqbn,73c3b0d8,1426.0
154uk6vm,73c3b0d8,1140.9000000059605
xeu3j3ki,73c3b0d8,449.0
byx9jkxm,73c3b0d8,774.0
j2pjmr32,73c3b0d8,2410.5
bmlngyh3,73c3b0d8,2238.1500000953674
3d2as981,73c3b0d8,3632.099999964237
cghxa2ie,73c3b0d8,1845.3500000014901
clucow7d,73c3b0d8,1992.8499999940395
zvbewhqx,73c3b0d8,1972.1000000238419
ism64anu,73c3b0d8,732.6500000357628
n2et79bd,73c3b0d8,533.3000000007451
plfupad7,73c3b0d8,1907.0
f0wpo2hr,73c3b0d8,1695.5
qazkn1sw,73c3b0d8,1933.5
c7z6erey,73c3b0d8,1563.5499999821186
8aknstxj,73c3b0d8,2220.6999999284744
hpl7jugr,73c3b0d8,859.5
r2ck84r8,73c3b0d8,1554.9499999284744
nze0azo1,73c3b0d8,1601.3999999165535
ovhoesyy,73c3b0d8,1712.0
ske58akk,73c3b0d8,1243.399999976158
3cc6zm51,73c3b0d8,838.8999999761581
stbyxpx6,73c3b0d8,760.2999999821186
r24jdhzg,73c3b0d8,2326.8499999996275
44o5xnxe,73c3b0d8,1235.5
qfsp3ery,73c3b0d8,2439.599999904633
q04yitea,73c3b0d8,1705.25
02333qfj,73c3b0d8,1360.1000000238419
phbjwkyw,73c3b0d8,447.05000001192093
89u58v07,73c3b0d8,1931.75
e2w81k0i,73c3b0d8,1364.7999999523163
4s3cm7d8,73c3b0d8,944.5
hsm45iwx,73c3b0d8,2004.4500000029802
sn10zd6g,73c3b0d8,1664.6999998092651
gkse9wdn,e69241bd,834.5
72p6pxny,e69241bd,384.60000014305115
rhbgnqhz,e69241bd,548.1500000059605
hd5k29qy,e69241bd,375.54999999701977
fgxp8fzz,e69241bd,2902.2000000476837
189iqcds,e69241bd,539.9000000022352
mzi8f2hv,e69241bd,404.25
g7svteiz,e69241bd,573.6000000238419
c2lwacqc,e69241bd,544.8000000119209
cw4tyx7n,e69241bd,1349.4000000059605
2tkm21z6,e69241bd,447.5
0yfthc4y,e69241bd,343.50000001490116
ei0ij8ms,e69241bd,2177.0
9wkeb5tu,e69241bd,498.199999988079
yfyhejim,e69241bd,1798.5999999046326
jayyv6lz,e69241bd,620.0
qu0lm98m,e69241bd,900.75
bx44xwzb,e69241bd,659.3499999940395
o2ho0580,e69241bd,825.8999996185303
c9sps7bl,e69241bd,2502.25
g3vslpjv,e69241bd,780.7999999970198
2d8q4qkc,e69241bd,1581.0
x5id5i5q,e69241bd,2570.0
qfiy90jx,e69241bd,550.3999999761581
8oohxrrz,e69241bd,3935.400000095367
kavvl57w,e69241bd,2065.1499999910593
yebzokh4,e69241bd,600.0500000007451
b73rrttr,e69241bd,416.1499999994412
0fy66fv2,e69241bd,467.30000000074506
idma9086,e69241bd,483.699999988079
r99uy0qb,e69241bd,7998.0
8y2nd2sh,e69241bd,2197.199999988079
ascil7wf,e69241bd,1602.0
aypxap78,e69241bd,351.80000001192093
l0nln4b2,e69241bd,513.1000000238419
kck1uue7,e69241bd,1580.0
8psac9uo,e69241bd,843.0
nx0vccp8,e69241bd,632.1499999761581
jqeesfz7,e69241bd,274.24999999813735
23iyreiv,e69241bd,1679.4000005722046
ya0wv6pm,e69241bd,419.0
9evwb372,e69241bd,552.0
sp00glmz,e69241bd,3698.400000002235
mpzcivx9,e69241bd,1036.4499999997206
1qt2f29y,e69241bd,483.34299999987707
clhkwrie,e69241bd,352.5
jx6lhkbi,e69241bd,3429.5
z8b26ynw,e69241bd,990.0
zelqv7az,e69241bd,375.44999998807907
cfclud8z,e69241bd,1079.0999999977648
8d21w3yr,e69241bd,438.0
4j6cy1mk,e69241bd,335.5
oxvw1rhx,e69241bd,433.0999999996274
w12e497z,e69241bd,1039.5
9ohxtpht,e69241bd,466.75
hkj9daz7,e69241bd,947.0
zfeorjum,e69241bd,2551.0
2anyuqd8,e69241bd,777.0000000000073
1r6yodve,e69241bd,725.0000000004657
5vv1rrzw,e69241bd,701.2999999523163
mr7lkk46,e69241bd,2750.849999964237
2w766g1z,e69241bd,292.7999999523163
pcrxo3zp,e69241bd,502.2000002861023
f5ktzt2t,e69241bd,1576.5
kkeej6x5,e69241bd,379.5999999977648
ler5uq42,e69241bd,583.5
nfbzvhip,e69241bd,368.0
4wx63ymf,e69241bd,635.2999999988824
nldu5ge3,e69241bd,302.8999999985099
t3l0if03,e69241bd,316.5
m63pxnwq,e69241bd,362.6999999284744
onnumbyy,e69241bd,1084.0
nrfiw9bx,e69241bd,700.4500002861023
pz38obzd,e69241bd,527.7000000476837
xklnx39q,e69241bd,2302.399999976158
mhskzwic,e69241bd,430.0
8yhijukj,e69241bd,560.1999999880791
8jwr3j6t,e69241bd,455.0
z3die4q3,e69241bd,1781.0
om1m73rv,e69241bd,370.55000001192093
vbwguazj,e69241bd,387.94999999925494
7agy8y3l,e69241bd,403.55000001192093
pgtp756s,e69241bd,404.30000001192093
6e5gb0yb,e69241bd,566.8999998569489
dmft9d3y,e69241bd,625.1000000238419
aqmjput5,e69241bd,1106.0
l9krayds,e69241bd,1103.2000000476835
nvlsix5c,e69241bd,812.0
fkx2gd88,e69241bd,3196.8499999940395
27d8totr,e69241bd,733.0
91fk0af9,e69241bd,667.3000000417233
qothvfhf,e69241bd,375.050000011921
cp3b83py,e69241bd,1986.199999988079
ikfbpugl,e69241bd,407.7999999821186
kmwiem6m,e69241bd,2039.6999999284744
61zahdh9,e69241bd,327.9999999701977
o5qropwk,e69241bd,353.0
5nrjvc7q,e69241bd,537.1499999761581
npr5bsi2,e69241bd,242.60000002384186
154uk6vm,e69241bd,441.40000000596046
ym49wqbn,e69241bd,2448.399999976158
emwp6wq7,e69241bd,443.85000002384186
pad0sufd,e69241bd,387.5500000002794
byx9jkxm,e69241bd,597.0
clucow7d,e69241bd,539.8499999940395
3d2as981,e69241bd,864.7000000476837
cghxa2ie,e69241bd,1110.25
bmlngyh3,e69241bd,532.8000001907349
plfupad7,e69241bd,815.8500000005588
ism64anu,e69241bd,3052.0
n2et79bd,e69241bd,1593.699999999255
zvbewhqx,e69241bd,384.44999998807907
8aknstxj,e69241bd,539.8999999761581
c7z6erey,e69241bd,462.55000001192093
qazkn1sw,e69241bd,708.0
f0wpo2hr,e69241bd,385.0
hpl7jugr,e69241bd,1796.0
r2ck84r8,e69241bd,579.7000000476837
nze0azo1,e69241bd,417.05000001192093
r24jdhzg,e69241bd,460.1499999985099
stbyxpx6,e69241bd,352.40000000596046
3cc6zm51,e69241bd,291.60000002384186
ovhoesyy,e69241bd,452.5
ske58akk,e69241bd,544.0
02333qfj,e69241bd,432.2999999523163
qfsp3ery,e69241bd,602.3499999046326
q04yitea,e69241bd,1805.2999999523165
44o5xnxe,e69241bd,348.5
qkiu92kk,e69241bd,701.5499999821186
cuybsfwr,e69241bd,279.0
0ra11hiv,e69241bd,707.4000005722046
y32zaw9c,e69241bd,479.5
89u58v07,e69241bd,3814.2999999988824
szbhlpfr,e69241bd,503.75
phbjwkyw,e69241bd,244.55000001192093
sn10zd6g,e69241bd,834.2999999523163
hsm45iwx,e69241bd,616.2999999821186
e2w81k0i,e69241bd,568.0500000119209
4s3cm7d8,e69241bd,467.0
ljwskxcq,e69241bd,418.5
v6jvgdvg,e69241bd,614.8999998569489
l5sagbsh,e69241bd,380.0
4s9g1cze,e69241bd,1466.9000000357628
3irnkhq8,e69241bd,655.7999999821186
kwy2bqjo,e69241bd,2307.399999976158
bw2cwy0m,e69241bd,411.04999999981374
uktb326q,e69241bd,570.0
a589fsqz,e69241bd,375.7000000178814
d1vjrjhc,e69241bd,376.3999999910593
o4kkkuj9,e69241bd,365.30000000074506
k8txaw58,e69241bd,369.64999997615814
mlvcv31l,e69241bd,474.94999999552965
1xogp17t,e69241bd,110.5
t2eyvuxq,e69241bd,397.7000000476837
qv0yh587,e69241bd,424.0
mrwlcmno,e69241bd,417.5
ew4oecfi,e69241bd,416.80000019073486
eyn3wygc,e69241bd,424.09999999403954
ni5df01j,e69241bd,360.25
wcau806y,e69241bd,743.0
2j8p9vyz,e69241bd,878.0
s03ed531,e69241bd,534.0000000009313
xasfvnb7,e69241bd,537.6999998092651
sesf1qnx,e69241bd,1076.2999999970198
904h81sn,e69241bd,363.99999998509884
j2dvablb,e69241bd,609.0
ce9qdbyh,e69241bd,296.0
nhds6zsd,e69241bd,393.5
vr20hyge,e69241bd,722.0
4stfwpke,e69241bd,467.6000000014901
648anokh,e69241bd,624.1000000238419
tc5wgx8h,e69241bd,401.6499999910593
rjanlii9,e69241bd,691.2000000476837
c7ac53of,e69241bd,1700.6499998569489
mrypomny,e69241bd,528.0
a9gvtd1o,e69241bd,724.8999996185303
e0biso3r,e69241bd,706.1000001430511
vpxztp7b,e69241bd,560.0
f1ejz9fy,e69241bd,432.25
6eyovdd2,e69241bd,368.0
a6jpzpek,e69241bd,2023.4000000003725
41kp06jx,e69241bd,491.34999999962747
a0w1xgxf,e69241bd,584.0
4stfwpke,7447852a,1533.5
vr20hyge,7447852a,900.0
nhds6zsd,7447852a,596.0
j2dvablb,7447852a,509.80000000074506
904h81sn,7447852a,447.95000000298023
ce9qdbyh,7447852a,337.05000001192093
03ljcqhc,7447852a,823.5999999940395
sesf1qnx,7447852a,988.2000000029802
xasfvnb7,7447852a,477.2999999523163
a6jpzpek,7447852a,1725.199999999255
6eyovdd2,7447852a,959.2999999523164
a0w1xgxf,7447852a,660.0
41kp06jx,7447852a,660.3000000007451
lmtka1ev,7447852a,1295.5
e0biso3r,7447852a,720.0999999046326
a9gvtd1o,7447852a,662.6999998092651
vpxztp7b,7447852a,629.0
8bgj1tsd,7447852a,709.2000000476837
tc5wgx8h,7447852a,648.75
mrypomny,7447852a,504.0
jeq3oy2g,7447852a,485.5
c7ac53of,7447852a,3978.699999809265
rjanlii9,7447852a,1904.7999999523165
zc26r1al,7447852a,507.10000002384186
648anokh,7447852a,451.5999999642372
bw2cwy0m,7447852a,588.0999999996275
kwy2bqjo,7447852a,957.5499999523163
uktb326q,7447852a,1203.0
4s9g1cze,7447852a,853.4000000357628
3irnkhq8,7447852a,1423.0
ljwskxcq,7447852a,1317.1000003814695
l5sagbsh,7447852a,864.5
v6jvgdvg,7447852a,691.8999998569489
zj5uemkt,7447852a,760.0500000119209
wcau806y,7447852a,789.5
s03ed531,7447852a,1033.5000000002328
6p8vl3lk,7447852a,443.5
2j8p9vyz,7447852a,1973.5
ew4oecfi,7447852a,2263.3999996185303
mrwlcmno,7447852a,530.0
eyn3wygc,7447852a,506.45000000298023
ni5df01j,7447852a,511.4500000476837
qv0yh587,7447852a,586.5
t2eyvuxq,7447852a,1406.100000023842
a589fsqz,7447852a,428.45000000298023
o4kkkuj9,7447852a,459.25
k8txaw58,7447852a,1395.7999999523165
mlvcv31l,7447852a,1924.9999999925494
d1vjrjhc,7447852a,489.09999999403954
stbyxpx6,7447852a,1024.2999999970198
r24jdhzg,7447852a,764.25
ovhoesyy,7447852a,2251.0
ske58akk,7447852a,516.3499999940395
3cc6zm51,7447852a,238.44999998807907
nze0azo1,7447852a,472.7999999523163
hpl7jugr,7447852a,1281.0
c7z6erey,7447852a,322.64999997615814
f0wpo2hr,7447852a,358.0
ism64anu,7447852a,1299.5
n2et79bd,7447852a,253.00000000093132
plfupad7,7447852a,949.4499999992549
0hrc9vve,7447852a,543.3499999046326
zvbewhqx,7447852a,1061.9500000476837
sn10zd6g,7447852a,648.6000000238419
4s3cm7d8,7447852a,592.0
e2w81k0i,7447852a,1904.0
hsm45iwx,7447852a,503.40000000596046
89u58v07,7447852a,1509.0
phbjwkyw,7447852a,1374.699999988079
szbhlpfr,7447852a,487.75
0ra11hiv,7447852a,745.0999994277954
cuybsfwr,7447852a,2135.0
y32zaw9c,7447852a,642.0
q04yitea,7447852a,777.5500000119209
qfsp3ery,7447852a,666.7999999523163
02333qfj,7447852a,897.2500001192093
qkiu92kk,7447852a,396.55000001192093
ihnjt6k4,7447852a,679.0
44o5xnxe,7447852a,255.0
d33m799j,7447852a,619.6000000238419
ikfbpugl,7447852a,563.0999999642372
5pds9j1d,7447852a,475.30000000074506
kmwiem6m,7447852a,1113.0
91fk0af9,7447852a,450.0
qothvfhf,7447852a,612.8000000119209
fkx2gd88,7447852a,2585.0
27d8totr,7447852a,908.5
cp3b83py,7447852a,1159.800000011921
bhpug29p,7447852a,631.0500000000466
aqmjput5,7447852a,590.5
6e5gb0yb,7447852a,406.2000000476837
dmft9d3y,7447852a,967.899999976158
bdfn1h0o,7447852a,780.4000000953674
cghxa2ie,7447852a,1552.449999999255
3d2as981,7447852a,1211.199999988079
clucow7d,7447852a,892.4500000178814
bmlngyh3,7447852a,501.0499999523163
j2pjmr32,7447852a,783.0
byx9jkxm,7447852a,923.5
74l1qvc1,7447852a,646.9000000003725
ym49wqbn,7447852a,1243.300000011921
npr5bsi2,7447852a,225.75
xeu3j3ki,7447852a,754.5
pad0sufd,7447852a,507.15000000037253
emwp6wq7,7447852a,472.10000002384186
5hz183aa,7447852a,1030.0
61zahdh9,7447852a,409.89999997615814
5nrjvc7q,7447852a,729.5499999970198
o5qropwk,7447852a,573.0
m63pxnwq,7447852a,431.7999999523163
onnumbyy,7447852a,843.0
nfbzvhip,7447852a,446.15000009536743
ler5uq42,7447852a,583.0
t3l0if03,7447852a,725.0
nldu5ge3,7447852a,356.3999999985099
f5ktzt2t,7447852a,930.5999999046326
kkeej6x5,7447852a,555.7000000029802
pcrxo3zp,7447852a,1567.9000000953674
bcyhma9y,7447852a,640.4000000059605
nqubyvew,7447852a,1207.7999999821186
2w766g1z,7447852a,348.89999997615814
mr7lkk46,7447852a,952.0000000596046
7agy8y3l,7447852a,482.89999997615814
vbwguazj,7447852a,370.25
om1m73rv,7447852a,468.2000000476837
8yhijukj,7447852a,929.2000000476836
mhskzwic,7447852a,1354.0
z3die4q3,7447852a,1548.0
8jwr3j6t,7447852a,315.7000000476837
pz38obzd,7447852a,471.89999997615814
xklnx39q,7447852a,1850.050000011921
nrfiw9bx,7447852a,1188.6500000953674
zelqv7az,7447852a,487.80000001192093
z8b26ynw,7447852a,859.5
cfclud8z,7447852a,981.3000000007451
jx6lhkbi,7447852a,1700.4000000953674
sp00glmz,7447852a,360.05000000074506
clhkwrie,7447852a,427.2499999925494
1qt2f29y,7447852a,466.67600000090897
mpzcivx9,7447852a,1206.0499999998137
9evwb372,7447852a,707.0
ya0wv6pm,7447852a,345.5
23iyreiv,7447852a,1584.9499998092651
k0qq522n,7447852a,432.15000000037253
cbvc5e3w,7447852a,697.3500001430511
1r6yodve,7447852a,541.0
2anyuqd8,7447852a,785.0
0wk7vjg8,7447852a,757.0
9ohxtpht,7447852a,396.30000000074506
w12e497z,7447852a,916.7000000029802
zfeorjum,7447852a,808.5
hkj9daz7,7447852a,1172.5
8d21w3yr,7447852a,434.0
oxvw1rhx,7447852a,405.09999999962747
wa9xd98o,7447852a,2371.0
0fy66fv2,7447852a,302.69999999925494
b73rrttr,7447852a,471.75
idma9086,7447852a,484.10000002384186
kavvl57w,7447852a,1238.1500000059605
yebzokh4,7447852a,623.8999999985099
x5id5i5q,7447852a,551.0
8oohxrrz,7447852a,392.0
qfiy90jx,7447852a,673.5
c9sps7bl,7447852a,1413.6500000059605
o2ho0580,7447852a,569.5
bx44xwzb,7447852a,665.6000000014901
2d8q4qkc,7447852a,1066.0
g3vslpjv,7447852a,807.8999999985099
xji13cu2,7447852a,1409.199999988079
jqeesfz7,7447852a,470.3999999985099
8psac9uo,7447852a,752.1000001430511
nx0vccp8,7447852a,949.9500000476836
9pjr0waw,7447852a,1668.10000000149
ascil7wf,7447852a,903.4500000029802
l0nln4b2,7447852a,536.4499999880791
aypxap78,7447852a,859.3000000119209
8y2nd2sh,7447852a,2204.899999976158
g7svteiz,7447852a,724.7000000476837
fgxp8fzz,7447852a,567.0
mzi8f2hv,7447852a,333.90000000037253
189iqcds,7447852a,2020.5999999940395
gkse9wdn,7447852a,1568.9999999981374
hd5k29qy,7447852a,342.09999999403954
rhbgnqhz,7447852a,631.2000000476837
72p6pxny,7447852a,1100.7000000476837
ldo5smvx,7447852a,1293.6000003814695
qu0lm98m,7447852a,1520.3500000014901
jayyv6lz,7447852a,666.5
yfyhejim,7447852a,958.4000000953674
9wkeb5tu,7447852a,630.3499999940395
2tkm21z6,7447852a,525.0
ei0ij8ms,7447852a,1422.0
0yfthc4y,7447852a,416.09999999403954
qu0lm98m,2546ccf6,1007.0
jayyv6lz,2546ccf6,747.5
2tkm21z6,2546ccf6,1080.0
ei0ij8ms,2546ccf6,2062.0
yfyhejim,2546ccf6,833.6999998092651
cw4tyx7n,2546ccf6,853.7000000029802
c2lwacqc,2546ccf6,748.8999999910593
g7svteiz,2546ccf6,845.5500000715256
yc52i3qf,2546ccf6,838.4499999880791
gkse9wdn,2546ccf6,1821.0
hd5k29qy,2546ccf6,1100.3500000014901
rhbgnqhz,2546ccf6,917.4000000059605
72p6pxny,2546ccf6,944.8000000715256
fgxp8fzz,2546ccf6,2170.5
mzi8f2hv,2546ccf6,892.6499999994413
189iqcds,2546ccf6,1154.300000000745
nx0vccp8,2546ccf6,1210.75
8psac9uo,2546ccf6,1869.9500000476835
kck1uue7,2546ccf6,2195.4499999284744
9pjr0waw,2546ccf6,1474.2499999981374
xji13cu2,2546ccf6,1144.0499999821186
jqeesfz7,2546ccf6,695.75
8y2nd2sh,2546ccf6,4153.699999988079
ascil7wf,2546ccf6,682.3500000014901
l0nln4b2,2546ccf6,910.6000000238419
aypxap78,2546ccf6,371.30000001192093
kavvl57w,2546ccf6,2602.0999999940395
yebzokh4,2546ccf6,1384.0499999970198
0fy66fv2,2546ccf6,244.65000000037253
7nszfy43,2546ccf6,2128.5
r99uy0qb,2546ccf6,2141.0
4kl3i3tv,2546ccf6,1299.5999999940395
idma9086,2546ccf6,1124.0999999642372
c9sps7bl,2546ccf6,2432.550000011921
o2ho0580,2546ccf6,2029.8999996185305
bx44xwzb,2546ccf6,770.1000000014901
2d8q4qkc,2546ccf6,1338.0
g3vslpjv,2546ccf6,1068.25
x5id5i5q,2546ccf6,2183.0
8oohxrrz,2546ccf6,427.94999998807907
qfiy90jx,2546ccf6,1284.1000000238419
9ohxtpht,2546ccf6,2503.20000000298
w12e497z,2546ccf6,943.8999999910592
hkj9daz7,2546ccf6,3347.79999999702
zfeorjum,2546ccf6,961.5
1r6yodve,2546ccf6,649.5
2anyuqd8,2546ccf6,925.0000000002328
wa9xd98o,2546ccf6,1005.0
8d21w3yr,2546ccf6,2286.0
oxvw1rhx,2546ccf6,1785.2999999998137
fl73adm5,2546ccf6,1604.3999999761581
4j6cy1mk,2546ccf6,500.5499999523163
jx6lhkbi,2546ccf6,1427.9000000953674
zelqv7az,2546ccf6,639.9499999880791
z8b26ynw,2546ccf6,823.0
cfclud8z,2546ccf6,1335.8499999996275
9evwb372,2546ccf6,1549.0
ya0wv6pm,2546ccf6,1574.0
23iyreiv,2546ccf6,850.4500002861023
sp00glmz,2546ccf6,2501.25
1qt2f29y,2546ccf6,1625.0325000000885
clhkwrie,2546ccf6,834.6999999955297
mpzcivx9,2546ccf6,1424.7000000001865
50nsp39w,2546ccf6,1243.5
8yhijukj,2546ccf6,503.0
mhskzwic,2546ccf6,560.0
z3die4q3,2546ccf6,1933.5
8jwr3j6t,2546ccf6,848.1000001430511
7agy8y3l,2546ccf6,1255.1999999284744
o1t1fb7j,2546ccf6,1397.5499999970198
vbwguazj,2546ccf6,1009.8999999985099
om1m73rv,2546ccf6,849.2000000476837
nrfiw9bx,2546ccf6,942.5499999523162
pz38obzd,2546ccf6,653.9000000357628
4wx63ymf,2546ccf6,905.0
nfbzvhip,2546ccf6,1373.3999998569489
ler5uq42,2546ccf6,2584.0
t3l0if03,2546ccf6,639.6000000238419
nldu5ge3,2546ccf6,579.6999999955297
m63pxnwq,2546ccf6,1450.5
onnumbyy,2546ccf6,1121.0
nqubyvew,2546ccf6,1606.5
2w766g1z,2546ccf6,953.3000000119209
mr7lkk46,2546ccf6,876.0499999523163
f5ktzt2t,2546ccf6,1472.9500000476837
kkeej6x5,2546ccf6,1224.1499999985099
pcrxo3zp,2546ccf6,477.5
bcyhma9y,2546ccf6,6293.29999999702
byx9jkxm,2546ccf6,925.0
74l1qvc1,2546ccf6,1360.5
cghxa2ie,2546ccf6,1080.5499999988824
3d2as981,2546ccf6,1478.100000023842
clucow7d,2546ccf6,1573.300000011921
bmlngyh3,2546ccf6,1342.3000001907349
5hz183aa,2546ccf6,1028.5
61zahdh9,2546ccf6,457.0000000298023
ol9lky1i,2546ccf6,642.4000000953674
5nrjvc7q,2546ccf6,1843.3500000089407
o5qropwk,2546ccf6,1071.5
154uk6vm,2546ccf6,1328.2000000029802
ym49wqbn,2546ccf6,576.9000000953674
npr5bsi2,2546ccf6,1473.9499999284744
pad0sufd,2546ccf6,2672.0000000009313
emwp6wq7,2546ccf6,823.2999999523163
91fk0af9,2546ccf6,2687.199999988079
qothvfhf,2546ccf6,699.5999999940395
27d8totr,2546ccf6,1300.3499999977648
fkx2gd88,2546ccf6,1102.800000011921
cp3b83py,2546ccf6,1139.949999988079
ikfbpugl,2546ccf6,724.1499999761581
kmwiem6m,2546ccf6,1550.5500000715256
6e5gb0yb,2546ccf6,1586.0999999046326
pgtp756s,2546ccf6,1167.75
dmft9d3y,2546ccf6,3248.2999999523163
nvlsix5c,2546ccf6,1448.5
bhpug29p,2546ccf6,813.1500000001397
aqmjput5,2546ccf6,888.0
l9krayds,2546ccf6,2048.6999999284744
icf7bchs,2546ccf6,1129.0
095bdwyc,2546ccf6,2838.20000000298
89u58v07,2546ccf6,1694.1500000003725
phbjwkyw,2546ccf6,430.60000002384186
szbhlpfr,2546ccf6,1960.0
sn10zd6g,2546ccf6,1439.9500000476835
4s3cm7d8,2546ccf6,1988.5
e2w81k0i,2546ccf6,648.1499999761581
hsm45iwx,2546ccf6,784.1500000059605
q04yitea,2546ccf6,1150.0000000596046
qfsp3ery,2546ccf6,700.9500000476837
02333qfj,2546ccf6,1320.2000000476837
44o5xnxe,2546ccf6,575.0
0ra11hiv,2546ccf6,2335.800000190735
y32zaw9c,2546ccf6,1161.0
r2ck84r8,2546ccf6,651.4999998807907
hpl7jugr,2546ccf6,1907.5
stbyxpx6,2546ccf6,1089.0999999940395
r24jdhzg,2546ccf6,888.2999999988824
ske58akk,2546ccf6,1051.6500000059605
ovhoesyy,2546ccf6,679.5
n2et79bd,2546ccf6,818.5
ism64anu,2546ccf6,796.75
plfupad7,2546ccf6,1256.1000000005588
zvbewhqx,2546ccf6,831.8000000119209
8aknstxj,2546ccf6,1091.6500000357628
c7z6erey,2546ccf6,841.7999999821186
f0wpo2hr,2546ccf6,624.0
qazkn1sw,2546ccf6,151.0
ew4oecfi,2546ccf6,883.3499999046326
mrwlcmno,2546ccf6,706.0
ni5df01j,2546ccf6,911.4499999284744
eyn3wygc,2546ccf6,1551.2999999970198
wcau806y,2546ccf6,1038.5
s03ed531,2546ccf6,1349.5
2j8p9vyz,2546ccf6,1240.5
a589fsqz,2546ccf6,868.1500000059605
mlvcv31l,2546ccf6,1436.6000000014901
o4kkkuj9,2546ccf6,587.4500000001863
k8txaw58,2546ccf6,579.5
d1vjrjhc,2546ccf6,1087.3999999985099
qv0yh587,2546ccf6,317.0
t2eyvuxq,2546ccf6,1175.100000023842
bw2cwy0m,2546ccf6,852.7499999990687
kwy2bqjo,2546ccf6,1033.399999976158
uktb326q,2546ccf6,2079.0
zj5uemkt,2546ccf6,1629.699999988079
3irnkhq8,2546ccf6,1558.2000000178814
4s9g1cze,2546ccf6,2023.949999988079
v6jvgdvg,2546ccf6,1032.9500000476837
l5sagbsh,2546ccf6,514.5
ljwskxcq,2546ccf6,2046.7000000476837
e0biso3r,2546ccf6,3327.850000143051
a9gvtd1o,2546ccf6,1796.8999996185303
f1ejz9fy,2546ccf6,2337.7999999821186
vpxztp7b,2546ccf6,1184.0
6eyovdd2,2546ccf6,688.1000000238419
a6jpzpek,2546ccf6,1160.699999999255
41kp06jx,2546ccf6,910.2000000011176
a0w1xgxf,2546ccf6,2742.0
lmtka1ev,2546ccf6,703.0
zc26r1al,2546ccf6,1509.8000000715256
648anokh,2546ccf6,703.3500000238419
tc5wgx8h,2546ccf6,1826.5999999940395
8bgj1tsd,2546ccf6,1309.1000000238419
mrypomny,2546ccf6,924.0
jeq3oy2g,2546ccf6,1242.0
c7ac53of,2546ccf6,4047.599999904633
rjanlii9,2546ccf6,968.1000001430511
vr20hyge,2546ccf6,1738.5
nhds6zsd,2546ccf6,839.5
j2dvablb,2546ccf6,464.3999999994412
904h81sn,2546ccf6,771.4999999850988
ce9qdbyh,2546ccf6,662.6999999880791
03ljcqhc,2546ccf6,499.79999999701977
nhds6zsd,1e0a9b12,1599.0
vr20hyge,1e0a9b12,2441.0
ce9qdbyh,1e0a9b12,1130.0500000119207
j2dvablb,1e0a9b12,1699.800000000745
904h81sn,1e0a9b12,1990.25
so5k1adg,1e0a9b12,1900.0499999998137
sesf1qnx,1e0a9b12,2401.5
xasfvnb7,1e0a9b12,2109.7000000476837
41kp06jx,1e0a9b12,1713.0
a0w1xgxf,1e0a9b12,1655.0
lmtka1ev,1e0a9b12,1720.0
6eyovdd2,1e0a9b12,1572.5
f1ejz9fy,1e0a9b12,1997.8500000238419
a9gvtd1o,1e0a9b12,1908.8000001907349
e0biso3r,1e0a9b12,2467.599999904633
jeq3oy2g,1e0a9b12,1858.0
mrypomny,1e0a9b12,1595.5
rjanlii9,1e0a9b12,2535.650000095367
c7ac53of,1e0a9b12,724.75
tc5wgx8h,1e0a9b12,1783.7000000029802
8bgj1tsd,1e0a9b12,1440.0
648anokh,1e0a9b12,1511.3999999761581
cdo2cmtp,1e0a9b12,1198.7000000011176
uktb326q,1e0a9b12,3940.0
kwy2bqjo,1e0a9b12,2083.75
bw2cwy0m,1e0a9b12,2099.0499999998137
4s9g1cze,1e0a9b12,1215.300000011921
3irnkhq8,1e0a9b12,2609.1499999910593
ljwskxcq,1e0a9b12,1198.6499998569489
v6jvgdvg,1e0a9b12,2595.2999999523163
l5sagbsh,1e0a9b12,1557.0
zj5uemkt,1e0a9b12,2548.8000000715256
2j8p9vyz,1e0a9b12,2501.0
6p8vl3lk,1e0a9b12,2880.5
wcau806y,1e0a9b12,2947.0
eyn3wygc,1e0a9b12,1923.7000000029802
ni5df01j,1e0a9b12,1607.7999999523165
ew4oecfi,1e0a9b12,1825.6000001430511
mrwlcmno,1e0a9b12,593.5
qv0yh587,1e0a9b12,2788.0
t2eyvuxq,1e0a9b12,2124.650000035763
o4kkkuj9,1e0a9b12,1796.199999999255
k8txaw58,1e0a9b12,1863.2999999523165
mlvcv31l,1e0a9b12,1833.3500000014901
d1vjrjhc,1e0a9b12,1507.3999999985099
a589fsqz,1e0a9b12,1305.0
ske58akk,1e0a9b12,2540.600000023842
3cc6zm51,1e0a9b12,3244.399999976158
stbyxpx6,1e0a9b12,2177.7999999821186
r24jdhzg,1e0a9b12,1906.5999999996275
hpl7jugr,1e0a9b12,1570.0
r2ck84r8,1e0a9b12,1922.75
nze0azo1,1e0a9b12,1630.1000000238419
f0wpo2hr,1e0a9b12,1430.0
qazkn1sw,1e0a9b12,1965.0
8aknstxj,1e0a9b12,2271.7000000476837
c7z6erey,1e0a9b12,1727.899999976158
zvbewhqx,1e0a9b12,1384.050000011921
ism64anu,1e0a9b12,1771.399999976158
n2et79bd,1e0a9b12,2848.5
plfupad7,1e0a9b12,2694.9500000001863
e2w81k0i,1e0a9b12,1476.3499999642372
4s3cm7d8,1e0a9b12,1984.0
hsm45iwx,1e0a9b12,1647.75
sn10zd6g,1e0a9b12,1776.8000001907349
phbjwkyw,1e0a9b12,1446.300000011921
89u58v07,1e0a9b12,2259.850000000559
y32zaw9c,1e0a9b12,2989.0
cuybsfwr,1e0a9b12,1570.550000000745
qkiu92kk,1e0a9b12,1541.5999999940395
44o5xnxe,1e0a9b12,1469.0
ihnjt6k4,1e0a9b12,1568.0
qfsp3ery,1e0a9b12,2218.2000000476837
q04yitea,1e0a9b12,1729.899999976158
02333qfj,1e0a9b12,1452.2000000476835
kmwiem6m,1e0a9b12,1122.8499999642372
ikfbpugl,1e0a9b12,1191.800000011921
cp3b83py,1e0a9b12,1306.8999999761581
qothvfhf,1e0a9b12,1427.800000011921
fkx2gd88,1e0a9b12,3443.199999988079
27d8totr,1e0a9b12,2532.39999999851
icf7bchs,1e0a9b12,1858.0
f5ohsl5h,1e0a9b12,417.2999997138977
aqmjput5,1e0a9b12,2998.0
l9krayds,1e0a9b12,2035.0
dmft9d3y,1e0a9b12,1827.399999976158
6e5gb0yb,1e0a9b12,1505.1000000238419
bmlngyh3,1e0a9b12,1677.7000000476837
3d2as981,1e0a9b12,3955.6999999284744
cghxa2ie,1e0a9b12,2978.75
clucow7d,1e0a9b12,1994.7000000029802
74l1qvc1,1e0a9b12,2939.2000000001863
byx9jkxm,1e0a9b12,1729.0
j2pjmr32,1e0a9b12,2300.0
pad0sufd,1e0a9b12,1596.100000000093
emwp6wq7,1e0a9b12,1895.8499999642374
npr5bsi2,1e0a9b12,2215.600000143051
154uk6vm,1e0a9b12,2114.199999988079
ym49wqbn,1e0a9b12,1341.7999999523165
xeu3j3ki,1e0a9b12,2659.0
5nrjvc7q,1e0a9b12,2024.75
ol9lky1i,1e0a9b12,1545.8999999761581
o5qropwk,1e0a9b12,1665.5
5hz183aa,1e0a9b12,4847.0
61zahdh9,1e0a9b12,1168.0
onnumbyy,1e0a9b12,2902.0
m63pxnwq,1e0a9b12,1245.6499999761581
nldu5ge3,1e0a9b12,1448.3499999940395
t3l0if03,1e0a9b12,1326.300000011921
nfbzvhip,1e0a9b12,2307.7999997138977
4wx63ymf,1e0a9b12,1490.2999999998137
ler5uq42,1e0a9b12,1284.5
pcrxo3zp,1e0a9b12,2044.9000000953672
f5ktzt2t,1e0a9b12,1762.2999999523165
kkeej6x5,1e0a9b12,1651.9500000029802
2w766g1z,1e0a9b12,1765.5
mr7lkk46,1e0a9b12,2683.1999999284744
nqubyvew,1e0a9b12,1635.2000000178814
vbwguazj,1e0a9b12,1993.800000000745
7agy8y3l,1e0a9b12,2453.599999904633
om1m73rv,1e0a9b12,1635.100000023842
z3die4q3,1e0a9b12,1636.0
8yhijukj,1e0a9b12,1630.0999999642372
50nsp39w,1e0a9b12,2286.5
mhskzwic,1e0a9b12,1415.0
pz38obzd,1e0a9b12,2359.3000000715256
xklnx39q,1e0a9b12,3232.7999999523163
nrfiw9bx,1e0a9b12,2263.6000003814697
cfclud8z,1e0a9b12,2893.60000000149
z8b26ynw,1e0a9b12,1871.0
zelqv7az,1e0a9b12,1523.8500000238419
jx6lhkbi,1e0a9b12,2824.7000000476837
1qt2f29y,1e0a9b12,1291.6924999998882
clhkwrie,1e0a9b12,1506.0
mpzcivx9,1e0a9b12,1210.1000000005588
ya0wv6pm,1e0a9b12,1616.0
9evwb372,1e0a9b12,1500.5
23iyreiv,1e0a9b12,1670.5
cbvc5e3w,1e0a9b12,2040.3999998569489
2anyuqd8,1e0a9b12,1968.0
1r6yodve,1e0a9b12,2677.0
hkj9daz7,1e0a9b12,2974.29999999702
zfeorjum,1e0a9b12,1967.0
w12e497z,1e0a9b12,2460.1500000059605
9ohxtpht,1e0a9b12,1552.5999999977648
fl73adm5,1e0a9b12,1441.75
4j6cy1mk,1e0a9b12,1034.8499999642372
oxvw1rhx,1e0a9b12,1949.300000000745
8d21w3yr,1e0a9b12,1973.0
wa9xd98o,1e0a9b12,1494.0
idma9086,1e0a9b12,1970.7999999821186
r99uy0qb,1e0a9b12,2975.0
b73rrttr,1e0a9b12,1350.5
7nszfy43,1e0a9b12,3311.0
0fy66fv2,1e0a9b12,1128.5999999977648
yebzokh4,1e0a9b12,2148.050000000745
kavvl57w,1e0a9b12,3529.9000000059605
8oohxrrz,1e0a9b12,1726.800000011921
qfiy90jx,1e0a9b12,1842.8999999761581
2d8q4qkc,1e0a9b12,1857.0
g3vslpjv,1e0a9b12,2633.800000000745
c9sps7bl,1e0a9b12,2220.0
o2ho0580,1e0a9b12,1827.1999998092651
bx44xwzb,1e0a9b12,2091.849999997765
xji13cu2,1e0a9b12,1684.199999988079
jqeesfz7,1e0a9b12,2092.949999999255
8psac9uo,1e0a9b12,2523.649999976158
nx0vccp8,1e0a9b12,2769.399999976158
kck1uue7,1e0a9b12,3512.7000000476837
l0nln4b2,1e0a9b12,1929.75
aypxap78,1e0a9b12,1939.899999976158
ascil7wf,1e0a9b12,2384.25
qif0sa3r,1e0a9b12,2203.300000000745
8y2nd2sh,1e0a9b12,2086.2000000476837
cw4tyx7n,1e0a9b12,1085.1500000059605
g7svteiz,1e0a9b12,2862.25
c2lwacqc,1e0a9b12,2094.199999988079
mzi8f2hv,1e0a9b12,1676.300000000745
189iqcds,1e0a9b12,2016.0
fgxp8fzz,1e0a9b12,2219.099999904633
hd5k29qy,1e0a9b12,1924.8500000014903
72p6pxny,1e0a9b12,2102.5
rhbgnqhz,1e0a9b12,1634.25
gkse9wdn,1e0a9b12,4518.000000000233
ldo5smvx,1e0a9b12,1766.6999998092651
qu0lm98m,1e0a9b12,1424.4499999955297
jayyv6lz,1e0a9b12,2298.0
yfyhejim,1e0a9b12,998.5499999523163
ei0ij8ms,1e0a9b12,1457.0
0yfthc4y,1e0a9b12,1494.8999999910593
2tkm21z6,1e0a9b12,1706.0
3cc6zm51,96a8c0cd,724.7499999403954
ovhoesyy,96a8c0cd,894.0
ske58akk,96a8c0cd,2510.1500000059605
r24jdhzg,96a8c0cd,479.5999999977648
stbyxpx6,96a8c0cd,2740.199999988079
r2ck84r8,96a8c0cd,1722.0499999523163
nze0azo1,96a8c0cd,443.60000002384186
hpl7jugr,96a8c0cd,1621.0
qazkn1sw,96a8c0cd,182.0
f0wpo2hr,96a8c0cd,1371.0
8aknstxj,96a8c0cd,611.5500000715256
c7z6erey,96a8c0cd,1539.800000011921
zvbewhqx,96a8c0cd,561.0
plfupad7,96a8c0cd,748.3000000007451
ism64anu,96a8c0cd,687.0
hsm45iwx,96a8c0cd,3515.7999999970198
4s3cm7d8,96a8c0cd,512.0
e2w81k0i,96a8c0cd,1598.7999999523165
sn10zd6g,96a8c0cd,887.4000000953674
phbjwkyw,96a8c0cd,1909.2999999523165
89u58v07,96a8c0cd,552.1999999992549
y32zaw9c,96a8c0cd,610.5
0ra11hiv,96a8c0cd,1499.6999988555908
cuybsfwr,96a8c0cd,2214.10000000149
44o5xnxe,96a8c0cd,365.0
qkiu92kk,96a8c0cd,577.2000000178814
02333qfj,96a8c0cd,639.6999998092651
q04yitea,96a8c0cd,613.0
qfsp3ery,96a8c0cd,665.1999998092651
kmwiem6m,96a8c0cd,2036.2000000476835
ikfbpugl,96a8c0cd,399.2499999701977
d33m799j,96a8c0cd,259.7000000476837
cp3b83py,96a8c0cd,2252.850000023842
fkx2gd88,96a8c0cd,1579.699999988079
27d8totr,96a8c0cd,849.5500000044703
qothvfhf,96a8c0cd,1012.7999999821186
icf7bchs,96a8c0cd,699.0
aqmjput5,96a8c0cd,563.0
nvlsix5c,96a8c0cd,777.0
dmft9d3y,96a8c0cd,1683.6999999284744
6e5gb0yb,96a8c0cd,379.89999985694885
y8mzyzjc,96a8c0cd,568.0
bmlngyh3,96a8c0cd,983.2500000000001
clucow7d,96a8c0cd,2149.2999999821186
cghxa2ie,96a8c0cd,1627.39999999851
3d2as981,96a8c0cd,1561.949999988079
byx9jkxm,96a8c0cd,1843.0
emwp6wq7,96a8c0cd,1748.6499999761581
pad0sufd,96a8c0cd,505.2000000011176
xeu3j3ki,96a8c0cd,708.0
154uk6vm,96a8c0cd,603.8999999910593
ym49wqbn,96a8c0cd,1571.0
npr5bsi2,96a8c0cd,519.5999999046326
ol9lky1i,96a8c0cd,576.0999999046326
5nrjvc7q,96a8c0cd,606.0
61zahdh9,96a8c0cd,1500.9000000357628
4stfwpke,96a8c0cd,2973.39999999851
vr20hyge,96a8c0cd,907.0
nhds6zsd,96a8c0cd,618.0
ce9qdbyh,96a8c0cd,367.0499999523163
so5k1adg,96a8c0cd,688.7999999988824
904h81sn,96a8c0cd,486.5
j2dvablb,96a8c0cd,450.0
sesf1qnx,96a8c0cd,1188.9499999955297
lmtka1ev,96a8c0cd,2203.0
41kp06jx,96a8c0cd,1809.6000000005588
a0w1xgxf,96a8c0cd,662.0
6eyovdd2,96a8c0cd,418.80000001192093
a6jpzpek,96a8c0cd,1173.39999999851
vpxztp7b,96a8c0cd,745.0
f1ejz9fy,96a8c0cd,650.8999999761581
e0biso3r,96a8c0cd,712.0500001907349
a9gvtd1o,96a8c0cd,582.8499994277954
c7ac53of,96a8c0cd,2899.099999904633
rjanlii9,96a8c0cd,574.7999999523163
mrypomny,96a8c0cd,441.0
jeq3oy2g,96a8c0cd,547.0
8bgj1tsd,96a8c0cd,523.2999999523163
648anokh,96a8c0cd,431.8000000715256
cdo2cmtp,96a8c0cd,385.79999999981374
uktb326q,96a8c0cd,701.5
kwy2bqjo,96a8c0cd,552.3999999761581
bw2cwy0m,96a8c0cd,720.3499999996275
ljwskxcq,96a8c0cd,344.0
l5sagbsh,96a8c0cd,511.5
v6jvgdvg,96a8c0cd,1740.75
4s9g1cze,96a8c0cd,2324.7999999523163
zj5uemkt,96a8c0cd,664.0
2j8p9vyz,96a8c0cd,2358.0
s03ed531,96a8c0cd,891.5
wcau806y,96a8c0cd,1062.0
eyn3wygc,96a8c0cd,575.2499999850988
ni5df01j,96a8c0cd,1108.5
mrwlcmno,96a8c0cd,481.5
08vqizpx,96a8c0cd,1134.0
ew4oecfi,96a8c0cd,1727.2999997138977
t2eyvuxq,96a8c0cd,1728.0
qv0yh587,96a8c0cd,942.0
d1vjrjhc,96a8c0cd,555.2000000029802
k8txaw58,96a8c0cd,508.7999999523163
o4kkkuj9,96a8c0cd,537.2000000011176
mlvcv31l,96a8c0cd,489.59999999403954
r99uy0qb,96a8c0cd,2137.5
idma9086,96a8c0cd,514.1499999761581
0fy66fv2,96a8c0cd,255.34999999962747
b73rrttr,96a8c0cd,1780.9000000003723
yebzokh4,96a8c0cd,680.0500000007451
qfiy90jx,96a8c0cd,1450.5
8oohxrrz,96a8c0cd,1983.8499999642372
x5id5i5q,96a8c0cd,778.0
g3vslpjv,96a8c0cd,1073.050000000745
2d8q4qkc,96a8c0cd,1358.0
bx44xwzb,96a8c0cd,672.1999999992549
o2ho0580,96a8c0cd,1123.1999998092651
c9sps7bl,96a8c0cd,1372.7000000178814
jqeesfz7,96a8c0cd,549.8499999996275
9pjr0waw,96a8c0cd,1231.9999999981374
kck1uue7,96a8c0cd,951.4999998807908
8psac9uo,96a8c0cd,858.1499999761581
nx0vccp8,96a8c0cd,647.4499999880791
aypxap78,96a8c0cd,540.5
l0nln4b2,96a8c0cd,687.6000000238419
ascil7wf,96a8c0cd,2553.10000000149
8y2nd2sh,96a8c0cd,2687.699999988079
c2lwacqc,96a8c0cd,1090.0999999940395
g7svteiz,96a8c0cd,734.4500000476837
cw4tyx7n,96a8c0cd,702.2500000149012
189iqcds,96a8c0cd,2652.800000000745
mzi8f2hv,96a8c0cd,361.80000000074506
rhbgnqhz,96a8c0cd,1572.3500000238419
72p6pxny,96a8c0cd,558.2999999523163
hd5k29qy,96a8c0cd,424.94999999552965
ldo5smvx,96a8c0cd,792.5
jayyv6lz,96a8c0cd,742.0
qu0lm98m,96a8c0cd,575.25
yfyhejim,96a8c0cd,787.0
0yfthc4y,96a8c0cd,544.1000000238419
ei0ij8ms,96a8c0cd,716.0
2tkm21z6,96a8c0cd,518.0
onnumbyy,96a8c0cd,827.0
m63pxnwq,96a8c0cd,1166.5999999046326
t3l0if03,96a8c0cd,336.80000001192093
nldu5ge3,96a8c0cd,410.8999999910593
nfbzvhip,96a8c0cd,578.7000002861023
4wx63ymf,96a8c0cd,453.0
bcyhma9y,96a8c0cd,11063.70000001788
kkeej6x5,96a8c0cd,647.1000000014901
f5ktzt2t,96a8c0cd,1680.6000001430511
pcrxo3zp,96a8c0cd,2256.6500000953674
mr7lkk46,96a8c0cd,2298.2500000596046
2w766g1z,96a8c0cd,380.09999990463257
nqubyvew,96a8c0cd,991.4000000059604
om1m73rv,96a8c0cd,1350.050000011921
o1t1fb7j,96a8c0cd,1788.100000023842
7agy8y3l,96a8c0cd,737.6000000238419
vbwguazj,96a8c0cd,525.7999999988824
z3die4q3,96a8c0cd,1733.0
8jwr3j6t,96a8c0cd,1639.5500000715256
mhskzwic,96a8c0cd,503.5
8yhijukj,96a8c0cd,1461.9500000178814
50nsp39w,96a8c0cd,1422.1000001430511
pz38obzd,96a8c0cd,527.6999999284744
nrfiw9bx,96a8c0cd,1152.5499999523163
cfclud8z,96a8c0cd,1051.3499999996275
zelqv7az,96a8c0cd,487.0
z8b26ynw,96a8c0cd,815.0
jx6lhkbi,96a8c0cd,561.0
mpzcivx9,96a8c0cd,1786.7999999988824
1qt2f29y,96a8c0cd,550.0109999999404
clhkwrie,96a8c0cd,559.4499999880791
sp00glmz,96a8c0cd,631.2000000029802
23iyreiv,96a8c0cd,892.5
9evwb372,96a8c0cd,2653.0
ya0wv6pm,96a8c0cd,473.0
1r6yodve,96a8c0cd,992.9999999999418
2anyuqd8,96a8c0cd,684.0
hkj9daz7,96a8c0cd,1139.75
zfeorjum,96a8c0cd,1290.0
9ohxtpht,96a8c0cd,511.90000000596046
w12e497z,96a8c0cd,967.0
oxvw1rhx,96a8c0cd,769.6999999992549
fl73adm5,96a8c0cd,1981.5
4j6cy1mk,96a8c0cd,424.60000002384186
8d21w3yr,96a8c0cd,895.5
ya0wv6pm,69889d6e,943.5
9evwb372,69889d6e,1099.0
sp00glmz,69889d6e,1263.800000000745
mpzcivx9,69889d6e,1386.60000000149
clhkwrie,69889d6e,1078.1999999955297
1qt2f29y,69889d6e,1533.3639999991285
jx6lhkbi,69889d6e,1039.8500000238419
z8b26ynw,69889d6e,1083.0
zelqv7az,69889d6e,504.25000005960464
cfclud8z,69889d6e,1081.5
wa9xd98o,69889d6e,1441.0
8d21w3yr,69889d6e,1716.5
4j6cy1mk,69889d6e,631.5500000119209
fl73adm5,69889d6e,2047.1000000238419
oxvw1rhx,69889d6e,582.2999999998137
w12e497z,69889d6e,6564.79999999702
9ohxtpht,69889d6e,527.9499999992549
zfeorjum,69889d6e,748.0
hkj9daz7,69889d6e,898.3999999985099
cbvc5e3w,69889d6e,1460.2000000476835
0wk7vjg8,69889d6e,3101.0
mr7lkk46,69889d6e,909.6999999880791
2w766g1z,69889d6e,442.6500000357628
kkeej6x5,69889d6e,936.0
f5ktzt2t,69889d6e,1417.0
bcyhma9y,69889d6e,1004.0999999940395
ler5uq42,69889d6e,900.0
nfbzvhip,69889d6e,1550.8000001907349
4wx63ymf,69889d6e,597.9000000003725
nldu5ge3,69889d6e,604.3000000044703
t3l0if03,69889d6e,358.5999999642372
m63pxnwq,69889d6e,1578.6000001430511
onnumbyy,69889d6e,876.5
nrfiw9bx,69889d6e,1691.5
xklnx39q,69889d6e,3102.899999976158
pz38obzd,69889d6e,353.9499999284744
mhskzwic,69889d6e,1501.5
8yhijukj,69889d6e,942.5499999821186
50nsp39w,69889d6e,489.9500000476837
p445h6ow,69889d6e,4536.0
8jwr3j6t,69889d6e,636.4000000953674
z3die4q3,69889d6e,1474.0
om1m73rv,69889d6e,348.10000002384186
vbwguazj,69889d6e,712.2999999988824
7agy8y3l,69889d6e,583.6999999284744
72p6pxny,69889d6e,1176.2999999523165
rhbgnqhz,69889d6e,576.25
hd5k29qy,69889d6e,1526.2500000000002
fgxp8fzz,69889d6e,652.9499999284744
189iqcds,69889d6e,3675.300000000745
g7svteiz,69889d6e,753.6000001430511
c2lwacqc,69889d6e,524.1500000059605
cw4tyx7n,69889d6e,1912.0
2tkm21z6,69889d6e,641.0
0yfthc4y,69889d6e,496.2000000178814
ei0ij8ms,69889d6e,1263.5
jayyv6lz,69889d6e,652.0
qu0lm98m,69889d6e,511.5
ldo5smvx,69889d6e,705.5999999046326
bx44xwzb,69889d6e,723.6000000014901
o2ho0580,69889d6e,1005.5
g3vslpjv,69889d6e,1291.1500000022352
qfiy90jx,69889d6e,850.2999999523163
8oohxrrz,69889d6e,888.2000000476837
kavvl57w,69889d6e,926.5999999940396
yebzokh4,69889d6e,900.0
b73rrttr,69889d6e,791.8999999985099
idma9086,69889d6e,554.3500000238419
r99uy0qb,69889d6e,968.0
8y2nd2sh,69889d6e,1564.4000000357628
ascil7wf,69889d6e,727.3999999910593
aypxap78,69889d6e,1544.949999988079
l0nln4b2,69889d6e,1334.399999976158
kck1uue7,69889d6e,1270.8999999761581
8psac9uo,69889d6e,942.7000000476837
nx0vccp8,69889d6e,1070.350000023842
jqeesfz7,69889d6e,428.09999999962747
zj5uemkt,69889d6e,1109.1500000357628
ljwskxcq,69889d6e,345.40000009536743
l5sagbsh,69889d6e,406.0
4s9g1cze,69889d6e,767.8000000119209
3irnkhq8,69889d6e,1756.0999999940395
kwy2bqjo,69889d6e,538.3000000119209
uktb326q,69889d6e,620.0
a589fsqz,69889d6e,608.6999999880791
d1vjrjhc,69889d6e,724.1999999955297
k8txaw58,69889d6e,476.0499999523163
o4kkkuj9,69889d6e,681.5999999996275
mlvcv31l,69889d6e,430.29999999701977
t2eyvuxq,69889d6e,601.2999999523163
qv0yh587,69889d6e,710.0
mrwlcmno,69889d6e,415.0
ew4oecfi,69889d6e,433.5499999523163
08vqizpx,69889d6e,1249.0
eyn3wygc,69889d6e,691.25
ni5df01j,69889d6e,492.2000000476837
wcau806y,69889d6e,728.0
2j8p9vyz,69889d6e,1422.5
s03ed531,69889d6e,1533.5
xasfvnb7,69889d6e,1235.8499999046326
904h81sn,69889d6e,515.0999999940395
so5k1adg,69889d6e,541.6999999992549
j2dvablb,69889d6e,1390.2000000011176
03ljcqhc,69889d6e,942.9000000059604
ce9qdbyh,69889d6e,347.10000002384186
nhds6zsd,69889d6e,549.0
vr20hyge,69889d6e,1264.0
zc26r1al,69889d6e,484.65000009536743
648anokh,69889d6e,432.74999994039536
qqqzakmg,69889d6e,227.5
8bgj1tsd,69889d6e,623.5
tc5wgx8h,69889d6e,1240.8500000089407
rjanlii9,69889d6e,807.7000000476837
c7ac53of,69889d6e,3417.7000000476837
jeq3oy2g,69889d6e,3528.0
mrypomny,69889d6e,544.5
a9gvtd1o,69889d6e,511.55000019073486
e0biso3r,69889d6e,673.1999998092651
vpxztp7b,69889d6e,1150.0
f1ejz9fy,69889d6e,448.90000000596046
a6jpzpek,69889d6e,450.90000000037253
6eyovdd2,69889d6e,480.2999999523163
lmtka1ev,69889d6e,1196.0
a0w1xgxf,69889d6e,3762.0
41kp06jx,69889d6e,480.0
6e5gb0yb,69889d6e,1427.3999998569489
bdfn1h0o,69889d6e,887.6999998092651
dmft9d3y,69889d6e,1468.8999999761581
l9krayds,69889d6e,1053.7999999523163
bhpug29p,69889d6e,632.1000000000931
f5ohsl5h,69889d6e,1988.7999997138977
icf7bchs,69889d6e,673.0
fkx2gd88,69889d6e,1455.5
27d8totr,69889d6e,700.3999999985099
qothvfhf,69889d6e,876.5999999940395
91fk0af9,69889d6e,629.8999999761581
cp3b83py,69889d6e,641.5
ikfbpugl,69889d6e,1360.800000011921
d33m799j,69889d6e,477.6999999284744
kmwiem6m,69889d6e,1001.0
61zahdh9,69889d6e,472.09999999403954
5hz183aa,69889d6e,1222.0
o5qropwk,69889d6e,568.5
5nrjvc7q,69889d6e,774.4000000059605
ol9lky1i,69889d6e,597.1000000238419
xeu3j3ki,69889d6e,1623.0
npr5bsi2,69889d6e,979.5500000715256
ym49wqbn,69889d6e,516.8000000715256
emwp6wq7,69889d6e,1179.8999999761581
pad0sufd,69889d6e,573.8000000007451
j2pjmr32,69889d6e,2255.5
74l1qvc1,69889d6e,1087.4000000003725
byx9jkxm,69889d6e,504.0
clucow7d,69889d6e,2819.4500000029802
3d2as981,69889d6e,1040.9000000357628
cghxa2ie,69889d6e,817.2999999988824
bmlngyh3,69889d6e,893.8999999761581
plfupad7,69889d6e,1135.5
ism64anu,69889d6e,682.5
n2et79bd,69889d6e,771.9000000003725
zvbewhqx,69889d6e,1168.0
0hrc9vve,69889d6e,2375.9000005722046
c7z6erey,69889d6e,431.449999988079
8aknstxj,69889d6e,739.2999999523163
qazkn1sw,69889d6e,1611.0
f0wpo2hr,69889d6e,424.0
hpl7jugr,69889d6e,953.0
r2ck84r8,69889d6e,958.3000001907347
nze0azo1,69889d6e,443.69999998807907
r24jdhzg,69889d6e,695.6999999992549
stbyxpx6,69889d6e,415.800000011921
3cc6zm51,69889d6e,1093.5999999642372
ovhoesyy,69889d6e,691.5
ske58akk,69889d6e,1267.1500000059605
02333qfj,69889d6e,968.0999999046326
q04yitea,69889d6e,902.2999999523163
44o5xnxe,69889d6e,662.0
ihnjt6k4,69889d6e,1056.0
qkiu92kk,69889d6e,340.44999998807907
cuybsfwr,69889d6e,1402.39999999851
0ra11hiv,69889d6e,2760.2499990463257
y32zaw9c,69889d6e,580.5
89u58v07,69889d6e,440.0500000002794
szbhlpfr,69889d6e,847.7999999970198
phbjwkyw,69889d6e,385.39999997615814
sn10zd6g,69889d6e,867.5
hsm45iwx,69889d6e,688.3499999940395
e2w81k0i,69889d6e,1848.1999999284744
4s3cm7d8,69889d6e,1000.5
lmtka1ev,6a1e5592,1463.5
41kp06jx,6a1e5592,617.7999999988824
a0w1xgxf,6a1e5592,431.5
6eyovdd2,6a1e5592,439.89999997615814
a6jpzpek,6a1e5592,2505.0
vpxztp7b,6a1e5592,600.0
f1ejz9fy,6a1e5592,387.050000011921
a9gvtd1o,6a1e5592,489.3500003814697
c7ac53of,6a1e5592,2573.099999904633
rjanlii9,6a1e5592,775.9500000476837
mrypomny,6a1e5592,767.5
jeq3oy2g,6a1e5592,427.0
tc5wgx8h,6a1e5592,407.20000000298023
qqqzakmg,6a1e5592,1936.2999999523165
648anokh,6a1e5592,343.89999997615814
zc26r1al,6a1e5592,417.75
4stfwpke,6a1e5592,820.3000000007451
vr20hyge,6a1e5592,965.5
nhds6zsd,6a1e5592,474.0
ce9qdbyh,6a1e5592,1287.8999999761581
03ljcqhc,6a1e5592,688.2999999970198
904h81sn,6a1e5592,407.40000000596046
j2dvablb,6a1e5592,1513.5
xasfvnb7,6a1e5592,1843.6500000953674
sesf1qnx,6a1e5592,1078.199999988079
2j8p9vyz,6a1e5592,3854.0
s03ed531,6a1e5592,641.5
ni5df01j,6a1e5592,546.1999998092651
eyn3wygc,6a1e5592,460.24999998509884
mrwlcmno,6a1e5592,418.0
ew4oecfi,6a1e5592,2116.7999997138977
t2eyvuxq,6a1e5592,515.6999999880791
qv0yh587,6a1e5592,576.5
d1vjrjhc,6a1e5592,468.8999999910593
mlvcv31l,6a1e5592,552.0
o4kkkuj9,6a1e5592,2133.39999999851
k8txaw58,6a1e5592,359.85000002384186
a589fsqz,6a1e5592,516.5499999970198
cdo2cmtp,6a1e5592,242.35000000149012
uktb326q,6a1e5592,472.5
kwy2bqjo,6a1e5592,685.7999999523163
bw2cwy0m,6a1e5592,730.2999999988824
l5sagbsh,6a1e5592,930.5
v6jvgdvg,6a1e5592,815.1000003814697
ljwskxcq,6a1e5592,1343.2499997615814
3irnkhq8,6a1e5592,2035.0999999940395
4s9g1cze,6a1e5592,1373.800000011921
zj5uemkt,6a1e5592,688.9499999284744
hsm45iwx,6a1e5592,2976.4000000059605
4s3cm7d8,6a1e5592,555.5
e2w81k0i,6a1e5592,383.5
sn10zd6g,6a1e5592,2341.7499998807907
phbjwkyw,6a1e5592,271.50000005960464
095bdwyc,6a1e5592,468.0
89u58v07,6a1e5592,411.9000000003726
y32zaw9c,6a1e5592,393.0
cuybsfwr,6a1e5592,2562.39999999851
qkiu92kk,6a1e5592,716.4000000059605
02333qfj,6a1e5592,460.0
q04yitea,6a1e5592,508.89999997615814
qfsp3ery,6a1e5592,649.8999996185303
3cc6zm51,6a1e5592,404.89999997615814
ske58akk,6a1e5592,991.1499999761581
ovhoesyy,6a1e5592,681.0
r24jdhzg,6a1e5592,446.90000000037253
nze0azo1,6a1e5592,427.60000002384186
r2ck84r8,6a1e5592,1490.4000000953674
qazkn1sw,6a1e5592,261.5
f0wpo2hr,6a1e5592,1829.5
8aknstxj,6a1e5592,1111.8000000715256
c7z6erey,6a1e5592,1262.2000000178814
0hrc9vve,6a1e5592,740.3000001907349
zvbewhqx,6a1e5592,908.0999999642373
plfupad7,6a1e5592,951.0
ism64anu,6a1e5592,1285.8000000715256
bmlngyh3,6a1e5592,546.2000000476837
clucow7d,6a1e5592,2421.9000000059605
cghxa2ie,6a1e5592,1995.6000000014901
3d2as981,6a1e5592,1180.1999999880793
byx9jkxm,6a1e5592,495.0
j2pjmr32,6a1e5592,940.0
emwp6wq7,6a1e5592,528.0500000119209
pad0sufd,6a1e5592,538.8999999994412
154uk6vm,6a1e5592,449.5
ym49wqbn,6a1e5592,474.60000002384186
npr5bsi2,6a1e5592,315.2000000476837
o5qropwk,6a1e5592,466.5
5nrjvc7q,6a1e5592,1425.5
61zahdh9,6a1e5592,999.8000000119209
kmwiem6m,6a1e5592,1403.0
ikfbpugl,6a1e5592,646.1000000238419
cp3b83py,6a1e5592,664.0
27d8totr,6a1e5592,774.3999999985099
fkx2gd88,6a1e5592,3775.199999988079
qothvfhf,6a1e5592,452.5
icf7bchs,6a1e5592,664.0
aqmjput5,6a1e5592,749.0
l9krayds,6a1e5592,639.6000000238419
nvlsix5c,6a1e5592,480.0
f5ohsl5h,6a1e5592,1576.5499997138977
bhpug29p,6a1e5592,483.80000000004657
dmft9d3y,6a1e5592,1569.1999999284744
bdfn1h0o,6a1e5592,3033.7999999523163
6e5gb0yb,6a1e5592,1128.2000000476835
om1m73rv,6a1e5592,565.1999999284744
o1t1fb7j,6a1e5592,1222.649999976158
7agy8y3l,6a1e5592,613.7999999523163
vbwguazj,6a1e5592,384.24999999813735
z3die4q3,6a1e5592,1617.5
8jwr3j6t,6a1e5592,1407.0999999046326
p445h6ow,6a1e5592,1021.0
mhskzwic,6a1e5592,648.0
50nsp39w,6a1e5592,1285.0
8yhijukj,6a1e5592,1936.199999988079
pz38obzd,6a1e5592,404.2999999523163
xklnx39q,6a1e5592,2525.7999999523163
nrfiw9bx,6a1e5592,1299.6500000953674
onnumbyy,6a1e5592,1140.0
m63pxnwq,6a1e5592,964.7000000476836
t3l0if03,6a1e5592,539.6999999880791
nldu5ge3,6a1e5592,443.5
ler5uq42,6a1e5592,832.0
4wx63ymf,6a1e5592,635.4000000003725
nfbzvhip,6a1e5592,538.5999999046326
bcyhma9y,6a1e5592,547.6500000059605
f5ktzt2t,6a1e5592,1264.6000001430511
kkeej6x5,6a1e5592,541.0999999940395
pcrxo3zp,6a1e5592,1003.2999997138976
mr7lkk46,6a1e5592,1059.2999999523165
2w766g1z,6a1e5592,587.5
nqubyvew,6a1e5592,873.3000000119209
0wk7vjg8,6a1e5592,689.5
2anyuqd8,6a1e5592,836.0
k0qq522n,6a1e5592,624.2500000009313
hkj9daz7,6a1e5592,1357.0
zfeorjum,6a1e5592,500.0
9ohxtpht,6a1e5592,459.80000000447035
w12e497z,6a1e5592,1000.8999999985099
oxvw1rhx,6a1e5592,519.8500000014901
4j6cy1mk,6a1e5592,378.89999997615814
8d21w3yr,6a1e5592,440.0
wa9xd98o,6a1e5592,464.0
zelqv7az,6a1e5592,387.7999999523163
z8b26ynw,6a1e5592,611.5
jx6lhkbi,6a1e5592,704.4000000953674
mpzcivx9,6a1e5592,1741.800000000745
1qt2f29y,6a1e5592,483.3430000003427
clhkwrie,6a1e5592,396.90000000596046
sp00glmz,6a1e5592,260.3499999977648
23iyreiv,6a1e5592,898.9000000953674
9evwb372,6a1e5592,1784.0
ya0wv6pm,6a1e5592,969.5
jqeesfz7,6a1e5592,334.75
xji13cu2,6a1e5592,1195.8500000238419
kck1uue7,6a1e5592,1321.2000000476835
nx0vccp8,6a1e5592,797.3000000119209
8psac9uo,6a1e5592,874.6999998092651
aypxap78,6a1e5592,984.5
l0nln4b2,6a1e5592,569.1500000059605
ascil7wf,6a1e5592,1931.20000000298
8y2nd2sh,6a1e5592,3814.0
r99uy0qb,6a1e5592,2083.0
idma9086,6a1e5592,426.10000002384186
7nszfy43,6a1e5592,817.5
b73rrttr,6a1e5592,360.09999999962747
yebzokh4,6a1e5592,712.0
kavvl57w,6a1e5592,2126.5499999970198
qfiy90jx,6a1e5592,3034.0
8oohxrrz,6a1e5592,1595.5999999046326
x5id5i5q,6a1e5592,555.0
g3vslpjv,6a1e5592,796.5
2d8q4qkc,6a1e5592,1755.0
bx44xwzb,6a1e5592,719.5999999940395
o2ho0580,6a1e5592,1029.6999998092651
c9sps7bl,6a1e5592,2346.099999964237
ldo5smvx,6a1e5592,1830.0500001907349
jayyv6lz,6a1e5592,595.0
yfyhejim,6a1e5592,1977.4000000953672
0yfthc4y,6a1e5592,370.45000000298023
ei0ij8ms,6a1e5592,1634.0
2tkm21z6,6a1e5592,383.5
c2lwacqc,6a1e5592,451.80000001192093
g7svteiz,6a1e5592,614.1499999761581
cw4tyx7n,6a1e5592,1818.2999999970198
189iqcds,6a1e5592,543.5
mzi8f2hv,6a1e5592,1338.8999999994412
fgxp8fzz,6a1e5592,2181.600000023842
rhbgnqhz,6a1e5592,2405.0
72p6pxny,6a1e5592,1356.3499999046326
hd5k29qy,6a1e5592,332.54999999701977
yebzokh4,12eac192,627.5500000007451
idma9086,12eac192,1079.199999988079
r99uy0qb,12eac192,2461.0
b73rrttr,12eac192,1754.7000000001863
0fy66fv2,12eac192,399.05000000074506
g3vslpjv,12eac192,1084.75
2d8q4qkc,12eac192,562.0
bx44xwzb,12eac192,942.4000000059604
o2ho0580,12eac192,561.9499998092651
c9sps7bl,12eac192,1004.5499999821186
qfiy90jx,12eac192,950.0
8oohxrrz,12eac192,511.90000009536743
x5id5i5q,12eac192,1095.0
kck1uue7,12eac192,6023.699999809265
nx0vccp8,12eac192,3773.700000047684
8psac9uo,12eac192,864.4000000953674
jqeesfz7,12eac192,390.4000000022352
qif0sa3r,12eac192,944.1999999992548
8y2nd2sh,12eac192,1148.5999999940395
aypxap78,12eac192,468.300000011921
l0nln4b2,12eac192,655.8000000119209
ascil7wf,12eac192,1333.8999999910593
g7svteiz,12eac192,925.0
cw4tyx7n,12eac192,1808.199999988079
72p6pxny,12eac192,600.8999998569489
hd5k29qy,12eac192,683.7000000029802
gkse9wdn,12eac192,922.0
189iqcds,12eac192,1305.3999999985099
mzi8f2hv,12eac192,916.2500000000001
qu0lm98m,12eac192,746.9500000029802
ldo5smvx,12eac192,919.3000001907347
0yfthc4y,12eac192,415.95000000298023
ei0ij8ms,12eac192,600.0
2tkm21z6,12eac192,626.5
yfyhejim,12eac192,1262.7000000476837
t3l0if03,12eac192,389.60000002384186
ler5uq42,12eac192,852.0000000002328
4wx63ymf,12eac192,575.1499999994412
nfbzvhip,12eac192,893.2999999523163
mr7lkk46,12eac192,857.3499999642372
2w766g1z,12eac192,1234.3000000715256
nqubyvew,12eac192,1232.6500000059605
kkeej6x5,12eac192,1096.0
p445h6ow,12eac192,853.0
z3die4q3,12eac192,934.0
mhskzwic,12eac192,858.0
8yhijukj,12eac192,641.5999999940395
om1m73rv,12eac192,549.2999999523163
7agy8y3l,12eac192,694.7999999523163
nrfiw9bx,12eac192,768.9500000476837
pz38obzd,12eac192,668.1000000238419
xklnx39q,12eac192,1073.199999988079
jx6lhkbi,12eac192,992.4000000953674
z8b26ynw,12eac192,2059.0
zelqv7az,12eac192,936.3000000119209
23iyreiv,12eac192,553.6000003814697
ya0wv6pm,12eac192,508.0
mpzcivx9,12eac192,772.5
1qt2f29y,12eac192,508.343499999959
clhkwrie,12eac192,490.300000011921
sp00glmz,12eac192,407.5
hkj9daz7,12eac192,944.6500000022352
zfeorjum,12eac192,1023.0
w12e497z,12eac192,1592.8999999910593
9ohxtpht,12eac192,847.5499999970198
1r6yodve,12eac192,1006.5
cbvc5e3w,12eac192,492.0500000715256
4j6cy1mk,12eac192,360.09999990463257
oxvw1rhx,12eac192,390.40000000037253
8d21w3yr,12eac192,611.0
hpl7jugr,12eac192,718.5
nze0azo1,12eac192,825.5999999642372
3cc6zm51,12eac192,484.0
ske58akk,12eac192,1315.800000011921
ovhoesyy,12eac192,5329.0
r24jdhzg,12eac192,591.1999999992549
stbyxpx6,12eac192,303.7000000178814
zvbewhqx,12eac192,701.8499999642372
plfupad7,12eac192,1327.300000000745
n2et79bd,12eac192,1167.5
ism64anu,12eac192,1749.7999999523165
qazkn1sw,12eac192,188.0
f0wpo2hr,12eac192,585.0
8aknstxj,12eac192,383.0
c7z6erey,12eac192,1355.199999988079
szbhlpfr,12eac192,528.2000000029802
phbjwkyw,12eac192,369.39999997615814
89u58v07,12eac192,455.4000000022352
hsm45iwx,12eac192,1879.9000000059605
e2w81k0i,12eac192,1843.899999976158
4s3cm7d8,12eac192,488.0
sn10zd6g,12eac192,2121.9500000476837
44o5xnxe,12eac192,588.0
qfsp3ery,12eac192,932.8499999046326
q04yitea,12eac192,796.4999999403954
y32zaw9c,12eac192,732.0
cuybsfwr,12eac192,515.6000000014901
cp3b83py,12eac192,563.0999999642372
27d8totr,12eac192,800.6000000014901
fkx2gd88,12eac192,1368.8999999761581
qothvfhf,12eac192,447.800000011921
kmwiem6m,12eac192,452.5
d33m799j,12eac192,52794.59999990463
bdfn1h0o,12eac192,1059.5
dmft9d3y,12eac192,3626.5
6e5gb0yb,12eac192,491.60000014305115
icf7bchs,12eac192,841.0
aqmjput5,12eac192,552.5
l9krayds,12eac192,569.75
bhpug29p,12eac192,514.7000000000698
byx9jkxm,12eac192,728.0
bmlngyh3,12eac192,355.2499998807907
clucow7d,12eac192,324.2999999821186
3d2as981,12eac192,660.0
cghxa2ie,12eac192,1596.199999999255
o5qropwk,12eac192,751.0
5nrjvc7q,12eac192,508.300000011921
ol9lky1i,12eac192,512.8999999761581
61zahdh9,12eac192,440.80000001192093
emwp6wq7,12eac192,424.5
pad0sufd,12eac192,739.8999999999069
npr5bsi2,12eac192,871.4499999284744
154uk6vm,12eac192,510.2999999821186
ym49wqbn,12eac192,773.2499999403954
vr20hyge,12eac192,2646.5
03ljcqhc,12eac192,530.0
904h81sn,12eac192,480.45000000298023
j2dvablb,12eac192,434.5999999996274
vpxztp7b,12eac192,608.0
f1ejz9fy,12eac192,455.0999999642372
e0biso3r,12eac192,837.4000000953674
lmtka1ev,12eac192,612.0
a0w1xgxf,12eac192,715.0
6eyovdd2,12eac192,441.0
a6jpzpek,12eac192,898.25
648anokh,12eac192,400.2999999523163
zc26r1al,12eac192,508.7999999523163
rjanlii9,12eac192,2332.2000000476837
c7ac53of,12eac192,5398.599999904633
mrypomny,12eac192,1376.0
tc5wgx8h,12eac192,932.1999999880792
bw2cwy0m,12eac192,797.7000000011176
kwy2bqjo,12eac192,910.7000000476836
cdo2cmtp,12eac192,308.8999999985099
l5sagbsh,12eac192,597.0
v6jvgdvg,12eac192,710.1999998092651
ljwskxcq,12eac192,475.2999999523163
3irnkhq8,12eac192,1427.75
4s9g1cze,12eac192,271.7999999523163
ni5df01j,12eac192,681.6999998092651
eyn3wygc,12eac192,609.0
mrwlcmno,12eac192,757.0
ew4oecfi,12eac192,1230.7999997138977
2j8p9vyz,12eac192,1156.0
s03ed531,12eac192,2824.0
wcau806y,12eac192,1731.0
o4kkkuj9,12eac192,567.1999999992549
k8txaw58,12eac192,755.6999998092651
a589fsqz,12eac192,529.6999999880791
t2eyvuxq,12eac192,567.8999999761581
qv0yh587,12eac192,662.0
mpzcivx9,1e32b0e9,941.9499999992549
clhkwrie,1e32b0e9,640.3999999910593
1qt2f29y,1e32b0e9,441.6754999998957
sp00glmz,1e32b0e9,791.2000000029802
23iyreiv,1e32b0e9,695.8000001907349
ya0wv6pm,1e32b0e9,430.0
cfclud8z,1e32b0e9,1236.0
z8b26ynw,1e32b0e9,981.0
zelqv7az,1e32b0e9,380.69999998807907
jx6lhkbi,1e32b0e9,1654.8000001907349
4j6cy1mk,1e32b0e9,384.25
oxvw1rhx,1e32b0e9,698.5
8d21w3yr,1e32b0e9,757.0
wa9xd98o,1e32b0e9,439.0
0wk7vjg8,1e32b0e9,1935.5
1r6yodve,1e32b0e9,787.5
cbvc5e3w,1e32b0e9,336.60000002384186
k0qq522n,1e32b0e9,972.3000000007452
zfeorjum,1e32b0e9,1106.0
hkj9daz7,1e32b0e9,1481.699999999255
w12e497z,1e32b0e9,984.7999999970198
9ohxtpht,1e32b0e9,385.0
bcyhma9y,1e32b0e9,2118.0
pcrxo3zp,1e32b0e9,1148.4000000953674
f5ktzt2t,1e32b0e9,779.5500000715256
kkeej6x5,1e32b0e9,568.0999999977648
5vv1rrzw,1e32b0e9,787.7000000476837
mr7lkk46,1e32b0e9,1156.9000000953674
2w766g1z,1e32b0e9,332.2000000476837
nqubyvew,1e32b0e9,619.3000000119209
onnumbyy,1e32b0e9,740.0
m63pxnwq,1e32b0e9,1098.5
nldu5ge3,1e32b0e9,1066.7999999970198
t3l0if03,1e32b0e9,1600.300000011921
ler5uq42,1e32b0e9,2751.5000000004657
nfbzvhip,1e32b0e9,430.2000002861023
4wx63ymf,1e32b0e9,1012.9499999992549
pz38obzd,1e32b0e9,720.1999999284744
xklnx39q,1e32b0e9,876.75
nrfiw9bx,1e32b0e9,955.6000003814696
om1m73rv,1e32b0e9,815.3999999761581
7agy8y3l,1e32b0e9,1046.7000000476835
z3die4q3,1e32b0e9,1341.0
mhskzwic,1e32b0e9,723.0
8yhijukj,1e32b0e9,2119.699999988079
50nsp39w,1e32b0e9,738.8999999761581
189iqcds,1e32b0e9,507.0
mzi8f2hv,1e32b0e9,286.94999999925494
fgxp8fzz,1e32b0e9,1619.3500000238419
72p6pxny,1e32b0e9,675.7999999523163
rhbgnqhz,1e32b0e9,987.5
hd5k29qy,1e32b0e9,1146.5
g7svteiz,1e32b0e9,843.25
c2lwacqc,1e32b0e9,1453.300000011921
cw4tyx7n,1e32b0e9,5213.5
9wkeb5tu,1e32b0e9,1016.1500000059605
yfyhejim,1e32b0e9,666.3000001907349
0yfthc4y,1e32b0e9,440.25
ei0ij8ms,1e32b0e9,1336.0
2tkm21z6,1e32b0e9,446.0
ldo5smvx,1e32b0e9,466.19999980926514
jayyv6lz,1e32b0e9,638.5
qu0lm98m,1e32b0e9,497.9999999925494
qfiy90jx,1e32b0e9,714.75
8oohxrrz,1e32b0e9,1102.8999999761581
x5id5i5q,1e32b0e9,527.0
g3vslpjv,1e32b0e9,1007.4500000029801
bx44xwzb,1e32b0e9,646.1999999955297
o2ho0580,1e32b0e9,3750.0
c9sps7bl,1e32b0e9,1511.050000011921
idma9086,1e32b0e9,756.5
r99uy0qb,1e32b0e9,1025.0
b73rrttr,1e32b0e9,567.8000000007451
0fy66fv2,1e32b0e9,520.3000000007451
yebzokh4,1e32b0e9,551.8000000007451
kavvl57w,1e32b0e9,1323.7000000029802
aypxap78,1e32b0e9,1277.4499999582767
l0nln4b2,1e32b0e9,478.550000011921
ascil7wf,1e32b0e9,1449.7999999970198
8y2nd2sh,1e32b0e9,1455.399999976158
jqeesfz7,1e32b0e9,339.2000000011176
kck1uue7,1e32b0e9,1873.1999998092651
8psac9uo,1e32b0e9,701.0500000715256
nx0vccp8,1e32b0e9,708.9000000357628
v6jvgdvg,1e32b0e9,604.7999997138977
l5sagbsh,1e32b0e9,858.0
4s9g1cze,1e32b0e9,647.0999999642372
3irnkhq8,1e32b0e9,1333.2000000029802
zj5uemkt,1e32b0e9,772.0
cdo2cmtp,1e32b0e9,271.9500000011176
uktb326q,1e32b0e9,620.0
bw2cwy0m,1e32b0e9,510.0
kwy2bqjo,1e32b0e9,419.94999998807907
t2eyvuxq,1e32b0e9,450.2000000476837
qv0yh587,1e32b0e9,460.5
o4kkkuj9,1e32b0e9,401.45000000018626
k8txaw58,1e32b0e9,1022.5000001192093
mlvcv31l,1e32b0e9,893.8999999910593
a589fsqz,1e32b0e9,360.0499999821186
2j8p9vyz,1e32b0e9,1266.0
s03ed531,1e32b0e9,725.5
wcau806y,1e32b0e9,619.0
eyn3wygc,1e32b0e9,467.95000000298023
ni5df01j,1e32b0e9,949.0500000715256
mrwlcmno,1e32b0e9,426.5
ew4oecfi,1e32b0e9,1304.3500001430511
904h81sn,1e32b0e9,503.90000000596046
so5k1adg,1e32b0e9,255.20000000018626
j2dvablb,1e32b0e9,801.7000000011176
xasfvnb7,1e32b0e9,547.4500000476837
sesf1qnx,1e32b0e9,1195.8000000044703
4stfwpke,1e32b0e9,560.6999999992549
nhds6zsd,1e32b0e9,453.5
vr20hyge,1e32b0e9,889.5
rjanlii9,1e32b0e9,782.7999999523163
c7ac53of,1e32b0e9,2112.2999997138977
mrypomny,1e32b0e9,368.0
tc5wgx8h,1e32b0e9,1297.4000000059605
qqqzakmg,1e32b0e9,1556.0
648anokh,1e32b0e9,872.3000000715256
lmtka1ev,1e32b0e9,1145.5
a0w1xgxf,1e32b0e9,492.0
41kp06jx,1e32b0e9,1048.5499999998137
a6jpzpek,1e32b0e9,1650.0
6eyovdd2,1e32b0e9,575.9499999880791
vpxztp7b,1e32b0e9,1064.0
f1ejz9fy,1e32b0e9,423.60000002384186
a9gvtd1o,1e32b0e9,442.70000076293945
e0biso3r,1e32b0e9,640.5
icf7bchs,1e32b0e9,873.0
l9krayds,1e32b0e9,869.0
aqmjput5,1e32b0e9,1016.0
nvlsix5c,1e32b0e9,784.0
f5ohsl5h,1e32b0e9,1042.5
dmft9d3y,1e32b0e9,1027.7000000476835
6e5gb0yb,1e32b0e9,340.59999990463257
kmwiem6m,1e32b0e9,774.1499999761581
d33m799j,1e32b0e9,1783.6499999761581
cp3b83py,1e32b0e9,672.1999999880791
fkx2gd88,1e32b0e9,1691.2000000178814
27d8totr,1e32b0e9,1586.89999999851
91fk0af9,1e32b0e9,468.5499999821186
qothvfhf,1e32b0e9,505.10000002384186
emwp6wq7,1e32b0e9,487.8499999642372
pad0sufd,1e32b0e9,675.3000000007451
xeu3j3ki,1e32b0e9,936.0
npr5bsi2,1e32b0e9,276.4500000476837
ym49wqbn,1e32b0e9,469.35000002384186
154uk6vm,1e32b0e9,433.90000000596046
o5qropwk,1e32b0e9,338.0
5nrjvc7q,1e32b0e9,486.84999999403954
bmlngyh3,1e32b0e9,668.0000001192093
clucow7d,1e32b0e9,897.0500000119209
3d2as981,1e32b0e9,1872.0499999523163
cghxa2ie,1e32b0e9,1233.0500000026077
byx9jkxm,1e32b0e9,937.0
qazkn1sw,1e32b0e9,174.5
f0wpo2hr,1e32b0e9,1138.0
c7z6erey,1e32b0e9,1013.75
8aknstxj,1e32b0e9,1593.5
zvbewhqx,1e32b0e9,448.0
0hrc9vve,1e32b0e9,1604.25
plfupad7,1e32b0e9,869.5499999998137
ism64anu,1e32b0e9,1182.0
n2et79bd,1e32b0e9,294.95000000018626
3cc6zm51,1e32b0e9,415.3499999642372
ovhoesyy,1e32b0e9,843.5
ske58akk,1e32b0e9,1267.949999988079
r24jdhzg,1e32b0e9,519.8000000007451
stbyxpx6,1e32b0e9,876.7000000178814
r2ck84r8,1e32b0e9,1124.0
nze0azo1,1e32b0e9,657.2000000476837
y32zaw9c,1e32b0e9,457.0
cuybsfwr,1e32b0e9,383.30000000447035
0ra11hiv,1e32b0e9,719.8000011444092
44o5xnxe,1e32b0e9,587.0
02333qfj,1e32b0e9,460.15000009536743
qfsp3ery,1e32b0e9,743.1500000953674
q04yitea,1e32b0e9,1280.4499999880793
hsm45iwx,1e32b0e9,1741.600000023842
e2w81k0i,1e32b0e9,721.6000000238419
4s3cm7d8,1e32b0e9,544.0
sn10zd6g,1e32b0e9,695.5500000715256
szbhlpfr,1e32b0e9,595.3499999940395
phbjwkyw,1e32b0e9,487.75000005960464
89u58v07,1e32b0e9,2800.5499999998137
03ljcqhc,0b17323b,1762.3999999985099
ce9qdbyh,0b17323b,2143.650000035763
904h81sn,0b17323b,2122.0
so5k1adg,0b17323b,2139.199999999255
j2dvablb,0b17323b,1107.0499999998135
xasfvnb7,0b17323b,3252.0
sesf1qnx,0b17323b,2614.3000000044703
nhds6zsd,0b17323b,2938.5
rjanlii9,0b17323b,4274.049999952316
c7ac53of,0b17323b,1928.5999999046328
jeq3oy2g,0b17323b,974.0
mrypomny,0b17323b,4206.5
8bgj1tsd,0b17323b,2685.5
tc5wgx8h,0b17323b,1744.25
qqqzakmg,0b17323b,1365.7999999523165
648anokh,0b17323b,1820.1499999761581
lmtka1ev,0b17323b,1295.5
a0w1xgxf,0b17323b,2194.5
41kp06jx,0b17323b,4187.75
a6jpzpek,0b17323b,1203.5
6eyovdd2,0b17323b,2840.699999988079
vpxztp7b,0b17323b,2212.5
f1ejz9fy,0b17323b,2989.1500000059605
a9gvtd1o,0b17323b,2642.25
e0biso3r,0b17323b,2303.100000143051
v6jvgdvg,0b17323b,4983.049999952316
l5sagbsh,0b17323b,1550.0
ljwskxcq,0b17323b,3213.75
3irnkhq8,0b17323b,2208.0
4s9g1cze,0b17323b,2636.4500000178814
zj5uemkt,0b17323b,3344.300000011921
cdo2cmtp,0b17323b,2225.2999999998137
uktb326q,0b17323b,5181.5
kwy2bqjo,0b17323b,2283.199999988079
bw2cwy0m,0b17323b,2277.9000000003725
t2eyvuxq,0b17323b,2836.400000035763
qv0yh587,0b17323b,3636.0
d1vjrjhc,0b17323b,1918.1000000014901
mlvcv31l,0b17323b,1929.2000000029802
o4kkkuj9,0b17323b,2720.350000000559
k8txaw58,0b17323b,1963.3500000238419
a589fsqz,0b17323b,1649.9500000029802
2j8p9vyz,0b17323b,3969.5
s03ed531,0b17323b,3048.0
wcau806y,0b17323b,5932.0
ni5df01j,0b17323b,3614.149999976158
eyn3wygc,0b17323b,1516.1500000208619
mrwlcmno,0b17323b,2172.0
ew4oecfi,0b17323b,2075.550000190735
qazkn1sw,0b17323b,1924.0
f0wpo2hr,0b17323b,2689.5
c7z6erey,0b17323b,1354.5499999821186
8aknstxj,0b17323b,5602.650000035763
zvbewhqx,0b17323b,2716.100000023842
0hrc9vve,0b17323b,11030.800000190735
plfupad7,0b17323b,2894.399999999441
n2et79bd,0b17323b,3252.100000000559
3cc6zm51,0b17323b,2349.0
ske58akk,0b17323b,3183.1500000059605
ovhoesyy,0b17323b,2427.0
r24jdhzg,0b17323b,1320.5500000026077
nze0azo1,0b17323b,3579.75
r2ck84r8,0b17323b,3046.100000023842
y32zaw9c,0b17323b,2852.5
cuybsfwr,0b17323b,1430.8000000044703
0ra11hiv,0b17323b,8939.699999809265
44o5xnxe,0b17323b,2292.5
qkiu92kk,0b17323b,2428.75
02333qfj,0b17323b,4137.649999976158
qfsp3ery,0b17323b,2379.7999999523163
q04yitea,0b17323b,2791.349999964237
hsm45iwx,0b17323b,2603.2999999970198
e2w81k0i,0b17323b,1856.050000011921
4s3cm7d8,0b17323b,4008.5
sn10zd6g,0b17323b,4357.399999976158
szbhlpfr,0b17323b,2337.10000000149
phbjwkyw,0b17323b,2720.1500000357632
89u58v07,0b17323b,4226.0
095bdwyc,0b17323b,5087.5
l9krayds,0b17323b,510.10000002384186
aqmjput5,0b17323b,2731.5
f5ohsl5h,0b17323b,1815.5000000000002
dmft9d3y,0b17323b,2410.850000023842
6e5gb0yb,0b17323b,2355.0499999523163
pgtp756s,0b17323b,2260.7999999970198
kmwiem6m,0b17323b,2361.800000011921
ikfbpugl,0b17323b,1064.3500000238419
d33m799j,0b17323b,123674.79999995232
cp3b83py,0b17323b,2570.2999999821186
27d8totr,0b17323b,3484.64999999851
91fk0af9,0b17323b,4937.75
qothvfhf,0b17323b,3801.25
emwp6wq7,0b17323b,1016.600000023842
pad0sufd,0b17323b,2753.149999999907
xeu3j3ki,0b17323b,6739.5
npr5bsi2,0b17323b,3747.25
ym49wqbn,0b17323b,478.89999997615814
o5qropwk,0b17323b,2334.0
5nrjvc7q,0b17323b,1736.7000000029802
61zahdh9,0b17323b,2297.7999999523163
y8mzyzjc,0b17323b,2192.100000023842
bmlngyh3,0b17323b,2602.0
clucow7d,0b17323b,2742.6499999910593
cghxa2ie,0b17323b,3931.550000000745
byx9jkxm,0b17323b,2133.5
j2pjmr32,0b17323b,4257.0
bcyhma9y,0b17323b,5568.6500000059605
pcrxo3zp,0b17323b,2789.5499999523163
f5ktzt2t,0b17323b,1702.7000000476837
kkeej6x5,0b17323b,40086.550000000745
mr7lkk46,0b17323b,3502.899999976158
5vv1rrzw,0b17323b,4184.049999952316
2w766g1z,0b17323b,2602.199999988079
nqubyvew,0b17323b,2539.8499999940395
m63pxnwq,0b17323b,2511.0000000000005
nldu5ge3,0b17323b,2172.35000000149
t3l0if03,0b17323b,3486.050000011921
ler5uq42,0b17323b,5135.0
4wx63ymf,0b17323b,1666.1499999994412
nfbzvhip,0b17323b,1441.5999999046326
pz38obzd,0b17323b,1886.0999999642372
xklnx39q,0b17323b,3331.699999988079
nrfiw9bx,0b17323b,2858.2000000476837
om1m73rv,0b17323b,1929.8499999642372
vbwguazj,0b17323b,1652.1499999985099
o1t1fb7j,0b17323b,11431.20000000298
7agy8y3l,0b17323b,4078.7000000476837
8jwr3j6t,0b17323b,2962.100000023842
z3die4q3,0b17323b,5508.0
mhskzwic,0b17323b,1316.5
8yhijukj,0b17323b,1881.800000011921
mpzcivx9,0b17323b,1493.6500000003725
clhkwrie,0b17323b,2838.6500000059605
1qt2f29y,0b17323b,3183.396999999881
sp00glmz,0b17323b,5695.80000000447
23iyreiv,0b17323b,2085.75
ya0wv6pm,0b17323b,828.5
9evwb372,0b17323b,2170.0
cfclud8z,0b17323b,3468.900000002235
z8b26ynw,0b17323b,1495.5
zelqv7az,0b17323b,4118.350000023842
jx6lhkbi,0b17323b,3863.75
4j6cy1mk,0b17323b,1598.300000011921
fl73adm5,0b17323b,1424.8000000715256
oxvw1rhx,0b17323b,4002.699999999255
8d21w3yr,0b17323b,11210.0
wa9xd98o,0b17323b,8017.0
2anyuqd8,0b17323b,6250.5
1r6yodve,0b17323b,2334.999999999767
cbvc5e3w,0b17323b,3793.8499999046326
zfeorjum,0b17323b,3329.0
hkj9daz7,0b17323b,2842.800000000745
9ohxtpht,0b17323b,4264.5
qfiy90jx,0b17323b,3635.5500000715256
8oohxrrz,0b17323b,2359.75
g3vslpjv,0b17323b,4056.39999999851
2d8q4qkc,0b17323b,2001.0
bx44xwzb,0b17323b,3045.6999999955297
o2ho0580,0b17323b,3909.299999237061
c9sps7bl,0b17323b,2286.0499999821186
idma9086,0b17323b,2749.5
r99uy0qb,0b17323b,5478.0
7nszfy43,0b17323b,14053.5
b73rrttr,0b17323b,1272.300000000745
yebzokh4,0b17323b,3498.849999997765
aypxap78,0b17323b,2199.949999988079
l0nln4b2,0b17323b,5441.350000023842
ascil7wf,0b17323b,2296.2000000029802
8y2nd2sh,0b17323b,5291.850000023842
jqeesfz7,0b17323b,1392.5999999996275
9pjr0waw,0b17323b,2913.6500000003725
kck1uue7,0b17323b,2462.149999976158
nx0vccp8,0b17323b,3753.400000035763
8psac9uo,0b17323b,2290.850000023842
189iqcds,0b17323b,5072.799999998882
mzi8f2hv,0b17323b,2018.449999999255
fgxp8fzz,0b17323b,2230.149999976158
72p6pxny,0b17323b,1152.75
rhbgnqhz,0b17323b,2523.5499999821186
hd5k29qy,0b17323b,4477.45000000298
g7svteiz,0b17323b,3625.1999999284744
c2lwacqc,0b17323b,2937.8000000119214
cw4tyx7n,0b17323b,2914.9500000029802
9wkeb5tu,0b17323b,2420.4000000059605
yfyhejim,0b17323b,2683.9000000953674
0yfthc4y,0b17323b,2970.0
ei0ij8ms,0b17323b,2975.0
2tkm21z6,0b17323b,3826.5
ldo5smvx,0b17323b,3983.8500003814697
jayyv6lz,0b17323b,1495.0
qu0lm98m,0b17323b,1295.8999999985099
fgxp8fzz,ca8f78db,1183.0
xgvto4mg,ca8f78db,854.25
mzi8f2hv,ca8f78db,969.0
hd5k29qy,ca8f78db,632.2999999970198
72p6pxny,ca8f78db,893.2000000476837
rhbgnqhz,ca8f78db,1215.25
cw4tyx7n,ca8f78db,682.1000000238419
g7svteiz,ca8f78db,1484.3999998569489
c2lwacqc,ca8f78db,1669.5
yc52i3qf,ca8f78db,1021.5499999821186
yfyhejim,ca8f78db,856.0999999046326
2tkm21z6,ca8f78db,686.0
ei0ij8ms,ca8f78db,1196.0
0yfthc4y,ca8f78db,1059.949999988079
ldo5smvx,ca8f78db,1375.4000000953674
qu0lm98m,ca8f78db,1144.75
jayyv6lz,ca8f78db,1199.0
x5id5i5q,ca8f78db,1757.5
8oohxrrz,ca8f78db,1006.8500000238421
qfiy90jx,ca8f78db,833.5
c9sps7bl,ca8f78db,1367.8499999940395
o2ho0580,ca8f78db,210.1999998092651
bx44xwzb,ca8f78db,1183.6500000022352
2d8q4qkc,ca8f78db,925.0
g3vslpjv,ca8f78db,2468.5
b73rrttr,ca8f78db,1816.449999999255
7nszfy43,ca8f78db,1230.5
idma9086,ca8f78db,1041.0999999940395
r99uy0qb,ca8f78db,1331.5
kavvl57w,ca8f78db,1759.2500000149012
yebzokh4,ca8f78db,1075.8000000044703
ascil7wf,ca8f78db,1179.199999988079
l0nln4b2,ca8f78db,1853.4000000357628
aypxap78,ca8f78db,1136.3999999761581
8y2nd2sh,ca8f78db,1881.0
jqeesfz7,ca8f78db,747.5
8psac9uo,ca8f78db,1844.9000000953674
nx0vccp8,ca8f78db,910.4499999880791
kck1uue7,ca8f78db,2436.099999904633
9pjr0waw,ca8f78db,1204.75
sp00glmz,ca8f78db,2641.4500000011176
1qt2f29y,ca8f78db,1850.0370000004768
clhkwrie,ca8f78db,785.7999999970198
mpzcivx9,ca8f78db,909.0999999996276
ya0wv6pm,ca8f78db,667.0
9evwb372,ca8f78db,1499.5
23iyreiv,ca8f78db,1386.199999809265
z8b26ynw,ca8f78db,896.0
zelqv7az,ca8f78db,1200.0
cfclud8z,ca8f78db,1746.699999999255
jx6lhkbi,ca8f78db,1456.8500000238419
8d21w3yr,ca8f78db,930.0
fl73adm5,ca8f78db,1023.7000000476837
4j6cy1mk,ca8f78db,1152.699999988079
oxvw1rhx,ca8f78db,1024.8500000005588
wa9xd98o,ca8f78db,1415.5
k0qq522n,ca8f78db,1296.75
w12e497z,ca8f78db,811.0
9ohxtpht,ca8f78db,2108.5
hkj9daz7,ca8f78db,1686.5
zfeorjum,ca8f78db,1186.0
pcrxo3zp,ca8f78db,747.0
kkeej6x5,ca8f78db,1407.7999999970198
f5ktzt2t,ca8f78db,830.5
bcyhma9y,ca8f78db,1046.4000000059605
nqubyvew,ca8f78db,1513.2499999850988
2w766g1z,ca8f78db,1173.0
5vv1rrzw,ca8f78db,1240.1000000238419
mr7lkk46,ca8f78db,1714.1999999284744
m63pxnwq,ca8f78db,944.6000000238419
onnumbyy,ca8f78db,1274.0
nfbzvhip,ca8f78db,711.2000002861023
4wx63ymf,ca8f78db,975.60000000149
ler5uq42,ca8f78db,2334.5
nldu5ge3,ca8f78db,1080.9000000059605
t3l0if03,ca8f78db,1072.2999999523165
xklnx39q,ca8f78db,1696.100000023842
pz38obzd,ca8f78db,876.1999999284744
nrfiw9bx,ca8f78db,1021.6999998092653
vbwguazj,ca8f78db,1428.3499999996275
o1t1fb7j,ca8f78db,2143.5999999940395
7agy8y3l,ca8f78db,1015.7000000476836
om1m73rv,ca8f78db,1500.100000023842
8yhijukj,ca8f78db,2238.199999988079
mhskzwic,ca8f78db,1458.0
p445h6ow,ca8f78db,1433.0
8jwr3j6t,ca8f78db,1065.1499999761581
z3die4q3,ca8f78db,1259.0
f5ohsl5h,ca8f78db,1698.75
nvlsix5c,ca8f78db,439.0
aqmjput5,ca8f78db,1358.5
l9krayds,ca8f78db,3609.700000047684
6e5gb0yb,ca8f78db,952.5000001192093
dmft9d3y,ca8f78db,1321.8999999761581
kmwiem6m,ca8f78db,1551.0499999523165
qothvfhf,ca8f78db,1535.949999988079
91fk0af9,ca8f78db,2143.600000023842
fkx2gd88,ca8f78db,1503.0
27d8totr,ca8f78db,2543.75
cp3b83py,ca8f78db,1499.100000023842
npr5bsi2,ca8f78db,814.3999998569489
154uk6vm,ca8f78db,843.7000000178814
ym49wqbn,ca8f78db,1760.7000000476835
xeu3j3ki,ca8f78db,2565.0
pad0sufd,ca8f78db,1109.9000000003723
emwp6wq7,ca8f78db,1603.100000023842
5hz183aa,ca8f78db,1802.5
61zahdh9,ca8f78db,1445.699999988079
5nrjvc7q,ca8f78db,829.4000000059605
ol9lky1i,ca8f78db,1089.3500000238419
o5qropwk,ca8f78db,736.0
3d2as981,ca8f78db,1687.25
cghxa2ie,ca8f78db,2290.89999999851
clucow7d,ca8f78db,1274.800000011921
bmlngyh3,ca8f78db,515.8499999046326
74l1qvc1,ca8f78db,1096.0499999998137
byx9jkxm,ca8f78db,1057.5
8aknstxj,ca8f78db,831.0
c7z6erey,ca8f78db,1777.1000000238419
f0wpo2hr,ca8f78db,1269.0
qazkn1sw,ca8f78db,756.5
ism64anu,ca8f78db,1789.899999976158
n2et79bd,ca8f78db,1935.0999999996277
plfupad7,ca8f78db,1235.8500000005588
zvbewhqx,ca8f78db,1081.5
0hrc9vve,ca8f78db,365.1000003814697
stbyxpx6,ca8f78db,943.9000000059604
r24jdhzg,ca8f78db,1159.1499999985099
ovhoesyy,ca8f78db,1365.0
ske58akk,ca8f78db,1618.399999976158
3cc6zm51,ca8f78db,755.5
hpl7jugr,ca8f78db,1324.0
r2ck84r8,ca8f78db,1315.5499999523163
nze0azo1,ca8f78db,1814.0
cuybsfwr,ca8f78db,1970.25
0ra11hiv,ca8f78db,919.8999996185304
y32zaw9c,ca8f78db,857.0
qkiu92kk,ca8f78db,690.4000000059605
44o5xnxe,ca8f78db,914.5
sn10zd6g,ca8f78db,1811.6500000953674
e2w81k0i,ca8f78db,999.6999999284744
4s3cm7d8,ca8f78db,976.0
hsm45iwx,ca8f78db,1648.25
89u58v07,ca8f78db,1639.3499999996275
phbjwkyw,ca8f78db,1439.6000000238419
4s9g1cze,ca8f78db,844.3000000119209
3irnkhq8,ca8f78db,2139.9500000029802
ljwskxcq,ca8f78db,919.0999999046326
l5sagbsh,ca8f78db,1097.0
v6jvgdvg,ca8f78db,1083.7000002861023
zj5uemkt,ca8f78db,1290.2999999523165
cdo2cmtp,ca8f78db,674.5499999988824
kwy2bqjo,ca8f78db,1073.550000011921
bw2cwy0m,ca8f78db,1611.4000000003723
uktb326q,ca8f78db,1478.0
qv0yh587,ca8f78db,270.0
t2eyvuxq,ca8f78db,757.8999999761581
a589fsqz,ca8f78db,1084.7000000178814
k8txaw58,ca8f78db,1176.6000001430511
o4kkkuj9,ca8f78db,673.5
mlvcv31l,ca8f78db,1191.3499999940395
d1vjrjhc,ca8f78db,787.4000000059605
wcau806y,ca8f78db,1264.0
s03ed531,ca8f78db,1199.000000000931
2j8p9vyz,ca8f78db,1873.0
ew4oecfi,ca8f78db,1707.6000001430511
mrwlcmno,ca8f78db,732.0
eyn3wygc,ca8f78db,1010.9000000059605
ni5df01j,ca8f78db,1265.5999999046326
j2dvablb,ca8f78db,1322.5999999996277
904h81sn,ca8f78db,1127.800000011921
so5k1adg,ca8f78db,780.3500000005588
ce9qdbyh,ca8f78db,1209.7999999523165
nhds6zsd,ca8f78db,898.0
tc5wgx8h,ca8f78db,1989.2000000178816
8bgj1tsd,ca8f78db,848.0
mrypomny,ca8f78db,2266.0
rjanlii9,ca8f78db,2167.5
c7ac53of,ca8f78db,5575.099999666214
zc26r1al,ca8f78db,629.0
648anokh,ca8f78db,935.0000000596046
6eyovdd2,ca8f78db,1439.199999988079
a6jpzpek,ca8f78db,2088.599999997765
41kp06jx,ca8f78db,1315.6000000005588
a0w1xgxf,ca8f78db,1386.0
lmtka1ev,ca8f78db,979.0
a9gvtd1o,ca8f78db,1352.3500003814697
e0biso3r,ca8f78db,1468.0999999046326
f1ejz9fy,ca8f78db,1152.300000011921
vpxztp7b,ca8f78db,1263.0
g3vslpjv,3ac3eb23,956.1500000022352
2d8q4qkc,3ac3eb23,362.0
o2ho0580,3ac3eb23,561.0
bx44xwzb,3ac3eb23,762.7000000029802
c9sps7bl,3ac3eb23,692.3000000119209
qfiy90jx,3ac3eb23,617.3999999761581
8oohxrrz,3ac3eb23,515.4499999880791
yebzokh4,3ac3eb23,604.0
kavvl57w,3ac3eb23,989.9000000059605
idma9086,3ac3eb23,483.59999999403954
r99uy0qb,3ac3eb23,576.5
b73rrttr,3ac3eb23,1344.2999999988824
qif0sa3r,3ac3eb23,319.79999999981374
8y2nd2sh,3ac3eb23,922.0
aypxap78,3ac3eb23,447.0499999821186
l0nln4b2,3ac3eb23,658.0000000298023
ascil7wf,3ac3eb23,751.4500000029802
9pjr0waw,3ac3eb23,733.8999999985099
kck1uue7,3ac3eb23,399.7999999523163
nx0vccp8,3ac3eb23,758.2499999403954
8psac9uo,3ac3eb23,863.2999999523163
jqeesfz7,3ac3eb23,659.8000000007451
xji13cu2,3ac3eb23,459.84999999403954
72p6pxny,3ac3eb23,519.0499999523163
rhbgnqhz,3ac3eb23,579.8000000119209
hd5k29qy,3ac3eb23,399.75
189iqcds,3ac3eb23,791.9499999973923
mzi8f2hv,3ac3eb23,379.79999999981374
fgxp8fzz,3ac3eb23,586.6999999284744
g7svteiz,3ac3eb23,584.1499999761581
c2lwacqc,3ac3eb23,507.79999999701977
0yfthc4y,3ac3eb23,536.0999999940395
ei0ij8ms,3ac3eb23,474.5
2tkm21z6,3ac3eb23,508.5
9wkeb5tu,3ac3eb23,409.0499999821186
yfyhejim,3ac3eb23,269.35000014305115
qu0lm98m,3ac3eb23,443.79999999701977
ldo5smvx,3ac3eb23,646.0499997138977
mr7lkk46,3ac3eb23,830.6500000357628
5vv1rrzw,3ac3eb23,864.5499999523163
2w766g1z,3ac3eb23,351.50000005960464
nqubyvew,3ac3eb23,569.4000000059605
bcyhma9y,3ac3eb23,570.8000000119209
pcrxo3zp,3ac3eb23,508.5
f5ktzt2t,3ac3eb23,397.5
kkeej6x5,3ac3eb23,611.75
nldu5ge3,3ac3eb23,405.1499999985099
t3l0if03,3ac3eb23,322.84999999403954
4wx63ymf,3ac3eb23,417.59999999962747
nfbzvhip,3ac3eb23,577.0999999046326
m63pxnwq,3ac3eb23,444.8000000715256
nrfiw9bx,3ac3eb23,605.7999999523163
xklnx39q,3ac3eb23,614.1999999880791
8jwr3j6t,3ac3eb23,447.84999990463257
z3die4q3,3ac3eb23,392.5
mhskzwic,3ac3eb23,491.0
8yhijukj,3ac3eb23,516.8999999761581
om1m73rv,3ac3eb23,346.30000001192093
vbwguazj,3ac3eb23,556.0499999988824
o1t1fb7j,3ac3eb23,986.1500000059605
7agy8y3l,3ac3eb23,676.0999999642372
ya0wv6pm,3ac3eb23,456.0
2ke9hbes,3ac3eb23,630.5
9evwb372,3ac3eb23,584.0
1qt2f29y,3ac3eb23,691.6805000001332
clhkwrie,3ac3eb23,511.1499999985099
sp00glmz,3ac3eb23,728.75
jx6lhkbi,3ac3eb23,612.0500000715256
cfclud8z,3ac3eb23,887.3000000007451
z8b26ynw,3ac3eb23,416.5
zelqv7az,3ac3eb23,436.9500000476837
318gokyy,3ac3eb23,375.80000019073486
fl73adm5,3ac3eb23,407.89999997615814
4j6cy1mk,3ac3eb23,368.05000001192093
oxvw1rhx,3ac3eb23,651.5999999996275
8d21w3yr,3ac3eb23,612.0
hkj9daz7,3ac3eb23,1029.0000000037253
zfeorjum,3ac3eb23,570.5
w12e497z,3ac3eb23,2817.79999999702
9ohxtpht,3ac3eb23,404.5
0wk7vjg8,3ac3eb23,826.0
2anyuqd8,3ac3eb23,1092.5
1r6yodve,3ac3eb23,849.9999999990687
k0qq522n,3ac3eb23,2253.5
cbvc5e3w,3ac3eb23,615.4500000476837
zvbewhqx,3ac3eb23,536.1999999284744
0hrc9vve,3ac3eb23,8442.699999809265
plfupad7,3ac3eb23,893.1999999992549
n2et79bd,3ac3eb23,376.5999999996274
ism64anu,3ac3eb23,674.9499999880791
qazkn1sw,3ac3eb23,514.5
c7z6erey,3ac3eb23,331.55000001192093
hpl7jugr,3ac3eb23,430.5
nze0azo1,3ac3eb23,484.7000000476837
r2ck84r8,3ac3eb23,628.6499998569489
3cc6zm51,3ac3eb23,698.9499999880791
ske58akk,3ac3eb23,500.59999999403954
ovhoesyy,3ac3eb23,513.0
r24jdhzg,3ac3eb23,544.0
stbyxpx6,3ac3eb23,550.7000000029802
qkiu92kk,3ac3eb23,401.89999997615814
02333qfj,3ac3eb23,456.39999985694885
qfsp3ery,3ac3eb23,665.4499998092651
q04yitea,3ac3eb23,624.8999999761581
y32zaw9c,3ac3eb23,498.5
cuybsfwr,3ac3eb23,356.8999999985099
szbhlpfr,3ac3eb23,543.8500000014901
phbjwkyw,3ac3eb23,320.0999999642372
89u58v07,3ac3eb23,520.6999999992549
095bdwyc,3ac3eb23,1239.10000000149
hsm45iwx,3ac3eb23,700.0
e2w81k0i,3ac3eb23,391.85000002384186
4s3cm7d8,3ac3eb23,696.0
sn10zd6g,3ac3eb23,631.6999999284744
dmft9d3y,3ac3eb23,592.1000000238419
6e5gb0yb,3ac3eb23,372.34999990463257
pgtp756s,3ac3eb23,573.6000000089407
icf7bchs,3ac3eb23,616.0
aqmjput5,3ac3eb23,505.0
l9krayds,3ac3eb23,2247.599999904633
cp3b83py,3ac3eb23,321.7999999821186
27d8totr,3ac3eb23,924.9500000029802
fkx2gd88,3ac3eb23,976.4499999880792
91fk0af9,3ac3eb23,652.5999999940395
qothvfhf,3ac3eb23,937.9000000059606
kmwiem6m,3ac3eb23,300.4000000357628
d33m799j,3ac3eb23,560.5
o5qropwk,3ac3eb23,887.0
5nrjvc7q,3ac3eb23,697.3499999940395
ol9lky1i,3ac3eb23,424.0499999523163
61zahdh9,3ac3eb23,352.34999999403954
5hz183aa,3ac3eb23,1782.0
emwp6wq7,3ac3eb23,696.3499999642372
pad0sufd,3ac3eb23,434.94999999925494
xeu3j3ki,3ac3eb23,668.0
npr5bsi2,3ac3eb23,761.25
154uk6vm,3ac3eb23,589.4500000029802
ym49wqbn,3ac3eb23,700.1000000238419
74l1qvc1,3ac3eb23,672.0
byx9jkxm,3ac3eb23,475.0
j2pjmr32,3ac3eb23,1128.0
bmlngyh3,3ac3eb23,803.5500000715256
clucow7d,3ac3eb23,607.8999999910593
3d2as981,3ac3eb23,1032.550000011921
cghxa2ie,3ac3eb23,691.5999999996275
ce9qdbyh,3ac3eb23,391.30000001192093
904h81sn,3ac3eb23,475.59999999403954
so5k1adg,3ac3eb23,308.09999999962747
j2dvablb,3ac3eb23,414.45000000018626
nhds6zsd,3ac3eb23,504.5
vr20hyge,3ac3eb23,680.0
qqqzakmg,3ac3eb23,533.6000000238419
648anokh,3ac3eb23,462.5
rjanlii9,3ac3eb23,649.2000000476837
c7ac53of,3ac3eb23,3563.5
jeq3oy2g,3ac3eb23,559.0
mrypomny,3ac3eb23,481.0
tc5wgx8h,3ac3eb23,543.1499999910593
8bgj1tsd,3ac3eb23,482.85000002384186
vpxztp7b,3ac3eb23,516.0
f1ejz9fy,3ac3eb23,416.09999999403954
a9gvtd1o,3ac3eb23,602.8500003814697
e0biso3r,3ac3eb23,594.9500002861023
lmtka1ev,3ac3eb23,396.0
41kp06jx,3ac3eb23,525.8000000007451
6eyovdd2,3ac3eb23,423.7999999523163
a6jpzpek,3ac3eb23,587.0500000007451
zj5uemkt,3ac3eb23,722.3000000715256
v6jvgdvg,3ac3eb23,701.25
l5sagbsh,3ac3eb23,446.5
ljwskxcq,3ac3eb23,298.0
3irnkhq8,3ac3eb23,420.95000000298023
4s9g1cze,3ac3eb23,448.699999988079
uktb326q,3ac3eb23,664.5
kwy2bqjo,3ac3eb23,439.89999997615814
bw2cwy0m,3ac3eb23,523.3999999994412
cdo2cmtp,3ac3eb23,397.65000000037253
d1vjrjhc,3ac3eb23,489.75
mlvcv31l,3ac3eb23,503.70000000298023
o4kkkuj9,3ac3eb23,410.04999999981374
k8txaw58,3ac3eb23,440.4500000476837
a589fsqz,3ac3eb23,484.40000000596046
t2eyvuxq,3ac3eb23,607.1999999284744
qv0yh587,3ac3eb23,479.5
ni5df01j,3ac3eb23,513.4500000476837
eyn3wygc,3ac3eb23,719.5
mrwlcmno,3ac3eb23,498.5
ew4oecfi,3ac3eb23,449.7999999523163
08vqizpx,3ac3eb23,732.9999999998836
2j8p9vyz,3ac3eb23,961.5
6p8vl3lk,3ac3eb23,612.5
s03ed531,3ac3eb23,641.5
89u58v07,5168d44c,3901.900000002235
szbhlpfr,5168d44c,436.04999999701977
phbjwkyw,5168d44c,2106.7000000476837
sn10zd6g,5168d44c,4465.949999928474
hsm45iwx,5168d44c,2809.5499999970198
e2w81k0i,5168d44c,2041.7000000476835
4s3cm7d8,5168d44c,441.0
02333qfj,5168d44c,391.90000009536743
qfsp3ery,5168d44c,595.75
q04yitea,5168d44c,1900.3500000238419
44o5xnxe,5168d44c,282.0
qkiu92kk,5168d44c,374.79999999701977
cuybsfwr,5168d44c,365.94999999925494
0ra11hiv,5168d44c,755.0000009536743
y32zaw9c,5168d44c,459.5
hpl7jugr,5168d44c,2386.5
r2ck84r8,5168d44c,3431.100000143051
nze0azo1,5168d44c,374.39999997615814
r24jdhzg,5168d44c,424.5499999988824
stbyxpx6,5168d44c,393.40000000596046
3cc6zm51,5168d44c,377.10000002384186
ovhoesyy,5168d44c,2795.0
ske58akk,5168d44c,566.6500000059605
plfupad7,5168d44c,852.7999999998137
ism64anu,5168d44c,647.1000000238419
zvbewhqx,5168d44c,492.10000002384186
c7z6erey,5168d44c,3253.1500000059605
8aknstxj,5168d44c,5414.899999976158
qazkn1sw,5168d44c,586.0
f0wpo2hr,5168d44c,414.5
74l1qvc1,5168d44c,493.19999999925494
byx9jkxm,5168d44c,921.0
clucow7d,5168d44c,991.2000000178814
3d2as981,5168d44c,1019.0
cghxa2ie,5168d44c,1073.89999999851
y8mzyzjc,5168d44c,527.8500000238419
bmlngyh3,5168d44c,387.89999997615814
61zahdh9,5168d44c,344.0499999821186
5hz183aa,5168d44c,1386.0
o5qropwk,5168d44c,404.0
5nrjvc7q,5168d44c,1105.9500000178814
xeu3j3ki,5168d44c,4645.5
npr5bsi2,5168d44c,366.10000002384186
ym49wqbn,5168d44c,1145.9499999880793
emwp6wq7,5168d44c,466.30000001192093
pad0sufd,5168d44c,407.54999999981374
fkx2gd88,5168d44c,3076.5499999821186
27d8totr,5168d44c,842.1000000014901
qothvfhf,5168d44c,480.40000000596046
cp3b83py,5168d44c,365.9999999701977
ikfbpugl,5168d44c,1668.1500000059605
d33m799j,5168d44c,259.5
kmwiem6m,5168d44c,2359.25
pgtp756s,5168d44c,399.70000000298023
6e5gb0yb,5168d44c,1828.350000143051
dmft9d3y,5168d44c,4412.649999976158
l9krayds,5168d44c,804.1000000238419
aqmjput5,5168d44c,404.5
nvlsix5c,5168d44c,736.0
icf7bchs,5168d44c,631.0
a9gvtd1o,5168d44c,3168.4000005722046
e0biso3r,5168d44c,632.5
vpxztp7b,5168d44c,520.0
f1ejz9fy,5168d44c,460.550000011921
a6jpzpek,5168d44c,2052.0
6eyovdd2,5168d44c,375.9000000357628
lmtka1ev,5168d44c,1952.5
a0w1xgxf,5168d44c,2103.5
41kp06jx,5168d44c,425.8999999985099
648anokh,5168d44c,485.25
tc5wgx8h,5168d44c,368.300000011921
rjanlii9,5168d44c,640.0
c7ac53of,5168d44c,551.4000000953674
jeq3oy2g,5168d44c,406.5
mrypomny,5168d44c,500.5
nhds6zsd,5168d44c,464.5
vr20hyge,5168d44c,1975.5
xasfvnb7,5168d44c,469.14999985694885
sesf1qnx,5168d44c,3001.29999999702
904h81sn,5168d44c,439.04999999701977
j2dvablb,5168d44c,2390.449999999255
ce9qdbyh,5168d44c,282.0499999523163
mrwlcmno,5168d44c,422.5
ew4oecfi,5168d44c,2450.0999999046326
eyn3wygc,5168d44c,632.6000000089407
ni5df01j,5168d44c,365.6999999284744
wcau806y,5168d44c,642.0
6p8vl3lk,5168d44c,484.5
2j8p9vyz,5168d44c,4577.5
s03ed531,5168d44c,917.0
a589fsqz,5168d44c,282.95000000298023
d1vjrjhc,5168d44c,367.54999999701977
k8txaw58,5168d44c,451.2999999523163
o4kkkuj9,5168d44c,380.45000000018626
mlvcv31l,5168d44c,1679.9000000059605
t2eyvuxq,5168d44c,500.4000000357628
qv0yh587,5168d44c,385.0
kwy2bqjo,5168d44c,4194.400000035763
bw2cwy0m,5168d44c,567.8999999994412
uktb326q,5168d44c,752.0
cdo2cmtp,5168d44c,305.3999999994412
zj5uemkt,5168d44c,683.8500000238419
ljwskxcq,5168d44c,867.0
l5sagbsh,5168d44c,1921.0
v6jvgdvg,5168d44c,614.8000001907349
4s9g1cze,5168d44c,1808.0
3irnkhq8,5168d44c,2478.0
kck1uue7,5168d44c,5072.950000047684
8psac9uo,5168d44c,701.6499999761581
nx0vccp8,5168d44c,559.8999999761581
jqeesfz7,5168d44c,435.40000000037253
ascil7wf,5168d44c,732.3999999985099
aypxap78,5168d44c,455.39999997615814
l0nln4b2,5168d44c,649.5499999821186
kavvl57w,5168d44c,2881.5
yebzokh4,5168d44c,967.949999999255
7nszfy43,5168d44c,1282.5
0fy66fv2,5168d44c,349.84999999962747
idma9086,5168d44c,621.1999999880791
r99uy0qb,5168d44c,2629.0
o2ho0580,5168d44c,442.3500003814697
bx44xwzb,5168d44c,596.7499999962747
c9sps7bl,5168d44c,1888.2000000178814
g3vslpjv,5168d44c,3023.5999999940395
2d8q4qkc,5168d44c,1950.5
qfiy90jx,5168d44c,674.0
8oohxrrz,5168d44c,2943.800000011921
qu0lm98m,5168d44c,1962.8999999985099
jayyv6lz,5168d44c,474.0
2tkm21z6,5168d44c,516.5
0yfthc4y,5168d44c,481.09999999403954
ei0ij8ms,5168d44c,2780.5
yfyhejim,5168d44c,3505.4000000953674
g7svteiz,5168d44c,616.0500000715256
c2lwacqc,5168d44c,400.79999999701977
cw4tyx7n,5168d44c,926.4000000059605
gkse9wdn,5168d44c,943.0
72p6pxny,5168d44c,488.0499999523163
rhbgnqhz,5168d44c,1696.0999999642372
hd5k29qy,5168d44c,10346.94999999553
xgvto4mg,5168d44c,711.0999999996275
fgxp8fzz,5168d44c,4109.199999928474
189iqcds,5168d44c,555.8000000007451
mzi8f2hv,5168d44c,2432.25
mhskzwic,5168d44c,893.0
8yhijukj,5168d44c,847.5999999940395
50nsp39w,5168d44c,1889.6000001430511
p445h6ow,5168d44c,537.0
8jwr3j6t,5168d44c,316.5
om1m73rv,5168d44c,1766.0
vbwguazj,5168d44c,403.65000000037253
o1t1fb7j,5168d44c,1603.0
7agy8y3l,5168d44c,400.99999994039536
nrfiw9bx,5168d44c,1881.8999996185305
xklnx39q,5168d44c,562.7999999523163
pz38obzd,5168d44c,392.0999999642372
ler5uq42,5168d44c,735.0
nfbzvhip,5168d44c,364.89999985694885
4wx63ymf,5168d44c,1603.300000000745
nldu5ge3,5168d44c,302.70000000298023
t3l0if03,5168d44c,1069.3499999940395
m63pxnwq,5168d44c,352.75
nqubyvew,5168d44c,434.5
mr7lkk46,5168d44c,763.1500000357628
2w766g1z,5168d44c,483.25
pcrxo3zp,5168d44c,2949.4500000476837
kkeej6x5,5168d44c,404.3499999977648
f5ktzt2t,5168d44c,1470.6000001430511
bcyhma9y,5168d44c,666.1000000089407
w12e497z,5168d44c,752.0499999970198
9ohxtpht,5168d44c,379.8499999977648
zfeorjum,5168d44c,2071.0
hkj9daz7,5168d44c,1311.6999999955297
2anyuqd8,5168d44c,767.4999999997672
1r6yodve,5168d44c,757.9999999990687
k0qq522n,5168d44c,1291.25
cbvc5e3w,5168d44c,442.10000002384186
0wk7vjg8,5168d44c,697.0
4j6cy1mk,5168d44c,263.85000002384186
fl73adm5,5168d44c,1575.1499999761581
oxvw1rhx,5168d44c,357.25
jx6lhkbi,5168d44c,551.8500000238419
z8b26ynw,5168d44c,1911.0
zelqv7az,5168d44c,412.7000000476837
cfclud8z,5168d44c,841.4000000003725
ya0wv6pm,5168d44c,426.0
9evwb372,5168d44c,783.0
sp00glmz,5168d44c,624.2499999962747
mpzcivx9,5168d44c,1487.4000000003723
clhkwrie,5168d44c,904.7000000029802
1qt2f29y,5168d44c,1633.3660000003874
ldo5smvx,a3df8b1e,851.6000003814697
qu0lm98m,a3df8b1e,543.5500000044703
jayyv6lz,a3df8b1e,677.0
yfyhejim,a3df8b1e,375.69999980926514
2tkm21z6,a3df8b1e,1374.0
0yfthc4y,a3df8b1e,432.10000002384186
ei0ij8ms,a3df8b1e,536.0
c2lwacqc,a3df8b1e,399.7000000178814
g7svteiz,a3df8b1e,634.0
cw4tyx7n,a3df8b1e,836.5
fgxp8fzz,a3df8b1e,751.8500000238419
189iqcds,a3df8b1e,619.1000000014901
mzi8f2hv,a3df8b1e,339.2000000011176
rhbgnqhz,a3df8b1e,646.2999999523163
72p6pxny,a3df8b1e,528.4000000953674
hd5k29qy,a3df8b1e,599.6000000089407
jqeesfz7,a3df8b1e,331.3999999985099
xji13cu2,a3df8b1e,400.0999999642372
kck1uue7,a3df8b1e,583.7000000476837
8psac9uo,a3df8b1e,693.1000000238419
nx0vccp8,a3df8b1e,799.9000000953674
9pjr0waw,a3df8b1e,541.6999999992549
ascil7wf,a3df8b1e,689.4499999955297
aypxap78,a3df8b1e,367.199999988079
l0nln4b2,a3df8b1e,583.1999999880791
8y2nd2sh,a3df8b1e,826.8999999761581
b73rrttr,a3df8b1e,1280.1500000003725
7nszfy43,a3df8b1e,1057.0
r99uy0qb,a3df8b1e,909.0
idma9086,a3df8b1e,489.2000000476837
kavvl57w,a3df8b1e,914.0
yebzokh4,a3df8b1e,748.0500000007451
x5id5i5q,a3df8b1e,863.0
qfiy90jx,a3df8b1e,617.9000000953674
8oohxrrz,a3df8b1e,360.2000000476837
o2ho0580,a3df8b1e,702.0
bx44xwzb,a3df8b1e,671.0
c9sps7bl,a3df8b1e,732.1000000238419
g3vslpjv,a3df8b1e,802.6000000014901
2d8q4qkc,a3df8b1e,364.0
1r6yodve,a3df8b1e,796.5
k0qq522n,a3df8b1e,1296.2000000011176
cbvc5e3w,a3df8b1e,414.35000002384186
0wk7vjg8,a3df8b1e,772.0
9ohxtpht,a3df8b1e,631.9000000022352
w12e497z,a3df8b1e,3306.20000000298
hkj9daz7,a3df8b1e,863.0999999940395
zfeorjum,a3df8b1e,581.0
8d21w3yr,a3df8b1e,746.5
gckdkq1t,a3df8b1e,604.3500000238419
oxvw1rhx,a3df8b1e,519.1999999992549
fl73adm5,a3df8b1e,692.3999999761581
4j6cy1mk,a3df8b1e,325.0999999642372
zelqv7az,a3df8b1e,429.5
z8b26ynw,a3df8b1e,373.0
cfclud8z,a3df8b1e,864.0
jx6lhkbi,a3df8b1e,560.1000001430511
sp00glmz,a3df8b1e,1375.3999999985099
mpzcivx9,a3df8b1e,552.8499999996275
1qt2f29y,a3df8b1e,425.0084999999963
clhkwrie,a3df8b1e,514.7000000029802
23iyreiv,a3df8b1e,692.3999996185303
9evwb372,a3df8b1e,433.0
2ke9hbes,a3df8b1e,497.0
ya0wv6pm,a3df8b1e,528.5
om1m73rv,a3df8b1e,322.7999999523163
7agy8y3l,a3df8b1e,613.5999999046326
vbwguazj,a3df8b1e,512.0
mhskzwic,a3df8b1e,394.0
8yhijukj,a3df8b1e,710.6999999880791
50nsp39w,a3df8b1e,585.2999999523163
z3die4q3,a3df8b1e,531.0
8jwr3j6t,a3df8b1e,864.1999998092651
pz38obzd,a3df8b1e,468.50000005960464
xklnx39q,a3df8b1e,716.6999999284744
nrfiw9bx,a3df8b1e,606.5
m63pxnwq,a3df8b1e,593.0999999046326
onnumbyy,a3df8b1e,704.0
ler5uq42,a3df8b1e,767.0000000009313
nfbzvhip,a3df8b1e,616.5999999046326
4wx63ymf,a3df8b1e,472.75
t3l0if03,a3df8b1e,416.4000000357628
nldu5ge3,a3df8b1e,386.59999999403954
f5ktzt2t,a3df8b1e,359.40000009536743
kkeej6x5,a3df8b1e,792.2000000029802
pcrxo3zp,a3df8b1e,477.40000009536743
bcyhma9y,a3df8b1e,712.6500000059605
mr7lkk46,a3df8b1e,804.1999999284744
2w766g1z,a3df8b1e,449.7999999523163
clucow7d,a3df8b1e,2685.699999988079
cghxa2ie,a3df8b1e,993.75
3d2as981,a3df8b1e,739.5
bmlngyh3,a3df8b1e,712.4500000476837
j2pjmr32,a3df8b1e,743.5
byx9jkxm,a3df8b1e,468.0
154uk6vm,a3df8b1e,1229.800000011921
ym49wqbn,a3df8b1e,506.5
npr5bsi2,a3df8b1e,533.2999999523163
emwp6wq7,a3df8b1e,527.8999999761581
pad0sufd,a3df8b1e,420.9000000003726
61zahdh9,a3df8b1e,393.5
5hz183aa,a3df8b1e,2192.0
o5qropwk,a3df8b1e,537.5
ol9lky1i,a3df8b1e,480.10000014305115
5nrjvc7q,a3df8b1e,1870.8999999910593
d33m799j,a3df8b1e,634.5500000119209
kmwiem6m,a3df8b1e,264.1999999284744
fkx2gd88,a3df8b1e,1020.8500000238421
27d8totr,a3df8b1e,875.2499999962747
91fk0af9,a3df8b1e,554.9000000059605
qothvfhf,a3df8b1e,466.800000011921
cp3b83py,a3df8b1e,310.94999998807907
aqmjput5,a3df8b1e,466.5
l9krayds,a3df8b1e,999.6499999761581
f5ohsl5h,a3df8b1e,328.09999990463257
bhpug29p,a3df8b1e,637.2999999998137
icf7bchs,a3df8b1e,592.0
pgtp756s,a3df8b1e,481.1499999910593
6e5gb0yb,a3df8b1e,337.0
dmft9d3y,a3df8b1e,502.7999999523163
bdfn1h0o,a3df8b1e,855.8000001907349
sn10zd6g,a3df8b1e,735.9000000953674
hsm45iwx,a3df8b1e,649.3000000119209
4s3cm7d8,a3df8b1e,616.0
e2w81k0i,a3df8b1e,455.40000009536743
095bdwyc,a3df8b1e,568.1999999955297
89u58v07,a3df8b1e,472.0
szbhlpfr,a3df8b1e,624.0499999970198
phbjwkyw,a3df8b1e,293.90000009536743
0ra11hiv,a3df8b1e,725.0499992370605
cuybsfwr,a3df8b1e,544.8000000007451
y32zaw9c,a3df8b1e,1051.0
02333qfj,a3df8b1e,520.0
q04yitea,a3df8b1e,528.0999999046326
qfsp3ery,a3df8b1e,768.4000000953674
ihnjt6k4,a3df8b1e,536.0
44o5xnxe,a3df8b1e,364.0
qkiu92kk,a3df8b1e,411.2000000178814
r24jdhzg,a3df8b1e,528.0
stbyxpx6,a3df8b1e,416.2000000178814
3cc6zm51,a3df8b1e,622.3999999761581
ovhoesyy,a3df8b1e,448.5
ske58akk,a3df8b1e,583.6000000238419
r2ck84r8,a3df8b1e,472.14999985694885
nze0azo1,a3df8b1e,403.80000001192093
8aknstxj,a3df8b1e,629.5
qazkn1sw,a3df8b1e,541.0
f0wpo2hr,a3df8b1e,388.0
plfupad7,a3df8b1e,689.5999999996275
ism64anu,a3df8b1e,665.7000000476837
n2et79bd,a3df8b1e,363.30000000074506
0hrc9vve,a3df8b1e,635.3999996185303
zvbewhqx,a3df8b1e,488.39999997615814
2j8p9vyz,a3df8b1e,639.0
s03ed531,a3df8b1e,883.0
mrwlcmno,a3df8b1e,474.0
ew4oecfi,a3df8b1e,450.90000009536743
eyn3wygc,a3df8b1e,652.0999999940395
ni5df01j,a3df8b1e,473.39999985694885
t2eyvuxq,a3df8b1e,483.0
qv0yh587,a3df8b1e,3949.0
a589fsqz,a3df8b1e,390.5
7o2tmcr2,a3df8b1e,1036.2999999821186
d1vjrjhc,a3df8b1e,444.699999988079
o4kkkuj9,a3df8b1e,426.30000000074506
k8txaw58,a3df8b1e,504.0
mlvcv31l,a3df8b1e,558.9000000059605
cdo2cmtp,a3df8b1e,379.5
kwy2bqjo,a3df8b1e,428.2000000476837
bw2cwy0m,a3df8b1e,657.6999999992549
uktb326q,a3df8b1e,1229.0
ljwskxcq,a3df8b1e,329.2000002861023
l5sagbsh,a3df8b1e,399.0
v6jvgdvg,a3df8b1e,846.6500000953674
4s9g1cze,a3df8b1e,414.4000000357628
3irnkhq8,a3df8b1e,350.09999999403954
zj5uemkt,a3df8b1e,621.3500000238419
6eyovdd2,a3df8b1e,320.2000000476837
a6jpzpek,a3df8b1e,502.0
lmtka1ev,a3df8b1e,372.0
41kp06jx,a3df8b1e,497.4000000003726
a0w1xgxf,a3df8b1e,514.0
e0biso3r,a3df8b1e,634.4000000953674
a9gvtd1o,a3df8b1e,564.5
vpxztp7b,a3df8b1e,438.0
f1ejz9fy,a3df8b1e,532.9000000059605
tc5wgx8h,a3df8b1e,465.0
8bgj1tsd,a3df8b1e,438.7999999523163
c7ac53of,a3df8b1e,6071.649999856949
rjanlii9,a3df8b1e,913.3999998569489
mrypomny,a3df8b1e,480.0
jeq3oy2g,a3df8b1e,621.5
zc26r1al,a3df8b1e,409.8000000715256
648anokh,a3df8b1e,352.5
4stfwpke,a3df8b1e,381.8999999985099
vr20hyge,a3df8b1e,734.0
nhds6zsd,a3df8b1e,514.0
so5k1adg,a3df8b1e,326.1000000014901
904h81sn,a3df8b1e,424.0
j2dvablb,a3df8b1e,363.9000000003726
ce9qdbyh,a3df8b1e,413.9000000357628
03ljcqhc,a3df8b1e,602.9000000059605
xasfvnb7,a3df8b1e,492.0
sesf1qnx,a3df8b1e,1068.25
dmft9d3y,9ddd00f0,803.3500000834465
6e5gb0yb,9ddd00f0,432.7000000476837
icf7bchs,9ddd00f0,466.5
bhpug29p,9ddd00f0,825.7999999998137
l9krayds,9ddd00f0,859.9499999880791
aqmjput5,9ddd00f0,858.0
cp3b83py,9ddd00f0,1192.4999999701977
qothvfhf,9ddd00f0,409.7000000476837
91fk0af9,9ddd00f0,538.0
27d8totr,9ddd00f0,1215.6499999910593
kmwiem6m,9ddd00f0,1221.600000023842
o5qropwk,9ddd00f0,431.0
61zahdh9,9ddd00f0,2824.100000023842
pad0sufd,9ddd00f0,1621.0
emwp6wq7,9ddd00f0,882.7999999523163
ym49wqbn,9ddd00f0,358.0999999642372
xeu3j3ki,9ddd00f0,5021.5
74l1qvc1,9ddd00f0,876.6499999994412
byx9jkxm,9ddd00f0,1374.0
bmlngyh3,9ddd00f0,364.0
3d2as981,9ddd00f0,2244.2000000476837
cghxa2ie,9ddd00f0,2734.8000000044703
clucow7d,9ddd00f0,1494.5499999970198
zvbewhqx,9ddd00f0,720.9999999403954
0hrc9vve,9ddd00f0,689.9000000953674
ism64anu,9ddd00f0,2642.75
plfupad7,9ddd00f0,1145.9000000003723
f0wpo2hr,9ddd00f0,2787.0
qazkn1sw,9ddd00f0,129.0
c7z6erey,9ddd00f0,670.8499999940395
8aknstxj,9ddd00f0,3556.899999976158
hpl7jugr,9ddd00f0,2055.0
nze0azo1,9ddd00f0,1131.2000000476835
r2ck84r8,9ddd00f0,863.2999999523163
ske58akk,9ddd00f0,2735.800000011921
ovhoesyy,9ddd00f0,1588.0
3cc6zm51,9ddd00f0,298.2000000476837
stbyxpx6,9ddd00f0,535.2999999821186
r24jdhzg,9ddd00f0,488.1000000014901
44o5xnxe,9ddd00f0,381.0
qfsp3ery,9ddd00f0,649.9500000476837
q04yitea,9ddd00f0,614.0
y32zaw9c,9ddd00f0,439.0
cuybsfwr,9ddd00f0,391.8999999985099
0ra11hiv,9ddd00f0,749.9000015258789
phbjwkyw,9ddd00f0,1117.7500000596046
89u58v07,9ddd00f0,1826.75
e2w81k0i,9ddd00f0,1142.5500000119207
4s3cm7d8,9ddd00f0,3031.5
hsm45iwx,9ddd00f0,1871.5
sn10zd6g,9ddd00f0,1724.6000001430511
zj5uemkt,9ddd00f0,1330.1500000357628
3irnkhq8,9ddd00f0,1925.5999999940395
v6jvgdvg,9ddd00f0,748.1999998092651
l5sagbsh,9ddd00f0,1368.0
ljwskxcq,9ddd00f0,1453.0999999046326
uktb326q,9ddd00f0,562.0
kwy2bqjo,9ddd00f0,420.0
bw2cwy0m,9ddd00f0,731.9000000003725
cdo2cmtp,9ddd00f0,307.75
mlvcv31l,9ddd00f0,1379.300000011921
k8txaw58,9ddd00f0,1326.1000001430511
o4kkkuj9,9ddd00f0,402.5
a589fsqz,9ddd00f0,1158.0999999940395
qv0yh587,9ddd00f0,730.0
t2eyvuxq,9ddd00f0,568.6000000238419
ni5df01j,9ddd00f0,2426.100000023842
eyn3wygc,9ddd00f0,599.4000000059605
ew4oecfi,9ddd00f0,3185.0
mrwlcmno,9ddd00f0,404.0
s03ed531,9ddd00f0,808.0
2j8p9vyz,9ddd00f0,2383.0
wcau806y,9ddd00f0,761.0
sesf1qnx,9ddd00f0,1895.7000000029802
ce9qdbyh,9ddd00f0,926.2000000476837
j2dvablb,9ddd00f0,901.6999999992548
904h81sn,9ddd00f0,1071.699999988079
nhds6zsd,9ddd00f0,457.0
vr20hyge,9ddd00f0,941.5
4stfwpke,9ddd00f0,480.80000000074506
648anokh,9ddd00f0,1988.5
zc26r1al,9ddd00f0,399.35000014305115
jeq3oy2g,9ddd00f0,396.5
mrypomny,9ddd00f0,644.0
rjanlii9,9ddd00f0,3180.2999999523163
c7ac53of,9ddd00f0,681.3999998569489
8bgj1tsd,9ddd00f0,1655.9500000476837
tc5wgx8h,9ddd00f0,2458.6500000059605
f1ejz9fy,9ddd00f0,1122.8499999940395
vpxztp7b,9ddd00f0,1632.0
a9gvtd1o,9ddd00f0,2914.8500003814697
e0biso3r,9ddd00f0,2979.400000095367
41kp06jx,9ddd00f0,732.5499999998137
lmtka1ev,9ddd00f0,1198.0
a6jpzpek,9ddd00f0,1644.2999999988824
6eyovdd2,9ddd00f0,556.7999999523163
hd5k29qy,9ddd00f0,1468.8000000044703
72p6pxny,9ddd00f0,1115.5500000715256
rhbgnqhz,9ddd00f0,2175.0999999940395
gkse9wdn,9ddd00f0,802.5
mzi8f2hv,9ddd00f0,952.6500000003725
189iqcds,9ddd00f0,2278.64999999851
fgxp8fzz,9ddd00f0,1953.0999999046328
g7svteiz,9ddd00f0,644.0499999523163
c2lwacqc,9ddd00f0,1475.0999999940395
ei0ij8ms,9ddd00f0,2605.5
0yfthc4y,9ddd00f0,2094.5
2tkm21z6,9ddd00f0,431.0
yfyhejim,9ddd00f0,1416.3000001907349
jayyv6lz,9ddd00f0,1531.0
qu0lm98m,9ddd00f0,792.5499999970198
ldo5smvx,9ddd00f0,706.4000005722046
2d8q4qkc,9ddd00f0,1290.5
g3vslpjv,9ddd00f0,1533.60000000149
c9sps7bl,9ddd00f0,2487.300000011921
bx44xwzb,9ddd00f0,796.75
o2ho0580,9ddd00f0,656.9000005722046
8oohxrrz,9ddd00f0,890.9499999880791
qfiy90jx,9ddd00f0,3057.349999904633
x5id5i5q,9ddd00f0,601.0
yebzokh4,9ddd00f0,512.2000000029802
kavvl57w,9ddd00f0,2053.7000000178814
idma9086,9ddd00f0,1315.8500000238419
r99uy0qb,9ddd00f0,1456.0
b73rrttr,9ddd00f0,347.95000000018626
8y2nd2sh,9ddd00f0,4115.25
l0nln4b2,9ddd00f0,2806.099999964237
aypxap78,9ddd00f0,1467.800000011921
ascil7wf,9ddd00f0,1892.2000000029802
nx0vccp8,9ddd00f0,1159.899999976158
8psac9uo,9ddd00f0,732.4000000953674
kck1uue7,9ddd00f0,3213.899999856949
jqeesfz7,9ddd00f0,300.6000000014901
ya0wv6pm,9ddd00f0,424.5
9evwb372,9ddd00f0,1076.0
23iyreiv,9ddd00f0,1424.9000005722046
clhkwrie,9ddd00f0,376.20000000298023
1qt2f29y,9ddd00f0,550.0109999999404
mpzcivx9,9ddd00f0,1353.0499999998137
sp00glmz,9ddd00f0,800.1000000014901
jx6lhkbi,9ddd00f0,1858.2999999523165
cfclud8z,9ddd00f0,2804.800000000745
z8b26ynw,9ddd00f0,1704.0
zelqv7az,9ddd00f0,903.399999976158
wa9xd98o,9ddd00f0,1922.0
4j6cy1mk,9ddd00f0,987.9499999880791
fl73adm5,9ddd00f0,1522.5999999046326
oxvw1rhx,9ddd00f0,404.6499999994412
8d21w3yr,9ddd00f0,680.5
zfeorjum,9ddd00f0,750.5
hkj9daz7,9ddd00f0,1552.3499999977648
w12e497z,9ddd00f0,2313.8999999910593
9ohxtpht,9ddd00f0,561.6000000014901
2anyuqd8,9ddd00f0,685.0
1r6yodve,9ddd00f0,708.0
2w766g1z,9ddd00f0,3435.600000023842
mr7lkk46,9ddd00f0,2022.7499999403954
nqubyvew,9ddd00f0,747.8000000119209
bcyhma9y,9ddd00f0,1364.0
pcrxo3zp,9ddd00f0,1538.0999999046326
kkeej6x5,9ddd00f0,715.6500000022352
f5ktzt2t,9ddd00f0,1597.5
nldu5ge3,9ddd00f0,1539.4000000059605
4wx63ymf,9ddd00f0,1130.199999999255
onnumbyy,9ddd00f0,763.5
m63pxnwq,9ddd00f0,1416.2000000476835
nrfiw9bx,9ddd00f0,1953.9500000476837
xklnx39q,9ddd00f0,1913.0
pz38obzd,9ddd00f0,661.2000000476837
8jwr3j6t,9ddd00f0,1307.4000000953674
p445h6ow,9ddd00f0,4418.0
z3die4q3,9ddd00f0,2282.5
50nsp39w,9ddd00f0,1114.4000000953674
8yhijukj,9ddd00f0,1094.7999999523165
mhskzwic,9ddd00f0,782.0
vbwguazj,9ddd00f0,531.7000000011176
7agy8y3l,9ddd00f0,2775.3000000715256
om1m73rv,9ddd00f0,383.2000000476837
74l1qvc1,d43fd935,905.7000000001863
byx9jkxm,d43fd935,1756.0
j2pjmr32,d43fd935,1961.5
bmlngyh3,d43fd935,383.7999999523163
3d2as981,d43fd935,7349.299999952316
cghxa2ie,d43fd935,2750.10000000149
clucow7d,d43fd935,3330.2000000178814
5nrjvc7q,d43fd935,471.5
ol9lky1i,d43fd935,1990.1999998092651
o5qropwk,d43fd935,441.5
5hz183aa,d43fd935,2456.0
61zahdh9,d43fd935,2406.300000011921
pad0sufd,d43fd935,2102.5999999996275
emwp6wq7,d43fd935,3392.0
npr5bsi2,d43fd935,210.85000002384186
154uk6vm,d43fd935,1178.699999988079
ym49wqbn,d43fd935,2697.600000023842
xeu3j3ki,d43fd935,1836.0
cp3b83py,d43fd935,2042.800000011921
qothvfhf,d43fd935,447.800000011921
fkx2gd88,d43fd935,3196.599999964237
27d8totr,d43fd935,4108.4000000059605
kmwiem6m,d43fd935,1464.600000023842
d33m799j,d43fd935,440.0
ikfbpugl,d43fd935,1728.800000011921
bdfn1h0o,d43fd935,3639.799999952316
dmft9d3y,d43fd935,1910.2999999523165
6e5gb0yb,d43fd935,1987.3999998569489
icf7bchs,d43fd935,1792.5
f5ohsl5h,d43fd935,2897.7000002861023
aqmjput5,d43fd935,2306.0
l9krayds,d43fd935,1411.550000011921
phbjwkyw,d43fd935,1915.5
szbhlpfr,d43fd935,1928.1000000089407
89u58v07,d43fd935,2700.699999999255
095bdwyc,d43fd935,387.25
e2w81k0i,d43fd935,1756.399999976158
4s3cm7d8,d43fd935,3142.0
hsm45iwx,d43fd935,479.90000000596046
sn10zd6g,d43fd935,4248.0
qkiu92kk,d43fd935,408.90000000596046
44o5xnxe,d43fd935,2835.0
qfsp3ery,d43fd935,766.0
q04yitea,d43fd935,1933.5
02333qfj,d43fd935,2468.900000095367
y32zaw9c,d43fd935,662.0
cuybsfwr,d43fd935,484.19999999552965
r2ck84r8,d43fd935,1308.2000000476835
nze0azo1,d43fd935,2127.100000023842
ovhoesyy,d43fd935,1671.0
ske58akk,d43fd935,925.3000000119208
3cc6zm51,d43fd935,330.5
r24jdhzg,d43fd935,1424.0000000018626
zvbewhqx,d43fd935,2984.1999999284744
ism64anu,d43fd935,607.0
n2et79bd,d43fd935,1395.5
plfupad7,d43fd935,1985.199999999255
f0wpo2hr,d43fd935,2017.0
qazkn1sw,d43fd935,193.0
8aknstxj,d43fd935,3267.599999904633
c7z6erey,d43fd935,2066.800000011921
eyn3wygc,d43fd935,656.5
ni5df01j,d43fd935,1838.2999999523165
ew4oecfi,d43fd935,2291.099999904633
mrwlcmno,d43fd935,401.0
s03ed531,d43fd935,650.0000000000582
2j8p9vyz,d43fd935,5084.0
wcau806y,d43fd935,857.0
o4kkkuj9,d43fd935,379.9000000003726
k8txaw58,d43fd935,551.7000000476837
mlvcv31l,d43fd935,2144.0
d1vjrjhc,d43fd935,1300.8999999910593
a589fsqz,d43fd935,1393.2999999821186
qv0yh587,d43fd935,3177.5
t2eyvuxq,d43fd935,1849.3000000715256
uktb326q,d43fd935,904.0
bw2cwy0m,d43fd935,673.6000000014901
kwy2bqjo,d43fd935,1318.8999999761581
cdo2cmtp,d43fd935,2591.800000000745
zj5uemkt,d43fd935,658.3999999761581
4s9g1cze,d43fd935,2052.0
3irnkhq8,d43fd935,1072.0499999970198
ljwskxcq,d43fd935,2076.0
v6jvgdvg,d43fd935,1027.9000000953674
f1ejz9fy,d43fd935,1658.0
vpxztp7b,d43fd935,3233.0
a9gvtd1o,d43fd935,626.6000003814697
e0biso3r,d43fd935,3310.400000095367
41kp06jx,d43fd935,2858.4000000003725
lmtka1ev,d43fd935,1770.0
6eyovdd2,d43fd935,1664.100000023842
a6jpzpek,d43fd935,1912.0
qqqzakmg,d43fd935,1158.3499999642372
648anokh,d43fd935,1173.7999999523165
zc26r1al,d43fd935,419.7999999523163
mrypomny,d43fd935,2142.0
rjanlii9,d43fd935,3189.0500000715256
c7ac53of,d43fd935,3760.5
tc5wgx8h,d43fd935,3736.099999994039
8bgj1tsd,d43fd935,428.60000014305115
nhds6zsd,d43fd935,969.0
vr20hyge,d43fd935,1295.0
4stfwpke,d43fd935,2575.199999999255
sesf1qnx,d43fd935,3126.5
j2dvablb,d43fd935,1528.7000000011176
904h81sn,d43fd935,3419.2000000178814
jayyv6lz,d43fd935,681.0
qu0lm98m,d43fd935,2023.0
ei0ij8ms,d43fd935,2211.0
0yfthc4y,d43fd935,367.90000000596046
2tkm21z6,d43fd935,916.0
yfyhejim,d43fd935,2308.0
cw4tyx7n,d43fd935,1818.5999999940395
g7svteiz,d43fd935,597.7999999523163
c2lwacqc,d43fd935,1822.2000000178816
hd5k29qy,d43fd935,349.6000000089407
72p6pxny,d43fd935,3900.899999856949
rhbgnqhz,d43fd935,2390.900000035763
gkse9wdn,d43fd935,784.9999999990687
mzi8f2hv,d43fd935,2287.2000000011176
189iqcds,d43fd935,2475.699999999255
fgxp8fzz,d43fd935,3470.0
xgvto4mg,d43fd935,610.5
9pjr0waw,d43fd935,3358.599999997765
8psac9uo,d43fd935,670.9000000953674
nx0vccp8,d43fd935,576.1000000238419
kck1uue7,d43fd935,3056.2999999523163
jqeesfz7,d43fd935,449.69999999925494
qif0sa3r,d43fd935,2086.4000000003725
8y2nd2sh,d43fd935,3240.2000000476837
l0nln4b2,d43fd935,752.3999999761581
aypxap78,d43fd935,2207.100000023842
ascil7wf,d43fd935,2263.699999988079
yebzokh4,d43fd935,543.8999999985099
kavvl57w,d43fd935,2803.7999999821186
idma9086,d43fd935,359.19999998807907
r99uy0qb,d43fd935,2466.0
b73rrttr,d43fd935,1721.6500000003723
7nszfy43,d43fd935,710.0
0fy66fv2,d43fd935,521.1000000014901
2d8q4qkc,d43fd935,1753.0
g3vslpjv,d43fd935,2817.70000000298
c9sps7bl,d43fd935,2951.699999988079
bx44xwzb,d43fd935,1000.0999999940396
o2ho0580,d43fd935,836.0
8oohxrrz,d43fd935,2776.1999999284744
qfiy90jx,d43fd935,566.0999999046326
x5id5i5q,d43fd935,1160.0
hkj9daz7,d43fd935,2912.0
zfeorjum,d43fd935,2153.0
w12e497z,d43fd935,2652.299999989569
9ohxtpht,d43fd935,1768.7999999970198
k0qq522n,d43fd935,359.0
2anyuqd8,d43fd935,851.0
1r6yodve,d43fd935,929.0
wa9xd98o,d43fd935,1860.5
4j6cy1mk,d43fd935,1668.0
oxvw1rhx,d43fd935,439.0
8d21w3yr,d43fd935,458.0
jx6lhkbi,d43fd935,2496.099999904633
cfclud8z,d43fd935,2109.099999997765
z8b26ynw,d43fd935,1801.0
zelqv7az,d43fd935,480.40000009536743
ya0wv6pm,d43fd935,405.5
9evwb372,d43fd935,2101.0
23iyreiv,d43fd935,1859.6999998092651
1qt2f29y,d43fd935,700.0140000004321
clhkwrie,d43fd935,2788.9000000059605
mpzcivx9,d43fd935,1725.5999999996277
sp00glmz,d43fd935,458.5
p445h6ow,d43fd935,1384.5
8jwr3j6t,d43fd935,1464.7999999523165
z3die4q3,d43fd935,1844.0
8yhijukj,d43fd935,4245.700000047684
mhskzwic,d43fd935,2502.0
vbwguazj,d43fd935,3976.5
7agy8y3l,d43fd935,3067.100000023842
o1t1fb7j,d43fd935,1202.5
om1m73rv,d43fd935,1737.8000000715256
nrfiw9bx,d43fd935,2406.5
pz38obzd,d43fd935,1790.6999999284744
xklnx39q,d43fd935,3359.2000000476837
nldu5ge3,d43fd935,2599.699999988079
t3l0if03,d43fd935,2152.899999976158
nfbzvhip,d43fd935,427.90000009536743
4wx63ymf,d43fd935,1964.300000000745
ler5uq42,d43fd935,751.0
m63pxnwq,d43fd935,3000.100000143051
2w766g1z,d43fd935,1689.0
mr7lkk46,d43fd935,4974.699999928474
nqubyvew,d43fd935,807.3000000119209
pcrxo3zp,d43fd935,2337.699999809265
f5ktzt2t,d43fd935,1702.2999999523165
kkeej6x5,d43fd935,703.6000000014901
c9sps7bl,0e671a1a,2126.400000035763
bx44xwzb,0e671a1a,695.8999999985099
o2ho0580,0e671a1a,350.0
2d8q4qkc,0e671a1a,1340.5
g3vslpjv,0e671a1a,2654.4499999955297
8oohxrrz,0e671a1a,3082.25
qfiy90jx,0e671a1a,5238.75
yebzokh4,0e671a1a,575.8999999985099
0fy66fv2,0e671a1a,509.8999999985099
7nszfy43,0e671a1a,4349.0
b73rrttr,0e671a1a,528.8000000007451
r99uy0qb,0e671a1a,4843.0
idma9086,0e671a1a,1262.0
8y2nd2sh,0e671a1a,2053.100000023842
qif0sa3r,0e671a1a,476.30000000074506
ascil7wf,0e671a1a,3863.14999999851
l0nln4b2,0e671a1a,508.60000002384186
aypxap78,0e671a1a,2368.399999976158
nx0vccp8,0e671a1a,775.4500000476837
8psac9uo,0e671a1a,1375.2499998807907
kck1uue7,0e671a1a,1048.4000000953674
9pjr0waw,0e671a1a,1701.89999999851
jqeesfz7,0e671a1a,420.30000000074506
gkse9wdn,0e671a1a,884.0
hd5k29qy,0e671a1a,806.4499999955297
rhbgnqhz,0e671a1a,1020.1500000059605
72p6pxny,0e671a1a,1607.7000000476837
fgxp8fzz,0e671a1a,1916.0499999523163
mzi8f2hv,0e671a1a,1641.2000000001863
189iqcds,0e671a1a,491.6000000014901
cw4tyx7n,0e671a1a,4834.04999999702
c2lwacqc,0e671a1a,7364.0
g7svteiz,0e671a1a,727.2999999523163
yc52i3qf,0e671a1a,366.699999988079
2tkm21z6,0e671a1a,503.0
ei0ij8ms,0e671a1a,1529.0
0yfthc4y,0e671a1a,355.60000002384186
yfyhejim,0e671a1a,1872.1999998092651
9wkeb5tu,0e671a1a,1492.550000011921
jayyv6lz,0e671a1a,467.5
qu0lm98m,0e671a1a,1135.0
ldo5smvx,0e671a1a,1119.9000000953674
nqubyvew,0e671a1a,1765.1500000059605
2w766g1z,0e671a1a,2481.0
mr7lkk46,0e671a1a,1471.1999999284744
kkeej6x5,0e671a1a,26018.79999999702
f5ktzt2t,0e671a1a,820.8999999761581
pcrxo3zp,0e671a1a,1962.4500000476837
bcyhma9y,0e671a1a,553.6999999880791
4wx63ymf,0e671a1a,780.9500000001863
nfbzvhip,0e671a1a,394.09999990463257
ler5uq42,0e671a1a,800.0
t3l0if03,0e671a1a,1491.5999999940395
nldu5ge3,0e671a1a,713.7999999970198
m63pxnwq,0e671a1a,1524.5
onnumbyy,0e671a1a,763.0
nrfiw9bx,0e671a1a,2145.199999809265
xklnx39q,0e671a1a,2751.5
pz38obzd,0e671a1a,1871.5
50nsp39w,0e671a1a,1333.2999999523163
8yhijukj,0e671a1a,726.8999999761581
mhskzwic,0e671a1a,569.0
z3die4q3,0e671a1a,1575.0
8jwr3j6t,0e671a1a,778.2999999523163
p445h6ow,0e671a1a,1145.0
7agy8y3l,0e671a1a,469.64999997615814
o1t1fb7j,0e671a1a,1246.699999988079
vbwguazj,0e671a1a,1644.699999999255
om1m73rv,0e671a1a,722.1500000357628
9evwb372,0e671a1a,823.0
23iyreiv,0e671a1a,3907.799999237061
sp00glmz,0e671a1a,628.9000000003725
1qt2f29y,0e671a1a,1775.0354999992996
clhkwrie,0e671a1a,1642.699999988079
mpzcivx9,0e671a1a,1263.6500000003723
jx6lhkbi,0e671a1a,2780.349999904633
zelqv7az,0e671a1a,398.8500000834465
z8b26ynw,0e671a1a,1051.0
cfclud8z,0e671a1a,2447.300000000745
8d21w3yr,0e671a1a,471.5
oxvw1rhx,0e671a1a,380.80000000074506
4j6cy1mk,0e671a1a,529.3999999761581
9ohxtpht,0e671a1a,1612.3499999977648
w12e497z,0e671a1a,5798.899999991059
hkj9daz7,0e671a1a,3989.449999999255
zfeorjum,0e671a1a,631.0
1r6yodve,0e671a1a,6494.0
0wk7vjg8,0e671a1a,2061.0
plfupad7,0e671a1a,1002.7000000001864
zvbewhqx,0e671a1a,1734.1999999284744
8aknstxj,0e671a1a,2159.600000023842
c7z6erey,0e671a1a,1812.8000000417233
f0wpo2hr,0e671a1a,1981.0
qazkn1sw,0e671a1a,607.5
nze0azo1,0e671a1a,1959.0
r2ck84r8,0e671a1a,827.0
hpl7jugr,0e671a1a,3183.0
stbyxpx6,0e671a1a,1006.3999999910591
r24jdhzg,0e671a1a,842.3000000007451
ske58akk,0e671a1a,1934.199999988079
ovhoesyy,0e671a1a,998.0
3cc6zm51,0e671a1a,449.2999999523163
q04yitea,0e671a1a,1844.7000000476835
qfsp3ery,0e671a1a,635.0999999046326
02333qfj,0e671a1a,400.7000000476837
qkiu92kk,0e671a1a,379.09999999403954
44o5xnxe,0e671a1a,331.0
0ra11hiv,0e671a1a,729.8999996185303
cuybsfwr,0e671a1a,2324.5
y32zaw9c,0e671a1a,515.0
89u58v07,0e671a1a,3276.100000000559
phbjwkyw,0e671a1a,1703.8000000715256
szbhlpfr,0e671a1a,1833.3999999910593
sn10zd6g,0e671a1a,3127.400000095367
4s3cm7d8,0e671a1a,2098.5
e2w81k0i,0e671a1a,2904.699999988079
hsm45iwx,0e671a1a,2641.5
6e5gb0yb,0e671a1a,311.5000001192093
dmft9d3y,0e671a1a,1254.550000011921
f5ohsl5h,0e671a1a,1363.2000002861023
nvlsix5c,0e671a1a,2221.5
aqmjput5,0e671a1a,1340.0
l9krayds,0e671a1a,2786.0
icf7bchs,0e671a1a,283.0
91fk0af9,0e671a1a,416.15000000596046
27d8totr,0e671a1a,3149.2000000029802
fkx2gd88,0e671a1a,1398.9000000059605
cp3b83py,0e671a1a,956.3000000119208
d33m799j,0e671a1a,63930.5
ikfbpugl,0e671a1a,671.8999999761581
kmwiem6m,0e671a1a,1089.600000023842
5hz183aa,0e671a1a,909.5
61zahdh9,0e671a1a,941.8000000119208
ol9lky1i,0e671a1a,3232.9500000476837
5nrjvc7q,0e671a1a,665.6999999880791
o5qropwk,0e671a1a,322.0
154uk6vm,0e671a1a,2077.0
ym49wqbn,0e671a1a,555.2000000476837
npr5bsi2,0e671a1a,202.79999995231628
xeu3j3ki,0e671a1a,2982.0
pad0sufd,0e671a1a,437.0
emwp6wq7,0e671a1a,1144.0
j2pjmr32,0e671a1a,5441.5
byx9jkxm,0e671a1a,2963.5
74l1qvc1,0e671a1a,665.1999999992549
cghxa2ie,0e671a1a,2381.0
3d2as981,0e671a1a,3477.600000023842
clucow7d,0e671a1a,975.4000000059604
bmlngyh3,0e671a1a,1134.7000000476835
sesf1qnx,0e671a1a,876.7000000029802
j2dvablb,0e671a1a,1492.699999999255
so5k1adg,0e671a1a,278.2000000011176
ce9qdbyh,0e671a1a,477.5999999642372
03ljcqhc,0e671a1a,2165.29999999702
vr20hyge,0e671a1a,724.0
nhds6zsd,0e671a1a,491.0
zc26r1al,0e671a1a,349.5
648anokh,0e671a1a,1101.949999988079
qqqzakmg,0e671a1a,2493.2000000178814
tc5wgx8h,0e671a1a,2480.7999999821186
mrypomny,0e671a1a,808.0
jeq3oy2g,0e671a1a,1057.0
c7ac53of,0e671a1a,3995.300000190735
rjanlii9,0e671a1a,1519.0500000715256
e0biso3r,0e671a1a,2945.5
a9gvtd1o,0e671a1a,3958.899998664856
f1ejz9fy,0e671a1a,1126.800000011921
vpxztp7b,0e671a1a,427.5
6eyovdd2,0e671a1a,383.0
a6jpzpek,0e671a1a,1288.199999999255
41kp06jx,0e671a1a,1747.1000000005588
a0w1xgxf,0e671a1a,2117.0
lmtka1ev,0e671a1a,1158.5
zj5uemkt,0e671a1a,687.0
3irnkhq8,0e671a1a,1710.3499999940395
4s9g1cze,0e671a1a,1781.0
l5sagbsh,0e671a1a,1253.5
v6jvgdvg,0e671a1a,546.2999997138977
ljwskxcq,0e671a1a,1773.0999999046326
bw2cwy0m,0e671a1a,1137.2000000011176
kwy2bqjo,0e671a1a,460.59999990463257
uktb326q,0e671a1a,237.0
cdo2cmtp,0e671a1a,356.1000000005588
a589fsqz,0e671a1a,365.40000000596046
mlvcv31l,0e671a1a,1609.300000011921
k8txaw58,0e671a1a,369.7000000476837
o4kkkuj9,0e671a1a,471.0
d1vjrjhc,0e671a1a,863.25
qv0yh587,0e671a1a,488.5
t2eyvuxq,0e671a1a,1420.7000000476835
08vqizpx,0e671a1a,818.0000000001164
ew4oecfi,0e671a1a,1633.3499999046326
mrwlcmno,0e671a1a,450.0
ni5df01j,0e671a1a,2235.0500000715256
eyn3wygc,0e671a1a,3168.2999999970198
wcau806y,0e671a1a,1020.0
s03ed531,0e671a1a,637.5
2j8p9vyz,0e671a1a,2170.0
ldo5smvx,1b60fb0c,3557.199999809265
qu0lm98m,1b60fb0c,1471.7999999970198
jayyv6lz,1b60fb0c,1371.0
9wkeb5tu,1b60fb0c,401.40000000596046
yfyhejim,1b60fb0c,5573.699999809265
2tkm21z6,1b60fb0c,1292.0
0yfthc4y,1b60fb0c,855.9500000029802
ei0ij8ms,1b60fb0c,2285.0
g7svteiz,1b60fb0c,1393.9500000476837
c2lwacqc,1b60fb0c,4616.0
cw4tyx7n,1b60fb0c,1265.5
fgxp8fzz,1b60fb0c,7287.350000023842
189iqcds,1b60fb0c,5039.29999999702
mzi8f2hv,1b60fb0c,2575.100000000559
gkse9wdn,1b60fb0c,1151.5
72p6pxny,1b60fb0c,5008.700000047684
rhbgnqhz,1b60fb0c,1089.5999999940393
hd5k29qy,1b60fb0c,814.6500000059605
jqeesfz7,1b60fb0c,449.6000000014901
xji13cu2,1b60fb0c,1532.199999988079
kck1uue7,1b60fb0c,2760.0
8psac9uo,1b60fb0c,1293.7000000476835
nx0vccp8,1b60fb0c,1917.5999999046328
9pjr0waw,1b60fb0c,2077.0
ascil7wf,1b60fb0c,993.7499999925494
aypxap78,1b60fb0c,2134.4500000178814
l0nln4b2,1b60fb0c,3453.600000023842
8y2nd2sh,1b60fb0c,2717.400000035763
b73rrttr,1b60fb0c,1220.2999999998135
idma9086,1b60fb0c,1420.1499999761581
4kl3i3tv,1b60fb0c,1773.449999988079
r99uy0qb,1b60fb0c,2033.0
kavvl57w,1b60fb0c,2825.1000000089407
yebzokh4,1b60fb0c,863.6999999955297
x5id5i5q,1b60fb0c,1372.5
qfiy90jx,1b60fb0c,12340.399999856949
8oohxrrz,1b60fb0c,2266.5
o2ho0580,1b60fb0c,928.2000002861024
bx44xwzb,1b60fb0c,2036.3500000014901
c9sps7bl,1b60fb0c,3474.900000035763
g3vslpjv,1b60fb0c,2944.89999999851
2d8q4qkc,1b60fb0c,1425.0
2anyuqd8,1b60fb0c,1602.0
1r6yodve,1b60fb0c,753.0
cbvc5e3w,1b60fb0c,2840.7999999523163
w12e497z,1b60fb0c,2342.300000011921
9ohxtpht,1b60fb0c,1831.550000000745
zfeorjum,1b60fb0c,1770.0
hkj9daz7,1b60fb0c,3056.800000000745
8d21w3yr,1b60fb0c,683.0
gckdkq1t,1b60fb0c,949.7000000178814
318gokyy,1b60fb0c,1705.9000000953674
4j6cy1mk,1b60fb0c,1496.9999999403954
oxvw1rhx,1b60fb0c,541.8000000007451
z8b26ynw,1b60fb0c,2314.0
zelqv7az,1b60fb0c,3568.2000000476837
cfclud8z,1b60fb0c,2858.60000000149
jx6lhkbi,1b60fb0c,3695.600000143051
sp00glmz,1b60fb0c,3212.39999999851
mpzcivx9,1b60fb0c,4742.950000000186
clhkwrie,1b60fb0c,1903.79999999702
1qt2f29y,1b60fb0c,2933.392000000924
23iyreiv,1b60fb0c,905.5999994277954
ya0wv6pm,1b60fb0c,1468.0
9evwb372,1b60fb0c,2482.5
2ke9hbes,1b60fb0c,2033.5
om1m73rv,1b60fb0c,1248.6999999284744
vbwguazj,1b60fb0c,2665.5
7agy8y3l,1b60fb0c,1555.4000000953674
mhskzwic,1b60fb0c,2875.0
8yhijukj,1b60fb0c,1087.4000000357628
z3die4q3,1b60fb0c,4076.0
xklnx39q,1b60fb0c,3360.25
pz38obzd,1b60fb0c,536.5
nrfiw9bx,1b60fb0c,3373.199999809265
m63pxnwq,1b60fb0c,1641.7000000476835
onnumbyy,1b60fb0c,1437.0
ler5uq42,1b60fb0c,960.0
nfbzvhip,1b60fb0c,1147.75
4wx63ymf,1b60fb0c,562.5
nldu5ge3,1b60fb0c,505.55000001192093
t3l0if03,1b60fb0c,1435.800000011921
pcrxo3zp,1b60fb0c,3072.1500000953674
kkeej6x5,1b60fb0c,3391.79999999702
f5ktzt2t,1b60fb0c,4089.399999976158
nqubyvew,1b60fb0c,1261.5999999940395
5vv1rrzw,1b60fb0c,1793.2000000476835
mr7lkk46,1b60fb0c,1676.600000023842
2w766g1z,1b60fb0c,2829.6999999284744
clucow7d,1b60fb0c,4198.4000000059605
3d2as981,1b60fb0c,2745.7999999523163
cghxa2ie,1b60fb0c,4167.599999997765
y8mzyzjc,1b60fb0c,859.5000001192093
bmlngyh3,1b60fb0c,630.4999998807907
npr5bsi2,1b60fb0c,1471.75
ym49wqbn,1b60fb0c,837.5500000119209
154uk6vm,1b60fb0c,1396.1499999910593
emwp6wq7,1b60fb0c,607.1999999284744
pad0sufd,1b60fb0c,1091.0
61zahdh9,1b60fb0c,336.0
5hz183aa,1b60fb0c,1829.0
o5qropwk,1b60fb0c,622.0
5nrjvc7q,1b60fb0c,2847.2999999821186
ol9lky1i,1b60fb0c,785.1999998092651
ikfbpugl,1b60fb0c,1313.7999999821186
kmwiem6m,1b60fb0c,576.1000000238419
5pds9j1d,1b60fb0c,435.70000000298023
fkx2gd88,1b60fb0c,3017.0999999940395
27d8totr,1b60fb0c,899.0
qothvfhf,1b60fb0c,523.5
91fk0af9,1b60fb0c,1664.600000023842
cp3b83py,1b60fb0c,581.1000000238419
l9krayds,1b60fb0c,1714.4000000953674
aqmjput5,1b60fb0c,1664.0
f5ohsl5h,1b60fb0c,1895.8000001907349
pgtp756s,1b60fb0c,1158.5999999940395
6e5gb0yb,1b60fb0c,851.9000000953674
dmft9d3y,1b60fb0c,1774.3499999642372
sn10zd6g,1b60fb0c,848.9000000953674
hsm45iwx,1b60fb0c,4603.050000011921
e2w81k0i,1b60fb0c,4167.700000047684
4s3cm7d8,1b60fb0c,720.5
89u58v07,1b60fb0c,2040.5999999996277
phbjwkyw,1b60fb0c,1610.100000023842
cuybsfwr,1b60fb0c,3718.39999999851
y32zaw9c,1b60fb0c,1663.0
02333qfj,1b60fb0c,512.4000000953674
qfsp3ery,1b60fb0c,1917.1500000953674
q04yitea,1b60fb0c,801.3999999761581
44o5xnxe,1b60fb0c,1482.0
qkiu92kk,1b60fb0c,2459.800000011921
r24jdhzg,1b60fb0c,4184.39999999851
stbyxpx6,1b60fb0c,2532.000000014901
3cc6zm51,1b60fb0c,1805.449999988079
ovhoesyy,1b60fb0c,545.0
ske58akk,1b60fb0c,1865.0
hpl7jugr,1b60fb0c,2653.0
r2ck84r8,1b60fb0c,2364.8000000715256
nze0azo1,1b60fb0c,1597.9000000357628
c7z6erey,1b60fb0c,392.5999999642372
8aknstxj,1b60fb0c,514.1000000238419
qazkn1sw,1b60fb0c,610.0
f0wpo2hr,1b60fb0c,10060.5
plfupad7,1b60fb0c,2550.0
ism64anu,1b60fb0c,834.5
zvbewhqx,1b60fb0c,792.1000000238419
0hrc9vve,1b60fb0c,2164.0
wcau806y,1b60fb0c,1176.0
2j8p9vyz,1b60fb0c,3077.0
s03ed531,1b60fb0c,867.5
mrwlcmno,1b60fb0c,498.0
ew4oecfi,1b60fb0c,2274.7000000476837
eyn3wygc,1b60fb0c,1946.0999999940395
ni5df01j,1b60fb0c,621.1000000238419
t2eyvuxq,1b60fb0c,1982.7000000476835
qv0yh587,1b60fb0c,382.0
a589fsqz,1b60fb0c,1370.5
d1vjrjhc,1b60fb0c,3548.4500000029802
k8txaw58,1b60fb0c,5160.299999952316
o4kkkuj9,1b60fb0c,1739.5
mlvcv31l,1b60fb0c,5721.79999999702
kwy2bqjo,1b60fb0c,1386.1999999284744
bw2cwy0m,1b60fb0c,1355.60000000149
ljwskxcq,1b60fb0c,1579.0999999046326
v6jvgdvg,1b60fb0c,654.1499998569489
l5sagbsh,1b60fb0c,452.0
4s9g1cze,1b60fb0c,1613.100000023842
3irnkhq8,1b60fb0c,1642.199999988079
zj5uemkt,1b60fb0c,757.3499999642372
a6jpzpek,1b60fb0c,1911.5
6eyovdd2,1b60fb0c,1817.9000000953672
lmtka1ev,1b60fb0c,1340.0
a0w1xgxf,1b60fb0c,695.0
41kp06jx,1b60fb0c,642.0
a9gvtd1o,1b60fb0c,1489.5999994277954
e0biso3r,1b60fb0c,2799.400000095367
vpxztp7b,1b60fb0c,1285.0
f1ejz9fy,1b60fb0c,1045.4000000357628
tc5wgx8h,1b60fb0c,690.5999999940395
rjanlii9,1b60fb0c,1259.2999999523163
c7ac53of,1b60fb0c,1914.8999996185305
jeq3oy2g,1b60fb0c,1665.0
mrypomny,1b60fb0c,413.0
zc26r1al,1b60fb0c,1413.2999999523165
648anokh,1b60fb0c,2593.599999964237
nhds6zsd,1b60fb0c,1914.0
vr20hyge,1b60fb0c,2716.0
904h81sn,1b60fb0c,619.8499999940395
so5k1adg,1b60fb0c,592.5
j2dvablb,1b60fb0c,2026.0999999996275
ce9qdbyh,1b60fb0c,566.75
sesf1qnx,1b60fb0c,1358.0
j2dvablb,fe9372f3,554.5
904h81sn,fe9372f3,536.0999999940395
so5k1adg,fe9372f3,846.6500000003725
4stfwpke,fe9372f3,756.1000000014901
nhds6zsd,fe9372f3,848.0
vr20hyge,fe9372f3,2121.5
tc5wgx8h,fe9372f3,1215.9500000029802
jeq3oy2g,fe9372f3,3402.0
mrypomny,fe9372f3,616.0
rjanlii9,fe9372f3,1225.7000000476835
c7ac53of,fe9372f3,2264.800000190735
648anokh,fe9372f3,632.0
a6jpzpek,fe9372f3,1181.6000000014901
6eyovdd2,fe9372f3,572.0500000119209
41kp06jx,fe9372f3,751.9000000003725
lmtka1ev,fe9372f3,499.0
a9gvtd1o,fe9372f3,644.7999992370605
e0biso3r,fe9372f3,983.5999999046326
f1ejz9fy,fe9372f3,633.8000000119209
vpxztp7b,fe9372f3,655.0
3irnkhq8,fe9372f3,551.8000000119209
v6jvgdvg,fe9372f3,691.6000003814697
l5sagbsh,fe9372f3,559.0
zj5uemkt,fe9372f3,911.0999999046326
bw2cwy0m,fe9372f3,670.2000000011176
kwy2bqjo,fe9372f3,824.8999999761581
uktb326q,fe9372f3,1128.0
t2eyvuxq,fe9372f3,733.3000000715256
a589fsqz,fe9372f3,538.5
mlvcv31l,fe9372f3,878.2999999970198
o4kkkuj9,fe9372f3,696.4000000003725
k8txaw58,fe9372f3,600.2000000476837
d1vjrjhc,fe9372f3,775.0
wcau806y,fe9372f3,1059.0
s03ed531,fe9372f3,899.9999999995343
2j8p9vyz,fe9372f3,1122.0
ew4oecfi,fe9372f3,749.8999998569489
mrwlcmno,fe9372f3,640.0
ni5df01j,fe9372f3,823.8999999761581
eyn3wygc,fe9372f3,711.5999999940395
c7z6erey,fe9372f3,452.9000000357628
8aknstxj,fe9372f3,642.9499999880791
f0wpo2hr,fe9372f3,512.5
qazkn1sw,fe9372f3,729.0
ism64anu,fe9372f3,814.0
plfupad7,fe9372f3,1015.4000000003724
zvbewhqx,fe9372f3,871.8999999761581
0hrc9vve,fe9372f3,2289.300000190735
stbyxpx6,fe9372f3,819.2000000029802
ovhoesyy,fe9372f3,778.0
3cc6zm51,fe9372f3,702.25
hpl7jugr,fe9372f3,633.0
nze0azo1,fe9372f3,615.6999999284744
r2ck84r8,fe9372f3,901.9000000953674
y32zaw9c,fe9372f3,730.5
qfsp3ery,fe9372f3,819.0999999046326
q04yitea,fe9372f3,898.0
02333qfj,fe9372f3,672.0999999046326
44o5xnxe,fe9372f3,465.0
sn10zd6g,fe9372f3,855.7999999523163
e2w81k0i,fe9372f3,632.0
4s3cm7d8,fe9372f3,716.5
hsm45iwx,fe9372f3,736.0
89u58v07,fe9372f3,728.8000000007451
phbjwkyw,fe9372f3,505.94999998807907
szbhlpfr,fe9372f3,687.1999999880791
icf7bchs,fe9372f3,794.0
6e5gb0yb,fe9372f3,564.7500001192093
dmft9d3y,fe9372f3,800.5999999046326
d33m799j,fe9372f3,939.0
kmwiem6m,fe9372f3,487.60000002384186
qothvfhf,fe9372f3,923.1999999880792
27d8totr,fe9372f3,1234.10000000149
fkx2gd88,fe9372f3,1806.2999999821186
cp3b83py,fe9372f3,647.6999999880791
npr5bsi2,fe9372f3,515.299999833107
ym49wqbn,fe9372f3,668.7999999523163
154uk6vm,fe9372f3,712.4000000059605
xeu3j3ki,fe9372f3,1006.0
pad0sufd,fe9372f3,667.6500000013039
emwp6wq7,fe9372f3,751.4000000357628
5hz183aa,fe9372f3,1615.0
61zahdh9,fe9372f3,442.199999988079
5nrjvc7q,fe9372f3,790.2000000178814
ol9lky1i,fe9372f3,706.0
o5qropwk,fe9372f3,537.0
cghxa2ie,fe9372f3,976.7000000029802
clucow7d,fe9372f3,658.0999999940395
bmlngyh3,fe9372f3,656.75
y8mzyzjc,fe9372f3,792.7999999523163
74l1qvc1,fe9372f3,932.39999999851
byx9jkxm,fe9372f3,607.0
pcrxo3zp,fe9372f3,764.8000001907349
f5ktzt2t,fe9372f3,741.7999999523163
kkeej6x5,fe9372f3,944.2000000029802
nqubyvew,fe9372f3,711.6999999880791
2w766g1z,fe9372f3,576.0
mr7lkk46,fe9372f3,1729.7000000476837
m63pxnwq,fe9372f3,625.2499998807907
4wx63ymf,fe9372f3,689.0
nfbzvhip,fe9372f3,621.5000002384186
ler5uq42,fe9372f3,2185.9999999990687
nldu5ge3,fe9372f3,512.9499999955297
t3l0if03,fe9372f3,482.80000001192093
pz38obzd,fe9372f3,568.0
xklnx39q,fe9372f3,988.0500000119209
nrfiw9bx,fe9372f3,738.7999999523163
vbwguazj,fe9372f3,575.6000000014901
7agy8y3l,fe9372f3,905.1999999284744
o1t1fb7j,fe9372f3,1459.0
om1m73rv,fe9372f3,605.2000000476837
8yhijukj,fe9372f3,2596.800000011921
mhskzwic,fe9372f3,602.0
8jwr3j6t,fe9372f3,399.7999999523163
z3die4q3,fe9372f3,600.5
sp00glmz,fe9372f3,1015.8999999985099
clhkwrie,fe9372f3,1165.7999999970198
1qt2f29y,fe9372f3,733.3479999999981
mpzcivx9,fe9372f3,674.1500000003725
ya0wv6pm,fe9372f3,583.0
9evwb372,fe9372f3,794.0
23iyreiv,fe9372f3,845.0999994277954
z8b26ynw,fe9372f3,777.0
zelqv7az,fe9372f3,568.3999999761581
cfclud8z,fe9372f3,1211.7000000011176
jx6lhkbi,fe9372f3,1948.0999999046328
8d21w3yr,fe9372f3,762.0
4j6cy1mk,fe9372f3,534.2999999523163
fl73adm5,fe9372f3,676.3000000715256
wa9xd98o,fe9372f3,714.0
k0qq522n,fe9372f3,1375.699999999255
1r6yodve,fe9372f3,744.0
w12e497z,fe9372f3,1762.3999999985099
9ohxtpht,fe9372f3,528.4000000059605
zfeorjum,fe9372f3,706.0
hkj9daz7,fe9372f3,1170.7000000029802
x5id5i5q,fe9372f3,1074.0
8oohxrrz,fe9372f3,595.9499999880791
qfiy90jx,fe9372f3,784.5
c9sps7bl,fe9372f3,1705.0
bx44xwzb,fe9372f3,1007.10000000149
o2ho0580,fe9372f3,704.1000003814697
2d8q4qkc,fe9372f3,609.0
g3vslpjv,fe9372f3,1156.2999999970198
b73rrttr,fe9372f3,923.7999999998137
0fy66fv2,fe9372f3,683.0
4kl3i3tv,fe9372f3,1115.4000000059605
idma9086,fe9372f3,830.2000000178814
r99uy0qb,fe9372f3,2990.0
kavvl57w,fe9372f3,1069.199999988079
yebzokh4,fe9372f3,880.1999999955297
ascil7wf,fe9372f3,998.8000000044703
l0nln4b2,fe9372f3,824.3999999761581
aypxap78,fe9372f3,429.699999988079
8y2nd2sh,fe9372f3,1506.1000000238419
jqeesfz7,fe9372f3,816.5499999998137
nx0vccp8,fe9372f3,970.0
8psac9uo,fe9372f3,1006.2999999523164
kck1uue7,fe9372f3,1241.7999999523165
9pjr0waw,fe9372f3,1642.0
fgxp8fzz,fe9372f3,1209.1000000238419
mzi8f2hv,fe9372f3,518.5999999996275
189iqcds,fe9372f3,824.3999999985099
hd5k29qy,fe9372f3,725.0000000074506
72p6pxny,fe9372f3,663.25
rhbgnqhz,fe9372f3,701.5
cw4tyx7n,fe9372f3,813.1999999880791
g7svteiz,fe9372f3,737.1000000238419
c2lwacqc,fe9372f3,727.8000000119209
yc52i3qf,fe9372f3,619.0499999821186
yfyhejim,fe9372f3,636.9999997615814
2tkm21z6,fe9372f3,721.0
ei0ij8ms,fe9372f3,719.0
0yfthc4y,fe9372f3,585.7999999970198
ldo5smvx,fe9372f3,1024.6500000953674
jayyv6lz,fe9372f3,881.0
qu0lm98m,fe9372f3,843.6000000089407
ldo5smvx,1caeab9d,1717.5999999046326
jayyv6lz,1caeab9d,496.0
qu0lm98m,1caeab9d,1858.8999999985099
yfyhejim,1caeab9d,2154.7999997138977
2tkm21z6,1caeab9d,392.0
ei0ij8ms,1caeab9d,1206.0
0yfthc4y,1caeab9d,336.15000000596046
cw4tyx7n,1caeab9d,880.7000000029802
c2lwacqc,1caeab9d,441.0
g7svteiz,1caeab9d,635.2000000476837
fgxp8fzz,1caeab9d,2541.600000143051
mzi8f2hv,1caeab9d,1315.2000000001863
189iqcds,1caeab9d,946.1999999992549
hd5k29qy,1caeab9d,1533.300000011921
rhbgnqhz,1caeab9d,1675.100000023842
72p6pxny,1caeab9d,933.5000001192093
xji13cu2,1caeab9d,1628.0
jqeesfz7,1caeab9d,224.69999999925497
nx0vccp8,1caeab9d,604.0
8psac9uo,1caeab9d,756.3499999046326
kck1uue7,1caeab9d,1304.1000001430511
ascil7wf,1caeab9d,645.7000000029802
aypxap78,1caeab9d,324.7000000476837
8y2nd2sh,1caeab9d,3279.699999988079
qif0sa3r,1caeab9d,198.90000000037253
b73rrttr,1caeab9d,2945.2000000011176
r99uy0qb,1caeab9d,2214.0
4kl3i3tv,1caeab9d,2656.2999999821186
idma9086,1caeab9d,1517.550000011921
kavvl57w,1caeab9d,2640.300000011921
yebzokh4,1caeab9d,575.9000000059605
x5id5i5q,1caeab9d,633.5
8oohxrrz,1caeab9d,688.0999999642372
qfiy90jx,1caeab9d,674.7000000476837
c9sps7bl,1caeab9d,1300.600000023842
bx44xwzb,1caeab9d,700.8999999985099
g3vslpjv,1caeab9d,1034.0
cbvc5e3w,1caeab9d,222.70000004768372
1r6yodve,1caeab9d,675.0
2anyuqd8,1caeab9d,826.0
0wk7vjg8,1caeab9d,708.0
9ohxtpht,1caeab9d,782.3500000014901
w12e497z,1caeab9d,949.8000000119208
zfeorjum,1caeab9d,763.5
gckdkq1t,1caeab9d,404.800000011921
8d21w3yr,1caeab9d,928.5
oxvw1rhx,1caeab9d,533.3500000005588
4j6cy1mk,1caeab9d,264.14999997615814
fl73adm5,1caeab9d,2651.850000023842
wa9xd98o,1caeab9d,2832.5
z8b26ynw,1caeab9d,1226.0
cfclud8z,1caeab9d,1853.4000000022352
sp00glmz,1caeab9d,386.30000000447035
clhkwrie,1caeab9d,655.1999999955297
1qt2f29y,1caeab9d,733.3479999992996
mpzcivx9,1caeab9d,1949.3999999999069
9evwb372,1caeab9d,942.0
ya0wv6pm,1caeab9d,329.5
23iyreiv,1caeab9d,967.5
7agy8y3l,1caeab9d,1655.0
o1t1fb7j,1caeab9d,6197.700000017881
vbwguazj,1caeab9d,375.94999999925494
om1m73rv,1caeab9d,1341.1999999284744
50nsp39w,1caeab9d,1260.5499999523163
8yhijukj,1caeab9d,2407.4500000178814
mhskzwic,1caeab9d,1051.0
z3die4q3,1caeab9d,1525.5
8jwr3j6t,1caeab9d,608.7000000476837
pz38obzd,1caeab9d,354.35000002384186
xklnx39q,1caeab9d,2151.25
nrfiw9bx,1caeab9d,1752.1499998569489
m63pxnwq,1caeab9d,304.0
4wx63ymf,1caeab9d,1598.5
ler5uq42,1caeab9d,649.0
t3l0if03,1caeab9d,946.449999988079
nldu5ge3,1caeab9d,337.90000000596046
f5ktzt2t,1caeab9d,1330.1000000238419
kkeej6x5,1caeab9d,2312.10000000149
pcrxo3zp,1caeab9d,1935.6999998092651
2w766g1z,1caeab9d,483.1999999284744
mr7lkk46,1caeab9d,1350.899999976158
5vv1rrzw,1caeab9d,671.0499999523163
cghxa2ie,1caeab9d,2141.300000000745
clucow7d,1caeab9d,2179.7000000178814
bmlngyh3,1caeab9d,2016.6000000238419
j2pjmr32,1caeab9d,844.0
byx9jkxm,1caeab9d,1968.0
ym49wqbn,1caeab9d,1563.899999976158
npr5bsi2,1caeab9d,307.2000000476837
xeu3j3ki,1caeab9d,1841.0
pad0sufd,1caeab9d,727.0999999996275
emwp6wq7,1caeab9d,504.24999994039536
5hz183aa,1caeab9d,1768.0
61zahdh9,1caeab9d,586.0
ol9lky1i,1caeab9d,789.2999999523163
5nrjvc7q,1caeab9d,823.2000000029802
o5qropwk,1caeab9d,476.5
d33m799j,1caeab9d,1759.899999976158
ikfbpugl,1caeab9d,607.3000000119209
kmwiem6m,1caeab9d,1657.0999999046326
qothvfhf,1caeab9d,405.59999999403954
27d8totr,1caeab9d,824.6999999992549
fkx2gd88,1caeab9d,2581.300000011921
cp3b83py,1caeab9d,2228.5
nvlsix5c,1caeab9d,684.0
l9krayds,1caeab9d,2973.550000011921
aqmjput5,1caeab9d,882.0
icf7bchs,1caeab9d,491.0
6e5gb0yb,1caeab9d,1200.6000001430511
pgtp756s,1caeab9d,405.3500000089407
dmft9d3y,1caeab9d,2234.7000000476837
sn10zd6g,1caeab9d,2251.600000143051
4s3cm7d8,1caeab9d,464.0
hsm45iwx,1caeab9d,504.7999999821186
89u58v07,1caeab9d,829.6500000003724
phbjwkyw,1caeab9d,932.399999976158
cuybsfwr,1caeab9d,352.0
y32zaw9c,1caeab9d,507.5
q04yitea,1caeab9d,415.89999997615814
qfsp3ery,1caeab9d,659.5
qkiu92kk,1caeab9d,385.44999998807907
44o5xnxe,1caeab9d,1240.0
stbyxpx6,1caeab9d,563.5
r24jdhzg,1caeab9d,392.0
ske58akk,1caeab9d,2169.0999999940395
3cc6zm51,1caeab9d,461.7999999523163
nze0azo1,1caeab9d,464.1999999284744
r2ck84r8,1caeab9d,854.8999998569489
c7z6erey,1caeab9d,1560.8500000238419
8aknstxj,1caeab9d,700.3000000715256
f0wpo2hr,1caeab9d,323.5
qazkn1sw,1caeab9d,1400.0
ism64anu,1caeab9d,2638.2000000476837
plfupad7,1caeab9d,719.7999999988824
0hrc9vve,1caeab9d,1623.2000002861023
zvbewhqx,1caeab9d,447.60000002384186
wcau806y,1caeab9d,2233.0
s03ed531,1caeab9d,649.0000000002328
6p8vl3lk,1caeab9d,2032.0
2j8p9vyz,1caeab9d,2855.5
ew4oecfi,1caeab9d,1017.0999999046326
mrwlcmno,1caeab9d,478.5
ni5df01j,1caeab9d,903.7999999523164
eyn3wygc,1caeab9d,505.8500000089407
1xogp17t,1caeab9d,249.29999995231628
qv0yh587,1caeab9d,1205.0
t2eyvuxq,1caeab9d,468.7000000476837
a589fsqz,1caeab9d,440.20000000298023
mlvcv31l,1caeab9d,1391.5
o4kkkuj9,1caeab9d,362.59999999962747
k8txaw58,1caeab9d,338.14999997615814
d1vjrjhc,1caeab9d,424.70000000298023
cdo2cmtp,1caeab9d,262.5
bw2cwy0m,1caeab9d,446.30000000074506
kwy2bqjo,1caeab9d,419.60000002384186
uktb326q,1caeab9d,409.0
3irnkhq8,1caeab9d,1236.100000023842
4s9g1cze,1caeab9d,1682.399999976158
v6jvgdvg,1caeab9d,584.9000000953674
l5sagbsh,1caeab9d,308.0
ljwskxcq,1caeab9d,1462.7000002861023
zj5uemkt,1caeab9d,625.5499999523163
a6jpzpek,1caeab9d,722.9000000003725
6eyovdd2,1caeab9d,803.8999999761581
a0w1xgxf,1caeab9d,2614.0
41kp06jx,1caeab9d,543.5
lmtka1ev,1caeab9d,1685.5
e0biso3r,1caeab9d,1104.4999997615814
a9gvtd1o,1caeab9d,536.4999990463257
f1ejz9fy,1caeab9d,429.0
vpxztp7b,1caeab9d,866.0
8bgj1tsd,1caeab9d,733.1999999284744
tc5wgx8h,1caeab9d,522.0999999940395
mrypomny,1caeab9d,943.5
jeq3oy2g,1caeab9d,395.0
c7ac53of,1caeab9d,511.09999990463257
rjanlii9,1caeab9d,1849.8999998569489
zc26r1al,1caeab9d,310.10000002384186
648anokh,1caeab9d,753.1000000238419
vr20hyge,1caeab9d,2413.0
nhds6zsd,1caeab9d,516.5
j2dvablb,1caeab9d,943.5
so5k1adg,1caeab9d,277.19999999925494
904h81sn,1caeab9d,508.95000000298023
03ljcqhc,1caeab9d,2399.9000000059605
sesf1qnx,1caeab9d,2335.7000000029802
zc26r1al,3befdf3e,349.25
qqqzakmg,3befdf3e,1270.2999999523165
648anokh,3befdf3e,415.89999997615814
tc5wgx8h,3befdf3e,346.80000001192093
8bgj1tsd,3befdf3e,834.6000000238419
mrypomny,3befdf3e,923.0
jeq3oy2g,3befdf3e,380.0
c7ac53of,3befdf3e,7029.699999809265
rjanlii9,3befdf3e,600.0
e0biso3r,3befdf3e,566.4000000953674
a9gvtd1o,3befdf3e,2013.350001335144
f1ejz9fy,3befdf3e,365.4000000357628
vpxztp7b,3befdf3e,1150.0
6eyovdd2,3befdf3e,792.5500000119209
a6jpzpek,3befdf3e,2479.1500000003725
41kp06jx,3befdf3e,550.4000000003725
a0w1xgxf,3befdf3e,1619.0
lmtka1ev,3befdf3e,835.0
sesf1qnx,3befdf3e,788.5499999970198
xasfvnb7,3befdf3e,985.2000002861024
j2dvablb,3befdf3e,1108.300000000745
so5k1adg,3befdf3e,265.5
904h81sn,3befdf3e,351.19999998807907
ce9qdbyh,3befdf3e,268.2999999523163
03ljcqhc,3befdf3e,2188.25
nhds6zsd,3befdf3e,564.0
4stfwpke,3befdf3e,975.5999999996274
7o2tmcr2,3befdf3e,1016.4000000059604
a589fsqz,3befdf3e,704.9500000178814
mlvcv31l,3befdf3e,534.2999999970198
o4kkkuj9,3befdf3e,352.5
k8txaw58,3befdf3e,337.15000009536743
d1vjrjhc,3befdf3e,752.5
qv0yh587,3befdf3e,508.0
t2eyvuxq,3befdf3e,1083.8000000715256
ew4oecfi,3befdf3e,1334.25
mrwlcmno,3befdf3e,402.0
ni5df01j,3befdf3e,569.2999999523163
eyn3wygc,3befdf3e,435.40000000596046
wcau806y,3befdf3e,663.0
s03ed531,3befdf3e,683.0
2j8p9vyz,3befdf3e,1756.0
6p8vl3lk,3befdf3e,420.0
zj5uemkt,3befdf3e,594.1999999284744
3irnkhq8,3befdf3e,966.7000000029802
4s9g1cze,3befdf3e,847.3499999940395
v6jvgdvg,3befdf3e,509.59999990463257
l5sagbsh,3befdf3e,1032.0
ljwskxcq,3befdf3e,1129.0500001907349
bw2cwy0m,3befdf3e,417.8500000005588
kwy2bqjo,3befdf3e,380.60000002384186
uktb326q,3befdf3e,474.0
cdo2cmtp,3befdf3e,269.5
q04yitea,3befdf3e,560.1000000238419
qfsp3ery,3befdf3e,945.0499999523163
02333qfj,3befdf3e,1647.7000000476835
44o5xnxe,3befdf3e,448.0
y32zaw9c,3befdf3e,493.0
phbjwkyw,3befdf3e,734.3999999761581
szbhlpfr,3befdf3e,511.55000000447035
sn10zd6g,3befdf3e,1615.9499999284744
4s3cm7d8,3befdf3e,392.0
e2w81k0i,3befdf3e,1145.2999999523163
hsm45iwx,3befdf3e,432.40000000596046
n2et79bd,3befdf3e,275.40000000037253
ism64anu,3befdf3e,2194.7999999523163
plfupad7,3befdf3e,752.9000000003725
0hrc9vve,3befdf3e,1383.1499996185303
zvbewhqx,3befdf3e,359.89999997615814
8aknstxj,3befdf3e,3268.150000035763
c7z6erey,3befdf3e,823.3499999642372
f0wpo2hr,3befdf3e,1747.0
qazkn1sw,3befdf3e,196.0
nze0azo1,3befdf3e,935.2000000476836
r2ck84r8,3befdf3e,1062.7000000476835
stbyxpx6,3befdf3e,873.5500000119209
r24jdhzg,3befdf3e,399.59999999962747
ske58akk,3befdf3e,1357.3499999940395
ovhoesyy,3befdf3e,1343.0
3cc6zm51,3befdf3e,358.5
61zahdh9,3befdf3e,339.69999998807907
ol9lky1i,3befdf3e,762.2000000476837
5nrjvc7q,3befdf3e,426.09999999403954
o5qropwk,3befdf3e,320.0
ym49wqbn,3befdf3e,1157.0499999523165
npr5bsi2,3befdf3e,300.2000000476837
pad0sufd,3befdf3e,374.4000000003726
emwp6wq7,3befdf3e,344.10000002384186
j2pjmr32,3befdf3e,951.5
byx9jkxm,3befdf3e,1024.5
74l1qvc1,3befdf3e,525.8000000007451
cghxa2ie,3befdf3e,1778.75
3d2as981,3befdf3e,1044.75
bmlngyh3,3befdf3e,348.14999985694885
6e5gb0yb,3befdf3e,671.7999999523163
dmft9d3y,3befdf3e,682.0
nvlsix5c,3befdf3e,596.0
f5ohsl5h,3befdf3e,1027.4000000953674
aqmjput5,3befdf3e,510.5
91fk0af9,3befdf3e,498.65000000596046
qothvfhf,3befdf3e,400.300000011921
27d8totr,3befdf3e,1360.0000000037253
fkx2gd88,3befdf3e,2379.8499999940395
cp3b83py,3befdf3e,862.3500000238419
kmwiem6m,3befdf3e,673.1999999880791
nrfiw9bx,3befdf3e,1533.0999999046326
pz38obzd,3befdf3e,893.9000000953674
xklnx39q,3befdf3e,1524.0
8yhijukj,3befdf3e,1262.399999976158
mhskzwic,3befdf3e,1067.0
z3die4q3,3befdf3e,995.0
7agy8y3l,3befdf3e,566.7999999523163
vbwguazj,3befdf3e,352.19999999925494
om1m73rv,3befdf3e,662.25
nqubyvew,3befdf3e,612.8999999761581
mr7lkk46,3befdf3e,1723.3499999642372
5vv1rrzw,3befdf3e,703.3000001907349
f5ktzt2t,3befdf3e,748.0999999046326
kkeej6x5,3befdf3e,1406.6000000014901
pcrxo3zp,3befdf3e,1298.75
bcyhma9y,3befdf3e,450.699999988079
4wx63ymf,3befdf3e,1036.0999999996277
ler5uq42,3befdf3e,600.9999999995343
t3l0if03,3befdf3e,734.6500000059605
nldu5ge3,3befdf3e,795.4000000059605
nsu6cwh4,3befdf3e,595.1999999880791
m63pxnwq,3befdf3e,853.9000000953674
onnumbyy,3befdf3e,613.0
8d21w3yr,3befdf3e,460.5
oxvw1rhx,3befdf3e,345.80000000074506
4j6cy1mk,3befdf3e,303.10000002384186
9ohxtpht,3befdf3e,407.20000000298023
w12e497z,3befdf3e,560.0
hkj9daz7,3befdf3e,1483.10000000149
zfeorjum,3befdf3e,552.0
1r6yodve,3befdf3e,693.0
2anyuqd8,3befdf3e,751.0
9evwb372,3befdf3e,878.0
ya0wv6pm,3befdf3e,340.0
23iyreiv,3befdf3e,1573.3500003814697
sp00glmz,3befdf3e,428.69999999552965
clhkwrie,3befdf3e,447.1000000014901
mpzcivx9,3befdf3e,968.0999999996276
jx6lhkbi,3befdf3e,580.5499999523163
zelqv7az,3befdf3e,816.1999999284744
z8b26ynw,3befdf3e,848.5
cfclud8z,3befdf3e,1128.10000000149
8y2nd2sh,3befdf3e,2146.899999976158
ascil7wf,3befdf3e,948.0
l0nln4b2,3befdf3e,442.39999997615814
aypxap78,3befdf3e,422.89999997615814
nx0vccp8,3befdf3e,610.6000000238419
kck1uue7,3befdf3e,1568.6499999761581
9pjr0waw,3befdf3e,1633.699999999255
xji13cu2,3befdf3e,860.4000000059605
jqeesfz7,3befdf3e,314.15000000037253
c9sps7bl,3befdf3e,1362.699999988079
bx44xwzb,3befdf3e,688.8999999985099
o2ho0580,3befdf3e,3089.8999996185303
2d8q4qkc,3befdf3e,929.0
g3vslpjv,3befdf3e,795.1999999992549
x5id5i5q,3befdf3e,506.5
8oohxrrz,3befdf3e,1118.199999988079
qfiy90jx,3befdf3e,818.0
kavvl57w,3befdf3e,1547.3500000089407
0fy66fv2,3befdf3e,370.4000000022352
b73rrttr,3befdf3e,752.4000000003725
r99uy0qb,3befdf3e,1967.5
idma9086,3befdf3e,894.8000000119209
2tkm21z6,3befdf3e,416.0
ei0ij8ms,3befdf3e,1204.0
0yfthc4y,3befdf3e,368.199999988079
yfyhejim,3befdf3e,1124.9000000953674
9wkeb5tu,3befdf3e,355.09999999403954
jayyv6lz,3befdf3e,545.0
qu0lm98m,3befdf3e,872.2999999970198
ldo5smvx,3befdf3e,1822.9000000953674
hd5k29qy,3befdf3e,558.2000000029802
rhbgnqhz,3befdf3e,1025.050000011921
72p6pxny,3befdf3e,800.6000001430511
fgxp8fzz,3befdf3e,1242.5999999046326
mzi8f2hv,3befdf3e,580.0999999996275
189iqcds,3befdf3e,1166.4500000029802
cw4tyx7n,3befdf3e,748.8000000119209
c2lwacqc,3befdf3e,505.5
g7svteiz,3befdf3e,988.6000000238419
c2lwacqc,1f0c79e5,751.9500000029802
g7svteiz,1f0c79e5,633.5499999523163
cw4tyx7n,1f0c79e5,921.9000000059604
xgvto4mg,1f0c79e5,583.0
fgxp8fzz,1f0c79e5,1319.4000000953674
189iqcds,1f0c79e5,1096.5
mzi8f2hv,1f0c79e5,425.5
gkse9wdn,1f0c79e5,1620.0
rhbgnqhz,1f0c79e5,899.2000000178814
72p6pxny,1f0c79e5,2008.5
hd5k29qy,1f0c79e5,467.0
ldo5smvx,1f0c79e5,1037.6000003814695
qu0lm98m,1f0c79e5,480.9999999925494
jayyv6lz,1f0c79e5,493.5
yfyhejim,1f0c79e5,2204.1000003814697
2tkm21z6,1f0c79e5,602.0
0yfthc4y,1f0c79e5,336.09999999403954
ei0ij8ms,1f0c79e5,1840.0
0fy66fv2,1f0c79e5,243.80000000074503
b73rrttr,1f0c79e5,439.9000000003726
r99uy0qb,1f0c79e5,951.0
idma9086,1f0c79e5,990.100000023842
kavvl57w,1f0c79e5,3388.2000000029802
yebzokh4,1f0c79e5,775.8999999985099
x5id5i5q,1f0c79e5,553.0
qfiy90jx,1f0c79e5,1183.7999999523165
8oohxrrz,1f0c79e5,475.85000002384186
o2ho0580,1f0c79e5,1731.7999997138977
bx44xwzb,1f0c79e5,720.2999999970198
c9sps7bl,1f0c79e5,1587.8499999940395
g3vslpjv,1f0c79e5,777.4000000022352
2d8q4qkc,1f0c79e5,327.5
jqeesfz7,1f0c79e5,394.75
kck1uue7,1f0c79e5,1276.9000000953674
nx0vccp8,1f0c79e5,833.6499999761581
8psac9uo,1f0c79e5,986.3500000238419
ascil7wf,1f0c79e5,590.3999999985099
aypxap78,1f0c79e5,419.44999998807907
l0nln4b2,1f0c79e5,550.8000000417233
8y2nd2sh,1f0c79e5,1891.899999976158
qif0sa3r,1f0c79e5,245.90000000037253
zelqv7az,1f0c79e5,1624.600000023842
z8b26ynw,1f0c79e5,403.5
cfclud8z,1f0c79e5,967.4000000003725
jx6lhkbi,1f0c79e5,1327.7000000476835
sp00glmz,1f0c79e5,862.2999999970198
mpzcivx9,1f0c79e5,633.5
clhkwrie,1f0c79e5,839.4999999925494
1qt2f29y,1f0c79e5,616.6789999995381
23iyreiv,1f0c79e5,541.0
9evwb372,1f0c79e5,1543.0
ya0wv6pm,1f0c79e5,794.0
1r6yodve,1f0c79e5,778.0
2anyuqd8,1f0c79e5,850.0
k0qq522n,1f0c79e5,1024.2999999998135
cbvc5e3w,1f0c79e5,508.5
9ohxtpht,1f0c79e5,495.3499999977648
w12e497z,1f0c79e5,1574.8500000089407
zfeorjum,1f0c79e5,806.0
hkj9daz7,1f0c79e5,1079.5
8d21w3yr,1f0c79e5,1809.0
318gokyy,1f0c79e5,240.0
oxvw1rhx,1f0c79e5,547.2000000001863
4j6cy1mk,1f0c79e5,373.8500000834465
fl73adm5,1f0c79e5,1071.5
m63pxnwq,1f0c79e5,471.80000019073486
onnumbyy,1f0c79e5,954.0
ler5uq42,1f0c79e5,1050.0
4wx63ymf,1f0c79e5,923.6500000003725
nfbzvhip,1f0c79e5,723.0
t3l0if03,1f0c79e5,310.80000001192093
nldu5ge3,1f0c79e5,450.0
kkeej6x5,1f0c79e5,503.70000000298023
f5ktzt2t,1f0c79e5,1161.2999999523163
pcrxo3zp,1f0c79e5,662.0999999046326
bcyhma9y,1f0c79e5,397.34999999403954
mr7lkk46,1f0c79e5,800.6000000238419
2w766g1z,1f0c79e5,368.59999990463257
om1m73rv,1f0c79e5,348.7999999523163
7agy8y3l,1f0c79e5,460.5499999523163
o1t1fb7j,1f0c79e5,1878.2999999970198
vbwguazj,1f0c79e5,872.1500000003725
mhskzwic,1f0c79e5,527.0
50nsp39w,1f0c79e5,399.7999999523163
8yhijukj,1f0c79e5,2816.2000000476837
z3die4q3,1f0c79e5,412.0
8jwr3j6t,1f0c79e5,231.70000004768372
p445h6ow,1f0c79e5,911.0
xklnx39q,1f0c79e5,1003.0499999523163
pz38obzd,1f0c79e5,1132.0
nrfiw9bx,1f0c79e5,640.3499999046326
ikfbpugl,1f0c79e5,461.7999999523163
d33m799j,1f0c79e5,6690.850000023842
kmwiem6m,1f0c79e5,378.39999997615814
27d8totr,1f0c79e5,1067.7000000029802
fkx2gd88,1f0c79e5,3387.0
qothvfhf,1f0c79e5,1032.75
cp3b83py,1f0c79e5,1464.949999988079
l9krayds,1f0c79e5,498.1500000357628
aqmjput5,1f0c79e5,509.0
icf7bchs,1f0c79e5,828.0
6e5gb0yb,1f0c79e5,359.75
dmft9d3y,1f0c79e5,702.6999999284744
clucow7d,1f0c79e5,1911.5999999940395
cghxa2ie,1f0c79e5,1164.64999999851
3d2as981,1f0c79e5,870.6000000238419
bmlngyh3,1f0c79e5,3326.099999904633
j2pjmr32,1f0c79e5,1092.0
byx9jkxm,1f0c79e5,564.0
ym49wqbn,1f0c79e5,374.5
npr5bsi2,1f0c79e5,395.89999997615814
emwp6wq7,1f0c79e5,1112.5
pad0sufd,1f0c79e5,457.20000000018626
5hz183aa,1f0c79e5,970.0
o5qropwk,1f0c79e5,428.5
5nrjvc7q,1f0c79e5,631.9499999880791
r24jdhzg,1f0c79e5,848.0
stbyxpx6,1f0c79e5,922.8500000089407
3cc6zm51,1f0c79e5,501.60000002384186
ske58akk,1f0c79e5,1519.600000023842
ovhoesyy,1f0c79e5,660.0
nze0azo1,1f0c79e5,418.7999999523163
r2ck84r8,1f0c79e5,1175.25
hpl7jugr,1f0c79e5,573.0
c7z6erey,1f0c79e5,333.9000000357628
8aknstxj,1f0c79e5,1271.5
qazkn1sw,1f0c79e5,144.5
f0wpo2hr,1f0c79e5,455.0
plfupad7,1f0c79e5,767.3000000000466
n2et79bd,1f0c79e5,661.7000000011176
ism64anu,1f0c79e5,2997.650000035763
0hrc9vve,1f0c79e5,612.4499998092651
zvbewhqx,1f0c79e5,672.0
sn10zd6g,1f0c79e5,611.5500000715256
hsm45iwx,1f0c79e5,424.20000000298023
4s3cm7d8,1f0c79e5,480.0
e2w81k0i,1f0c79e5,720.0
89u58v07,1f0c79e5,349.44999999925494
szbhlpfr,1f0c79e5,963.6999999955297
phbjwkyw,1f0c79e5,247.0
0ra11hiv,1f0c79e5,892.3999996185303
cuybsfwr,1f0c79e5,350.29999999701977
y32zaw9c,1f0c79e5,783.0
q04yitea,1f0c79e5,1546.899999976158
qfsp3ery,1f0c79e5,785.2000002861023
44o5xnxe,1f0c79e5,345.0
cdo2cmtp,1f0c79e5,285.5499999988824
bw2cwy0m,1f0c79e5,612.0999999996275
kwy2bqjo,1f0c79e5,501.60000002384186
uktb326q,1f0c79e5,554.5
v6jvgdvg,1f0c79e5,691.1000001430511
l5sagbsh,1f0c79e5,374.0
ljwskxcq,1f0c79e5,2094.199999809265
3irnkhq8,1f0c79e5,1066.8500000089407
4s9g1cze,1f0c79e5,1371.5999999940395
zj5uemkt,1f0c79e5,1130.0
wcau806y,1f0c79e5,923.0
6p8vl3lk,1f0c79e5,1361.0
2j8p9vyz,1f0c79e5,1669.5
s03ed531,1f0c79e5,657.5000000002328
mrwlcmno,1f0c79e5,537.0
ew4oecfi,1f0c79e5,1609.3499999046326
ni5df01j,1f0c79e5,340.25
eyn3wygc,1f0c79e5,480.5
t2eyvuxq,1f0c79e5,382.10000002384186
qv0yh587,1f0c79e5,791.5
a589fsqz,1f0c79e5,384.40000000596046
d1vjrjhc,1f0c79e5,496.79999999701977
mlvcv31l,1f0c79e5,366.0
k8txaw58,1f0c79e5,492.0499999523163
o4kkkuj9,1f0c79e5,475.7999999988824
vr20hyge,1f0c79e5,1891.0
nhds6zsd,1f0c79e5,912.5
904h81sn,1f0c79e5,439.699999988079
j2dvablb,1f0c79e5,474.4000000003726
xasfvnb7,1f0c79e5,596.7000000476837
sesf1qnx,1f0c79e5,1006.2000000029802
a6jpzpek,1f0c79e5,470.5
6eyovdd2,1f0c79e5,328.2999999523163
lmtka1ev,1f0c79e5,379.5
a0w1xgxf,1f0c79e5,539.0
41kp06jx,1f0c79e5,412.0
e0biso3r,1f0c79e5,1240.7000002861023
a9gvtd1o,1f0c79e5,773.2000007629395
vpxztp7b,1f0c79e5,1491.5
f1ejz9fy,1f0c79e5,515.7999999821186
8bgj1tsd,1f0c79e5,1429.6499998569489
tc5wgx8h,1f0c79e5,352.70000000298023
c7ac53of,1f0c79e5,808.0
rjanlii9,1f0c79e5,519.3999998569489
mrypomny,1f0c79e5,464.0
jeq3oy2g,1f0c79e5,546.0
648anokh,1f0c79e5,1178.8000000715256
qqqzakmg,1f0c79e5,1308.1000000238419
2tkm21z6,c8f0f002,400.5
0yfthc4y,c8f0f002,319.90000000596046
ei0ij8ms,c8f0f002,711.0
yfyhejim,c8f0f002,863.3500001430511
qu0lm98m,c8f0f002,560.5
jayyv6lz,c8f0f002,517.0
ldo5smvx,c8f0f002,880.5
72p6pxny,c8f0f002,437.75
rhbgnqhz,c8f0f002,422.34999999403954
hd5k29qy,c8f0f002,383.29999999701977
fgxp8fzz,c8f0f002,797.6000001430511
189iqcds,c8f0f002,442.30000000074506
mzi8f2hv,c8f0f002,231.29999999981374
g7svteiz,c8f0f002,555.5500000715256
cw4tyx7n,c8f0f002,996.5500000119209
8y2nd2sh,c8f0f002,1324.949999988079
ascil7wf,c8f0f002,699.2000000029802
aypxap78,c8f0f002,289.0499999821186
l0nln4b2,c8f0f002,488.9500000178814
kck1uue7,c8f0f002,1177.3500000238419
nx0vccp8,c8f0f002,671.8000000119209
8psac9uo,c8f0f002,676.1499999761581
9pjr0waw,c8f0f002,542.2999999988824
jqeesfz7,c8f0f002,304.7500000009313
xji13cu2,c8f0f002,364.10000002384186
o2ho0580,c8f0f002,374.5
bx44xwzb,c8f0f002,819.6999999992549
c9sps7bl,c8f0f002,2065.300000011921
g3vslpjv,c8f0f002,879.5
2d8q4qkc,c8f0f002,554.0
qfiy90jx,c8f0f002,1184.2999999523165
8oohxrrz,c8f0f002,544.3000000119209
kavvl57w,c8f0f002,1742.7000000029802
yebzokh4,c8f0f002,484.0999999977648
7nszfy43,c8f0f002,592.0
b73rrttr,c8f0f002,404.0
0fy66fv2,c8f0f002,2221.60000000149
idma9086,c8f0f002,390.89999997615814
r99uy0qb,c8f0f002,701.0
8d21w3yr,c8f0f002,1076.0
318gokyy,c8f0f002,263.5
4j6cy1mk,c8f0f002,325.0999999642372
oxvw1rhx,c8f0f002,344.40000000037253
w12e497z,c8f0f002,687.8000000119209
9ohxtpht,c8f0f002,424.20000000298023
zfeorjum,c8f0f002,942.0
hkj9daz7,c8f0f002,1081.2000000029802
1r6yodve,c8f0f002,704.0
cbvc5e3w,c8f0f002,192.70000004768372
ya0wv6pm,c8f0f002,359.0
9evwb372,c8f0f002,572.0
sp00glmz,c8f0f002,639.3000000007451
mpzcivx9,c8f0f002,542.4499999992549
clhkwrie,c8f0f002,344.8999999985099
1qt2f29y,c8f0f002,441.67550000036135
jx6lhkbi,c8f0f002,635.9999998807907
z8b26ynw,c8f0f002,448.0
zelqv7az,c8f0f002,546.0
cfclud8z,c8f0f002,825.4500000011176
nrfiw9bx,c8f0f002,865.3000001907349
pz38obzd,c8f0f002,437.94999998807907
xklnx39q,c8f0f002,619.5
mhskzwic,c8f0f002,476.5
50nsp39w,c8f0f002,280.5500000715256
8yhijukj,c8f0f002,783.1999999880791
8jwr3j6t,c8f0f002,208.09999990463257
p445h6ow,c8f0f002,427.5
z3die4q3,c8f0f002,817.0
om1m73rv,c8f0f002,582.8000000715256
vbwguazj,c8f0f002,394.05000000074506
7agy8y3l,c8f0f002,387.3500000834465
nqubyvew,c8f0f002,568.5499999821186
mr7lkk46,c8f0f002,740.9499999880791
2w766g1z,c8f0f002,286.4000000357628
pcrxo3zp,c8f0f002,706.7999997138977
f5ktzt2t,c8f0f002,748.5
kkeej6x5,c8f0f002,412.05000000074506
ler5uq42,c8f0f002,517.0
4wx63ymf,c8f0f002,957.9999999999999
nfbzvhip,c8f0f002,315.60000014305115
nldu5ge3,c8f0f002,266.70000000298023
t3l0if03,c8f0f002,509.7000000476837
m63pxnwq,c8f0f002,544.0
61zahdh9,c8f0f002,314.0499999821186
5hz183aa,c8f0f002,1280.5
o5qropwk,c8f0f002,329.5
5nrjvc7q,c8f0f002,484.09999999403954
ol9lky1i,c8f0f002,344.60000014305115
xeu3j3ki,c8f0f002,503.0
npr5bsi2,c8f0f002,284.4500000476837
ym49wqbn,c8f0f002,478.5
154uk6vm,c8f0f002,738.7000000178814
emwp6wq7,c8f0f002,643.5
pad0sufd,c8f0f002,683.0500000002794
j2pjmr32,c8f0f002,1013.0
byx9jkxm,c8f0f002,387.0
clucow7d,c8f0f002,1515.800000011921
3d2as981,c8f0f002,765.8000000715256
cghxa2ie,c8f0f002,1082.199999999255
bmlngyh3,c8f0f002,257.09999990463257
6e5gb0yb,c8f0f002,537.7000000476837
pgtp756s,c8f0f002,513.0
bdfn1h0o,c8f0f002,504.19999980926514
dmft9d3y,c8f0f002,616.3999999761581
l9krayds,c8f0f002,957.7999999523164
aqmjput5,c8f0f002,600.0
icf7bchs,c8f0f002,388.0
27d8totr,c8f0f002,734.0
qothvfhf,c8f0f002,423.0
cp3b83py,c8f0f002,562.5
ikfbpugl,c8f0f002,370.25
kmwiem6m,c8f0f002,1007.4499999880791
5pds9j1d,c8f0f002,331.3499999977648
02333qfj,c8f0f002,407.9999998807907
qfsp3ery,c8f0f002,583.7000000476837
q04yitea,c8f0f002,360.1500000357628
44o5xnxe,c8f0f002,344.0
qkiu92kk,c8f0f002,338.20000000298023
cuybsfwr,c8f0f002,362.5999999977648
0ra11hiv,c8f0f002,619.7000007629395
y32zaw9c,c8f0f002,429.5
89u58v07,c8f0f002,379.59999999962747
095bdwyc,c8f0f002,364.69999999925494
szbhlpfr,c8f0f002,488.20000000298023
phbjwkyw,c8f0f002,368.2000000476837
sn10zd6g,c8f0f002,955.5500000715255
hsm45iwx,c8f0f002,680.2000000178814
e2w81k0i,c8f0f002,543.7999999523163
4s3cm7d8,c8f0f002,456.0
plfupad7,c8f0f002,672.2500000009313
n2et79bd,c8f0f002,903.5999999996276
ism64anu,c8f0f002,1354.899999976158
zvbewhqx,c8f0f002,336.0
0hrc9vve,c8f0f002,735.6999998092651
c7z6erey,c8f0f002,260.5
8aknstxj,c8f0f002,741.5
qazkn1sw,c8f0f002,576.0
f0wpo2hr,c8f0f002,327.5
hpl7jugr,c8f0f002,1181.5
nze0azo1,c8f0f002,728.8999999761581
r2ck84r8,c8f0f002,579.5500000715256
r24jdhzg,c8f0f002,523.7499999981374
stbyxpx6,c8f0f002,395.84999999403954
3cc6zm51,c8f0f002,239.39999997615814
ske58akk,c8f0f002,579.8000000119209
ovhoesyy,c8f0f002,791.0
a589fsqz,c8f0f002,276.15000000596046
d1vjrjhc,c8f0f002,395.15000000596046
mlvcv31l,c8f0f002,1586.0500000044703
o4kkkuj9,c8f0f002,304.8500000005588
k8txaw58,c8f0f002,587.4000000953674
t2eyvuxq,c8f0f002,375.6500000357628
qv0yh587,c8f0f002,497.0
mrwlcmno,c8f0f002,425.5
ew4oecfi,c8f0f002,601.0999999046326
eyn3wygc,c8f0f002,323.65000000596046
wcau806y,c8f0f002,531.5
2j8p9vyz,c8f0f002,713.0
s03ed531,c8f0f002,541.5
zj5uemkt,c8f0f002,555.8999999761581
l5sagbsh,c8f0f002,628.0
v6jvgdvg,c8f0f002,643.1500000953674
ljwskxcq,c8f0f002,262.5
4s9g1cze,c8f0f002,366.199999988079
bw2cwy0m,c8f0f002,425.90000000037253
kwy2bqjo,c8f0f002,676.8999999761581
uktb326q,c8f0f002,596.0
648anokh,c8f0f002,303.89999997615814
8bgj1tsd,c8f0f002,354.2999999523163
tc5wgx8h,c8f0f002,349.79999999701977
rjanlii9,c8f0f002,523.6499998569489
c7ac53of,c8f0f002,1778.6499998569489
jeq3oy2g,c8f0f002,341.0
mrypomny,c8f0f002,400.0
a9gvtd1o,c8f0f002,386.85000133514404
e0biso3r,c8f0f002,473.75
vpxztp7b,c8f0f002,352.5
f1ejz9fy,c8f0f002,865.7000000476837
a6jpzpek,c8f0f002,1245.0
6eyovdd2,c8f0f002,447.10000002384186
lmtka1ev,c8f0f002,548.0
a0w1xgxf,c8f0f002,860.0
41kp06jx,c8f0f002,352.69999999925494
sesf1qnx,c8f0f002,1100.5
904h81sn,c8f0f002,387.95000000298023
so5k1adg,c8f0f002,556.0000000009313
j2dvablb,c8f0f002,578.9000000003725
03ljcqhc,c8f0f002,638.5
ce9qdbyh,c8f0f002,261.75
vr20hyge,c8f0f002,620.0
idma9086,6d58a25d,2558.2999999821186
4kl3i3tv,6d58a25d,791.7999999821186
r99uy0qb,6d58a25d,3359.0
b73rrttr,6d58a25d,536.0999999996275
7nszfy43,6d58a25d,1178.0
0fy66fv2,6d58a25d,591.6000000014901
yebzokh4,6d58a25d,975.89999999851
kavvl57w,6d58a25d,3025.1000000089407
qfiy90jx,6d58a25d,1066.0499999523163
8oohxrrz,6d58a25d,851.5999999642372
x5id5i5q,6d58a25d,953.0
g3vslpjv,6d58a25d,3303.79999999702
2d8q4qkc,6d58a25d,1675.5
bx44xwzb,6d58a25d,2593.0
o2ho0580,6d58a25d,674.4000005722046
c9sps7bl,6d58a25d,1493.75
jqeesfz7,6d58a25d,205.0
9pjr0waw,6d58a25d,1098.7999999970198
kck1uue7,6d58a25d,3665.099999904633
8psac9uo,6d58a25d,1007.4500000476836
nx0vccp8,6d58a25d,657.6999999284744
aypxap78,6d58a25d,890.5999999642372
l0nln4b2,6d58a25d,1262.3499999940393
ascil7wf,6d58a25d,1587.699999988079
8y2nd2sh,6d58a25d,2654.899999976158
yc52i3qf,6d58a25d,1703.050000011921
g7svteiz,6d58a25d,1859.7999999523163
c2lwacqc,6d58a25d,3528.5
cw4tyx7n,6d58a25d,1314.0000000149012
189iqcds,6d58a25d,2716.10000000149
mzi8f2hv,6d58a25d,1756.75
fgxp8fzz,6d58a25d,1836.8500000238419
72p6pxny,6d58a25d,911.4000000953674
rhbgnqhz,6d58a25d,2298.800000011921
ldo5smvx,6d58a25d,4171.300000190735
jayyv6lz,6d58a25d,1480.5
qu0lm98m,6d58a25d,2032.8999999910593
yfyhejim,6d58a25d,1252.2999999523163
0yfthc4y,6d58a25d,368.10000002384186
ei0ij8ms,6d58a25d,1030.0
2tkm21z6,6d58a25d,450.0
onnumbyy,6d58a25d,1359.0
m63pxnwq,6d58a25d,1575.1999999284744
nldu5ge3,6d58a25d,1094.5999999940395
t3l0if03,6d58a25d,1376.300000011921
nfbzvhip,6d58a25d,426.5
4wx63ymf,6d58a25d,1282.050000000745
bcyhma9y,6d58a25d,630.7999999821186
pcrxo3zp,6d58a25d,1551.5999999046326
f5ktzt2t,6d58a25d,675.1999999284744
kkeej6x5,6d58a25d,956.1500000022352
mr7lkk46,6d58a25d,1465.7000000476835
2w766g1z,6d58a25d,1962.9499999284744
om1m73rv,6d58a25d,743.5
vbwguazj,6d58a25d,1525.5
7agy8y3l,6d58a25d,760.2000000476837
8jwr3j6t,6d58a25d,930.3500000238419
z3die4q3,6d58a25d,1343.0
mhskzwic,6d58a25d,806.5
8yhijukj,6d58a25d,1397.6500000059605
pz38obzd,6d58a25d,1145.3000000715256
xklnx39q,6d58a25d,1670.8000000715256
nrfiw9bx,6d58a25d,1050.6000001430511
cfclud8z,6d58a25d,2253.0
z8b26ynw,6d58a25d,1389.0
zelqv7az,6d58a25d,1021.699999988079
jx6lhkbi,6d58a25d,1714.5
mpzcivx9,6d58a25d,668.2000000011176
sp00glmz,6d58a25d,507.80000000447035
ya0wv6pm,6d58a25d,352.0
9evwb372,6d58a25d,1103.0
1r6yodve,6d58a25d,2469.9999999999927
cbvc5e3w,6d58a25d,469.39999985694885
zfeorjum,6d58a25d,1632.0
hkj9daz7,6d58a25d,2375.800000000745
w12e497z,6d58a25d,2164.7000000029802
9ohxtpht,6d58a25d,1099.0499999970198
4j6cy1mk,6d58a25d,1078.9000000357628
fl73adm5,6d58a25d,1702.7000000476835
oxvw1rhx,6d58a25d,402.2499999990687
8d21w3yr,6d58a25d,2672.5
3cc6zm51,6d58a25d,537.8999999761581
ovhoesyy,6d58a25d,2387.5
ske58akk,6d58a25d,2740.4000000059605
r24jdhzg,6d58a25d,2130.39999999851
stbyxpx6,6d58a25d,1465.5
hpl7jugr,6d58a25d,718.0
r2ck84r8,6d58a25d,600.7999999523163
nze0azo1,6d58a25d,770.3999999761581
qazkn1sw,6d58a25d,306.0
f0wpo2hr,6d58a25d,1389.5
c7z6erey,6d58a25d,721.4000000357628
zvbewhqx,6d58a25d,1245.9000000357628
plfupad7,6d58a25d,1039.5
ism64anu,6d58a25d,2159.099999904633
n2et79bd,6d58a25d,1471.5999999996277
hsm45iwx,6d58a25d,1752.199999988079
e2w81k0i,6d58a25d,1720.9500000476837
4s3cm7d8,6d58a25d,884.5
sn10zd6g,6d58a25d,1503.2000000476837
szbhlpfr,6d58a25d,1256.199999988079
phbjwkyw,6d58a25d,448.7999999523163
89u58v07,6d58a25d,2301.550000000745
y32zaw9c,6d58a25d,478.5
cuybsfwr,6d58a25d,1791.1999999955297
44o5xnxe,6d58a25d,552.0
02333qfj,6d58a25d,1223.9000000953674
qfsp3ery,6d58a25d,1050.3999998569489
q04yitea,6d58a25d,1811.899999976158
kmwiem6m,6d58a25d,1659.199999988079
5pds9j1d,6d58a25d,441.80000000074506
ikfbpugl,6d58a25d,840.1000000238419
cp3b83py,6d58a25d,1836.899999976158
27d8totr,6d58a25d,1984.6000000089407
qothvfhf,6d58a25d,432.7000000178814
l9krayds,6d58a25d,3355.300000011921
aqmjput5,6d58a25d,3591.0
f5ohsl5h,6d58a25d,1649.4500000476837
dmft9d3y,6d58a25d,632.3000000715256
pgtp756s,6d58a25d,440.04999999701977
6e5gb0yb,6d58a25d,1707.9500000476837
bmlngyh3,6d58a25d,1603.9500000476835
clucow7d,6d58a25d,1405.9000000059605
3d2as981,6d58a25d,1635.3000000715256
cghxa2ie,6d58a25d,1362.60000000149
byx9jkxm,6d58a25d,1591.0
emwp6wq7,6d58a25d,1381.5
pad0sufd,6d58a25d,1209.9000000003723
xeu3j3ki,6d58a25d,1783.0
npr5bsi2,6d58a25d,2676.7999999523163
ym49wqbn,6d58a25d,1204.5
154uk6vm,6d58a25d,3291.699999988079
o5qropwk,6d58a25d,427.0
5nrjvc7q,6d58a25d,792.0999999940395
61zahdh9,6d58a25d,1713.1500000059605
5hz183aa,6d58a25d,1481.5
nhds6zsd,6d58a25d,839.0
vr20hyge,6d58a25d,1497.0
ce9qdbyh,6d58a25d,1279.9999999403954
904h81sn,6d58a25d,2173.949999988079
j2dvablb,6d58a25d,1078.0
xasfvnb7,6d58a25d,308.89999985694885
lmtka1ev,6d58a25d,1786.0
a0w1xgxf,6d58a25d,1655.0
41kp06jx,6d58a25d,3313.0999999996275
a6jpzpek,6d58a25d,2153.0999999996275
6eyovdd2,6d58a25d,1264.550000011921
vpxztp7b,6d58a25d,1131.0
f1ejz9fy,6d58a25d,1310.2999999821186
a9gvtd1o,6d58a25d,1037.5
e0biso3r,6d58a25d,2926.3999996185303
rjanlii9,6d58a25d,1112.2999999523163
jeq3oy2g,6d58a25d,1601.5
mrypomny,6d58a25d,448.0
8bgj1tsd,6d58a25d,1529.8500000238419
tc5wgx8h,6d58a25d,1387.800000011921
qqqzakmg,6d58a25d,391.10000002384186
648anokh,6d58a25d,2001.5
zc26r1al,6d58a25d,315.1999999284744
bw2cwy0m,6d58a25d,1300.7000000011176
kwy2bqjo,6d58a25d,1208.399999976158
ljwskxcq,6d58a25d,857.6499998569489
l5sagbsh,6d58a25d,2015.0
v6jvgdvg,6d58a25d,609.4000000953674
4s9g1cze,6d58a25d,1304.7499999701977
3irnkhq8,6d58a25d,1017.5999999940396
zj5uemkt,6d58a25d,2444.2999999523163
6p8vl3lk,6d58a25d,1793.5
2j8p9vyz,6d58a25d,1317.0
s03ed531,6d58a25d,733.0
wcau806y,6d58a25d,2624.0
eyn3wygc,6d58a25d,4189.600000008941
mrwlcmno,6d58a25d,443.0
ew4oecfi,6d58a25d,1136.3000001907349
t2eyvuxq,6d58a25d,5880.449999988079
qv0yh587,6d58a25d,645.5
d1vjrjhc,6d58a25d,1894.6000000089407
o4kkkuj9,6d58a25d,2925.6500000003725
k8txaw58,6d58a25d,1498.4000000953674
mlvcv31l,6d58a25d,1970.4000000059605
a589fsqz,6d58a25d,1055.5
f5ktzt2t,73251a56,2410.7000000476837
kkeej6x5,73251a56,4988.199999999255
pcrxo3zp,73251a56,1077.2999997138977
nqubyvew,73251a56,2339.3999999910593
mr7lkk46,73251a56,1512.7000000476835
2w766g1z,73251a56,2835.949999988079
onnumbyy,73251a56,744.0
ler5uq42,73251a56,760.0
nfbzvhip,73251a56,816.5999999046326
4wx63ymf,73251a56,1799.5
t3l0if03,73251a56,615.8000000119209
pz38obzd,73251a56,1691.75
xklnx39q,73251a56,4630.099999964237
nrfiw9bx,73251a56,2388.0499999523163
om1m73rv,73251a56,1294.800000011921
7agy8y3l,73251a56,641.3999999761581
vbwguazj,73251a56,1205.9999999981374
mhskzwic,73251a56,1096.5
8yhijukj,73251a56,727.5500000119209
z3die4q3,73251a56,2530.0
p445h6ow,73251a56,728.5
8jwr3j6t,73251a56,1167.5
sp00glmz,73251a56,1447.050000000745
mpzcivx9,73251a56,2290.75
1qt2f29y,73251a56,641.67949999962
clhkwrie,73251a56,802.0
23iyreiv,73251a56,2388.199999809265
9evwb372,73251a56,1652.0
ya0wv6pm,73251a56,622.0
zelqv7az,73251a56,941.1999999880792
z8b26ynw,73251a56,3359.0
cfclud8z,73251a56,1462.0
jx6lhkbi,73251a56,1808.0999999046328
oxvw1rhx,73251a56,432.45000000018626
fl73adm5,73251a56,3038.350000023842
4j6cy1mk,73251a56,1799.0999999642372
2anyuqd8,73251a56,1251.000000000931
cbvc5e3w,73251a56,2664.699999809265
k0qq522n,73251a56,592.2000000001863
0wk7vjg8,73251a56,2053.0
9ohxtpht,73251a56,1841.050000000745
w12e497z,73251a56,1025.7000000029802
hkj9daz7,73251a56,3913.39999999851
x5id5i5q,73251a56,884.0
qfiy90jx,73251a56,1090.3999999761581
8oohxrrz,73251a56,600.0
bx44xwzb,73251a56,1199.7000000029802
o2ho0580,73251a56,1539.0
c9sps7bl,73251a56,3383.800000011921
g3vslpjv,73251a56,2322.150000002235
2d8q4qkc,73251a56,2545.0
0fy66fv2,73251a56,396.6000000014901
b73rrttr,73251a56,456.0999999996274
7nszfy43,73251a56,1145.0
r99uy0qb,73251a56,2922.0
idma9086,73251a56,2508.099999964237
4kl3i3tv,73251a56,2161.2999999821186
yebzokh4,73251a56,831.8999999985099
ascil7wf,73251a56,1282.7000000029802
aypxap78,73251a56,1147.899999976158
l0nln4b2,73251a56,727.1999999880791
8y2nd2sh,73251a56,5231.300000011921
jqeesfz7,73251a56,545.2999999998137
xji13cu2,73251a56,4605.199999988079
kck1uue7,73251a56,2557.75
8psac9uo,73251a56,1743.0
nx0vccp8,73251a56,1012.8499999642372
fgxp8fzz,73251a56,4846.849999904633
189iqcds,73251a56,2966.10000000149
mzi8f2hv,73251a56,2514.0999999996275
rhbgnqhz,73251a56,2344.75
72p6pxny,73251a56,2375.600000143051
hd5k29qy,73251a56,1732.0
c2lwacqc,73251a56,635.4500000029802
g7svteiz,73251a56,1095.1999999284744
cw4tyx7n,73251a56,1256.5
yc52i3qf,73251a56,1923.0
9wkeb5tu,73251a56,714.4000000059605
yfyhejim,73251a56,1690.5
2tkm21z6,73251a56,555.0
0yfthc4y,73251a56,724.5999999940395
ei0ij8ms,73251a56,1629.0
ldo5smvx,73251a56,14797.75
jayyv6lz,73251a56,2642.0
qu0lm98m,73251a56,3190.0
so5k1adg,73251a56,627.7499999990687
904h81sn,73251a56,616.0
j2dvablb,73251a56,504.45000000018626
03ljcqhc,73251a56,1987.5
sesf1qnx,73251a56,1190.7000000029802
4stfwpke,73251a56,723.4000000022352
vr20hyge,73251a56,812.0
nhds6zsd,73251a56,615.0
tc5wgx8h,73251a56,2030.899999976158
rjanlii9,73251a56,2544.4500000476837
mrypomny,73251a56,608.0
zc26r1al,73251a56,449.39999985694885
648anokh,73251a56,2629.899999976158
6eyovdd2,73251a56,1005.8000000715256
a6jpzpek,73251a56,991.0500000007451
41kp06jx,73251a56,652.0499999998137
a0w1xgxf,73251a56,385.0
e0biso3r,73251a56,2465.3499999046326
a9gvtd1o,73251a56,1620.6999988555908
vpxztp7b,73251a56,1152.0
f1ejz9fy,73251a56,1340.8499999940395
ljwskxcq,73251a56,2863.7000002861023
l5sagbsh,73251a56,2954.0
v6jvgdvg,73251a56,749.1999998092651
4s9g1cze,73251a56,5651.950000017881
3irnkhq8,73251a56,2997.550000011921
zj5uemkt,73251a56,4247.100000023842
cdo2cmtp,73251a56,315.5
bw2cwy0m,73251a56,759.75
kwy2bqjo,73251a56,1006.5999999642372
t2eyvuxq,73251a56,1723.8499999642372
qv0yh587,73251a56,740.0
a589fsqz,73251a56,2801.7000000029802
d1vjrjhc,73251a56,487.20000000298023
o4kkkuj9,73251a56,2108.2999999998137
k8txaw58,73251a56,3568.600000023842
mlvcv31l,73251a56,1970.8500000014901
wcau806y,73251a56,1806.0
2j8p9vyz,73251a56,4954.0
mrwlcmno,73251a56,627.0
08vqizpx,73251a56,1004.9999999997672
ew4oecfi,73251a56,1601.0999999046326
eyn3wygc,73251a56,672.0
ni5df01j,73251a56,480.1999999284744
8aknstxj,73251a56,1439.7999999523165
c7z6erey,73251a56,2949.3499999940395
qazkn1sw,73251a56,203.0
f0wpo2hr,73251a56,1459.5
plfupad7,73251a56,1254.7000000001863
ism64anu,73251a56,1892.75
0hrc9vve,73251a56,3382.699999809265
zvbewhqx,73251a56,1288.0
r24jdhzg,73251a56,1040.0
stbyxpx6,73251a56,1645.2000000178814
3cc6zm51,73251a56,429.2999999523163
ovhoesyy,73251a56,3242.0
ske58akk,73251a56,1898.4000000357628
r2ck84r8,73251a56,2221.199999809265
nze0azo1,73251a56,740.9000000953674
hpl7jugr,73251a56,3162.5
0ra11hiv,73251a56,2281.25
y32zaw9c,73251a56,535.0
q04yitea,73251a56,2122.0
qfsp3ery,73251a56,651.1999998092651
44o5xnxe,73251a56,2359.0
sn10zd6g,73251a56,1877.5
hsm45iwx,73251a56,695.4000000059605
4s3cm7d8,73251a56,457.0
e2w81k0i,73251a56,2788.100000023842
89u58v07,73251a56,2741.7999999988824
szbhlpfr,73251a56,594.8500000014901
phbjwkyw,73251a56,424.0
aqmjput5,73251a56,1500.0
l9krayds,73251a56,601.2000000476837
icf7bchs,73251a56,755.5
6e5gb0yb,73251a56,2824.5500000715256
dmft9d3y,73251a56,5450.700000047684
ikfbpugl,73251a56,983.0
d33m799j,73251a56,3258.399999976158
kmwiem6m,73251a56,1271.0
fkx2gd88,73251a56,3877.600000023842
27d8totr,73251a56,1058.2999999970198
91fk0af9,73251a56,2266.199999988079
qothvfhf,73251a56,552.4000000059605
cp3b83py,73251a56,979.9000000357628
xeu3j3ki,73251a56,1260.5
154uk6vm,73251a56,729.5999999940395
ym49wqbn,73251a56,1646.800000011921
emwp6wq7,73251a56,583.5999999046326
pad0sufd,73251a56,526.6999999992549
61zahdh9,73251a56,458.0
5hz183aa,73251a56,1940.0
o5qropwk,73251a56,486.0
ol9lky1i,73251a56,3374.0499999523163
5nrjvc7q,73251a56,3555.2000000029802
clucow7d,73251a56,2893.4500000178814
cghxa2ie,73251a56,1420.5999999977648
3d2as981,73251a56,1212.25
y8mzyzjc,73251a56,680.0
bmlngyh3,73251a56,410.09999990463257
byx9jkxm,73251a56,1729.0
74l1qvc1,73251a56,668.5999999996275
2anyuqd8,0a938d79,500.5
1r6yodve,0a938d79,14068.0
wz0zoo1d,0a938d79,1759.5
hkj9daz7,0a938d79,3217.9000000059605
zfeorjum,0a938d79,2172.5
w12e497z,0a938d79,3721.0499999970198
9ohxtpht,0a938d79,1017.0
fl73adm5,0a938d79,2006.0000001192093
4j6cy1mk,0a938d79,2202.2999999523163
oxvw1rhx,0a938d79,360.80000000074506
gckdkq1t,0a938d79,2341.5
8d21w3yr,0a938d79,836.5
wa9xd98o,0a938d79,3993.0
cfclud8z,0a938d79,3258.39999999851
z8b26ynw,0a938d79,2112.0
zelqv7az,0a938d79,2066.8000000715256
jx6lhkbi,0a938d79,2930.899999856949
1qt2f29y,0a938d79,1866.7039999999104
clhkwrie,0a938d79,2329.5999999940395
mpzcivx9,0a938d79,2249.350000000559
ya0wv6pm,0a938d79,456.0
9evwb372,0a938d79,2571.0
vbwguazj,0a938d79,2157.699999999255
7agy8y3l,0a938d79,2651.100000023842
om1m73rv,0a938d79,2452.900000035763
p445h6ow,0a938d79,2198.5
8jwr3j6t,0a938d79,2916.7999999523163
z3die4q3,0a938d79,3870.0
8yhijukj,0a938d79,2921.949999988079
50nsp39w,0a938d79,2608.899999976158
mhskzwic,0a938d79,2153.0
pz38obzd,0a938d79,2088.600000023842
xklnx39q,0a938d79,2924.0
nrfiw9bx,0a938d79,2463.7000000476837
onnumbyy,0a938d79,2342.0
m63pxnwq,0a938d79,2396.2999999523163
nldu5ge3,0a938d79,2634.7999999970198
nsu6cwh4,0a938d79,1518.0999999940395
t3l0if03,0a938d79,1799.5
nfbzvhip,0a938d79,2762.600000143051
4wx63ymf,0a938d79,2262.5999999996275
ler5uq42,0a938d79,808.4999999999709
bcyhma9y,0a938d79,645.5999999940395
pcrxo3zp,0a938d79,2654.5
f5ktzt2t,0a938d79,1544.8500000238419
kkeej6x5,0a938d79,2944.79999999702
2w766g1z,0a938d79,2974.7999999523163
mr7lkk46,0a938d79,1539.9499999284744
nqubyvew,0a938d79,2049.9000000059605
ldo5smvx,0a938d79,2442.0
qu0lm98m,0a938d79,3719.400000005961
jayyv6lz,0a938d79,2747.5
yfyhejim,0a938d79,1996.7999997138977
ei0ij8ms,0a938d79,2901.0
0yfthc4y,0a938d79,811.2000000029802
2tkm21z6,0a938d79,457.0
yc52i3qf,0a938d79,2039.1000000238419
cw4tyx7n,0a938d79,1553.199999988079
g7svteiz,0a938d79,3716.799999952316
c2lwacqc,0a938d79,2650.4500000029802
mzi8f2hv,0a938d79,1685.300000000745
189iqcds,0a938d79,3910.300000000745
fgxp8fzz,0a938d79,5552.799999952316
xgvto4mg,0a938d79,582.3000000007451
hd5k29qy,0a938d79,2422.0
72p6pxny,0a938d79,2452.850000023842
rhbgnqhz,0a938d79,1727.2999999523165
gkse9wdn,0a938d79,976.5
jqeesfz7,0a938d79,349.65000000037253
9pjr0waw,0a938d79,2327.89999999851
8psac9uo,0a938d79,1268.0
nx0vccp8,0a938d79,2624.2999999523163
kck1uue7,0a938d79,2767.0499999523163
l0nln4b2,0a938d79,4202.899999976158
aypxap78,0a938d79,218.0
ascil7wf,0a938d79,2443.9000000059605
8y2nd2sh,0a938d79,2486.199999988079
idma9086,0a938d79,2707.199999988079
r99uy0qb,0a938d79,5984.0
b73rrttr,0a938d79,416.5
7nszfy43,0a938d79,3563.5
yebzokh4,0a938d79,5159.0
kavvl57w,0a938d79,2679.3499999940395
8oohxrrz,0a938d79,1365.1499999761581
qfiy90jx,0a938d79,4402.700000047684
2d8q4qkc,0a938d79,2147.0
g3vslpjv,0a938d79,3587.8999999985094
c9sps7bl,0a938d79,2438.6500000059605
bx44xwzb,0a938d79,1304.7999999970198
s03ed531,0a938d79,683.0
2j8p9vyz,0a938d79,4341.0
6p8vl3lk,0a938d79,2817.0
wcau806y,0a938d79,4559.5
eyn3wygc,0a938d79,5448.79999999702
ni5df01j,0a938d79,2454.649999976158
ew4oecfi,0a938d79,2497.2000002861023
qv0yh587,0a938d79,653.0
t2eyvuxq,0a938d79,2356.7999999523163
1xogp17t,0a938d79,483.09999990463257
o4kkkuj9,0a938d79,2045.7000000001863
k8txaw58,0a938d79,2142.899999856949
mlvcv31l,0a938d79,2287.4499999955297
d1vjrjhc,0a938d79,3634.599999994039
a589fsqz,0a938d79,2088.8499999791384
cdo2cmtp,0a938d79,347.2000000011176
uktb326q,0a938d79,565.0
bw2cwy0m,0a938d79,577.6999999992549
kwy2bqjo,0a938d79,1966.5
4s9g1cze,0a938d79,1930.699999988079
3irnkhq8,0a938d79,2825.0999999940395
ljwskxcq,0a938d79,2188.3499999046326
v6jvgdvg,0a938d79,3821.1500000953674
l5sagbsh,0a938d79,351.0
zj5uemkt,0a938d79,4193.799999952316
41kp06jx,0a938d79,1129.8500000005588
a0w1xgxf,0a938d79,468.0
a6jpzpek,0a938d79,2481.0
f1ejz9fy,0a938d79,1995.300000011921
vpxztp7b,0a938d79,1559.0
a9gvtd1o,0a938d79,2802.1500005722046
e0biso3r,0a938d79,3697.9000000953674
jeq3oy2g,0a938d79,1984.0
mrypomny,0a938d79,410.0
rjanlii9,0a938d79,1898.3999999761581
c7ac53of,0a938d79,5383.25
tc5wgx8h,0a938d79,3208.3999999910593
648anokh,0a938d79,2349.7999999523163
4stfwpke,0a938d79,2472.0
nhds6zsd,0a938d79,599.0
vr20hyge,0a938d79,2380.0
03ljcqhc,0a938d79,2889.6000000089407
ce9qdbyh,0a938d79,1429.6999999284744
j2dvablb,0a938d79,2722.199999999255
904h81sn,0a938d79,2843.100000023842
sesf1qnx,0a938d79,2585.95000000298
xasfvnb7,0a938d79,335.80000019073486
bmlngyh3,0a938d79,1477.4000000953674
3d2as981,0a938d79,5502.100000023842
cghxa2ie,0a938d79,3679.4500000011176
clucow7d,0a938d79,2450.5
74l1qvc1,0a938d79,15709.099999997765
byx9jkxm,0a938d79,1939.0
j2pjmr32,0a938d79,757.5
pad0sufd,0a938d79,2654.39999999851
emwp6wq7,0a938d79,2479.600000023842
npr5bsi2,0a938d79,2937.149999976158
154uk6vm,0a938d79,418.90000000596046
ym49wqbn,0a938d79,3421.649999976158
5nrjvc7q,0a938d79,4281.6500000059605
ol9lky1i,0a938d79,2672.7000000476837
o5qropwk,0a938d79,1598.0
5hz183aa,0a938d79,1480.0
61zahdh9,0a938d79,809.9499999880791
kmwiem6m,0a938d79,1657.550000011921
ikfbpugl,0a938d79,1481.0999999642372
cp3b83py,0a938d79,2369.5999999940395
qothvfhf,0a938d79,505.699999988079
fkx2gd88,0a938d79,3458.699999988079
27d8totr,0a938d79,3667.5
icf7bchs,0a938d79,2482.0
nvlsix5c,0a938d79,3827.5
f5ohsl5h,0a938d79,2277.75
aqmjput5,0a938d79,14877.0
l9krayds,0a938d79,1737.8999999165535
dmft9d3y,0a938d79,1301.899999976158
pgtp756s,0a938d79,476.59999999403954
6e5gb0yb,0a938d79,1653.7000000476837
e2w81k0i,0a938d79,2142.899999976158
4s3cm7d8,0a938d79,563.5
hsm45iwx,0a938d79,1255.9500000029802
sn10zd6g,0a938d79,4406.5
phbjwkyw,0a938d79,1692.8500000238419
szbhlpfr,0a938d79,3960.5
89u58v07,0a938d79,3726.25
y32zaw9c,0a938d79,407.0
cuybsfwr,0a938d79,1942.9000000022352
0ra11hiv,0a938d79,2956.6000003814697
qkiu92kk,0a938d79,1975.5
44o5xnxe,0a938d79,2213.5
qfsp3ery,0a938d79,1149.0999999046326
q04yitea,0a938d79,3244.6999999284744
02333qfj,0a938d79,2918.399999976158
ovhoesyy,0a938d79,2423.5
ske58akk,0a938d79,1958.800000011921
3cc6zm51,0a938d79,487.5
r24jdhzg,0a938d79,1031.3999999985099
hpl7jugr,0a938d79,3007.0
r2ck84r8,0a938d79,450.09999990463257
nze0azo1,0a938d79,1998.3000000715256
f0wpo2hr,0a938d79,1036.0
qazkn1sw,0a938d79,283.0
8aknstxj,0a938d79,4734.300000071526
c7z6erey,0a938d79,1986.800000011921
zvbewhqx,0a938d79,2066.900000095367
0hrc9vve,0a938d79,1286.8000001907349
ism64anu,0a938d79,5136.599999904633
n2et79bd,0a938d79,2913.800000000745
plfupad7,0a938d79,2700.0999999996275
8d21w3yr,c0f76784,350.0
318gokyy,c0f76784,2224.300000190735
oxvw1rhx,c0f76784,1609.0999999996277
4j6cy1mk,c0f76784,263.4499999284744
fl73adm5,c0f76784,2115.5999999046326
1r6yodve,c0f76784,664.5
k0qq522n,c0f76784,299.94999999925494
9ohxtpht,c0f76784,1895.89999999851
w12e497z,c0f76784,4600.20000000298
zfeorjum,c0f76784,1966.0
hkj9daz7,c0f76784,2362.0
sp00glmz,c0f76784,257.45000000298023
mpzcivx9,c0f76784,1870.4000000003723
clhkwrie,c0f76784,294.8999999985099
1qt2f29y,c0f76784,350.00700000021607
23iyreiv,c0f76784,2136.4000005722046
9evwb372,c0f76784,997.0
ya0wv6pm,c0f76784,316.5
zelqv7az,c0f76784,2185.100000023842
z8b26ynw,c0f76784,1808.0
cfclud8z,c0f76784,1525.7999999988824
jx6lhkbi,c0f76784,2168.900000095367
xklnx39q,c0f76784,1178.5
pz38obzd,c0f76784,360.89999997615814
nrfiw9bx,c0f76784,2824.3999996185303
om1m73rv,c0f76784,2195.7000000476837
o1t1fb7j,c0f76784,873.8999999910593
7agy8y3l,c0f76784,444.44999998807907
vbwguazj,c0f76784,4362.60000000149
mhskzwic,c0f76784,1601.0
8yhijukj,c0f76784,456.84999999403954
50nsp39w,c0f76784,1605.25
z3die4q3,c0f76784,2581.0
8jwr3j6t,c0f76784,239.75
kkeej6x5,c0f76784,260.05000000074506
f5ktzt2t,c0f76784,1649.8500000238419
pcrxo3zp,c0f76784,2193.5
bcyhma9y,c0f76784,466.09999999403954
5vv1rrzw,c0f76784,677.0999999046326
mr7lkk46,c0f76784,4040.3000000715256
2w766g1z,c0f76784,1690.0999999642372
m63pxnwq,c0f76784,1578.0
onnumbyy,c0f76784,826.5
ler5uq42,c0f76784,891.0
nfbzvhip,c0f76784,413.2999999523163
t3l0if03,c0f76784,1842.0
nldu5ge3,c0f76784,1660.4000000059605
9wkeb5tu,c0f76784,1617.0
yfyhejim,c0f76784,2698.199999809265
2tkm21z6,c0f76784,395.0
0yfthc4y,c0f76784,1384.1499999910593
ei0ij8ms,c0f76784,1892.0
ldo5smvx,c0f76784,2881.0
qu0lm98m,c0f76784,2455.0999999940395
jayyv6lz,c0f76784,550.0
fgxp8fzz,c0f76784,2130.5499999523163
189iqcds,c0f76784,366.4500000011176
mzi8f2hv,c0f76784,1242.6499999994412
rhbgnqhz,c0f76784,1191.5999999940395
72p6pxny,c0f76784,1762.0
hd5k29qy,c0f76784,2852.70000000298
c2lwacqc,c0f76784,2231.399999976158
g7svteiz,c0f76784,1375.450000047684
cw4tyx7n,c0f76784,1095.1499999910593
ascil7wf,c0f76784,1619.6000000014901
aypxap78,c0f76784,1616.5
l0nln4b2,c0f76784,367.25
8y2nd2sh,c0f76784,2567.0
jqeesfz7,c0f76784,289.70000000018626
kck1uue7,c0f76784,5458.900000095367
8psac9uo,c0f76784,654.5
nx0vccp8,c0f76784,610.1499999761581
9pjr0waw,c0f76784,487.0499999988824
x5id5i5q,c0f76784,596.5
qfiy90jx,c0f76784,501.0
8oohxrrz,c0f76784,1623.899999976158
o2ho0580,c0f76784,433.0
bx44xwzb,c0f76784,586.2500000037253
c9sps7bl,c0f76784,3155.899999976158
g3vslpjv,c0f76784,2749.5
2d8q4qkc,c0f76784,1712.0
0fy66fv2,c0f76784,292.80000000074506
b73rrttr,c0f76784,388.0
idma9086,c0f76784,1747.3500000238419
kavvl57w,c0f76784,2700.9000000059605
yebzokh4,c0f76784,624.1000000014901
t2eyvuxq,c0f76784,1656.4000000953674
qv0yh587,c0f76784,554.0
a589fsqz,c0f76784,1369.699999988079
d1vjrjhc,c0f76784,1936.79999999702
k8txaw58,c0f76784,387.85000002384186
o4kkkuj9,c0f76784,314.5
mlvcv31l,c0f76784,2349.5
wcau806y,c0f76784,560.0
2j8p9vyz,c0f76784,1911.5
s03ed531,c0f76784,683.0
mrwlcmno,c0f76784,397.0
ew4oecfi,c0f76784,2002.6999998092651
eyn3wygc,c0f76784,377.80000001192093
ni5df01j,c0f76784,1950.5
ljwskxcq,c0f76784,1186.6999998092651
l5sagbsh,c0f76784,1582.0
v6jvgdvg,c0f76784,547.0
4s9g1cze,c0f76784,1247.699999988079
3irnkhq8,c0f76784,1909.0499999970198
zj5uemkt,c0f76784,612.4499999880791
cdo2cmtp,c0f76784,291.29999999981374
kwy2bqjo,c0f76784,2348.2000000476837
bw2cwy0m,c0f76784,489.8999999994412
uktb326q,c0f76784,1223.5
tc5wgx8h,c0f76784,1726.0999999940395
c7ac53of,c0f76784,2630.099999904633
rjanlii9,c0f76784,2497.099999904633
mrypomny,c0f76784,356.5
jeq3oy2g,c0f76784,2162.5
648anokh,c0f76784,337.44999998807907
a6jpzpek,c0f76784,2166.35000000149
6eyovdd2,c0f76784,1497.25
lmtka1ev,c0f76784,1499.0
a0w1xgxf,c0f76784,390.5
41kp06jx,c0f76784,1396.4000000003723
e0biso3r,c0f76784,2680.0
a9gvtd1o,c0f76784,3058.8999996185303
vpxztp7b,c0f76784,1464.0
f1ejz9fy,c0f76784,1651.399999976158
so5k1adg,c0f76784,241.59999999962747
904h81sn,c0f76784,1163.7500000149012
j2dvablb,c0f76784,1719.0999999996275
ce9qdbyh,c0f76784,747.0999999642373
xasfvnb7,c0f76784,2258.2999997138977
sesf1qnx,c0f76784,2802.79999999702
vr20hyge,c0f76784,692.0
nhds6zsd,c0f76784,385.0
ym49wqbn,c0f76784,1540.199999988079
154uk6vm,c0f76784,2338.5
npr5bsi2,c0f76784,268.2999999523163
emwp6wq7,c0f76784,2734.7999999523163
pad0sufd,c0f76784,1547.9000000003723
61zahdh9,c0f76784,1675.4500000178814
o5qropwk,c0f76784,326.0
5nrjvc7q,c0f76784,335.19999998807907
clucow7d,c0f76784,2136.4000000059605
cghxa2ie,c0f76784,2337.199999999255
3d2as981,c0f76784,3053.5
bmlngyh3,c0f76784,1737.7999999523165
j2pjmr32,c0f76784,884.0
byx9jkxm,c0f76784,1608.0
74l1qvc1,c0f76784,571.8000000007451
l9krayds,c0f76784,683.5499999523163
aqmjput5,c0f76784,2049.0
f5ohsl5h,c0f76784,2183.099999904633
icf7bchs,c0f76784,411.0
pgtp756s,c0f76784,323.80000001192093
6e5gb0yb,c0f76784,1553.3999998569489
dmft9d3y,c0f76784,719.1000000238419
ikfbpugl,c0f76784,1353.100000023842
d33m799j,c0f76784,562.5499999523163
kmwiem6m,c0f76784,1159.600000023842
fkx2gd88,c0f76784,3230.899999976158
27d8totr,c0f76784,633.7999999970198
qothvfhf,c0f76784,428.449999988079
91fk0af9,c0f76784,306.69999998807907
cp3b83py,c0f76784,1598.7999999523165
0ra11hiv,c0f76784,2411.75
cuybsfwr,c0f76784,1029.0000000037253
y32zaw9c,c0f76784,451.0
02333qfj,c0f76784,2419.0
q04yitea,c0f76784,2153.5
qfsp3ery,c0f76784,540.75
ihnjt6k4,c0f76784,412.0
44o5xnxe,c0f76784,1554.0
qkiu92kk,c0f76784,830.3500000089407
sn10zd6g,c0f76784,2655.900000095367
hsm45iwx,c0f76784,2504.5999999940395
4s3cm7d8,c0f76784,2136.0
e2w81k0i,c0f76784,2331.1999999284744
89u58v07,c0f76784,432.0
szbhlpfr,c0f76784,1025.1000000014901
phbjwkyw,c0f76784,1334.0
c7z6erey,c0f76784,1633.7999999523165
8aknstxj,c0f76784,401.94999998807907
qazkn1sw,c0f76784,504.0
f0wpo2hr,c0f76784,1155.5
plfupad7,c0f76784,1036.9000000003723
ism64anu,c0f76784,1818.600000023842
0hrc9vve,c0f76784,589.9500002861023
zvbewhqx,c0f76784,2000.8000000715256
r24jdhzg,c0f76784,376.09999999962747
3cc6zm51,c0f76784,434.05000001192093
ovhoesyy,c0f76784,755.5
ske58akk,c0f76784,2095.300000011921
r2ck84r8,c0f76784,439.8000000715256
nze0azo1,c0f76784,1791.399999976158
hpl7jugr,c0f76784,1530.0
y32zaw9c,42a15761,2339.0
0ra11hiv,42a15761,7981.60000038147
44o5xnxe,42a15761,1395.0
02333qfj,42a15761,7264.75
q04yitea,42a15761,2110.2500000596046
hsm45iwx,42a15761,4280.45000000298
e2w81k0i,42a15761,1744.0
4s3cm7d8,42a15761,2173.5
sn10zd6g,42a15761,929.4000000953674
szbhlpfr,42a15761,204.0
phbjwkyw,42a15761,1475.0
89u58v07,42a15761,3272.0
qazkn1sw,42a15761,84.0
f0wpo2hr,42a15761,2763.0
c7z6erey,42a15761,3050.300000011921
0hrc9vve,42a15761,1089.4000005722046
plfupad7,42a15761,3083.5500000002794
ism64anu,42a15761,1211.100000023842
ovhoesyy,42a15761,3348.5
ske58akk,42a15761,2389.3499999940395
r24jdhzg,42a15761,4456.0
hpl7jugr,42a15761,1385.0
r2ck84r8,42a15761,644.7000000476837
nze0azo1,42a15761,2010.399999976158
emwp6wq7,42a15761,2951.550000011921
pad0sufd,42a15761,1583.5999999996275
xeu3j3ki,42a15761,2941.0
npr5bsi2,42a15761,779.2000000476837
ym49wqbn,42a15761,2881.899999976158
5nrjvc7q,42a15761,987.3000000119208
61zahdh9,42a15761,3348.1500000059605
5hz183aa,42a15761,1140.0
bmlngyh3,42a15761,2529.7000000476837
clucow7d,42a15761,1159.2999999970198
3d2as981,42a15761,2106.899999976158
cghxa2ie,42a15761,2578.699999999255
byx9jkxm,42a15761,1575.0
j2pjmr32,42a15761,2686.5
l9krayds,42a15761,1894.5
aqmjput5,42a15761,2305.5
bdfn1h0o,42a15761,2860.4500000476837
dmft9d3y,42a15761,2828.75
6e5gb0yb,42a15761,1447.7999999523163
kmwiem6m,42a15761,1333.7999999523165
ikfbpugl,42a15761,1704.1500000059605
d33m799j,42a15761,730.0
cp3b83py,42a15761,1924.0499999821186
fkx2gd88,42a15761,2571.850000023842
qothvfhf,42a15761,1047.3499999940395
rjanlii9,42a15761,777.0
c7ac53of,42a15761,2892.800000190735
jeq3oy2g,42a15761,2413.0
mrypomny,42a15761,2816.0
8bgj1tsd,42a15761,5114.100000023842
tc5wgx8h,42a15761,4088.4000000208616
648anokh,42a15761,1775.1999999284744
qqqzakmg,42a15761,807.7000000476837
zc26r1al,42a15761,2028.1999999284749
lmtka1ev,42a15761,1771.0
a0w1xgxf,42a15761,3151.0
41kp06jx,42a15761,930.7000000011176
a6jpzpek,42a15761,2062.300000000745
6eyovdd2,42a15761,1243.0
vpxztp7b,42a15761,712.0
f1ejz9fy,42a15761,2074.5
a9gvtd1o,42a15761,1605.5
e0biso3r,42a15761,1823.9500000476837
ce9qdbyh,42a15761,498.39999997615814
904h81sn,42a15761,1834.25
so5k1adg,42a15761,653.9000000003725
j2dvablb,42a15761,1035.9000000003723
nhds6zsd,42a15761,3100.0
vr20hyge,42a15761,3447.0
t2eyvuxq,42a15761,4265.599999904633
qv0yh587,42a15761,654.0
d1vjrjhc,42a15761,1749.0999999940395
k8txaw58,42a15761,867.4500000476837
o4kkkuj9,42a15761,2336.5999999996275
mlvcv31l,42a15761,4047.9500000029802
a589fsqz,42a15761,2824.1499999910593
2j8p9vyz,42a15761,2374.5
s03ed531,42a15761,1858.0
wcau806y,42a15761,1032.0
eyn3wygc,42a15761,2099.5999999940395
ni5df01j,42a15761,888.6999999284744
mrwlcmno,42a15761,2545.0
ew4oecfi,42a15761,2158.2999999523163
ljwskxcq,42a15761,2059.25
l5sagbsh,42a15761,1350.5
cdo2cmtp,42a15761,1485.4500000001863
uktb326q,42a15761,2579.5
kwy2bqjo,42a15761,1636.0
bw2cwy0m,42a15761,895.9500000001863
aypxap78,42a15761,1978.0499999821186
l0nln4b2,42a15761,1040.1500000357628
ascil7wf,42a15761,1991.1000000014901
8y2nd2sh,42a15761,1587.699999988079
jqeesfz7,42a15761,1655.9000000022352
kck1uue7,42a15761,2620.600000023842
8psac9uo,42a15761,2044.25
nx0vccp8,42a15761,5026.350000023842
qfiy90jx,42a15761,2998.400000095367
8oohxrrz,42a15761,4303.949999988079
g3vslpjv,42a15761,4184.45000000298
2d8q4qkc,42a15761,1179.0
o2ho0580,42a15761,1191.2000007629397
bx44xwzb,42a15761,1842.4500000029802
c9sps7bl,42a15761,1732.5999999940395
idma9086,42a15761,5467.700000047684
r99uy0qb,42a15761,2972.0
b73rrttr,42a15761,2223.699999999255
yebzokh4,42a15761,2911.8000000044703
yfyhejim,42a15761,1666.0999999046326
0yfthc4y,42a15761,2916.199999988079
ei0ij8ms,42a15761,1496.5
2tkm21z6,42a15761,3748.0
qu0lm98m,42a15761,1920.5500000044703
jayyv6lz,42a15761,5844.0
mzi8f2hv,42a15761,1839.7999999988824
xgvto4mg,42a15761,1874.8999999985099
fgxp8fzz,42a15761,1672.3000000715256
72p6pxny,42a15761,728.8500000238419
hd5k29qy,42a15761,2641.7000000029802
g7svteiz,42a15761,1561.5999999046328
cw4tyx7n,42a15761,1681.1500000059605
xklnx39q,42a15761,2529.0
pz38obzd,42a15761,2449.5
nrfiw9bx,42a15761,2519.7999999523163
om1m73rv,42a15761,1561.0999999642372
vbwguazj,42a15761,1748.5
7agy8y3l,42a15761,1848.3000000119207
p445h6ow,42a15761,2687.5
8jwr3j6t,42a15761,1419.7999999523163
z3die4q3,42a15761,1446.0
mhskzwic,42a15761,1368.5
8yhijukj,42a15761,2505.800000011921
50nsp39w,42a15761,2139.399999856949
bcyhma9y,42a15761,1514.7000000178814
pcrxo3zp,42a15761,2375.5000002384186
kkeej6x5,42a15761,1856.3000000044703
f5ktzt2t,42a15761,1173.8999999761581
2w766g1z,42a15761,625.2000000476837
nqubyvew,42a15761,1573.2500000149012
onnumbyy,42a15761,831.5
m63pxnwq,42a15761,2855.75
nldu5ge3,42a15761,1536.2000000029802
t3l0if03,42a15761,3923.449999988079
ler5uq42,42a15761,1433.999999999069
nfbzvhip,42a15761,2554.0
4wx63ymf,42a15761,2113.2999999998137
4j6cy1mk,42a15761,669.8500000238419
oxvw1rhx,42a15761,2367.5499999998137
8d21w3yr,42a15761,5968.5
2anyuqd8,42a15761,3362.4999999995343
1r6yodve,42a15761,640.0
zfeorjum,42a15761,2164.5
hkj9daz7,42a15761,2556.8999999947846
w12e497z,42a15761,1300.5
9ohxtpht,42a15761,2032.4000000022347
mpzcivx9,42a15761,2498.0999999996275
clhkwrie,42a15761,703.1499999985099
1qt2f29y,42a15761,2650.05299999984
sp00glmz,42a15761,3844.0
23iyreiv,42a15761,1230.25
ya0wv6pm,42a15761,3438.0
9evwb372,42a15761,1266.5
cfclud8z,42a15761,2727.75
z8b26ynw,42a15761,1753.5
zelqv7az,42a15761,926.100000023842
8oohxrrz,82819916,708.0999999642372
qfiy90jx,82819916,924.7999999523163
2d8q4qkc,82819916,858.5
g3vslpjv,82819916,1073.2000000029802
c9sps7bl,82819916,1491.699999988079
bx44xwzb,82819916,941.5999999977648
o2ho0580,82819916,599.6999998092651
4kl3i3tv,82819916,1832.1500000059605
idma9086,82819916,797.5
r99uy0qb,82819916,3344.5
b73rrttr,82819916,2001.300000000745
yebzokh4,82819916,896.0
kavvl57w,82819916,1286.0999999940395
l0nln4b2,82819916,852.5999999940395
aypxap78,82819916,692.4000000059605
ascil7wf,82819916,1021.3499999940395
8y2nd2sh,82819916,1441.100000023842
xji13cu2,82819916,1559.9500000178814
jqeesfz7,82819916,1098.5999999996275
9pjr0waw,82819916,772.1999999992549
8psac9uo,82819916,1080.6000001430511
kck1uue7,82819916,2659.899999976158
mzi8f2hv,82819916,577.4500000001863
189iqcds,82819916,1474.550000000745
fgxp8fzz,82819916,927.7000000476837
xgvto4mg,82819916,773.9000000003725
hd5k29qy,82819916,884.5999999940395
72p6pxny,82819916,688.3000001907349
rhbgnqhz,82819916,882.9500000178814
cw4tyx7n,82819916,508.699999988079
g7svteiz,82819916,922.3999999761581
c2lwacqc,82819916,967.4499999880791
yfyhejim,82819916,482.40000009536743
ei0ij8ms,82819916,778.5
0yfthc4y,82819916,1041.9500000029802
2tkm21z6,82819916,720.5
ldo5smvx,82819916,1318.5
jayyv6lz,82819916,696.5
qu0lm98m,82819916,839.4499999955297
f5ktzt2t,82819916,795.0
kkeej6x5,82819916,1112.39999999851
2w766g1z,82819916,551.5
mr7lkk46,82819916,1186.0999999642372
onnumbyy,82819916,2315.0
m63pxnwq,82819916,760.75
nldu5ge3,82819916,720.3500000014901
t3l0if03,82819916,734.0999999940395
4wx63ymf,82819916,649.8499999996275
nfbzvhip,82819916,865.1499998569489
ler5uq42,82819916,1126.5
pz38obzd,82819916,631.9499999880791
xklnx39q,82819916,796.3500000238419
nrfiw9bx,82819916,862.8000001907349
7agy8y3l,82819916,736.5500000119209
o1t1fb7j,82819916,1463.2000000029802
om1m73rv,82819916,703.6000000238419
8jwr3j6t,82819916,596.3500000238419
p445h6ow,82819916,1082.5
z3die4q3,82819916,872.5
50nsp39w,82819916,1041.8999998569489
8yhijukj,82819916,955.4499999880792
mhskzwic,82819916,858.0
clhkwrie,82819916,675.6499999985099
1qt2f29y,82819916,833.3499999996275
mpzcivx9,82819916,582.9000000003725
sp00glmz,82819916,1182.949999999255
ya0wv6pm,82819916,609.0
9evwb372,82819916,2151.0
23iyreiv,82819916,1145.6499996185305
cfclud8z,82819916,1057.0
z8b26ynw,82819916,643.5
zelqv7az,82819916,635.5499999523163
jx6lhkbi,82819916,1222.9499999284744
4j6cy1mk,82819916,733.5
fl73adm5,82819916,997.2499998807907
oxvw1rhx,82819916,1874.1500000003725
8d21w3yr,82819916,795.0
0wk7vjg8,82819916,875.0
k0qq522n,82819916,432.2000000011176
1r6yodve,82819916,759.0
zfeorjum,82819916,919.0
hkj9daz7,82819916,1263.0
w12e497z,82819916,2076.4500000029802
9ohxtpht,82819916,679.6499999947846
f0wpo2hr,82819916,791.5
qazkn1sw,82819916,749.0
c7z6erey,82819916,598.0500000119209
0hrc9vve,82819916,1671.0999994277954
n2et79bd,82819916,420.5
ism64anu,82819916,1014.8500000238419
plfupad7,82819916,1294.1500000001397
ske58akk,82819916,2068.599999964237
ovhoesyy,82819916,862.0
3cc6zm51,82819916,679.1000000238419
stbyxpx6,82819916,671.0999999940395
r24jdhzg,82819916,936.4499999992549
hpl7jugr,82819916,1104.5
nze0azo1,82819916,739.6000000238419
r2ck84r8,82819916,905.9000000953674
y32zaw9c,82819916,730.5
cuybsfwr,82819916,1873.7999999970198
44o5xnxe,82819916,536.0
ihnjt6k4,82819916,880.5
q04yitea,82819916,794.6000000238419
02333qfj,82819916,619.9500000476837
e2w81k0i,82819916,720.0
hsm45iwx,82819916,1015.8000000119209
sn10zd6g,82819916,1032.0499999523163
phbjwkyw,82819916,643.1000000238419
szbhlpfr,82819916,715.9000000059605
89u58v07,82819916,1984.0
icf7bchs,82819916,1406.0
bhpug29p,82819916,872.2500000001164
l9krayds,82819916,2700.449999988079
aqmjput5,82819916,688.0
dmft9d3y,82819916,769.1999999284744
6e5gb0yb,82819916,657.9000000953674
kmwiem6m,82819916,497.3499999642372
d33m799j,82819916,1996.600000023842
ikfbpugl,82819916,1446.899999976158
cp3b83py,82819916,726.1500000059605
qothvfhf,82819916,798.9999999701977
27d8totr,82819916,1539.8999999985099
fkx2gd88,82819916,1368.0
pad0sufd,82819916,602.7999999998137
emwp6wq7,82819916,612.7500000596046
npr5bsi2,82819916,738.6000000238419
ym49wqbn,82819916,1764.5999999642372
154uk6vm,82819916,2902.0
xeu3j3ki,82819916,928.0
5nrjvc7q,82819916,770.1499999910593
ol9lky1i,82819916,673.1000001430511
o5qropwk,82819916,2023.0
61zahdh9,82819916,638.1500000059605
bmlngyh3,82819916,627.8000000715256
y8mzyzjc,82819916,654.0999999046326
cghxa2ie,82819916,1144.7999999970198
clucow7d,82819916,425.09999999403954
74l1qvc1,82819916,1109.2999999998137
byx9jkxm,82819916,1945.0
j2pjmr32,82819916,1546.5
j2dvablb,82819916,810.2000000011176
904h81sn,82819916,684.4999999850988
sesf1qnx,82819916,1095.9500000029802
nhds6zsd,82819916,849.5
vr20hyge,82819916,923.0
jeq3oy2g,82819916,2510.5
mrypomny,82819916,1068.0
rjanlii9,82819916,2456.2999999523163
c7ac53of,82819916,4607.89999961853
tc5wgx8h,82819916,2016.5999999940395
648anokh,82819916,665.25
a0w1xgxf,82819916,1000.5
lmtka1ev,82819916,721.0
a6jpzpek,82819916,2673.9000000003725
6eyovdd2,82819916,575.9000000953674
f1ejz9fy,82819916,810.4499999880791
a9gvtd1o,82819916,848.3500003814697
e0biso3r,82819916,1198.8999996185305
3irnkhq8,82819916,1934.5
4s9g1cze,82819916,493.89999997615814
l5sagbsh,82819916,603.5
v6jvgdvg,82819916,1184.5499999523163
ljwskxcq,82819916,764.9500000476837
zj5uemkt,82819916,1374.6500000357628
cdo2cmtp,82819916,568.6000000005588
uktb326q,82819916,1126.0
bw2cwy0m,82819916,648.25
kwy2bqjo,82819916,753.3999999761581
qv0yh587,82819916,1571.0
t2eyvuxq,82819916,789.6499999761581
mlvcv31l,82819916,603.5500000044703
o4kkkuj9,82819916,726.0
k8txaw58,82819916,790.8999998569489
d1vjrjhc,82819916,3125.8499999940395
s03ed531,82819916,1657.9999999995343
2j8p9vyz,82819916,1222.0
wcau806y,82819916,986.0
ni5df01j,82819916,683.0
eyn3wygc,82819916,1149.4000000059605
ew4oecfi,82819916,883.6000003814697
08vqizpx,82819916,1600.0
mrwlcmno,82819916,747.5
2tkm21z6,e8593010,602.5
0yfthc4y,e8593010,495.89999997615814
ei0ij8ms,e8593010,856.5
yfyhejim,e8593010,484.30000019073486
jayyv6lz,e8593010,949.0
qu0lm98m,e8593010,790.3000000119209
rhbgnqhz,e8593010,643.0500000119209
72p6pxny,e8593010,658.2999999523163
189iqcds,e8593010,2088.199999999255
mzi8f2hv,e8593010,582.6999999992549
c2lwacqc,e8593010,551.6000000089407
g7svteiz,e8593010,710.8500000238419
cw4tyx7n,e8593010,994.0499999970198
yc52i3qf,e8593010,701.9500000178814
8y2nd2sh,e8593010,1255.6500000059605
qif0sa3r,e8593010,521.5
ascil7wf,e8593010,952.1999999880792
aypxap78,e8593010,421.44999998807907
l0nln4b2,e8593010,716.2000000178814
kck1uue7,e8593010,1638.1000001430511
nx0vccp8,e8593010,1175.4000000357628
8psac9uo,e8593010,819.3999999761581
9pjr0waw,e8593010,620.6500000003725
jqeesfz7,e8593010,405.6499999985099
xji13cu2,e8593010,789.1500000059605
bx44xwzb,e8593010,848.25
o2ho0580,e8593010,2600.0999994277954
c9sps7bl,e8593010,1249.0
g3vslpjv,e8593010,925.3499999977648
2d8q4qkc,e8593010,776.0
x5id5i5q,e8593010,848.0
qfiy90jx,e8593010,674.4500000476837
8oohxrrz,e8593010,926.7000000476836
kavvl57w,e8593010,918.5999999791384
yebzokh4,e8593010,640.0
b73rrttr,e8593010,488.5
r99uy0qb,e8593010,620.5
4kl3i3tv,e8593010,909.4000000059604
idma9086,e8593010,659.8999999761581
8d21w3yr,e8593010,775.0
gckdkq1t,e8593010,1972.9000000059605
318gokyy,e8593010,615.5999999046326
oxvw1rhx,e8593010,453.29999999981374
4j6cy1mk,e8593010,368.5
9ohxtpht,e8593010,631.9499999992549
w12e497z,e8593010,2477.1999999955297
hkj9daz7,e8593010,888.1500000022352
1r6yodve,e8593010,732.5
2anyuqd8,e8593010,909.5
k0qq522n,e8593010,703.9500000001863
0wk7vjg8,e8593010,2263.0
2ke9hbes,e8593010,712.5
9evwb372,e8593010,866.0
ya0wv6pm,e8593010,956.0
sp00glmz,e8593010,400.69999999925494
mpzcivx9,e8593010,544.9500000001863
1qt2f29y,e8593010,566.6779999993742
clhkwrie,e8593010,591.3500000014901
jx6lhkbi,e8593010,939.75
zelqv7az,e8593010,731.2500000596046
z8b26ynw,e8593010,700.0
cfclud8z,e8593010,962.8499999996275
nrfiw9bx,e8593010,959.5
xklnx39q,e8593010,1150.7999999523165
pz38obzd,e8593010,580.8000000119209
mhskzwic,e8593010,498.0
50nsp39w,e8593010,360.0499999523163
8yhijukj,e8593010,942.3000000119208
z3die4q3,e8593010,807.0
8jwr3j6t,e8593010,436.4500000476837
om1m73rv,e8593010,497.85000002384186
7agy8y3l,e8593010,507.1500000357628
nqubyvew,e8593010,180.5999999940395
mr7lkk46,e8593010,1062.7499999403954
2w766g1z,e8593010,439.59999990463257
kkeej6x5,e8593010,766.9000000059605
f5ktzt2t,e8593010,814.9000000953674
pcrxo3zp,e8593010,582.2000000476837
ler5uq42,e8593010,816.5
4wx63ymf,e8593010,701.0
nfbzvhip,e8593010,535.5500001907349
t3l0if03,e8593010,726.0999999642372
nldu5ge3,e8593010,696.4000000059605
nsu6cwh4,e8593010,725.3500000238419
onnumbyy,e8593010,841.0
61zahdh9,e8593010,439.800000011921
5hz183aa,e8593010,1636.0
o5qropwk,e8593010,478.0
5nrjvc7q,e8593010,660.8499999940395
ym49wqbn,e8593010,704.0
npr5bsi2,e8593010,526.8499999046326
emwp6wq7,e8593010,524.1999999880791
pad0sufd,e8593010,618.0999999996275
byx9jkxm,e8593010,1224.0
clucow7d,e8593010,1359.75
cghxa2ie,e8593010,1010.5999999977648
3d2as981,e8593010,1129.100000023842
bmlngyh3,e8593010,815.5
6e5gb0yb,e8593010,447.10000014305115
dmft9d3y,e8593010,924.649999976158
aqmjput5,e8593010,899.5
l9krayds,e8593010,734.0
icf7bchs,e8593010,728.0
27d8totr,e8593010,883.0
fkx2gd88,e8593010,1318.0999999642372
qothvfhf,e8593010,603.75
cp3b83py,e8593010,749.4000000059605
ikfbpugl,e8593010,465.0
d33m799j,e8593010,365.10000002384186
kmwiem6m,e8593010,542.2999999523163
5pds9j1d,e8593010,428.19999999925494
02333qfj,e8593010,468.1999999284744
q04yitea,e8593010,616.1000000238419
qfsp3ery,e8593010,600.0
44o5xnxe,e8593010,420.0
qkiu92kk,e8593010,556.4999999850988
0ra11hiv,e8593010,745.1999998092651
cuybsfwr,e8593010,561.6500000022352
y32zaw9c,e8593010,674.5
095bdwyc,e8593010,567.9999999962747
89u58v07,e8593010,596.75
szbhlpfr,e8593010,440.20000000298023
phbjwkyw,e8593010,398.0
sn10zd6g,e8593010,1567.8999998569489
hsm45iwx,e8593010,535.9999999850988
4s3cm7d8,e8593010,532.5
e2w81k0i,e8593010,807.8499999642372
plfupad7,e8593010,968.4499999992548
n2et79bd,e8593010,439.9500000011176
ism64anu,e8593010,1329.2000000476835
0hrc9vve,e8593010,425.65000009536743
zvbewhqx,e8593010,388.5499999523163
8aknstxj,e8593010,577.5
c7z6erey,e8593010,502.15000000596046
qazkn1sw,e8593010,634.0
f0wpo2hr,e8593010,549.5
nze0azo1,e8593010,564.9499999880791
r2ck84r8,e8593010,811.8999999761581
r24jdhzg,e8593010,728.0999999996275
3cc6zm51,e8593010,471.30000001192093
ske58akk,e8593010,741.9500000178814
ovhoesyy,e8593010,625.5
a589fsqz,e8593010,431.79999999701977
d1vjrjhc,e8593010,463.7500000074506
mlvcv31l,e8593010,575.8500000014901
k8txaw58,e8593010,527.7000000476837
o4kkkuj9,e8593010,502.6499999985099
qv0yh587,e8593010,439.0
mrwlcmno,e8593010,548.0
ew4oecfi,e8593010,895.5
ni5df01j,e8593010,471.75
eyn3wygc,e8593010,481.5499999821186
2j8p9vyz,e8593010,950.0
s03ed531,e8593010,649.0000000002328
zj5uemkt,e8593010,971.4000000357628
v6jvgdvg,e8593010,864.3500001430511
l5sagbsh,e8593010,678.0
ljwskxcq,e8593010,736.5999999046326
3irnkhq8,e8593010,607.7000000029802
4s9g1cze,e8593010,764.1999999880791
bw2cwy0m,e8593010,752.3999999985099
kwy2bqjo,e8593010,647.6499999761581
uktb326q,e8593010,1230.0
zc26r1al,e8593010,450.2999999523163
648anokh,e8593010,482.44999998807907
tc5wgx8h,e8593010,632.7000000029802
8bgj1tsd,e8593010,536.1999999284744
c7ac53of,e8593010,3677.550000190735
mrypomny,e8593010,592.5
jeq3oy2g,e8593010,523.5
e0biso3r,e8593010,931.7000002861024
a9gvtd1o,e8593010,618.5
vpxztp7b,e8593010,441.5
f1ejz9fy,e8593010,550.75
6eyovdd2,e8593010,648.1000000238419
a6jpzpek,e8593010,1058.60000000149
41kp06jx,e8593010,924.7000000011176
a0w1xgxf,e8593010,590.0
xasfvnb7,e8593010,468.5499997138977
so5k1adg,e8593010,513.5999999996275
904h81sn,e8593010,504.40000000596046
ce9qdbyh,e8593010,464.25
vr20hyge,e8593010,874.5
nhds6zsd,e8593010,756.0
c9sps7bl,8cb8642d,1528.3500000238419
bx44xwzb,8cb8642d,688.4500000029802
o2ho0580,8cb8642d,277.8999996185303
2d8q4qkc,8cb8642d,697.0
g3vslpjv,8cb8642d,1305.3999999985099
8oohxrrz,8cb8642d,511.7000000476837
qfiy90jx,8cb8642d,1048.8999998569489
yebzokh4,8cb8642d,684.0
b73rrttr,8cb8642d,712.2000000001863
0fy66fv2,8cb8642d,213.30000000074503
idma9086,8cb8642d,588.4500000178814
r99uy0qb,8cb8642d,2098.0
8y2nd2sh,8cb8642d,1188.800000011921
ascil7wf,8cb8642d,848.3000000044703
l0nln4b2,8cb8642d,828.3000000119209
aypxap78,8cb8642d,419.800000011921
nx0vccp8,8cb8642d,1107.0
8psac9uo,8cb8642d,1075.3500000238419
kck1uue7,8cb8642d,1194.6000001430511
9pjr0waw,8cb8642d,1072.5999999996275
jqeesfz7,8cb8642d,539.5999999996275
hd5k29qy,8cb8642d,541.3000000044703
72p6pxny,8cb8642d,512.3000001907349
rhbgnqhz,8cb8642d,765.6999999880791
fgxp8fzz,8cb8642d,830.7999999523163
mzi8f2hv,8cb8642d,419.95000000018626
cw4tyx7n,8cb8642d,1417.300000011921
g7svteiz,8cb8642d,824.7000000476837
c2lwacqc,8cb8642d,639.2999999821186
2tkm21z6,8cb8642d,425.0
ei0ij8ms,8cb8642d,847.0
0yfthc4y,8cb8642d,527.9499999880791
yfyhejim,8cb8642d,481.35000014305115
jayyv6lz,8cb8642d,783.5
qu0lm98m,8cb8642d,712.2500000074506
ldo5smvx,8cb8642d,1101.1000003814697
2w766g1z,8cb8642d,413.39999997615814
mr7lkk46,8cb8642d,1177.4000000953674
f5ktzt2t,8cb8642d,513.3499999046326
kkeej6x5,8cb8642d,864.2999999970198
bcyhma9y,8cb8642d,1542.5
4wx63ymf,8cb8642d,697.8000000007451
ler5uq42,8cb8642d,718.0
nldu5ge3,8cb8642d,498.300000011921
t3l0if03,8cb8642d,520.9000000357628
m63pxnwq,8cb8642d,546.3999998569489
onnumbyy,8cb8642d,1215.0
nrfiw9bx,8cb8642d,827.0499999523163
pz38obzd,8cb8642d,690.4499999880791
50nsp39w,8cb8642d,550.5999999046326
mhskzwic,8cb8642d,701.5
8jwr3j6t,8cb8642d,568.6000000238419
z3die4q3,8cb8642d,847.0
vbwguazj,8cb8642d,480.1499999985099
7agy8y3l,8cb8642d,583.0500000119209
om1m73rv,8cb8642d,547.6499999761581
ya0wv6pm,8cb8642d,632.0
sp00glmz,8cb8642d,1039.449999999255
1qt2f29y,8cb8642d,483.3430000003427
clhkwrie,8cb8642d,585.4000000059605
mpzcivx9,8cb8642d,584.0999999996275
jx6lhkbi,8cb8642d,847.8999999761581
z8b26ynw,8cb8642d,502.5
zelqv7az,8cb8642d,652.9500000476837
cfclud8z,8cb8642d,1236.300000000745
8d21w3yr,8cb8642d,747.0
fl73adm5,8cb8642d,752.3999998569489
4j6cy1mk,8cb8642d,336.1999999284744
oxvw1rhx,8cb8642d,441.0999999996274
w12e497z,8cb8642d,4003.6999999955297
9ohxtpht,8cb8642d,744.5999999940395
hkj9daz7,8cb8642d,1194.3499999977648
zfeorjum,8cb8642d,730.5
k0qq522n,8cb8642d,639.7999999988824
2anyuqd8,8cb8642d,502.0
1r6yodve,8cb8642d,630.0
0wk7vjg8,8cb8642d,1160.0
ism64anu,8cb8642d,782.5
plfupad7,8cb8642d,1312.2000000011176
zvbewhqx,8cb8642d,719.8999999761581
8aknstxj,8cb8642d,770.25
c7z6erey,8cb8642d,588.5
f0wpo2hr,8cb8642d,463.5
qazkn1sw,8cb8642d,614.0
hpl7jugr,8cb8642d,850.0
nze0azo1,8cb8642d,600.8000000119209
r2ck84r8,8cb8642d,694.3500000238419
r24jdhzg,8cb8642d,542.8999999985099
ske58akk,8cb8642d,1035.4000000357628
ovhoesyy,8cb8642d,810.0
3cc6zm51,8cb8642d,564.7000000476837
qfsp3ery,8cb8642d,715.5999999046326
02333qfj,8cb8642d,560.0
44o5xnxe,8cb8642d,591.0
ihnjt6k4,8cb8642d,813.0
cuybsfwr,8cb8642d,364.69999999925494
0ra11hiv,8cb8642d,790.1999988555908
89u58v07,8cb8642d,684.0999999996275
095bdwyc,8cb8642d,623.8500000014901
phbjwkyw,8cb8642d,566.0
szbhlpfr,8cb8642d,727.8999999910593
sn10zd6g,8cb8642d,1292.2500001192093
e2w81k0i,8cb8642d,572.0
4s3cm7d8,8cb8642d,1277.5
hsm45iwx,8cb8642d,991.5999999940396
6e5gb0yb,8cb8642d,580.450000166893
dmft9d3y,8cb8642d,804.6499999761581
aqmjput5,8cb8642d,725.0
l9krayds,8cb8642d,713.0500000715256
icf7bchs,8cb8642d,630.5
91fk0af9,8cb8642d,1079.199999988079
qothvfhf,8cb8642d,542.7000000476837
27d8totr,8cb8642d,966.89999999851
fkx2gd88,8cb8642d,1008.399999976158
cp3b83py,8cb8642d,674.7999999821186
d33m799j,8cb8642d,2529.550000011921
kmwiem6m,8cb8642d,554.1000000238419
61zahdh9,8cb8642d,405.94999998807907
5nrjvc7q,8cb8642d,714.25
ol9lky1i,8cb8642d,416.10000014305115
o5qropwk,8cb8642d,450.0
npr5bsi2,8cb8642d,376.90000009536743
ym49wqbn,8cb8642d,762.5
pad0sufd,8cb8642d,729.7000000001863
emwp6wq7,8cb8642d,767.6000000238419
74l1qvc1,8cb8642d,1232.7999999988824
3d2as981,8cb8642d,1108.399999976158
cghxa2ie,8cb8642d,1309.3499999996275
clucow7d,8cb8642d,781.5999999940395
bmlngyh3,8cb8642d,448.7999999523163
sesf1qnx,8cb8642d,1545.8999999910593
j2dvablb,8cb8642d,560.0
904h81sn,8cb8642d,584.6499999910593
so5k1adg,8cb8642d,537.6500000003725
nhds6zsd,8cb8642d,736.5
vr20hyge,8cb8642d,1607.0
4stfwpke,8cb8642d,676.7500000018626
qqqzakmg,8cb8642d,750.5
648anokh,8cb8642d,532.1999999880791
tc5wgx8h,8cb8642d,820.6500000059605
jeq3oy2g,8cb8642d,467.0
mrypomny,8cb8642d,531.5
rjanlii9,8cb8642d,1108.0
c7ac53of,8cb8642d,3922.099999904633
a9gvtd1o,8cb8642d,775.0
e0biso3r,8cb8642d,681.7999997138977
f1ejz9fy,8cb8642d,627.9000000357628
vpxztp7b,8cb8642d,894.0
6eyovdd2,8cb8642d,447.89999997615814
a6jpzpek,8cb8642d,717.9000000022352
41kp06jx,8cb8642d,2839.650000001304
lmtka1ev,8cb8642d,458.5
zj5uemkt,8cb8642d,723.0999999642372
3irnkhq8,8cb8642d,739.2999999970198
4s9g1cze,8cb8642d,417.2000000476837
v6jvgdvg,8cb8642d,985.5
l5sagbsh,8cb8642d,514.0
ljwskxcq,8cb8642d,443.2000002861023
kwy2bqjo,8cb8642d,610.2999999523163
uktb326q,8cb8642d,1117.0
cdo2cmtp,8cb8642d,370.45000000018626
a589fsqz,8cb8642d,384.1000000089407
mlvcv31l,8cb8642d,621.7999999970198
o4kkkuj9,8cb8642d,498.2999999988824
k8txaw58,8cb8642d,616.6000001430511
qv0yh587,8cb8642d,2011.0
t2eyvuxq,8cb8642d,743.0499999523163
ew4oecfi,8cb8642d,918.9000000953674
mrwlcmno,8cb8642d,490.0
ni5df01j,8cb8642d,1174.25
eyn3wygc,8cb8642d,708.4000000059605
wcau806y,8cb8642d,927.0
s03ed531,8cb8642d,985.0
2j8p9vyz,8cb8642d,1001.0
44o5xnxe,ce9e57f2,838.5
qkiu92kk,ce9e57f2,369.8999999910593
02333qfj,ce9e57f2,2332.600000023842
q04yitea,ce9e57f2,1113.7500000596046
qfsp3ery,ce9e57f2,601.25
y32zaw9c,ce9e57f2,587.5
cuybsfwr,ce9e57f2,1200.2999999970198
szbhlpfr,ce9e57f2,507.7499999925494
phbjwkyw,ce9e57f2,397.30000001192093
89u58v07,ce9e57f2,3099.300000000745
4s3cm7d8,ce9e57f2,704.0
e2w81k0i,ce9e57f2,2400.150000035763
sn10zd6g,ce9e57f2,1385.9000000953674
0hrc9vve,ce9e57f2,1435.9499998092651
zvbewhqx,ce9e57f2,843.8999999761581
plfupad7,ce9e57f2,2466.0
ism64anu,ce9e57f2,2623.7999999523163
n2et79bd,ce9e57f2,3373.300000000745
qazkn1sw,ce9e57f2,1679.0
f0wpo2hr,ce9e57f2,2579.5
8aknstxj,ce9e57f2,1031.899999976158
c7z6erey,ce9e57f2,2003.449999988079
r2ck84r8,ce9e57f2,957.6000001430511
nze0azo1,ce9e57f2,605.3999999761581
hpl7jugr,ce9e57f2,1526.0
3cc6zm51,ce9e57f2,413.59999990463257
ovhoesyy,ce9e57f2,1430.5
ske58akk,ce9e57f2,4057.0499999821186
r24jdhzg,ce9e57f2,480.30000000074506
stbyxpx6,ce9e57f2,2900.199999988079
o5qropwk,ce9e57f2,660.0
ol9lky1i,ce9e57f2,351.7999999523163
5nrjvc7q,ce9e57f2,916.0500000119209
61zahdh9,ce9e57f2,316.84999999403954
5hz183aa,ce9e57f2,1140.0
emwp6wq7,ce9e57f2,1136.100000023842
pad0sufd,ce9e57f2,444.54999999981374
xeu3j3ki,ce9e57f2,132.0
154uk6vm,ce9e57f2,489.7999999821186
ym49wqbn,ce9e57f2,2946.5
npr5bsi2,ce9e57f2,376.14999997615814
byx9jkxm,ce9e57f2,644.5
74l1qvc1,ce9e57f2,756.0500000002794
j2pjmr32,ce9e57f2,743.0
bmlngyh3,ce9e57f2,1268.25
clucow7d,ce9e57f2,1009.600000023842
3d2as981,ce9e57f2,1464.5
dmft9d3y,ce9e57f2,933.600000023842
pgtp756s,ce9e57f2,1112.7000000178814
6e5gb0yb,ce9e57f2,599.7999999523163
icf7bchs,ce9e57f2,1232.0
aqmjput5,ce9e57f2,453.5
l9krayds,ce9e57f2,835.3499999642372
f5ohsl5h,ce9e57f2,1400.1000001430511
cp3b83py,ce9e57f2,1388.7000000178814
fkx2gd88,ce9e57f2,6960.900000035763
27d8totr,ce9e57f2,900.4000000022352
qothvfhf,ce9e57f2,442.050000011921
91fk0af9,ce9e57f2,396.15000000596046
kmwiem6m,ce9e57f2,1944.0000000596044
5pds9j1d,ce9e57f2,340.30000000074506
ikfbpugl,ce9e57f2,587.5
d33m799j,ce9e57f2,3142.1999999284744
648anokh,ce9e57f2,399.6500000357628
qqqzakmg,ce9e57f2,869.5
c7ac53of,ce9e57f2,556.4500000476837
rjanlii9,ce9e57f2,1488.2999999523165
mrypomny,ce9e57f2,452.5
jeq3oy2g,ce9e57f2,1727.5
tc5wgx8h,ce9e57f2,994.0
8bgj1tsd,ce9e57f2,471.90000009536743
vpxztp7b,ce9e57f2,388.5
f1ejz9fy,ce9e57f2,883.4000000357628
e0biso3r,ce9e57f2,648.5500001907349
a9gvtd1o,ce9e57f2,513.1000003814697
lmtka1ev,ce9e57f2,702.0
41kp06jx,ce9e57f2,1499.0
a0w1xgxf,ce9e57f2,2450.5
6eyovdd2,ce9e57f2,2316.5499999523163
a6jpzpek,ce9e57f2,1251.300000000745
xasfvnb7,ce9e57f2,489.0
ce9qdbyh,ce9e57f2,332.30000001192093
03ljcqhc,ce9e57f2,1205.8500000014901
so5k1adg,ce9e57f2,362.25
904h81sn,ce9e57f2,451.15000000596046
j2dvablb,ce9e57f2,1687.3999999994412
vr20hyge,ce9e57f2,1261.0
nhds6zsd,ce9e57f2,539.0
d1vjrjhc,ce9e57f2,1975.6000000014903
k8txaw58,ce9e57f2,3246.6999999284744
o4kkkuj9,ce9e57f2,594.5
mlvcv31l,ce9e57f2,1319.8500000014901
a589fsqz,ce9e57f2,1780.7000000029802
t2eyvuxq,ce9e57f2,2235.25
qv0yh587,ce9e57f2,582.0
eyn3wygc,ce9e57f2,382.20000000298023
ni5df01j,ce9e57f2,456.0
mrwlcmno,ce9e57f2,487.0
ew4oecfi,ce9e57f2,2600.3999996185303
2j8p9vyz,ce9e57f2,2808.0
6p8vl3lk,ce9e57f2,832.0
s03ed531,ce9e57f2,933.5
wcau806y,ce9e57f2,1365.0
zj5uemkt,ce9e57f2,3046.2000000476837
ljwskxcq,ce9e57f2,1993.8000001907349
v6jvgdvg,ce9e57f2,716.0499999523163
l5sagbsh,ce9e57f2,603.5
4s9g1cze,ce9e57f2,1751.949999988079
3irnkhq8,ce9e57f2,682.0
uktb326q,ce9e57f2,660.5
kwy2bqjo,ce9e57f2,578.8999999761581
bw2cwy0m,ce9e57f2,545.75
cdo2cmtp,ce9e57f2,311.59999999869615
8y2nd2sh,ce9e57f2,3805.550000011921
aypxap78,ce9e57f2,953.399999976158
l0nln4b2,ce9e57f2,553.8500000238419
ascil7wf,ce9e57f2,1326.1000000014901
9pjr0waw,ce9e57f2,509.5
kck1uue7,ce9e57f2,3840.799999952316
8psac9uo,ce9e57f2,712.9000000953674
nx0vccp8,ce9e57f2,660.0999999642372
jqeesfz7,ce9e57f2,333.90000000037253
2d8q4qkc,ce9e57f2,907.0
bx44xwzb,ce9e57f2,921.60000000149
o2ho0580,ce9e57f2,2164.699999809265
c9sps7bl,ce9e57f2,1574.699999988079
qfiy90jx,ce9e57f2,2089.2999999523163
8oohxrrz,ce9e57f2,2056.7999999523163
x5id5i5q,ce9e57f2,428.0
yebzokh4,ce9e57f2,704.1000000014901
kavvl57w,ce9e57f2,4439.4000000059605
idma9086,ce9e57f2,522.6999999880791
4kl3i3tv,ce9e57f2,672.8499999940395
0fy66fv2,ce9e57f2,551.4500000011176
b73rrttr,ce9e57f2,419.9000000003726
7nszfy43,ce9e57f2,679.0
0yfthc4y,ce9e57f2,362.2000000178814
ei0ij8ms,ce9e57f2,997.0
2tkm21z6,ce9e57f2,909.5
9wkeb5tu,ce9e57f2,2897.2999999821186
yfyhejim,ce9e57f2,1196.0
jayyv6lz,ce9e57f2,502.5
qu0lm98m,ce9e57f2,415.90000000596046
ldo5smvx,ce9e57f2,1381.8000001907349
rhbgnqhz,ce9e57f2,737.6999999880791
72p6pxny,ce9e57f2,1957.2000000476835
hd5k29qy,ce9e57f2,848.8999999985099
gkse9wdn,ce9e57f2,959.0
mzi8f2hv,ce9e57f2,771.6999999992549
fgxp8fzz,ce9e57f2,1717.0
yc52i3qf,ce9e57f2,695.4000000357628
c2lwacqc,ce9e57f2,400.199999988079
g7svteiz,ce9e57f2,702.8000000715256
nrfiw9bx,ce9e57f2,3047.900000095367
xklnx39q,ce9e57f2,2604.5
pz38obzd,ce9e57f2,587.9499999880791
z3die4q3,ce9e57f2,1624.0
8jwr3j6t,ce9e57f2,284.7000000476837
mhskzwic,ce9e57f2,477.0
50nsp39w,ce9e57f2,297.7000000476837
om1m73rv,ce9e57f2,276.60000002384186
o1t1fb7j,ce9e57f2,2658.249999985099
7agy8y3l,ce9e57f2,495.89999997615814
vbwguazj,ce9e57f2,331.8999999985099
5vv1rrzw,ce9e57f2,903.0
mr7lkk46,ce9e57f2,818.9499999880791
2w766g1z,ce9e57f2,377.6500000357628
nqubyvew,ce9e57f2,957.1999999880792
bcyhma9y,ce9e57f2,2307.699999988079
kkeej6x5,ce9e57f2,308.4999999962747
f5ktzt2t,ce9e57f2,1074.3999998569489
pcrxo3zp,ce9e57f2,2044.0
t3l0if03,ce9e57f2,1530.850000023842
nldu5ge3,ce9e57f2,402.6000000014901
ler5uq42,ce9e57f2,1144.4999999995343
nfbzvhip,ce9e57f2,149.0
4wx63ymf,ce9e57f2,2278.5999999996275
m63pxnwq,ce9e57f2,352.85000002384186
318gokyy,ce9e57f2,992.7999999523164
fl73adm5,ce9e57f2,1886.3999999761581
4j6cy1mk,ce9e57f2,800.8999999761581
8d21w3yr,ce9e57f2,501.0
hkj9daz7,ce9e57f2,950.1999999992549
zfeorjum,ce9e57f2,560.5
9ohxtpht,ce9e57f2,376.0
w12e497z,ce9e57f2,388.79999999701977
0wk7vjg8,ce9e57f2,1052.0
1r6yodve,ce9e57f2,763.0
cbvc5e3w,ce9e57f2,731.2000000476837
k0qq522n,ce9e57f2,1625.800000000745
9evwb372,ce9e57f2,1243.0
2ke9hbes,ce9e57f2,638.0
ya0wv6pm,ce9e57f2,484.0
mpzcivx9,ce9e57f2,2224.4000000003725
1qt2f29y,ce9e57f2,691.6805000000168
clhkwrie,ce9e57f2,923.2000000029802
sp00glmz,ce9e57f2,1156.25
jx6lhkbi,ce9e57f2,672.2999999523163
cfclud8z,ce9e57f2,1309.8499999977648
z8b26ynw,ce9e57f2,2599.0
cfclud8z,7df24a62,2139.699999999255
zelqv7az,7df24a62,412.0
z8b26ynw,7df24a62,669.0
jx6lhkbi,7df24a62,6138.5
mpzcivx9,7df24a62,1134.2000000001863
clhkwrie,7df24a62,576.2999999970198
1qt2f29y,7df24a62,500.0099999997765
sp00glmz,7df24a62,603.3999999947846
2ke9hbes,7df24a62,1976.5
9evwb372,7df24a62,2403.0
ya0wv6pm,7df24a62,456.0
0wk7vjg8,7df24a62,937.5
1r6yodve,7df24a62,727.0
k0qq522n,7df24a62,388.3500000005588
zfeorjum,7df24a62,805.0
hkj9daz7,7df24a62,2758.64999999851
9ohxtpht,7df24a62,857.6000000014901
w12e497z,7df24a62,3228.300000011921
oxvw1rhx,7df24a62,443.7000000011176
4j6cy1mk,7df24a62,359.39999997615814
fl73adm5,7df24a62,2086.0999999046326
8d21w3yr,7df24a62,536.0
onnumbyy,7df24a62,744.5
m63pxnwq,7df24a62,456.0
t3l0if03,7df24a62,2656.400000035763
nldu5ge3,7df24a62,719.9999999925494
ler5uq42,7df24a62,668.0
4wx63ymf,7df24a62,702.5499999998137
bcyhma9y,7df24a62,509.09999999403954
kkeej6x5,7df24a62,608.1000000014901
f5ktzt2t,7df24a62,773.0
mr7lkk46,7df24a62,1207.2000000476835
2w766g1z,7df24a62,964.5
nqubyvew,7df24a62,715.0999999940395
om1m73rv,7df24a62,756.8000000715256
7agy8y3l,7df24a62,570.6999999880791
vbwguazj,7df24a62,432.1000000014901
z3die4q3,7df24a62,4451.5
8jwr3j6t,7df24a62,504.2000000476837
p445h6ow,7df24a62,1001.0
mhskzwic,7df24a62,725.0
50nsp39w,7df24a62,508.85000002384186
8yhijukj,7df24a62,1272.100000023842
xklnx39q,7df24a62,980.899999976158
pz38obzd,7df24a62,507.94999998807907
nrfiw9bx,7df24a62,1595.2999997138977
yc52i3qf,7df24a62,1407.0999999940395
c2lwacqc,7df24a62,782.3000000119209
g7svteiz,7df24a62,756.7000000476837
cw4tyx7n,7df24a62,3067.399999976158
189iqcds,7df24a62,4263.949999999255
mzi8f2hv,7df24a62,420.5999999996274
xgvto4mg,7df24a62,610.0
rhbgnqhz,7df24a62,6303.649999976158
72p6pxny,7df24a62,1056.4500000476837
hd5k29qy,7df24a62,1060.4500000029802
ldo5smvx,7df24a62,1300.6999998092651
jayyv6lz,7df24a62,591.0
yfyhejim,7df24a62,1190.5999999046326
0yfthc4y,7df24a62,464.2000000178814
ei0ij8ms,7df24a62,1125.0
2tkm21z6,7df24a62,444.5
r99uy0qb,7df24a62,2158.0
idma9086,7df24a62,435.90000000596046
0fy66fv2,7df24a62,387.5
b73rrttr,7df24a62,1004.0499999998138
yebzokh4,7df24a62,592.0
kavvl57w,7df24a62,887.4500000029802
qfiy90jx,7df24a62,699.2999999523163
8oohxrrz,7df24a62,2608.9999999403954
x5id5i5q,7df24a62,1693.0
g3vslpjv,7df24a62,1653.60000000149
2d8q4qkc,7df24a62,2301.0
o2ho0580,7df24a62,3209.5
bx44xwzb,7df24a62,633.8000000044703
c9sps7bl,7df24a62,5949.5
jqeesfz7,7df24a62,479.69999999925494
xji13cu2,7df24a62,3478.3499999940395
kck1uue7,7df24a62,5012.850000023842
nx0vccp8,7df24a62,818.1500000357628
8psac9uo,7df24a62,704.2999999523163
aypxap78,7df24a62,1009.100000023842
l0nln4b2,7df24a62,595.2000000178814
ascil7wf,7df24a62,1091.7000000029802
8y2nd2sh,7df24a62,4243.699999988079
uktb326q,7df24a62,538.0
bw2cwy0m,7df24a62,816.2000000001863
kwy2bqjo,7df24a62,490.89999997615814
l5sagbsh,7df24a62,1064.0
v6jvgdvg,7df24a62,754.4500000476837
ljwskxcq,7df24a62,3061.2000000476837
3irnkhq8,7df24a62,2553.5499999821186
4s9g1cze,7df24a62,2590.7999999523163
zj5uemkt,7df24a62,787.5
2j8p9vyz,7df24a62,792.0
wcau806y,7df24a62,860.5
ni5df01j,7df24a62,421.7000000476837
eyn3wygc,7df24a62,451.1000000089407
mrwlcmno,7df24a62,497.5
t2eyvuxq,7df24a62,483.8000000715256
qv0yh587,7df24a62,526.0
d1vjrjhc,7df24a62,774.5999999940395
mlvcv31l,7df24a62,3949.5499999970198
k8txaw58,7df24a62,1485.9000000953672
o4kkkuj9,7df24a62,443.1499999994412
a589fsqz,7df24a62,1535.2999999970198
4stfwpke,7df24a62,756.2999999970198
vr20hyge,7df24a62,1225.0
nhds6zsd,7df24a62,514.0
so5k1adg,7df24a62,571.0999999996275
904h81sn,7df24a62,477.55000001192093
j2dvablb,7df24a62,2689.699999999255
xasfvnb7,7df24a62,437.69999980926514
sesf1qnx,7df24a62,1447.5
lmtka1ev,7df24a62,1699.0
a0w1xgxf,7df24a62,649.5
41kp06jx,7df24a62,376.5
a6jpzpek,7df24a62,946.60000000149
6eyovdd2,7df24a62,439.5
vpxztp7b,7df24a62,571.5
f1ejz9fy,7df24a62,2990.0
e0biso3r,7df24a62,865.0499999523163
a9gvtd1o,7df24a62,886.6000003814697
c7ac53of,7df24a62,2066.900000095367
rjanlii9,7df24a62,1431.7000000476835
mrypomny,7df24a62,368.5
jeq3oy2g,7df24a62,447.0
8bgj1tsd,7df24a62,721.0
tc5wgx8h,7df24a62,844.4000000059605
648anokh,7df24a62,481.0
qqqzakmg,7df24a62,2918.649999976158
zc26r1al,7df24a62,726.5500000715256
kmwiem6m,7df24a62,1613.550000011921
5pds9j1d,7df24a62,552.5999999996275
d33m799j,7df24a62,275.0
cp3b83py,7df24a62,884.4000000059604
27d8totr,7df24a62,818.0999999940395
qothvfhf,7df24a62,656.6999999880791
l9krayds,7df24a62,471.6999999284744
f5ohsl5h,7df24a62,821.7999997138977
dmft9d3y,7df24a62,925.8499999642373
6e5gb0yb,7df24a62,396.3000000715256
clucow7d,7df24a62,850.4500000029802
cghxa2ie,7df24a62,1076.5999999977648
3d2as981,7df24a62,5765.600000023842
byx9jkxm,7df24a62,840.5
74l1qvc1,7df24a62,3565.350000000093
emwp6wq7,7df24a62,488.0
pad0sufd,7df24a62,453.29999999981374
ym49wqbn,7df24a62,329.5999999642372
154uk6vm,7df24a62,514.7000000178814
npr5bsi2,7df24a62,318.2000000476837
o5qropwk,7df24a62,405.5
ol9lky1i,7df24a62,530.2000000476837
5nrjvc7q,7df24a62,518.5
61zahdh9,7df24a62,387.0
5hz183aa,7df24a62,1147.0
3cc6zm51,7df24a62,561.8999999761581
ske58akk,7df24a62,1126.600000023842
ovhoesyy,7df24a62,1022.0
r24jdhzg,7df24a62,632.1999999992549
stbyxpx6,7df24a62,480.0
nze0azo1,7df24a62,708.2000000476837
r2ck84r8,7df24a62,954.6499999761581
hpl7jugr,7df24a62,4666.5
qazkn1sw,7df24a62,643.5
f0wpo2hr,7df24a62,968.0
c7z6erey,7df24a62,345.25
8aknstxj,7df24a62,524.2999999523163
0hrc9vve,7df24a62,1559.8000001907349
zvbewhqx,7df24a62,632.0
plfupad7,7df24a62,809.5
n2et79bd,7df24a62,346.59999999962747
ism64anu,7df24a62,940.6000000238419
hsm45iwx,7df24a62,700.25
4s3cm7d8,7df24a62,628.0
e2w81k0i,7df24a62,448.09999990463257
sn10zd6g,7df24a62,945.8999999761581
szbhlpfr,7df24a62,523.8999999985099
phbjwkyw,7df24a62,444.0
095bdwyc,7df24a62,486.70000000298023
89u58v07,7df24a62,4056.0
y32zaw9c,7df24a62,503.0
0ra11hiv,7df24a62,579.8999996185303
44o5xnxe,7df24a62,1427.5
02333qfj,7df24a62,463.7999999523163
q04yitea,7df24a62,674.0
qfsp3ery,7df24a62,608.1499998569489
8bgj1tsd,bcb3040b,1016.399999976158
tc5wgx8h,bcb3040b,846.1500000059605
rjanlii9,bcb3040b,1623.5
c7ac53of,bcb3040b,575.75
mrypomny,bcb3040b,836.0
648anokh,bcb3040b,492.14999997615814
a6jpzpek,bcb3040b,1888.75
6eyovdd2,bcb3040b,599.0500000119209
lmtka1ev,bcb3040b,535.5
a0w1xgxf,bcb3040b,1627.0
41kp06jx,bcb3040b,1635.0999999996277
a9gvtd1o,bcb3040b,712.4500007629395
e0biso3r,bcb3040b,1932.5000002384186
vpxztp7b,bcb3040b,866.5
f1ejz9fy,bcb3040b,645.6500000059605
904h81sn,bcb3040b,676.0
so5k1adg,bcb3040b,1638.300000000745
j2dvablb,bcb3040b,625.6499999994412
xasfvnb7,bcb3040b,2499.0
sesf1qnx,bcb3040b,1035.6499999985099
4stfwpke,bcb3040b,890.1999999992549
nhds6zsd,bcb3040b,1147.5
vr20hyge,bcb3040b,1261.5
1xogp17t,bcb3040b,80.20000004768372
t2eyvuxq,bcb3040b,684.25
qv0yh587,bcb3040b,204.0
a589fsqz,bcb3040b,555.3500000089407
mlvcv31l,bcb3040b,749.8999999985099
k8txaw58,bcb3040b,804.2999999523163
o4kkkuj9,bcb3040b,680.1500000003725
wcau806y,bcb3040b,2138.0
6p8vl3lk,bcb3040b,833.0
2j8p9vyz,bcb3040b,1566.0
s03ed531,bcb3040b,884.0
mrwlcmno,bcb3040b,1771.0
ew4oecfi,bcb3040b,600.0499999523163
ni5df01j,bcb3040b,589.6000000238419
eyn3wygc,bcb3040b,701.75
l5sagbsh,bcb3040b,553.0
v6jvgdvg,bcb3040b,1355.2999997138977
ljwskxcq,bcb3040b,1135.3999998569489
3irnkhq8,bcb3040b,525.7000000178814
4s9g1cze,bcb3040b,1087.0999999940395
zj5uemkt,bcb3040b,1184.0
kwy2bqjo,bcb3040b,666.0999999642372
bw2cwy0m,bcb3040b,777.25
uktb326q,bcb3040b,2878.0
cuybsfwr,bcb3040b,873.1999999955297
0ra11hiv,bcb3040b,919.9000015258788
y32zaw9c,bcb3040b,1788.5
02333qfj,bcb3040b,1732.1999999284744
qfsp3ery,bcb3040b,658.5999999046326
q04yitea,bcb3040b,893.0000000596046
44o5xnxe,bcb3040b,1146.5
sn10zd6g,bcb3040b,915.9499999284744
hsm45iwx,bcb3040b,1028.0
e2w81k0i,bcb3040b,695.8000000119209
4s3cm7d8,bcb3040b,1036.0
89u58v07,bcb3040b,850.2499999990687
095bdwyc,bcb3040b,2476.099999997765
szbhlpfr,bcb3040b,625.0500000044703
phbjwkyw,bcb3040b,1415.8000000715256
c7z6erey,bcb3040b,711.1500000059605
8aknstxj,bcb3040b,1037.5499999523163
f0wpo2hr,bcb3040b,1656.5
plfupad7,bcb3040b,1212.5
ism64anu,bcb3040b,1126.5499999523163
zvbewhqx,bcb3040b,687.8999999761581
0hrc9vve,bcb3040b,809.6500000953674
r24jdhzg,bcb3040b,812.1499999985099
3cc6zm51,bcb3040b,629.0
ske58akk,bcb3040b,1959.0
ovhoesyy,bcb3040b,771.0
nze0azo1,bcb3040b,674.5500000119209
r2ck84r8,bcb3040b,667.1000001430511
xeu3j3ki,bcb3040b,1003.5
npr5bsi2,bcb3040b,893.6000000238419
ym49wqbn,bcb3040b,1437.0
154uk6vm,bcb3040b,1176.8499999940395
emwp6wq7,bcb3040b,1395.800000011921
pad0sufd,bcb3040b,696.3500000005588
61zahdh9,bcb3040b,584.0500000119209
5hz183aa,bcb3040b,1796.0
o5qropwk,bcb3040b,878.0
5nrjvc7q,bcb3040b,1668.0
ol9lky1i,bcb3040b,650.1000001430511
clucow7d,bcb3040b,835.3500000089407
3d2as981,bcb3040b,1124.0
cghxa2ie,bcb3040b,1003.25
bmlngyh3,bcb3040b,1682.5
74l1qvc1,bcb3040b,21707.70000000112
byx9jkxm,bcb3040b,937.5
nvlsix5c,bcb3040b,1844.0
6e5gb0yb,bcb3040b,499.5
bdfn1h0o,bcb3040b,2336.2000000476837
dmft9d3y,bcb3040b,729.5500000119209
ikfbpugl,bcb3040b,538.4500000178814
d33m799j,bcb3040b,2804.8000000715256
kmwiem6m,bcb3040b,5693.599999904633
5pds9j1d,bcb3040b,1364.6500000003725
27d8totr,bcb3040b,1158.6999999955297
qothvfhf,bcb3040b,893.6499999761581
cp3b83py,bcb3040b,1606.399999976158
xklnx39q,bcb3040b,2209.199999988079
pz38obzd,bcb3040b,712.0500000119209
nrfiw9bx,bcb3040b,908.9000000953674
om1m73rv,bcb3040b,625.75
vbwguazj,bcb3040b,603.9500000011176
7agy8y3l,bcb3040b,1112.2999999523165
mhskzwic,bcb3040b,979.5
8yhijukj,bcb3040b,1049.4500000178814
8jwr3j6t,bcb3040b,1076.3500000238419
pcrxo3zp,bcb3040b,678.9500000476837
kkeej6x5,bcb3040b,1880.25
f5ktzt2t,bcb3040b,543.8999999761581
mr7lkk46,bcb3040b,1192.3000000715256
5vv1rrzw,bcb3040b,1309.8000001907349
2w766g1z,bcb3040b,819.0500000119209
m63pxnwq,bcb3040b,673.0499999523163
onnumbyy,bcb3040b,1463.5
ler5uq42,bcb3040b,1697.5
4wx63ymf,bcb3040b,560.6500000003725
nfbzvhip,bcb3040b,761.7000000476837
nldu5ge3,bcb3040b,1350.5
t3l0if03,bcb3040b,726.7499999701977
8d21w3yr,bcb3040b,1477.0
4j6cy1mk,bcb3040b,575.75
oxvw1rhx,bcb3040b,669.1999999992549
wa9xd98o,bcb3040b,977.5
2anyuqd8,bcb3040b,1752.0
1r6yodve,bcb3040b,1107.0
w12e497z,bcb3040b,2380.39999999851
9ohxtpht,bcb3040b,900.0999999940395
zfeorjum,bcb3040b,1039.5
hkj9daz7,bcb3040b,1115.1499999985099
sp00glmz,bcb3040b,648.5999999940395
mpzcivx9,bcb3040b,1450.2999999998137
clhkwrie,bcb3040b,709.8999999985099
1qt2f29y,bcb3040b,1550.030999999959
23iyreiv,bcb3040b,1481.75
ya0wv6pm,bcb3040b,607.5
2ke9hbes,bcb3040b,703.0
9evwb372,bcb3040b,641.5
z8b26ynw,bcb3040b,617.0
zelqv7az,bcb3040b,895.8500000238419
cfclud8z,bcb3040b,1071.1499999985099
jx6lhkbi,bcb3040b,888.1499999761581
ascil7wf,bcb3040b,1083.25
aypxap78,bcb3040b,587.9499999880791
l0nln4b2,bcb3040b,836.0999999642372
8y2nd2sh,bcb3040b,1060.2000000178814
jqeesfz7,bcb3040b,1730.25
kck1uue7,bcb3040b,1228.0
nx0vccp8,bcb3040b,2345.100000023842
8psac9uo,bcb3040b,1387.75
qfiy90jx,bcb3040b,949.6499999761581
8oohxrrz,bcb3040b,760.1000000238419
o2ho0580,bcb3040b,1991.8999996185305
bx44xwzb,bcb3040b,1008.7999999970199
c9sps7bl,bcb3040b,963.6999999880792
g3vslpjv,bcb3040b,1206.199999999255
2d8q4qkc,bcb3040b,607.5
7nszfy43,bcb3040b,2335.0
b73rrttr,bcb3040b,664.0499999998137
4kl3i3tv,bcb3040b,631.4000000059605
idma9086,bcb3040b,643.5499999821186
r99uy0qb,bcb3040b,2100.0
kavvl57w,bcb3040b,1143.7000000029802
yebzokh4,bcb3040b,903.9500000029802
yfyhejim,bcb3040b,1315.8499999046326
2tkm21z6,bcb3040b,990.5
0yfthc4y,bcb3040b,688.0
ei0ij8ms,bcb3040b,1843.0
ldo5smvx,bcb3040b,754.8500003814697
qu0lm98m,bcb3040b,1383.8999999910593
jayyv6lz,bcb3040b,893.0
fgxp8fzz,bcb3040b,1176.8999999761581
189iqcds,bcb3040b,1330.5
mzi8f2hv,bcb3040b,459.0999999996274
gkse9wdn,bcb3040b,1536.5
72p6pxny,bcb3040b,932.0500000715255
rhbgnqhz,bcb3040b,853.5500000119209
hd5k29qy,bcb3040b,733.25
g7svteiz,bcb3040b,1150.0
c2lwacqc,bcb3040b,816.3000000119209
cw4tyx7n,bcb3040b,1291.0499999970198
zj5uemkt,1f642eb9,3372.1999999284744
4s9g1cze,1f642eb9,1472.4000000357628
3irnkhq8,1f642eb9,1663.8499999791384
ljwskxcq,1f642eb9,1481.8000001907349
l5sagbsh,1f642eb9,1461.0
v6jvgdvg,1f642eb9,2439.099999904633
uktb326q,1f642eb9,2344.0
bw2cwy0m,1f642eb9,2306.699999999255
kwy2bqjo,1f642eb9,2114.900000035763
cdo2cmtp,1f642eb9,1639.4000000003723
k8txaw58,1f642eb9,1591.6999998092651
o4kkkuj9,1f642eb9,2148.2000000011176
mlvcv31l,1f642eb9,1881.70000000298
d1vjrjhc,1f642eb9,1899.0
a589fsqz,1f642eb9,1455.100000023842
qv0yh587,1f642eb9,2803.0
t2eyvuxq,1f642eb9,2049.7999999523163
eyn3wygc,1f642eb9,2540.100000023842
ni5df01j,1f642eb9,1886.7000000476835
ew4oecfi,1f642eb9,1900.2000002861023
mrwlcmno,1f642eb9,2162.0
s03ed531,1f642eb9,1941.4999999997672
2j8p9vyz,1f642eb9,2049.0
wcau806y,1f642eb9,2363.0
sesf1qnx,1f642eb9,3028.29999999702
ce9qdbyh,1f642eb9,507.0
j2dvablb,1f642eb9,1410.9000000003723
904h81sn,1f642eb9,2192.4000000059605
so5k1adg,1f642eb9,3031.8499999996275
nhds6zsd,1f642eb9,1724.0
vr20hyge,1f642eb9,2646.0
4stfwpke,1f642eb9,1528.5999999977648
648anokh,1f642eb9,1398.9000000953674
zc26r1al,1f642eb9,1393.0999999046326
rjanlii9,1f642eb9,2009.4000000953672
c7ac53of,1f642eb9,3326.599999904633
8bgj1tsd,1f642eb9,2752.0
tc5wgx8h,1f642eb9,1972.5
f1ejz9fy,1f642eb9,1707.100000023842
vpxztp7b,1f642eb9,1687.0
a9gvtd1o,1f642eb9,2020.7000007629397
e0biso3r,1f642eb9,2374.400000095367
41kp06jx,1f642eb9,1786.89999999851
lmtka1ev,1f642eb9,1566.0
a6jpzpek,1f642eb9,2425.0
6eyovdd2,1f642eb9,1363.949999988079
dmft9d3y,1f642eb9,2432.899999976158
6e5gb0yb,1f642eb9,1764.5999999046326
icf7bchs,1f642eb9,2906.5
bhpug29p,1f642eb9,2653.1999999999534
l9krayds,1f642eb9,3363.6999999284744
aqmjput5,1f642eb9,2427.5
cp3b83py,1f642eb9,1477.699999988079
qothvfhf,1f642eb9,2588.399999976158
fkx2gd88,1f642eb9,2537.399999976158
27d8totr,1f642eb9,3150.6000000089407
kmwiem6m,1f642eb9,1218.399999976158
d33m799j,1f642eb9,3585.8000000715256
ikfbpugl,1f642eb9,1348.5999999642372
5nrjvc7q,1f642eb9,2513.5
o5qropwk,1f642eb9,1138.5
61zahdh9,1f642eb9,1569.699999988079
pad0sufd,1f642eb9,1710.800000000745
emwp6wq7,1f642eb9,1767.899999976158
npr5bsi2,1f642eb9,3403.399999856949
ym49wqbn,1f642eb9,1570.1999999284744
xeu3j3ki,1f642eb9,2855.5
byx9jkxm,1f642eb9,1610.0
j2pjmr32,1f642eb9,1461.0
bmlngyh3,1f642eb9,1965.7000000476835
3d2as981,1f642eb9,3808.5
cghxa2ie,1f642eb9,2129.5999999996275
clucow7d,1f642eb9,1622.0
zvbewhqx,1f642eb9,1823.1999999284744
0hrc9vve,1f642eb9,834.1500000953674
ism64anu,1f642eb9,2628.899999976158
n2et79bd,1f642eb9,170.2000000011176
plfupad7,1f642eb9,2622.5
f0wpo2hr,1f642eb9,1689.0
qazkn1sw,1f642eb9,278.0
c7z6erey,1f642eb9,1352.2999999523165
8aknstxj,1f642eb9,2800.7000000476837
hpl7jugr,1f642eb9,1721.0
r2ck84r8,1f642eb9,1742.0
nze0azo1,1f642eb9,1730.8000000715256
ovhoesyy,1f642eb9,1734.0
ske58akk,1f642eb9,2019.0
3cc6zm51,1f642eb9,2948.5
stbyxpx6,1f642eb9,1746.7999999821186
r24jdhzg,1f642eb9,2128.0
qkiu92kk,1f642eb9,1601.699999988079
44o5xnxe,1f642eb9,2152.0
qfsp3ery,1f642eb9,2467.199999809265
q04yitea,1f642eb9,1850.2999999523165
y32zaw9c,1f642eb9,2001.0
cuybsfwr,1f642eb9,2192.7999999970198
phbjwkyw,1f642eb9,1424.5
szbhlpfr,1f642eb9,2736.0
89u58v07,1f642eb9,2111.9000000003725
e2w81k0i,1f642eb9,1824.100000023842
4s3cm7d8,1f642eb9,2016.0
hsm45iwx,1f642eb9,1784.2999999821186
sn10zd6g,1f642eb9,2217.0499999523163
ya0wv6pm,1f642eb9,1812.0
9evwb372,1f642eb9,1650.0
clhkwrie,1f642eb9,2247.20000000298
1qt2f29y,1f642eb9,1733.3680000007153
mpzcivx9,1f642eb9,1430.2999999988824
sp00glmz,1f642eb9,2572.550000000745
jx6lhkbi,1f642eb9,1864.2000000476835
cfclud8z,1f642eb9,2561.699999999255
z8b26ynw,1f642eb9,1464.0
zelqv7az,1f642eb9,2027.7000000476835
4j6cy1mk,1f642eb9,1370.8500000238419
oxvw1rhx,1f642eb9,1652.0
318gokyy,1f642eb9,2487.2000000476837
8d21w3yr,1f642eb9,2195.0
zfeorjum,1f642eb9,1751.0
hkj9daz7,1f642eb9,2480.89999999851
w12e497z,1f642eb9,3200.64999999851
9ohxtpht,1f642eb9,2231.9000000059605
k0qq522n,1f642eb9,3143.800000000745
2anyuqd8,1f642eb9,2790.0
1r6yodve,1f642eb9,1818.9999999995343
2w766g1z,1f642eb9,1982.7999999523165
5vv1rrzw,1f642eb9,2469.5
mr7lkk46,1f642eb9,2372.400000095367
nqubyvew,1f642eb9,2382.300000011921
bcyhma9y,1f642eb9,1206.300000011921
pcrxo3zp,1f642eb9,2460.7999997138977
kkeej6x5,1f642eb9,1488.2999999970198
f5ktzt2t,1f642eb9,1627.7999999523165
nldu5ge3,1f642eb9,1730.0
t3l0if03,1f642eb9,1324.100000023842
nfbzvhip,1f642eb9,2972.0
4wx63ymf,1f642eb9,1713.1000000005588
ler5uq42,1f642eb9,2420.0
onnumbyy,1f642eb9,3064.0
m63pxnwq,1f642eb9,1681.7000000476835
nrfiw9bx,1f642eb9,2091.7999997138977
xklnx39q,1f642eb9,2695.5
pz38obzd,1f642eb9,2156.100000023842
p445h6ow,1f642eb9,2014.0
8jwr3j6t,1f642eb9,1360.0
z3die4q3,1f642eb9,2151.0
8yhijukj,1f642eb9,2102.899999976158
50nsp39w,1f642eb9,1845.4000000953672
mhskzwic,1f642eb9,1623.0
vbwguazj,1f642eb9,2252.5
7agy8y3l,1f642eb9,2294.6999999284744
o1t1fb7j,1f642eb9,5475.79999999702
om1m73rv,1f642eb9,1507.899999976158
hd5k29qy,1f642eb9,1866.20000000298
72p6pxny,1f642eb9,2158.2999999523163
rhbgnqhz,1f642eb9,1814.100000023842
mzi8f2hv,1f642eb9,1664.5999999996277
189iqcds,1f642eb9,2378.89999999851
fgxp8fzz,1f642eb9,2891.099999904633
cw4tyx7n,1f642eb9,820.2000000029802
g7svteiz,1f642eb9,2684.2999999523163
c2lwacqc,1f642eb9,1556.0
ei0ij8ms,1f642eb9,1816.0
0yfthc4y,1f642eb9,1331.7000000178814
2tkm21z6,1f642eb9,1863.0
yfyhejim,1f642eb9,1273.9500000476837
jayyv6lz,1f642eb9,1843.0
qu0lm98m,1f642eb9,1675.4000000059605
ldo5smvx,1f642eb9,2092.1000003814697
2d8q4qkc,1f642eb9,2235.0
g3vslpjv,1f642eb9,2549.79999999702
c9sps7bl,1f642eb9,3191.699999988079
bx44xwzb,1f642eb9,2551.79999999702
o2ho0580,1f642eb9,329.55000019073486
8oohxrrz,1f642eb9,1920.399999976158
qfiy90jx,1f642eb9,2267.099999904633
x5id5i5q,1f642eb9,3719.0
yebzokh4,1f642eb9,2760.0
kavvl57w,1f642eb9,2474.9000000059605
r99uy0qb,1f642eb9,2955.0
b73rrttr,1f642eb9,1610.0
0fy66fv2,1f642eb9,925.6999999992548
qif0sa3r,1f642eb9,2431.399999999441
8y2nd2sh,1f642eb9,3135.0
l0nln4b2,1f642eb9,2767.600000023842
aypxap78,1f642eb9,1325.0
ascil7wf,1f642eb9,2156.20000000298
8psac9uo,1f642eb9,3644.5
nx0vccp8,1f642eb9,3214.0
kck1uue7,1f642eb9,2495.2000000476837
xji13cu2,1f642eb9,2288.100000023842
jqeesfz7,1f642eb9,1921.800000000745
clhkwrie,4b6b68e5,561.6000000089407
1qt2f29y,4b6b68e5,533.344000000041
mpzcivx9,4b6b68e5,683.5999999996275
sp00glmz,4b6b68e5,5114.4000000059605
ya0wv6pm,4b6b68e5,428.0
9evwb372,4b6b68e5,768.0
cfclud8z,4b6b68e5,1231.5
z8b26ynw,4b6b68e5,628.0
zelqv7az,4b6b68e5,715.8999999761581
jx6lhkbi,4b6b68e5,992.0999999046327
4j6cy1mk,4b6b68e5,357.55000001192093
fl73adm5,4b6b68e5,2697.899999976158
oxvw1rhx,4b6b68e5,384.75
8d21w3yr,4b6b68e5,512.0
wa9xd98o,4b6b68e5,595.0
cbvc5e3w,4b6b68e5,252.94999992847443
2anyuqd8,4b6b68e5,567.5000000004657
1r6yodve,4b6b68e5,446.0
zfeorjum,4b6b68e5,832.0
hkj9daz7,4b6b68e5,1128.0
w12e497z,4b6b68e5,3447.79999999702
9ohxtpht,4b6b68e5,799.6999999992549
pcrxo3zp,4b6b68e5,961.0999999046326
f5ktzt2t,4b6b68e5,667.0999999046326
kkeej6x5,4b6b68e5,626.1999999992549
2w766g1z,4b6b68e5,648.3000000715256
mr7lkk46,4b6b68e5,1184.75
nqubyvew,4b6b68e5,711.8000000119209
onnumbyy,4b6b68e5,637.0
m63pxnwq,4b6b68e5,727.9999998807907
nldu5ge3,4b6b68e5,761.7000000029802
t3l0if03,4b6b68e5,593.5000000298023
4wx63ymf,4b6b68e5,778.0999999996275
nfbzvhip,4b6b68e5,448.0
pz38obzd,4b6b68e5,860.1499999761581
xklnx39q,4b6b68e5,1462.399999976158
nrfiw9bx,4b6b68e5,863.6999998092651
vbwguazj,4b6b68e5,708.0999999977648
7agy8y3l,4b6b68e5,725.2499999403954
o1t1fb7j,4b6b68e5,2252.199999988079
om1m73rv,4b6b68e5,637.1999999284744
8jwr3j6t,4b6b68e5,787.6000001430511
z3die4q3,4b6b68e5,895.0
8yhijukj,4b6b68e5,931.3000000119208
mhskzwic,4b6b68e5,649.0
mzi8f2hv,4b6b68e5,779.7000000011176
189iqcds,4b6b68e5,1416.39999999851
fgxp8fzz,4b6b68e5,1445.1499999761581
xgvto4mg,4b6b68e5,561.8500000014901
hd5k29qy,4b6b68e5,733.5
72p6pxny,4b6b68e5,488.2999999523163
rhbgnqhz,4b6b68e5,1099.300000011921
gkse9wdn,4b6b68e5,868.0
g7svteiz,4b6b68e5,952.6000001430511
yfyhejim,4b6b68e5,655.1500000953674
ei0ij8ms,4b6b68e5,718.5
0yfthc4y,4b6b68e5,530.1000000089407
2tkm21z6,4b6b68e5,440.0
ldo5smvx,4b6b68e5,934.8000001907347
jayyv6lz,4b6b68e5,631.0
qu0lm98m,4b6b68e5,782.8500000014901
8oohxrrz,4b6b68e5,607.6999999284744
qfiy90jx,4b6b68e5,817.1000001430511
x5id5i5q,4b6b68e5,952.5
2d8q4qkc,4b6b68e5,711.0
g3vslpjv,4b6b68e5,1376.89999999851
c9sps7bl,4b6b68e5,3129.2999999523163
bx44xwzb,4b6b68e5,1039.89999999851
o2ho0580,4b6b68e5,1647.1500000953674
idma9086,4b6b68e5,972.9000000357628
r99uy0qb,4b6b68e5,1011.0
b73rrttr,4b6b68e5,1155.8500000005588
0fy66fv2,4b6b68e5,252.5
yebzokh4,4b6b68e5,535.8999999985099
kavvl57w,4b6b68e5,2162.1499999910593
l0nln4b2,4b6b68e5,852.5
aypxap78,4b6b68e5,1285.0999999940395
ascil7wf,4b6b68e5,1092.0
8y2nd2sh,4b6b68e5,1534.5
xji13cu2,4b6b68e5,3744.0
jqeesfz7,4b6b68e5,425.19999999925494
nx0vccp8,4b6b68e5,705.5500000119209
8psac9uo,4b6b68e5,1042.2000000476835
kck1uue7,4b6b68e5,977.2500001192093
3irnkhq8,4b6b68e5,2719.300000011921
4s9g1cze,4b6b68e5,1020.8000000119208
v6jvgdvg,4b6b68e5,815.5000002384186
l5sagbsh,4b6b68e5,1264.5
ljwskxcq,4b6b68e5,651.2999997138977
zj5uemkt,4b6b68e5,1121.899999976158
uktb326q,4b6b68e5,447.0
bw2cwy0m,4b6b68e5,559.7500000009313
kwy2bqjo,4b6b68e5,1682.8000000715256
qv0yh587,4b6b68e5,461.0
t2eyvuxq,4b6b68e5,950.2999999523164
mlvcv31l,4b6b68e5,1986.9000000059605
o4kkkuj9,4b6b68e5,566.0999999996275
k8txaw58,4b6b68e5,686.7999999523163
d1vjrjhc,4b6b68e5,671.0999999940395
a589fsqz,4b6b68e5,504.09999999403954
s03ed531,4b6b68e5,783.0
2j8p9vyz,4b6b68e5,836.5
wcau806y,4b6b68e5,2324.0
ni5df01j,4b6b68e5,817.8500000238419
eyn3wygc,4b6b68e5,614.1000000089407
ew4oecfi,4b6b68e5,733.0
mrwlcmno,4b6b68e5,444.0
ce9qdbyh,4b6b68e5,376.5
j2dvablb,4b6b68e5,697.3000000007451
904h81sn,4b6b68e5,824.0
sesf1qnx,4b6b68e5,3871.35000000149
4stfwpke,4b6b68e5,963.4000000003725
nhds6zsd,4b6b68e5,451.0
vr20hyge,4b6b68e5,3166.0
jeq3oy2g,4b6b68e5,2337.5
mrypomny,4b6b68e5,472.0
rjanlii9,4b6b68e5,740.3500000238419
c7ac53of,4b6b68e5,720.1999998092651
8bgj1tsd,4b6b68e5,451.7000000476837
tc5wgx8h,4b6b68e5,817.4000000059605
qqqzakmg,4b6b68e5,1170.0
648anokh,4b6b68e5,744.8500000238419
zc26r1al,4b6b68e5,389.1999999284744
a0w1xgxf,4b6b68e5,573.0
41kp06jx,4b6b68e5,894.8999999985099
lmtka1ev,4b6b68e5,692.0
a6jpzpek,4b6b68e5,1120.0999999996275
6eyovdd2,4b6b68e5,608.0
f1ejz9fy,4b6b68e5,803.2999999523163
a9gvtd1o,4b6b68e5,1280.9500007629395
e0biso3r,4b6b68e5,921.7000000476837
icf7bchs,4b6b68e5,889.0
l9krayds,4b6b68e5,878.5
aqmjput5,4b6b68e5,720.0
dmft9d3y,4b6b68e5,951.2999999523164
6e5gb0yb,4b6b68e5,717.6000000238419
kmwiem6m,4b6b68e5,576.25
d33m799j,4b6b68e5,3767.550000011921
ikfbpugl,4b6b68e5,625.5999999940395
cp3b83py,4b6b68e5,587.8000000119209
qothvfhf,4b6b68e5,660.3499999940395
27d8totr,4b6b68e5,1477.3500000014901
fkx2gd88,4b6b68e5,1159.899999976158
pad0sufd,4b6b68e5,772.5
emwp6wq7,4b6b68e5,4848.099999904633
npr5bsi2,4b6b68e5,763.0499999523163
ym49wqbn,4b6b68e5,617.5500000119209
154uk6vm,4b6b68e5,715.8499999940395
xeu3j3ki,4b6b68e5,758.0
5nrjvc7q,4b6b68e5,845.7000000029802
o5qropwk,4b6b68e5,668.0
5hz183aa,4b6b68e5,1105.0
61zahdh9,4b6b68e5,666.1999999880791
bmlngyh3,4b6b68e5,630.1000001430511
3d2as981,4b6b68e5,1564.1999999284744
cghxa2ie,4b6b68e5,1520.5
clucow7d,4b6b68e5,855.1000000089407
74l1qvc1,4b6b68e5,1031.250000000931
byx9jkxm,4b6b68e5,649.5
f0wpo2hr,4b6b68e5,808.5
qazkn1sw,4b6b68e5,767.5
c7z6erey,4b6b68e5,538.0500000119209
8aknstxj,4b6b68e5,1007.1999999880792
zvbewhqx,4b6b68e5,772.0999999642372
0hrc9vve,4b6b68e5,2742.1000003814697
n2et79bd,4b6b68e5,716.3000000007451
ism64anu,4b6b68e5,847.0000000596046
plfupad7,4b6b68e5,1133.0
ske58akk,4b6b68e5,1032.800000011921
ovhoesyy,4b6b68e5,753.5
3cc6zm51,4b6b68e5,365.60000002384186
stbyxpx6,4b6b68e5,454.0
hpl7jugr,4b6b68e5,1086.0
nze0azo1,4b6b68e5,871.8999999761581
r2ck84r8,4b6b68e5,890.0
y32zaw9c,4b6b68e5,489.0
0ra11hiv,4b6b68e5,6670.249999046326
qkiu92kk,4b6b68e5,414.699999988079
44o5xnxe,4b6b68e5,749.0
qfsp3ery,4b6b68e5,998.5999999046326
q04yitea,4b6b68e5,689.2999999523163
02333qfj,4b6b68e5,943.9000000953674
e2w81k0i,4b6b68e5,947.9000000357628
4s3cm7d8,4b6b68e5,471.5
hsm45iwx,4b6b68e5,1084.6000000089407
sn10zd6g,4b6b68e5,863.6000001430511
phbjwkyw,4b6b68e5,648.1999999880791
89u58v07,4b6b68e5,916.5
a0w1xgxf,3eda0437,1576.0
41kp06jx,3eda0437,3308.199999999255
a6jpzpek,3eda0437,1608.0
6eyovdd2,3eda0437,3257.649999976158
vpxztp7b,3eda0437,3923.0
f1ejz9fy,3eda0437,2024.4000000059605
e0biso3r,3eda0437,2978.099999904633
rjanlii9,3eda0437,4346.400000095367
c7ac53of,3eda0437,3263.7999999523163
mrypomny,3eda0437,431.0
8bgj1tsd,3eda0437,4265.0
tc5wgx8h,3eda0437,2273.100000023842
648anokh,3eda0437,2563.6999999284744
qqqzakmg,3eda0437,2009.0
zc26r1al,3eda0437,500.2000000476837
4stfwpke,3eda0437,2834.8499999996275
nhds6zsd,3eda0437,613.5
vr20hyge,3eda0437,1353.0
03ljcqhc,3eda0437,1756.0
904h81sn,3eda0437,2851.9000000059605
so5k1adg,3eda0437,447.75
j2dvablb,3eda0437,3094.0999999996275
xasfvnb7,3eda0437,459.6000003814697
sesf1qnx,3eda0437,2467.20000000298
6p8vl3lk,3eda0437,5762.0
2j8p9vyz,3eda0437,2744.0
s03ed531,3eda0437,750.0
wcau806y,3eda0437,644.5
eyn3wygc,3eda0437,442.0
ni5df01j,3eda0437,4273.799999952316
mrwlcmno,3eda0437,489.0
ew4oecfi,3eda0437,2734.0
t2eyvuxq,3eda0437,5659.299999952316
qv0yh587,3eda0437,1136.5
d1vjrjhc,3eda0437,340.29999999701977
k8txaw58,3eda0437,3111.7999999523163
o4kkkuj9,3eda0437,2039.5
mlvcv31l,3eda0437,3237.9000000059605
a589fsqz,3eda0437,2824.7999999821186
cdo2cmtp,3eda0437,1196.1500000003723
uktb326q,3eda0437,495.0
bw2cwy0m,3eda0437,673.7999999988824
kwy2bqjo,3eda0437,4124.299999952316
ljwskxcq,3eda0437,4224.5
v6jvgdvg,3eda0437,720.3999998569489
4s9g1cze,3eda0437,2245.399999976158
3irnkhq8,3eda0437,4090.300000011921
hsm45iwx,3eda0437,407.7999999821186
e2w81k0i,3eda0437,2548.8000000715256
4s3cm7d8,3eda0437,2979.0
sn10zd6g,3eda0437,3806.100000143051
szbhlpfr,3eda0437,768.0999999940395
phbjwkyw,3eda0437,3605.3000000715256
095bdwyc,3eda0437,455.8999999985099
y32zaw9c,3eda0437,781.0
cuybsfwr,3eda0437,1362.39999999851
0ra11hiv,3eda0437,634.8999996185303
44o5xnxe,3eda0437,463.0
qkiu92kk,3eda0437,345.0
02333qfj,3eda0437,4059.900000095367
qfsp3ery,3eda0437,633.0
q04yitea,3eda0437,1771.2999999523163
3cc6zm51,3eda0437,269.8000000715256
ovhoesyy,3eda0437,4078.0
ske58akk,3eda0437,1181.100000023842
r24jdhzg,3eda0437,1119.300000000745
stbyxpx6,3eda0437,5079.699999988079
hpl7jugr,3eda0437,1687.5
r2ck84r8,3eda0437,1601.8499999046326
nze0azo1,3eda0437,394.7999999523163
qazkn1sw,3eda0437,1939.0
f0wpo2hr,3eda0437,3958.0
c7z6erey,3eda0437,5027.100000023842
zvbewhqx,3eda0437,823.8500000238419
plfupad7,3eda0437,3571.25
ism64anu,3eda0437,2209.449999988079
n2et79bd,3eda0437,3094.100000000559
bmlngyh3,3eda0437,2010.0
clucow7d,3eda0437,2672.7999999821186
3d2as981,3eda0437,973.2000000476836
cghxa2ie,3eda0437,3248.5
74l1qvc1,3eda0437,1414.7999999998135
byx9jkxm,3eda0437,2817.0
emwp6wq7,3eda0437,2883.349999964237
pad0sufd,3eda0437,2027.89999999851
npr5bsi2,3eda0437,212.20000004768372
ym49wqbn,3eda0437,2736.650000035763
154uk6vm,3eda0437,471.75
o5qropwk,3eda0437,1965.0
5nrjvc7q,3eda0437,497.2000000178814
ol9lky1i,3eda0437,3199.7999999523163
61zahdh9,3eda0437,972.2999999523164
kmwiem6m,3eda0437,3138.199999988079
ikfbpugl,3eda0437,1100.5
d33m799j,3eda0437,2885.8000000715256
cp3b83py,3eda0437,1218.800000011921
fkx2gd88,3eda0437,2394.5000000298023
27d8totr,3eda0437,799.6000000014901
qothvfhf,3eda0437,1198.5500000119207
icf7bchs,3eda0437,1083.5
aqmjput5,3eda0437,2562.0
f5ohsl5h,3eda0437,2869.199999809265
dmft9d3y,3eda0437,5031.900000095367
6e5gb0yb,3eda0437,752.5999999046326
om1m73rv,3eda0437,4723.700000047684
vbwguazj,3eda0437,352.09999999962747
7agy8y3l,3eda0437,511.89999997615814
8jwr3j6t,3eda0437,552.1000000238419
mhskzwic,3eda0437,1682.5
8yhijukj,3eda0437,7703.400000035763
xklnx39q,3eda0437,4240.799999952316
pz38obzd,3eda0437,1419.8499999642372
m63pxnwq,3eda0437,3637.700000047684
nldu5ge3,3eda0437,2024.8999999910593
t3l0if03,3eda0437,1661.399999976158
ler5uq42,3eda0437,668.0
4wx63ymf,3eda0437,2359.0
pcrxo3zp,3eda0437,1223.7000002861023
kkeej6x5,3eda0437,408.0
f5ktzt2t,3eda0437,2169.149999976158
mr7lkk46,3eda0437,4715.099999904633
2w766g1z,3eda0437,1721.5
0wk7vjg8,3eda0437,854.0
k0qq522n,3eda0437,447.69999999925494
cbvc5e3w,3eda0437,283.2999999523163
zfeorjum,3eda0437,482.0
hkj9daz7,3eda0437,2600.60000000149
w12e497z,3eda0437,1425.3999999985099
9ohxtpht,3eda0437,3408.10000000149
4j6cy1mk,3eda0437,2278.850000023842
fl73adm5,3eda0437,2496.7999999523163
oxvw1rhx,3eda0437,404.59999999962747
8d21w3yr,3eda0437,1820.0
wa9xd98o,3eda0437,4335.0
cfclud8z,3eda0437,4451.0
z8b26ynw,3eda0437,2869.0
zelqv7az,3eda0437,392.39999997615814
jx6lhkbi,3eda0437,4716.300000190735
mpzcivx9,3eda0437,1682.2999999998137
clhkwrie,3eda0437,2913.6000000089407
1qt2f29y,3eda0437,3566.7379999998957
sp00glmz,3eda0437,660.1500000003725
23iyreiv,3eda0437,2971.8499999046326
ya0wv6pm,3eda0437,358.0
9evwb372,3eda0437,1453.0
2ke9hbes,3eda0437,548.0
jqeesfz7,3eda0437,490.9500000011176
xji13cu2,3eda0437,2640.800000011921
9pjr0waw,3eda0437,548.5
kck1uue7,3eda0437,6251.299999952316
8psac9uo,3eda0437,701.7000000476837
nx0vccp8,3eda0437,556.1000000238419
aypxap78,3eda0437,2578.5
l0nln4b2,3eda0437,506.800000011921
ascil7wf,3eda0437,3097.1000000089407
8y2nd2sh,3eda0437,1367.699999988079
idma9086,3eda0437,14689.900000035765
r99uy0qb,3eda0437,2590.0
b73rrttr,3eda0437,427.95000000018626
yebzokh4,3eda0437,688.0
kavvl57w,3eda0437,2660.5
qfiy90jx,3eda0437,3793.0
8oohxrrz,3eda0437,2328.0
x5id5i5q,3eda0437,475.0
g3vslpjv,3eda0437,5139.30000000447
2d8q4qkc,3eda0437,1888.0
o2ho0580,3eda0437,783.6999998092651
bx44xwzb,3eda0437,600.0999999940395
c9sps7bl,3eda0437,1442.899999976158
ldo5smvx,3eda0437,2291.199999809265
qu0lm98m,3eda0437,2064.39999999851
jayyv6lz,3eda0437,503.0
yfyhejim,3eda0437,1349.2999999523163
0yfthc4y,3eda0437,992.1999999880792
ei0ij8ms,3eda0437,3236.0
2tkm21z6,3eda0437,522.0
yc52i3qf,3eda0437,382.5
g7svteiz,3eda0437,844.5
c2lwacqc,3eda0437,404.15000000596046
cw4tyx7n,3eda0437,1755.2000000029802
189iqcds,3eda0437,2587.900000002235
mzi8f2hv,3eda0437,1684.5
fgxp8fzz,3eda0437,2928.7000000476837
72p6pxny,3eda0437,3233.699999809265
rhbgnqhz,3eda0437,2568.0
hd5k29qy,3eda0437,416.90000000596046
gkse9wdn,3eda0437,801.0000000018626
bmlngyh3,21f83797,479.90000009536743
clucow7d,21f83797,1307.0999999940395
3d2as981,21f83797,2839.699999988079
cghxa2ie,21f83797,1307.0
byx9jkxm,21f83797,971.0
j2pjmr32,21f83797,1968.0
emwp6wq7,21f83797,2098.6999999284744
pad0sufd,21f83797,1975.0
xeu3j3ki,21f83797,2085.0
npr5bsi2,21f83797,342.7000000476837
154uk6vm,21f83797,3036.500000014901
ym49wqbn,21f83797,789.3500000238419
o5qropwk,21f83797,353.0
5nrjvc7q,21f83797,1188.5999999940395
ol9lky1i,21f83797,903.5
61zahdh9,21f83797,936.4000000357628
5hz183aa,21f83797,1082.0
kmwiem6m,21f83797,796.1999999880791
5pds9j1d,21f83797,325.7999999988824
ikfbpugl,21f83797,716.0999999642372
d33m799j,21f83797,1435.949999988079
27d8totr,21f83797,3918.39999999851
qothvfhf,21f83797,456.84999999403954
91fk0af9,21f83797,1420.9000000357628
icf7bchs,21f83797,435.5
aqmjput5,21f83797,1316.0
l9krayds,21f83797,2407.6999999284744
bhpug29p,21f83797,1054.8000000000466
f5ohsl5h,21f83797,1493.8000001907349
nvlsix5c,21f83797,392.0
dmft9d3y,21f83797,902.6499999761581
6e5gb0yb,21f83797,372.5500000715256
hsm45iwx,21f83797,1232.0999999940395
e2w81k0i,21f83797,671.5
4s3cm7d8,21f83797,572.0
sn10zd6g,21f83797,1259.6499999761581
szbhlpfr,21f83797,1918.1000000089407
phbjwkyw,21f83797,344.1500000357628
89u58v07,21f83797,1766.2000000001863
y32zaw9c,21f83797,569.0
cuybsfwr,21f83797,1188.0999999977648
44o5xnxe,21f83797,573.0
qkiu92kk,21f83797,667.7999999821186
02333qfj,21f83797,1392.3999998569489
qfsp3ery,21f83797,618.2000000476837
q04yitea,21f83797,1310.4999999403954
3cc6zm51,21f83797,576.3999999761581
ovhoesyy,21f83797,1753.0
ske58akk,21f83797,1434.3999999761581
r24jdhzg,21f83797,1014.1999999992548
hpl7jugr,21f83797,1108.0
r2ck84r8,21f83797,895.75
nze0azo1,21f83797,1006.5
qazkn1sw,21f83797,339.0
f0wpo2hr,21f83797,1590.5
8aknstxj,21f83797,496.60000002384186
c7z6erey,21f83797,899.6999999880791
zvbewhqx,21f83797,3041.5500000715256
0hrc9vve,21f83797,2462.5499997138977
plfupad7,21f83797,1165.0499999998137
ism64anu,21f83797,1491.8000000119207
2j8p9vyz,21f83797,1338.5
s03ed531,21f83797,649.0
wcau806y,21f83797,1333.0
eyn3wygc,21f83797,2164.1500000059605
ni5df01j,21f83797,1794.9000000953674
mrwlcmno,21f83797,402.0
ew4oecfi,21f83797,1869.0
t2eyvuxq,21f83797,1454.100000023842
qv0yh587,21f83797,568.0
d1vjrjhc,21f83797,2039.60000000149
k8txaw58,21f83797,1730.25
o4kkkuj9,21f83797,418.1000000014901
mlvcv31l,21f83797,1343.2999999970198
a589fsqz,21f83797,839.9499999880791
cdo2cmtp,21f83797,278.1000000014901
uktb326q,21f83797,303.0
kwy2bqjo,21f83797,1447.3500000238419
bw2cwy0m,21f83797,1531.0999999996275
ljwskxcq,21f83797,889.6000003814697
v6jvgdvg,21f83797,1686.2000000476837
l5sagbsh,21f83797,662.0
4s9g1cze,21f83797,1137.5999999940395
3irnkhq8,21f83797,835.8499999940395
zj5uemkt,21f83797,616.9499999880791
lmtka1ev,21f83797,397.0
41kp06jx,21f83797,1591.1499999994412
a0w1xgxf,21f83797,478.0
6eyovdd2,21f83797,648.1000000238419
a6jpzpek,21f83797,1595.1499999985099
vpxztp7b,21f83797,392.0
f1ejz9fy,21f83797,1557.4000000357628
a9gvtd1o,21f83797,1463.6999988555908
e0biso3r,21f83797,1904.4999999999998
rjanlii9,21f83797,1585.5
c7ac53of,21f83797,2677.4500000476837
jeq3oy2g,21f83797,1750.0
mrypomny,21f83797,537.0
tc5wgx8h,21f83797,978.9000000059604
8bgj1tsd,21f83797,541.1999999284744
648anokh,21f83797,837.8000000715256
nhds6zsd,21f83797,600.0
vr20hyge,21f83797,662.0
ce9qdbyh,21f83797,751.3499999642372
904h81sn,21f83797,1524.199999988079
so5k1adg,21f83797,277.65000000037253
j2dvablb,21f83797,1030.0999999996277
xasfvnb7,21f83797,571.5
sesf1qnx,21f83797,1798.0500000044701
qu0lm98m,21f83797,833.6000000014901
jayyv6lz,21f83797,2367.0
yfyhejim,21f83797,1239.0999999046326
0yfthc4y,21f83797,1536.5499999970198
ei0ij8ms,21f83797,1395.0
2tkm21z6,21f83797,430.5
g7svteiz,21f83797,639.2999999523163
c2lwacqc,21f83797,1621.25
cw4tyx7n,21f83797,679.6000000089407
189iqcds,21f83797,2107.29999999702
mzi8f2hv,21f83797,646.0999999996275
xgvto4mg,21f83797,620.3999999985099
fgxp8fzz,21f83797,1646.2000000476835
72p6pxny,21f83797,1700.8999999761581
rhbgnqhz,21f83797,1425.800000011921
hd5k29qy,21f83797,2451.700000010431
gkse9wdn,21f83797,934.0
jqeesfz7,21f83797,189.4499999973923
xji13cu2,21f83797,336.34999999403954
9pjr0waw,21f83797,908.4000000003725
kck1uue7,21f83797,599.1999999284744
8psac9uo,21f83797,1355.4000000953674
nx0vccp8,21f83797,942.5
aypxap78,21f83797,1133.100000023842
l0nln4b2,21f83797,1458.4000000357628
ascil7wf,21f83797,1515.8999999910593
8y2nd2sh,21f83797,1435.199999988079
idma9086,21f83797,1583.050000011921
r99uy0qb,21f83797,1005.0
b73rrttr,21f83797,376.0999999996274
yebzokh4,21f83797,559.9000000059605
qfiy90jx,21f83797,1653.3999998569489
8oohxrrz,21f83797,1632.0
g3vslpjv,21f83797,1139.1999999955297
2d8q4qkc,21f83797,1200.5
o2ho0580,21f83797,1361.5
c9sps7bl,21f83797,1434.2000000476835
0wk7vjg8,21f83797,3929.0
2anyuqd8,21f83797,701.0
1r6yodve,21f83797,733.0
k0qq522n,21f83797,424.4000000003726
hkj9daz7,21f83797,1398.39999999851
zfeorjum,21f83797,880.5
w12e497z,21f83797,2319.5
9ohxtpht,21f83797,607.7000000029802
fl73adm5,21f83797,1397.0499999523163
4j6cy1mk,21f83797,874.7999999523163
oxvw1rhx,21f83797,1059.7000000011176
8d21w3yr,21f83797,1953.0
cfclud8z,21f83797,2121.199999999255
z8b26ynw,21f83797,1005.0
zelqv7az,21f83797,1399.100000023842
jx6lhkbi,21f83797,1084.0
mpzcivx9,21f83797,718.0
1qt2f29y,21f83797,416.67499999993015
clhkwrie,21f83797,2313.0500000044703
sp00glmz,21f83797,2954.5499999970198
ya0wv6pm,21f83797,920.0
9evwb372,21f83797,1550.0
om1m73rv,21f83797,640.0
vbwguazj,21f83797,577.9499999992549
o1t1fb7j,21f83797,1249.7999999821186
7agy8y3l,21f83797,852.5
p445h6ow,21f83797,1876.0
8jwr3j6t,21f83797,885.2999999523163
z3die4q3,21f83797,887.0
mhskzwic,21f83797,730.0
8yhijukj,21f83797,999.3000000119208
50nsp39w,21f83797,1190.0
xklnx39q,21f83797,1703.7000000476835
pz38obzd,21f83797,790.8999999761581
nrfiw9bx,21f83797,1517.0
m63pxnwq,21f83797,1172.6500000953674
nldu5ge3,21f83797,1218.9500000029802
t3l0if03,21f83797,1274.1999999582767
ler5uq42,21f83797,775.0000000004657
nfbzvhip,21f83797,456.5
4wx63ymf,21f83797,729.2999999998137
bcyhma9y,21f83797,431.699999988079
pcrxo3zp,21f83797,1780.1000001430511
kkeej6x5,21f83797,983.8000000044703
f5ktzt2t,21f83797,953.8500000238417
mr7lkk46,21f83797,1913.899999976158
2w766g1z,21f83797,1296.5
nqubyvew,21f83797,915.2500000149012
8y2nd2sh,6ea4a07e,1962.1499999761581
ascil7wf,6ea4a07e,699.4499999955297
aypxap78,6ea4a07e,316.0
l0nln4b2,6ea4a07e,523.5
kck1uue7,6ea4a07e,2586.900000095367
8psac9uo,6ea4a07e,864.6000000238419
nx0vccp8,6ea4a07e,1686.050000011921
jqeesfz7,6ea4a07e,260.4000000022352
o2ho0580,6ea4a07e,1287.3999996185303
bx44xwzb,6ea4a07e,861.8999999985099
c9sps7bl,6ea4a07e,1140.5999999642372
g3vslpjv,6ea4a07e,1107.6999999955297
2d8q4qkc,6ea4a07e,614.0
qfiy90jx,6ea4a07e,1934.4000000953672
8oohxrrz,6ea4a07e,1252.1000000238419
kavvl57w,6ea4a07e,1992.6499999910593
yebzokh4,6ea4a07e,568.1000000014901
b73rrttr,6ea4a07e,343.90000000037253
r99uy0qb,6ea4a07e,2135.5
idma9086,6ea4a07e,476.30000001192093
2tkm21z6,6ea4a07e,579.0
0yfthc4y,6ea4a07e,367.800000011921
ei0ij8ms,6ea4a07e,1180.0
9wkeb5tu,6ea4a07e,376.05000001192093
yfyhejim,6ea4a07e,990.9000000953674
qu0lm98m,6ea4a07e,424.90000000596046
ldo5smvx,6ea4a07e,588.8999996185303
rhbgnqhz,6ea4a07e,470.10000002384186
72p6pxny,6ea4a07e,1577.7000000476835
hd5k29qy,6ea4a07e,516.3500000014901
xgvto4mg,6ea4a07e,514.8000000007451
fgxp8fzz,6ea4a07e,925.6999998092653
189iqcds,6ea4a07e,2905.949999999255
mzi8f2hv,6ea4a07e,1463.5
c2lwacqc,6ea4a07e,345.5
g7svteiz,6ea4a07e,551.0
cw4tyx7n,6ea4a07e,2196.300000011921
yc52i3qf,6ea4a07e,356.5
nrfiw9bx,6ea4a07e,889.5999999046326
xklnx39q,6ea4a07e,974.399999976158
pz38obzd,6ea4a07e,565.0
mhskzwic,6ea4a07e,585.0
8yhijukj,6ea4a07e,487.64999997615814
50nsp39w,6ea4a07e,221.70000004768372
z3die4q3,6ea4a07e,1453.0
p445h6ow,6ea4a07e,383.0
8jwr3j6t,6ea4a07e,200.5
om1m73rv,6ea4a07e,283.5
o1t1fb7j,6ea4a07e,857.5999999940395
7agy8y3l,6ea4a07e,1663.2999999523165
nqubyvew,6ea4a07e,1223.75
mr7lkk46,6ea4a07e,1033.100000023842
2w766g1z,6ea4a07e,264.0
kkeej6x5,6ea4a07e,472.3999999985099
f5ktzt2t,6ea4a07e,1132.3999998569489
pcrxo3zp,6ea4a07e,440.90000009536743
ler5uq42,6ea4a07e,824.4999999995343
nfbzvhip,6ea4a07e,751.3000001907349
4wx63ymf,6ea4a07e,1507.9000000003725
t3l0if03,6ea4a07e,1366.300000011921
nldu5ge3,6ea4a07e,225.8999999910593
m63pxnwq,6ea4a07e,576.2000000476837
onnumbyy,6ea4a07e,986.5
wa9xd98o,6ea4a07e,545.5
8d21w3yr,6ea4a07e,395.0
318gokyy,6ea4a07e,216.10000014305115
oxvw1rhx,6ea4a07e,1430.5
4j6cy1mk,6ea4a07e,212.70000004768372
fl73adm5,6ea4a07e,1368.1500000953672
9ohxtpht,6ea4a07e,423.29999999701977
w12e497z,6ea4a07e,4215.800000011921
zfeorjum,6ea4a07e,685.0
hkj9daz7,6ea4a07e,1031.10000000149
1r6yodve,6ea4a07e,762.0
wz0zoo1d,6ea4a07e,586.5500000119209
k0qq522n,6ea4a07e,458.4000000003726
cbvc5e3w,6ea4a07e,331.10000014305115
0wk7vjg8,6ea4a07e,500.0
9evwb372,6ea4a07e,2576.0
ya0wv6pm,6ea4a07e,376.0
sp00glmz,6ea4a07e,998.60000000149
mpzcivx9,6ea4a07e,1151.7000000011176
clhkwrie,6ea4a07e,412.5
1qt2f29y,6ea4a07e,491.6765000000596
jx6lhkbi,6ea4a07e,539.2499998807907
zelqv7az,6ea4a07e,431.60000002384186
z8b26ynw,6ea4a07e,1246.5
cfclud8z,6ea4a07e,791.2999999970198
02333qfj,6ea4a07e,1525.5
q04yitea,6ea4a07e,1498.8499999642372
qfsp3ery,6ea4a07e,1601.1000003814695
44o5xnxe,6ea4a07e,498.0
qkiu92kk,6ea4a07e,344.5
0ra11hiv,6ea4a07e,680.1000003814697
cuybsfwr,6ea4a07e,251.79999999701977
y32zaw9c,6ea4a07e,614.0
89u58v07,6ea4a07e,993.9500000001864
szbhlpfr,6ea4a07e,360.0
phbjwkyw,6ea4a07e,299.7000000476837
sn10zd6g,6ea4a07e,1837.5999999046328
hsm45iwx,6ea4a07e,472.199999988079
e2w81k0i,6ea4a07e,1328.8000000715256
ism64anu,6ea4a07e,585.2999999523163
n2et79bd,6ea4a07e,187.69999999925497
0hrc9vve,6ea4a07e,1400.1999998092651
zvbewhqx,6ea4a07e,319.5
c7z6erey,6ea4a07e,240.19999998807907
8aknstxj,6ea4a07e,400.39999997615814
qazkn1sw,6ea4a07e,423.0
f0wpo2hr,6ea4a07e,480.0
r2ck84r8,6ea4a07e,2349.100000023842
nze0azo1,6ea4a07e,357.10000002384186
hpl7jugr,6ea4a07e,817.0
r24jdhzg,6ea4a07e,319.8999999985099
stbyxpx6,6ea4a07e,496.199999988079
3cc6zm51,6ea4a07e,203.70000004768372
ovhoesyy,6ea4a07e,572.5
ske58akk,6ea4a07e,696.1999999880791
61zahdh9,6ea4a07e,386.300000011921
5hz183aa,6ea4a07e,1164.0
o5qropwk,6ea4a07e,325.0
5nrjvc7q,6ea4a07e,438.40000000596046
xeu3j3ki,6ea4a07e,589.0
ym49wqbn,6ea4a07e,361.09999990463257
154uk6vm,6ea4a07e,370.0
npr5bsi2,6ea4a07e,245.5
emwp6wq7,6ea4a07e,536.2999999523163
pad0sufd,6ea4a07e,653.2000000001863
j2pjmr32,6ea4a07e,829.0
byx9jkxm,6ea4a07e,1294.0
74l1qvc1,6ea4a07e,439.4000000022352
clucow7d,6ea4a07e,1228.4999999850988
cghxa2ie,6ea4a07e,730.8999999985099
3d2as981,6ea4a07e,662.8999999761581
bmlngyh3,6ea4a07e,267.0
pgtp756s,6ea4a07e,381.09999999403954
6e5gb0yb,6ea4a07e,928.5
dmft9d3y,6ea4a07e,1533.25
bdfn1h0o,6ea4a07e,839.75
aqmjput5,6ea4a07e,388.0
f5ohsl5h,6ea4a07e,659.0999999046326
bhpug29p,6ea4a07e,684.1000000000931
icf7bchs,6ea4a07e,592.5
fkx2gd88,6ea4a07e,1752.300000011921
27d8totr,6ea4a07e,735.0
qothvfhf,6ea4a07e,381.39999997615814
cp3b83py,6ea4a07e,1072.699999988079
ikfbpugl,6ea4a07e,841.4500000178814
d33m799j,6ea4a07e,1945.050000011921
kmwiem6m,6ea4a07e,985.4000000953674
zc26r1al,6ea4a07e,299.0
648anokh,6ea4a07e,406.5
qqqzakmg,6ea4a07e,612.7999999523163
8bgj1tsd,6ea4a07e,343.60000014305115
tc5wgx8h,6ea4a07e,329.7000000178814
c7ac53of,6ea4a07e,5482.099999904633
rjanlii9,6ea4a07e,414.7999999523163
mrypomny,6ea4a07e,808.0
jeq3oy2g,6ea4a07e,356.0
e0biso3r,6ea4a07e,776.8499999046326
a9gvtd1o,6ea4a07e,485.0999984741211
vpxztp7b,6ea4a07e,361.0
f1ejz9fy,6ea4a07e,481.19999998807907
a6jpzpek,6ea4a07e,1134.9000000022352
6eyovdd2,6ea4a07e,439.6999999284744
lmtka1ev,6ea4a07e,1310.0
a0w1xgxf,6ea4a07e,387.0
41kp06jx,6ea4a07e,1261.4000000003723
xasfvnb7,6ea4a07e,628.9000000953674
so5k1adg,6ea4a07e,369.05000000074506
904h81sn,6ea4a07e,626.0999999940395
j2dvablb,6ea4a07e,296.2999999988824
ce9qdbyh,6ea4a07e,339.40000009536743
vr20hyge,6ea4a07e,683.0
nhds6zsd,6ea4a07e,570.0
4stfwpke,6ea4a07e,675.8000000007451
a589fsqz,6ea4a07e,2265.9000000059605
d1vjrjhc,6ea4a07e,633.1499999985099
k8txaw58,6ea4a07e,327.5
o4kkkuj9,6ea4a07e,1155.6000000005588
mlvcv31l,6ea4a07e,530.2000000029802
t2eyvuxq,6ea4a07e,317.8000000715256
qv0yh587,6ea4a07e,1365.0
mrwlcmno,6ea4a07e,408.0
ew4oecfi,6ea4a07e,1498.450000047684
eyn3wygc,6ea4a07e,359.89999997615814
ni5df01j,6ea4a07e,680.1000000238419
wcau806y,6ea4a07e,514.0
2j8p9vyz,6ea4a07e,884.0
s03ed531,6ea4a07e,566.0
zj5uemkt,6ea4a07e,620.8999999761581
ljwskxcq,6ea4a07e,1086.6000003814695
v6jvgdvg,6ea4a07e,667.5499999523163
l5sagbsh,6ea4a07e,428.5
4s9g1cze,6ea4a07e,1560.5000000298023
3irnkhq8,6ea4a07e,1302.050000011921
kwy2bqjo,6ea4a07e,586.6000000238419
bw2cwy0m,6ea4a07e,667.6999999992549
uktb326q,6ea4a07e,574.0
phbjwkyw,0a2355a6,736.1999999284744
szbhlpfr,0a2355a6,402.0
89u58v07,0a2355a6,2466.350000000093
4s3cm7d8,0a2355a6,424.0
e2w81k0i,0a2355a6,1488.7999999523165
hsm45iwx,0a2355a6,1279.5
sn10zd6g,0a2355a6,2115.0
qkiu92kk,0a2355a6,405.0
44o5xnxe,0a2355a6,496.0
q04yitea,0a2355a6,639.9999999403954
qfsp3ery,0a2355a6,769.6499998569489
y32zaw9c,0a2355a6,438.0
cuybsfwr,0a2355a6,1155.25
nze0azo1,0a2355a6,942.2999999523164
r2ck84r8,0a2355a6,643.5
hpl7jugr,0a2355a6,1531.5
ske58akk,0a2355a6,1097.2000000476835
ovhoesyy,0a2355a6,3005.0
3cc6zm51,0a2355a6,748.5999999046326
stbyxpx6,0a2355a6,552.4000000059605
r24jdhzg,0a2355a6,994.6000000014901
zvbewhqx,0a2355a6,328.2000000476837
n2et79bd,0a2355a6,1262.5
ism64anu,0a2355a6,724.8000000119209
plfupad7,0a2355a6,1448.5
f0wpo2hr,0a2355a6,1606.0
qazkn1sw,0a2355a6,562.5
c7z6erey,0a2355a6,625.7999999523163
byx9jkxm,0a2355a6,1729.0
74l1qvc1,0a2355a6,326815.05000000075
bmlngyh3,0a2355a6,619.8000001907349
cghxa2ie,0a2355a6,2543.900000002235
3d2as981,0a2355a6,2192.699999988079
clucow7d,0a2355a6,1914.0
5nrjvc7q,0a2355a6,796.9500000029802
o5qropwk,0a2355a6,340.0
5hz183aa,0a2355a6,3011.0
61zahdh9,0a2355a6,352.0
pad0sufd,0a2355a6,384.30000000074506
emwp6wq7,0a2355a6,1552.300000011921
ym49wqbn,0a2355a6,933.5500000715256
154uk6vm,0a2355a6,390.1000000089407
npr5bsi2,0a2355a6,335.09999990463257
cp3b83py,0a2355a6,850.3000000119209
91fk0af9,0a2355a6,454.699999988079
qothvfhf,0a2355a6,418.89999997615814
27d8totr,0a2355a6,3017.10000000149
fkx2gd88,0a2355a6,2893.300000011921
5pds9j1d,0a2355a6,348.94999999925494
kmwiem6m,0a2355a6,1156.300000011921
ikfbpugl,0a2355a6,1468.0
dmft9d3y,0a2355a6,927.8999999761581
6e5gb0yb,0a2355a6,1400.8500001430511
icf7bchs,0a2355a6,756.0
nvlsix5c,0a2355a6,2554.0
f5ohsl5h,0a2355a6,1486.1499996185305
l9krayds,0a2355a6,893.0
aqmjput5,0a2355a6,826.0
f1ejz9fy,0a2355a6,1844.3999999761581
vpxztp7b,0a2355a6,952.0
e0biso3r,0a2355a6,3259.6000003814697
a9gvtd1o,0a2355a6,1063.4000005722046
a0w1xgxf,0a2355a6,483.0
41kp06jx,0a2355a6,1773.1499999994412
a6jpzpek,0a2355a6,934.25
qqqzakmg,0a2355a6,779.3999999761581
648anokh,0a2355a6,1908.2499999403954
mrypomny,0a2355a6,408.0
jeq3oy2g,0a2355a6,1365.0
c7ac53of,0a2355a6,2034.3499999046326
rjanlii9,0a2355a6,399.9500000476837
tc5wgx8h,0a2355a6,624.7999999821186
nhds6zsd,0a2355a6,507.5
sesf1qnx,0a2355a6,758.2000000029802
xasfvnb7,0a2355a6,393.5499997138977
ce9qdbyh,0a2355a6,801.8999999761581
j2dvablb,0a2355a6,949.5
so5k1adg,0a2355a6,283.25
904h81sn,0a2355a6,645.8499999940395
ni5df01j,0a2355a6,2571.7500001192093
eyn3wygc,0a2355a6,1096.9000000059605
08vqizpx,0a2355a6,650.0
ew4oecfi,0a2355a6,2275.3499999046326
mrwlcmno,0a2355a6,394.5
s03ed531,0a2355a6,599.5
2j8p9vyz,0a2355a6,2444.0
wcau806y,0a2355a6,3399.0
mlvcv31l,0a2355a6,2582.5
k8txaw58,0a2355a6,1839.3999998569489
d1vjrjhc,0a2355a6,290.7500000074506
7o2tmcr2,0a2355a6,1155.699999988079
a589fsqz,0a2355a6,476.0
qv0yh587,0a2355a6,523.0
t2eyvuxq,0a2355a6,2743.449999988079
1xogp17t,0a2355a6,278.75
uktb326q,0a2355a6,509.0
bw2cwy0m,0a2355a6,411.84999999869615
kwy2bqjo,0a2355a6,2247.199999988079
cdo2cmtp,0a2355a6,315.7000000011176
zj5uemkt,0a2355a6,632.1500000357628
4s9g1cze,0a2355a6,683.1999999880791
v6jvgdvg,0a2355a6,547.5000002384186
l5sagbsh,0a2355a6,789.0
ljwskxcq,0a2355a6,1362.3000001907349
9pjr0waw,0a2355a6,1083.5
nx0vccp8,0a2355a6,706.0500000119209
8psac9uo,0a2355a6,874.7999999523163
kck1uue7,0a2355a6,1664.0
jqeesfz7,0a2355a6,320.94999999925494
8y2nd2sh,0a2355a6,2511.199999988079
l0nln4b2,0a2355a6,1311.9000000059605
aypxap78,0a2355a6,2219.949999988079
ascil7wf,0a2355a6,2415.8000000044703
yebzokh4,0a2355a6,508.0
r99uy0qb,0a2355a6,2011.0
idma9086,0a2355a6,470.85000002384186
7nszfy43,0a2355a6,2377.0
b73rrttr,0a2355a6,380.20000000018626
g3vslpjv,0a2355a6,1117.0999999977648
c9sps7bl,0a2355a6,2968.400000035763
bx44xwzb,0a2355a6,606.7999999970198
o2ho0580,0a2355a6,1019.3499999046326
8oohxrrz,0a2355a6,1547.8999999761581
qfiy90jx,0a2355a6,2737.100000023842
jayyv6lz,0a2355a6,468.0
qu0lm98m,0a2355a6,748.5499999970198
ldo5smvx,0a2355a6,2398.5
ei0ij8ms,0a2355a6,920.5
0yfthc4y,0a2355a6,663.3000000119209
2tkm21z6,0a2355a6,416.0
yfyhejim,0a2355a6,1478.3000001907349
yc52i3qf,0a2355a6,742.0999999642372
cw4tyx7n,0a2355a6,627.8500000089407
c2lwacqc,0a2355a6,589.0
g7svteiz,0a2355a6,782.2000000476837
hd5k29qy,0a2355a6,349.8999999910593
rhbgnqhz,0a2355a6,1046.4500000178814
72p6pxny,0a2355a6,361.0499999523163
gkse9wdn,0a2355a6,735.0
mzi8f2hv,0a2355a6,315.19999999925494
189iqcds,0a2355a6,460.15000000037253
fgxp8fzz,0a2355a6,3823.099999904633
xgvto4mg,0a2355a6,640.8000000007451
z3die4q3,0a2355a6,2103.0
8jwr3j6t,0a2355a6,456.0
8yhijukj,0a2355a6,824.3000000119209
mhskzwic,0a2355a6,446.0
7agy8y3l,0a2355a6,571.1000000238419
vbwguazj,0a2355a6,861.8000000007451
om1m73rv,0a2355a6,814.2999999523163
nrfiw9bx,0a2355a6,945.5499999523162
pz38obzd,0a2355a6,829.5
xklnx39q,0a2355a6,2577.7999999523163
t3l0if03,0a2355a6,1265.0
nldu5ge3,0a2355a6,335.20000000298023
4wx63ymf,0a2355a6,1736.199999999255
nfbzvhip,0a2355a6,2218.699999809265
ler5uq42,0a2355a6,665.0000000002328
onnumbyy,0a2355a6,1268.5
m63pxnwq,0a2355a6,1146.1000001430511
2w766g1z,0a2355a6,839.3999999761581
mr7lkk46,0a2355a6,3259.2000000476837
nqubyvew,0a2355a6,647.1000000238419
f5ktzt2t,0a2355a6,755.0
kkeej6x5,0a2355a6,504.20000000298023
pcrxo3zp,0a2355a6,2242.599999904633
zfeorjum,0a2355a6,947.0
hkj9daz7,0a2355a6,2296.79999999702
9ohxtpht,0a2355a6,797.4499999992549
w12e497z,0a2355a6,2824.5
0wk7vjg8,0a2355a6,1787.0
cbvc5e3w,0a2355a6,234.40000009536743
k0qq522n,0a2355a6,1673.3500000000931
wa9xd98o,0a2355a6,532.0
oxvw1rhx,0a2355a6,411.19999999925494
4j6cy1mk,0a2355a6,424.44999998807907
fl73adm5,0a2355a6,1515.0
8d21w3yr,0a2355a6,1424.0
jx6lhkbi,0a2355a6,2544.7999999523163
cfclud8z,0a2355a6,3841.14999999851
zelqv7az,0a2355a6,1128.0
9evwb372,0a2355a6,1378.0
ya0wv6pm,0a2355a6,1012.0
clhkwrie,0a2355a6,443.90000000596046
1qt2f29y,0a2355a6,375.007500000298
mpzcivx9,0a2355a6,815.0499999998137
sp00glmz,0a2355a6,1412.0499999988824
nvlsix5c,2c608aff,480.0
f5ohsl5h,2c608aff,1084.1999998092651
bhpug29p,2c608aff,651.3499999999767
aqmjput5,2c608aff,1346.5
l9krayds,2c608aff,3519.600000023842
dmft9d3y,2c608aff,1783.8000000715253
6e5gb0yb,2c608aff,787.6000001430511
pgtp756s,2c608aff,735.5499999970198
5pds9j1d,2c608aff,414.3499999977648
kmwiem6m,2c608aff,966.7999999523164
d33m799j,2c608aff,3291.2499999403954
ikfbpugl,2c608aff,1164.3999999761581
cp3b83py,2c608aff,975.5
qothvfhf,2c608aff,527.4499999880791
27d8totr,2c608aff,941.8499999977648
fkx2gd88,2c608aff,1973.199999988079
pad0sufd,2c608aff,1783.4000000003723
emwp6wq7,2c608aff,1672.0
ym49wqbn,2c608aff,1118.399999976158
npr5bsi2,2c608aff,214.5
xeu3j3ki,2c608aff,1968.0
5nrjvc7q,2c608aff,551.6500000059605
o5qropwk,2c608aff,416.5
61zahdh9,2c608aff,873.6000000238419
bmlngyh3,2c608aff,329.5
3d2as981,2c608aff,1448.2999999523165
clucow7d,2c608aff,1828.5
byx9jkxm,2c608aff,1117.0
f0wpo2hr,2c608aff,2064.0
qazkn1sw,2c608aff,189.0
8aknstxj,2c608aff,576.6000000238419
c7z6erey,2c608aff,810.6999999880791
0hrc9vve,2c608aff,3739.75
zvbewhqx,2c608aff,882.7999999523163
n2et79bd,2c608aff,274.90000000037253
ism64anu,2c608aff,1966.7000000476835
plfupad7,2c608aff,780.6000000005588
ske58akk,2c608aff,857.6999999880791
ovhoesyy,2c608aff,588.0
3cc6zm51,2c608aff,686.9500000476837
stbyxpx6,2c608aff,1037.800000011921
r24jdhzg,2c608aff,1380.199999999255
r2ck84r8,2c608aff,1109.7000000476835
hpl7jugr,2c608aff,1383.0
y32zaw9c,2c608aff,670.5
0ra11hiv,2c608aff,820.2000007629395
cuybsfwr,2c608aff,332.6000000014901
qkiu92kk,2c608aff,422.8500000089407
ihnjt6k4,2c608aff,480.0
44o5xnxe,2c608aff,375.5
q04yitea,2c608aff,424.39999997615814
qfsp3ery,2c608aff,723.9499998092651
02333qfj,2c608aff,380.10000014305115
4s3cm7d8,2c608aff,1163.0
e2w81k0i,2c608aff,844.75
hsm45iwx,2c608aff,1299.5
sn10zd6g,2c608aff,2113.2000000476837
phbjwkyw,2c608aff,933.7499999999999
89u58v07,2c608aff,1481.7000000001863
3irnkhq8,2c608aff,903.9000000059604
4s9g1cze,2c608aff,759.8000000119209
l5sagbsh,2c608aff,988.0
v6jvgdvg,2c608aff,576.2999999523163
ljwskxcq,2c608aff,825.2000002861023
zj5uemkt,2c608aff,1619.0
cdo2cmtp,2c608aff,1087.300000000745
uktb326q,2c608aff,677.5
bw2cwy0m,2c608aff,424.19999999925494
kwy2bqjo,2c608aff,1910.5
qv0yh587,2c608aff,465.0
t2eyvuxq,2c608aff,1270.6999999284744
mlvcv31l,2c608aff,1818.70000000298
o4kkkuj9,2c608aff,438.19999999925494
k8txaw58,2c608aff,515.4500000476837
d1vjrjhc,2c608aff,327.09999999403954
7o2tmcr2,2c608aff,2717.0499999970198
a589fsqz,2c608aff,755.5999999940395
s03ed531,2c608aff,708.5
2j8p9vyz,2c608aff,1691.0
6p8vl3lk,2c608aff,2420.0
wcau806y,2c608aff,1225.5
ni5df01j,2c608aff,1223.0
eyn3wygc,2c608aff,366.40000000596046
08vqizpx,2c608aff,931.9999999997672
ew4oecfi,2c608aff,2529.0
mrwlcmno,2c608aff,502.0
ce9qdbyh,2c608aff,890.5999999046326
03ljcqhc,2c608aff,1069.8999999910593
j2dvablb,2c608aff,1060.449999999255
so5k1adg,2c608aff,308.79999999981374
904h81sn,2c608aff,1200.699999988079
sesf1qnx,2c608aff,1633.1000000089407
vr20hyge,2c608aff,3780.5
nhds6zsd,2c608aff,546.0
mrypomny,2c608aff,1544.0
c7ac53of,2c608aff,622.1499998569489
rjanlii9,2c608aff,432.10000002384186
tc5wgx8h,2c608aff,452.79999999701977
qqqzakmg,2c608aff,1185.4000000059605
41kp06jx,2c608aff,1207.2000000011176
a0w1xgxf,2c608aff,2267.0
lmtka1ev,2c608aff,1109.0
6eyovdd2,2c608aff,420.24999994039536
a6jpzpek,2c608aff,1163.5
f1ejz9fy,2c608aff,1028.7000000476835
vpxztp7b,2c608aff,1734.0
e0biso3r,2c608aff,2023.9000000953672
a9gvtd1o,2c608aff,663.0
mzi8f2hv,2c608aff,763.0999999996275
189iqcds,2c608aff,2405.050000000745
fgxp8fzz,2c608aff,1816.8999998569489
xgvto4mg,2c608aff,617.1000000014901
hd5k29qy,2c608aff,1285.8999999910593
rhbgnqhz,2c608aff,1202.1500000059605
72p6pxny,2c608aff,2181.7000000476837
gkse9wdn,2c608aff,1620.9999999981374
cw4tyx7n,2c608aff,1837.5999999940395
g7svteiz,2c608aff,1068.25
yfyhejim,2c608aff,979.7000002861024
ei0ij8ms,2c608aff,1926.0
0yfthc4y,2c608aff,383.95000000298023
2tkm21z6,2c608aff,442.5
ldo5smvx,2c608aff,2095.7000002861023
jayyv6lz,2c608aff,578.0
qu0lm98m,2c608aff,1714.699999988079
8oohxrrz,2c608aff,1579.550000011921
qfiy90jx,2c608aff,1517.7999999523165
c9sps7bl,2c608aff,1694.600000023842
bx44xwzb,2c608aff,876.4499999992549
o2ho0580,2c608aff,3290.8499994277954
r99uy0qb,2c608aff,2696.0
idma9086,2c608aff,1621.600000023842
0fy66fv2,2c608aff,447.4000000022352
b73rrttr,2c608aff,463.7999999988824
yebzokh4,2c608aff,659.8999999985099
kavvl57w,2c608aff,1595.300000011921
l0nln4b2,2c608aff,584.0999999940395
aypxap78,2c608aff,336.84999999403954
ascil7wf,2c608aff,1986.20000000298
8y2nd2sh,2c608aff,2210.75
xji13cu2,2c608aff,2446.7999999821186
jqeesfz7,2c608aff,394.69999999925494
9pjr0waw,2c608aff,1369.2499999981374
nx0vccp8,2c608aff,5038.0
8psac9uo,2c608aff,716.25
kck1uue7,2c608aff,2102.0
1qt2f29y,2c608aff,516.6770000000251
clhkwrie,2c608aff,1904.1000000089407
mpzcivx9,2c608aff,779.6999999992549
sp00glmz,2c608aff,737.3500000014901
9evwb372,2c608aff,1269.0
ya0wv6pm,2c608aff,716.0
cfclud8z,2c608aff,1871.5
zelqv7az,2c608aff,400.14999997615814
z8b26ynw,2c608aff,897.0
jx6lhkbi,2c608aff,1673.7999999523165
oxvw1rhx,2c608aff,388.54999999981374
fl73adm5,2c608aff,1646.0
4j6cy1mk,2c608aff,1411.899999976158
8d21w3yr,2c608aff,1818.0
0wk7vjg8,2c608aff,6485.0
k0qq522n,2c608aff,464.04999999981374
1r6yodve,2c608aff,483.9999999997672
2anyuqd8,2c608aff,818.0
hkj9daz7,2c608aff,1684.5
zfeorjum,2c608aff,1455.0
9ohxtpht,2c608aff,1267.0
w12e497z,2c608aff,1591.8500000014901
bcyhma9y,2c608aff,760.2999999970198
f5ktzt2t,2c608aff,1101.8500000238419
pcrxo3zp,2c608aff,2344.25
2w766g1z,2c608aff,1753.899999976158
mr7lkk46,2c608aff,1635.0
onnumbyy,2c608aff,1163.0
m63pxnwq,2c608aff,531.8500000238419
t3l0if03,2c608aff,793.7500000298023
nldu5ge3,2c608aff,1461.699999988079
4wx63ymf,2c608aff,1328.699999999255
ler5uq42,2c608aff,900.0
pz38obzd,2c608aff,1532.5999999642372
xklnx39q,2c608aff,1180.9000000953674
nrfiw9bx,2c608aff,947.2999997138976
7agy8y3l,2c608aff,1016.25
vbwguazj,2c608aff,1987.9999999981374
om1m73rv,2c608aff,881.2000000476837
z3die4q3,2c608aff,1440.0
8jwr3j6t,2c608aff,1409.9999998807907
p445h6ow,2c608aff,1719.5
50nsp39w,2c608aff,1498.4000000953674
8yhijukj,2c608aff,1106.800000011921
mhskzwic,2c608aff,1383.0
cp3b83py,834ec97d,600.2000000476837
27d8totr,834ec97d,748.4000000022352
fkx2gd88,834ec97d,1456.7000000476835
qothvfhf,834ec97d,908.5
kmwiem6m,834ec97d,684.4499999880791
d33m799j,834ec97d,62015.250000059605
bdfn1h0o,834ec97d,2000.5999999046328
6e5gb0yb,834ec97d,1103.9000000953674
pgtp756s,834ec97d,416.09999999403954
icf7bchs,834ec97d,141.0
f5ohsl5h,834ec97d,760.1999998092651
byx9jkxm,834ec97d,773.0
74l1qvc1,834ec97d,643.7999999970198
j2pjmr32,834ec97d,699.0
bmlngyh3,834ec97d,305.10000002384186
clucow7d,834ec97d,1249.0000000149012
cghxa2ie,834ec97d,1230.5000000018626
3d2as981,834ec97d,2594.3000000715256
o5qropwk,834ec97d,1213.0
5nrjvc7q,834ec97d,1027.2499999850988
61zahdh9,834ec97d,1075.7500000298023
5hz183aa,834ec97d,2731.0
emwp6wq7,834ec97d,1326.949999988079
pad0sufd,834ec97d,1153.3000000002794
ym49wqbn,834ec97d,915.7000000476836
154uk6vm,834ec97d,510.15000000596046
npr5bsi2,834ec97d,1302.75
nze0azo1,834ec97d,1323.4500000476835
r2ck84r8,834ec97d,838.1999998092651
hpl7jugr,834ec97d,1330.0
3cc6zm51,834ec97d,534.3999999761581
ske58akk,834ec97d,1427.2999999821186
ovhoesyy,834ec97d,997.0
r24jdhzg,834ec97d,1096.199999999255
0hrc9vve,834ec97d,987.5
zvbewhqx,834ec97d,2343.900000095367
plfupad7,834ec97d,1150.0
n2et79bd,834ec97d,1096.749999999069
ism64anu,834ec97d,1185.7999999523165
qazkn1sw,834ec97d,385.5
f0wpo2hr,834ec97d,1050.0
c7z6erey,834ec97d,1093.300000011921
8aknstxj,834ec97d,509.2000000476837
szbhlpfr,834ec97d,1033.75
phbjwkyw,834ec97d,356.3000000715256
89u58v07,834ec97d,443.64999999990687
hsm45iwx,834ec97d,1011.7000000178814
4s3cm7d8,834ec97d,561.0
e2w81k0i,834ec97d,1045.8000000119207
sn10zd6g,834ec97d,1496.9999998807907
ihnjt6k4,834ec97d,448.0
44o5xnxe,834ec97d,911.0
02333qfj,834ec97d,352.2000000476837
q04yitea,834ec97d,987.3000000119208
qfsp3ery,834ec97d,575.2000000476837
y32zaw9c,834ec97d,431.5
cuybsfwr,834ec97d,434.0
uktb326q,834ec97d,543.0
kwy2bqjo,834ec97d,1025.6500000357628
bw2cwy0m,834ec97d,822.7999999988824
zj5uemkt,834ec97d,588.0
l5sagbsh,834ec97d,924.0
v6jvgdvg,834ec97d,633.9000000953674
ljwskxcq,834ec97d,761.3499999046326
3irnkhq8,834ec97d,949.2000000178814
4s9g1cze,834ec97d,1071.050000011921
ni5df01j,834ec97d,1006.2000000476836
eyn3wygc,834ec97d,452.10000002384186
mrwlcmno,834ec97d,524.0
08vqizpx,834ec97d,782.9999999995343
ew4oecfi,834ec97d,1188.3999998569489
6p8vl3lk,834ec97d,1800.0
2j8p9vyz,834ec97d,1410.0
s03ed531,834ec97d,642.0
wcau806y,834ec97d,933.0
d1vjrjhc,834ec97d,1107.6499999910593
mlvcv31l,834ec97d,1369.7000000029802
k8txaw58,834ec97d,777.3500000238419
o4kkkuj9,834ec97d,554.7999999988824
a589fsqz,834ec97d,805.3500000089407
t2eyvuxq,834ec97d,969.7000000476836
qv0yh587,834ec97d,2334.0
vr20hyge,834ec97d,1414.0
nhds6zsd,834ec97d,1289.0
xasfvnb7,834ec97d,465.7999999523163
sesf1qnx,834ec97d,1526.75
ce9qdbyh,834ec97d,744.4499999880791
904h81sn,834ec97d,671.3999999761581
j2dvablb,834ec97d,1121.25
vpxztp7b,834ec97d,1201.0
e0biso3r,834ec97d,1234.9000000953674
a9gvtd1o,834ec97d,495.6000003814697
lmtka1ev,834ec97d,628.5
a0w1xgxf,834ec97d,1410.0
41kp06jx,834ec97d,826.6000000005588
a6jpzpek,834ec97d,1783.199999999255
6eyovdd2,834ec97d,814.1000000238419
648anokh,834ec97d,689.1000000238419
c7ac53of,834ec97d,749.0
rjanlii9,834ec97d,1525.5
mrypomny,834ec97d,1019.0
jeq3oy2g,834ec97d,898.0
8bgj1tsd,834ec97d,1752.8999998569489
tc5wgx8h,834ec97d,371.800000011921
c2lwacqc,834ec97d,1059.8999999910593
g7svteiz,834ec97d,591.2000000476837
cw4tyx7n,834ec97d,1315.2000000178814
rhbgnqhz,834ec97d,639.5999999940395
72p6pxny,834ec97d,768.1000001430511
hd5k29qy,834ec97d,922.2000000029802
gkse9wdn,834ec97d,1551.0
189iqcds,834ec97d,791.3000000007451
mzi8f2hv,834ec97d,621.0
xgvto4mg,834ec97d,719.4000000022352
fgxp8fzz,834ec97d,935.7000000476836
jayyv6lz,834ec97d,1483.0
qu0lm98m,834ec97d,1351.8500000014901
ldo5smvx,834ec97d,1192.3500003814697
0yfthc4y,834ec97d,758.2999999970198
ei0ij8ms,834ec97d,1344.0
2tkm21z6,834ec97d,439.0
yfyhejim,834ec97d,904.6999998092653
yebzokh4,834ec97d,708.0
kavvl57w,834ec97d,2218.5499999970198
r99uy0qb,834ec97d,702.0
0fy66fv2,834ec97d,1372.4000000003725
7nszfy43,834ec97d,6368.0
b73rrttr,834ec97d,1400.800000000745
g3vslpjv,834ec97d,1637.60000000149
2d8q4qkc,834ec97d,881.0
bx44xwzb,834ec97d,1099.25
o2ho0580,834ec97d,713.2500004768372
c9sps7bl,834ec97d,1228.050000011921
qfiy90jx,834ec97d,1144.6500000953674
8oohxrrz,834ec97d,616.3999999761581
9pjr0waw,834ec97d,1045.4000000022352
kck1uue7,834ec97d,1206.5
nx0vccp8,834ec97d,669.6000000238419
8psac9uo,834ec97d,852.8999999761581
jqeesfz7,834ec97d,380.8499999977648
8y2nd2sh,834ec97d,1151.899999976158
aypxap78,834ec97d,723.0
l0nln4b2,834ec97d,523.9000000357628
ascil7wf,834ec97d,1613.9000000059605
jx6lhkbi,834ec97d,991.9000000953674
cfclud8z,834ec97d,1127.10000000149
zelqv7az,834ec97d,1188.0
z8b26ynw,834ec97d,654.5
23iyreiv,834ec97d,1096.1000003814695
9evwb372,834ec97d,1100.0
ya0wv6pm,834ec97d,461.0
mpzcivx9,834ec97d,866.25
clhkwrie,834ec97d,882.7000000029802
1qt2f29y,834ec97d,350.00700000021607
sp00glmz,834ec97d,886.6000000014901
zfeorjum,834ec97d,1062.5
hkj9daz7,834ec97d,1435.0
9ohxtpht,834ec97d,1354.5
w12e497z,834ec97d,3813.20000000298
0wk7vjg8,834ec97d,1815.5
1r6yodve,834ec97d,728.0
2anyuqd8,834ec97d,934.5
k0qq522n,834ec97d,359.6000000014901
318gokyy,834ec97d,913.3999998569489
oxvw1rhx,834ec97d,1031.9000000003723
4j6cy1mk,834ec97d,745.3000000715256
8d21w3yr,834ec97d,441.0
t3l0if03,834ec97d,634.4499999880791
nldu5ge3,834ec97d,1002.9500000029802
ler5uq42,834ec97d,893.0
4wx63ymf,834ec97d,1624.7999999988824
nfbzvhip,834ec97d,585.5999999046326
onnumbyy,834ec97d,1796.0
m63pxnwq,834ec97d,859.3999998569489
mr7lkk46,834ec97d,2045.1999999284744
2w766g1z,834ec97d,711.0
nqubyvew,834ec97d,1056.0
bcyhma9y,834ec97d,636.5
kkeej6x5,834ec97d,371.55000000074506
f5ktzt2t,834ec97d,788.8500001430511
pcrxo3zp,834ec97d,1108.4000000953674
z3die4q3,834ec97d,1094.0
8jwr3j6t,834ec97d,686.6000001430511
mhskzwic,834ec97d,1042.0
8yhijukj,834ec97d,1242.75
om1m73rv,834ec97d,1273.4499999880793
7agy8y3l,834ec97d,920.5999999046326
vbwguazj,834ec97d,368.0
nrfiw9bx,834ec97d,1182.9000000953674
xklnx39q,834ec97d,1238.399999976158
pz38obzd,834ec97d,840.75
nhds6zsd,3aa6fb7a,637.0
vr20hyge,3aa6fb7a,1321.5
4stfwpke,3aa6fb7a,770.0
sesf1qnx,3aa6fb7a,1421.5000000074506
03ljcqhc,3aa6fb7a,743.9499999955297
ce9qdbyh,3aa6fb7a,549.9499999880791
904h81sn,3aa6fb7a,639.4500000029802
j2dvablb,3aa6fb7a,586.8999999994412
vpxztp7b,3aa6fb7a,692.5
f1ejz9fy,3aa6fb7a,690.9000000059605
a9gvtd1o,3aa6fb7a,683.7500009536743
e0biso3r,3aa6fb7a,813.1500000953674
lmtka1ev,3aa6fb7a,565.5
a0w1xgxf,3aa6fb7a,808.5
41kp06jx,3aa6fb7a,1210.199999999255
a6jpzpek,3aa6fb7a,846.5
6eyovdd2,3aa6fb7a,559.6999999880791
qqqzakmg,3aa6fb7a,619.9000000059605
648anokh,3aa6fb7a,535.9499999880791
zc26r1al,3aa6fb7a,679.4499999284744
rjanlii9,3aa6fb7a,707.8499999046326
c7ac53of,3aa6fb7a,5091.549999952316
jeq3oy2g,3aa6fb7a,619.5
mrypomny,3aa6fb7a,612.0
uktb326q,3aa6fb7a,666.0
kwy2bqjo,3aa6fb7a,717.6000000238419
bw2cwy0m,3aa6fb7a,608.2000000001863
cdo2cmtp,3aa6fb7a,555.7000000011176
zj5uemkt,3aa6fb7a,798.0500000119209
l5sagbsh,3aa6fb7a,535.5
v6jvgdvg,3aa6fb7a,1388.7999999523163
ljwskxcq,3aa6fb7a,384.25
3irnkhq8,3aa6fb7a,689.0500000119209
4s9g1cze,3aa6fb7a,442.25
ni5df01j,3aa6fb7a,642.6000000238419
eyn3wygc,3aa6fb7a,803.6000000089407
mrwlcmno,3aa6fb7a,771.0
ew4oecfi,3aa6fb7a,700.4000000953674
08vqizpx,3aa6fb7a,846.0
2j8p9vyz,3aa6fb7a,1056.5
s03ed531,3aa6fb7a,946.0
wcau806y,3aa6fb7a,1652.5
d1vjrjhc,3aa6fb7a,1035.3499999940395
mlvcv31l,3aa6fb7a,645.5
o4kkkuj9,3aa6fb7a,904.4000000003725
k8txaw58,3aa6fb7a,544.3500000238419
a589fsqz,3aa6fb7a,438.59999999403954
t2eyvuxq,3aa6fb7a,708.0999999642372
qv0yh587,3aa6fb7a,688.0
1xogp17t,3aa6fb7a,120.39999985694884
hpl7jugr,3aa6fb7a,634.0
nze0azo1,3aa6fb7a,660.0
r2ck84r8,3aa6fb7a,651.6000000238419
3cc6zm51,3aa6fb7a,640.6999999880791
ske58akk,3aa6fb7a,655.2499999701977
ovhoesyy,3aa6fb7a,668.0
r24jdhzg,3aa6fb7a,852.4500000011176
stbyxpx6,3aa6fb7a,659.5499999970198
zvbewhqx,3aa6fb7a,791.8000000119209
plfupad7,3aa6fb7a,969.8000000007452
n2et79bd,3aa6fb7a,498.84999999962747
ism64anu,3aa6fb7a,1129.949999988079
qazkn1sw,3aa6fb7a,729.5
f0wpo2hr,3aa6fb7a,592.0
c7z6erey,3aa6fb7a,471.75
szbhlpfr,3aa6fb7a,828.0
phbjwkyw,3aa6fb7a,443.9500000476837
89u58v07,3aa6fb7a,698.3499999996275
e2w81k0i,3aa6fb7a,587.9000000357628
4s3cm7d8,3aa6fb7a,951.5
sn10zd6g,3aa6fb7a,1127.25
44o5xnxe,3aa6fb7a,1008.0
qkiu92kk,3aa6fb7a,524.3500000089407
02333qfj,3aa6fb7a,672.0500000715256
qfsp3ery,3aa6fb7a,892.1000001430511
q04yitea,3aa6fb7a,568.8499999642372
y32zaw9c,3aa6fb7a,1095.0
cuybsfwr,3aa6fb7a,593.9499999992549
0ra11hiv,3aa6fb7a,1359.9999990463257
cp3b83py,3aa6fb7a,565.9500000476837
27d8totr,3aa6fb7a,933.25
fkx2gd88,3aa6fb7a,872.1999999880791
qothvfhf,3aa6fb7a,561.7999999821186
kmwiem6m,3aa6fb7a,497.94999998807907
ikfbpugl,3aa6fb7a,660.25
d33m799j,3aa6fb7a,519.8999999761581
bdfn1h0o,3aa6fb7a,907.3500000238419
dmft9d3y,3aa6fb7a,861.5999999642372
6e5gb0yb,3aa6fb7a,463.40000009536743
pgtp756s,3aa6fb7a,666.6500000059605
icf7bchs,3aa6fb7a,621.5
l9krayds,3aa6fb7a,965.9999999999999
aqmjput5,3aa6fb7a,768.0
bhpug29p,3aa6fb7a,660.8499999999767
byx9jkxm,3aa6fb7a,644.5
j2pjmr32,3aa6fb7a,588.0
y8mzyzjc,3aa6fb7a,619.7999999523163
bmlngyh3,3aa6fb7a,491.5
clucow7d,3aa6fb7a,1064.3499999940395
3d2as981,3aa6fb7a,1077.3500000238419
cghxa2ie,3aa6fb7a,1102.4999999981374
o5qropwk,3aa6fb7a,592.5
5nrjvc7q,3aa6fb7a,732.5
61zahdh9,3aa6fb7a,495.0
5hz183aa,3aa6fb7a,3021.0
emwp6wq7,3aa6fb7a,812.1000000238419
pad0sufd,3aa6fb7a,584.6499999994412
xeu3j3ki,3aa6fb7a,710.0
npr5bsi2,3aa6fb7a,783.1000000238419
ym49wqbn,3aa6fb7a,504.7000000476837
nsu6cwh4,3aa6fb7a,772.9499999880791
nldu5ge3,3aa6fb7a,531.6499999985099
t3l0if03,3aa6fb7a,491.75
ler5uq42,3aa6fb7a,1313.5000000000582
4wx63ymf,3aa6fb7a,583.7999999988824
nfbzvhip,3aa6fb7a,812.0499999523163
onnumbyy,3aa6fb7a,941.0
m63pxnwq,3aa6fb7a,648.9500000476837
mr7lkk46,3aa6fb7a,1190.1000000238419
2w766g1z,3aa6fb7a,540.1499999761581
bcyhma9y,3aa6fb7a,530.7999999970198
pcrxo3zp,3aa6fb7a,606.8999998569489
f5ktzt2t,3aa6fb7a,555.3999999761581
kkeej6x5,3aa6fb7a,628.5
8jwr3j6t,3aa6fb7a,436.0
z3die4q3,3aa6fb7a,692.5
mhskzwic,3aa6fb7a,677.0
50nsp39w,3aa6fb7a,547.0999999046326
8yhijukj,3aa6fb7a,671.25
om1m73rv,3aa6fb7a,545.6999999880791
vbwguazj,3aa6fb7a,783.7000000011176
7agy8y3l,3aa6fb7a,843.6999999880791
nrfiw9bx,3aa6fb7a,606.4500000476837
pz38obzd,3aa6fb7a,742.6499999761581
xklnx39q,3aa6fb7a,1024.550000011921
jx6lhkbi,3aa6fb7a,730.75
cfclud8z,3aa6fb7a,1236.1499999985099
z8b26ynw,3aa6fb7a,511.0
zelqv7az,3aa6fb7a,666.6999999880791
ya0wv6pm,3aa6fb7a,914.5
2ke9hbes,3aa6fb7a,1084.5
9evwb372,3aa6fb7a,576.0
mpzcivx9,3aa6fb7a,668.8499999996275
clhkwrie,3aa6fb7a,670.4000000059605
1qt2f29y,3aa6fb7a,633.3459999999031
sp00glmz,3aa6fb7a,1050.5
zfeorjum,3aa6fb7a,746.5
hkj9daz7,3aa6fb7a,1013.9000000022352
w12e497z,3aa6fb7a,432.8500000014901
9ohxtpht,3aa6fb7a,615.8500000014901
2anyuqd8,3aa6fb7a,1093.0000000000146
1r6yodve,3aa6fb7a,708.4999999995343
cbvc5e3w,3aa6fb7a,681.1000000238419
318gokyy,3aa6fb7a,600.5
4j6cy1mk,3aa6fb7a,383.60000002384186
fl73adm5,3aa6fb7a,669.9000000953674
oxvw1rhx,3aa6fb7a,618.9000000003725
8d21w3yr,3aa6fb7a,722.5
yebzokh4,3aa6fb7a,708.0999999940395
kavvl57w,3aa6fb7a,1031.5
idma9086,3aa6fb7a,630.3499999642372
r99uy0qb,3aa6fb7a,870.0
b73rrttr,3aa6fb7a,655.7999999998137
g3vslpjv,3aa6fb7a,984.0499999970198
2d8q4qkc,3aa6fb7a,550.5
bx44xwzb,3aa6fb7a,904.75
o2ho0580,3aa6fb7a,470.15000009536743
c9sps7bl,3aa6fb7a,1316.5499999821186
qfiy90jx,3aa6fb7a,807.5
8oohxrrz,3aa6fb7a,583.6500000357628
9pjr0waw,3aa6fb7a,775.3999999985099
kck1uue7,3aa6fb7a,1123.1499999761581
nx0vccp8,3aa6fb7a,986.100000023842
8psac9uo,3aa6fb7a,1557.8999999761584
jqeesfz7,3aa6fb7a,479.44999999925494
8y2nd2sh,3aa6fb7a,880.3499999940395
aypxap78,3aa6fb7a,467.44999998807907
l0nln4b2,3aa6fb7a,750.7000000178814
ascil7wf,3aa6fb7a,927.3000000044703
g7svteiz,3aa6fb7a,837.0
c2lwacqc,3aa6fb7a,903.5499999970198
cw4tyx7n,3aa6fb7a,839.3999999761581
72p6pxny,3aa6fb7a,500.799999833107
rhbgnqhz,3aa6fb7a,737.6500000059605
hd5k29qy,3aa6fb7a,974.4499999955297
189iqcds,3aa6fb7a,1167.7499999962747
mzi8f2hv,3aa6fb7a,484.6499999994412
fgxp8fzz,3aa6fb7a,591.1000000238419
jayyv6lz,3aa6fb7a,702.5
qu0lm98m,3aa6fb7a,632.0499999970198
ldo5smvx,3aa6fb7a,835.9500002861023
0yfthc4y,3aa6fb7a,506.0
ei0ij8ms,3aa6fb7a,780.0
2tkm21z6,3aa6fb7a,818.0
9wkeb5tu,3aa6fb7a,457.75
yfyhejim,3aa6fb7a,499.0499999523163
cuybsfwr,0ca9ddb6,524.2000000029802
0ra11hiv,0ca9ddb6,759.8000001907349
y32zaw9c,0ca9ddb6,696.0
qfsp3ery,0ca9ddb6,550.2000000476837
q04yitea,0ca9ddb6,623.9499999880791
02333qfj,0ca9ddb6,524.1500000953674
qkiu92kk,0ca9ddb6,480.20000000298023
44o5xnxe,0ca9ddb6,332.5
ihnjt6k4,0ca9ddb6,572.5
sn10zd6g,0ca9ddb6,631.6499999761581
e2w81k0i,0ca9ddb6,420.69999998807907
4s3cm7d8,0ca9ddb6,496.0
hsm45iwx,0ca9ddb6,600.4499999880791
89u58v07,0ca9ddb6,524.25
phbjwkyw,0ca9ddb6,320.30000001192093
szbhlpfr,0ca9ddb6,523.8000000044703
8aknstxj,0ca9ddb6,687.7500000596046
c7z6erey,0ca9ddb6,346.55000001192093
f0wpo2hr,0ca9ddb6,410.5
qazkn1sw,0ca9ddb6,770.0
ism64anu,0ca9ddb6,702.3999999761581
plfupad7,0ca9ddb6,1388.7000000001863
zvbewhqx,0ca9ddb6,468.0
stbyxpx6,0ca9ddb6,467.95000000298023
r24jdhzg,0ca9ddb6,556.6500000003725
ovhoesyy,0ca9ddb6,581.0
3cc6zm51,0ca9ddb6,322.0
hpl7jugr,0ca9ddb6,487.0
nze0azo1,0ca9ddb6,445.1500000357628
r2ck84r8,0ca9ddb6,603.8000000715256
npr5bsi2,0ca9ddb6,442.0500000715256
154uk6vm,0ca9ddb6,441.75000001490116
ym49wqbn,0ca9ddb6,411.4500000476837
xeu3j3ki,0ca9ddb6,639.0
pad0sufd,0ca9ddb6,538.9000000013039
61zahdh9,0ca9ddb6,406.15000000596046
5nrjvc7q,0ca9ddb6,633.5
ol9lky1i,0ca9ddb6,496.84999990463257
o5qropwk,0ca9ddb6,474.0
3d2as981,0ca9ddb6,957.9000000357628
cghxa2ie,0ca9ddb6,810.3000000007451
clucow7d,0ca9ddb6,698.4000000059605
bmlngyh3,0ca9ddb6,442.10000014305115
j2pjmr32,0ca9ddb6,1603.0
74l1qvc1,0ca9ddb6,785.0
byx9jkxm,0ca9ddb6,484.0
f5ohsl5h,0ca9ddb6,377.5
aqmjput5,0ca9ddb6,627.5
6e5gb0yb,0ca9ddb6,379.950000166893
pgtp756s,0ca9ddb6,3528.0
dmft9d3y,0ca9ddb6,581.9499999880791
d33m799j,0ca9ddb6,750.0
5pds9j1d,0ca9ddb6,380.75
kmwiem6m,0ca9ddb6,330.8499999642372
qothvfhf,0ca9ddb6,514.25
27d8totr,0ca9ddb6,1083.7999999970198
fkx2gd88,0ca9ddb6,820.3499999940395
cp3b83py,0ca9ddb6,385.0
tc5wgx8h,0ca9ddb6,544.8000000119209
8bgj1tsd,0ca9ddb6,515.8999999761581
jeq3oy2g,0ca9ddb6,695.0
mrypomny,0ca9ddb6,544.0
rjanlii9,0ca9ddb6,952.1500000953674
c7ac53of,0ca9ddb6,3689.2999997138977
zc26r1al,0ca9ddb6,319.39999997615814
648anokh,0ca9ddb6,448.19999998807907
6eyovdd2,0ca9ddb6,359.6999999284744
a6jpzpek,0ca9ddb6,376.55000000074506
41kp06jx,0ca9ddb6,457.1000000005588
a0w1xgxf,0ca9ddb6,564.5
lmtka1ev,0ca9ddb6,342.5
a9gvtd1o,0ca9ddb6,490.6500005722046
e0biso3r,0ca9ddb6,819.2000002861023
f1ejz9fy,0ca9ddb6,440.35000002384186
vpxztp7b,0ca9ddb6,588.5
j2dvablb,0ca9ddb6,396.09999999962747
904h81sn,0ca9ddb6,479.0
03ljcqhc,0ca9ddb6,2554.9000000059605
ce9qdbyh,0ca9ddb6,423.80000001192093
sesf1qnx,0ca9ddb6,924.6499999985099
xasfvnb7,0ca9ddb6,484.0499999523163
nhds6zsd,0ca9ddb6,652.5
vr20hyge,0ca9ddb6,750.0
qv0yh587,0ca9ddb6,698.0
t2eyvuxq,0ca9ddb6,507.1500000357628
a589fsqz,0ca9ddb6,388.29999999701977
mlvcv31l,0ca9ddb6,514.3000000044703
o4kkkuj9,0ca9ddb6,473.0000000009313
k8txaw58,0ca9ddb6,413.0500000715256
d1vjrjhc,0ca9ddb6,535.5
wcau806y,0ca9ddb6,622.5
s03ed531,0ca9ddb6,675.5
2j8p9vyz,0ca9ddb6,677.0
ew4oecfi,0ca9ddb6,442.40000009536743
08vqizpx,0ca9ddb6,666.5000000004657
mrwlcmno,0ca9ddb6,497.0
ni5df01j,0ca9ddb6,517.5499999523163
eyn3wygc,0ca9ddb6,636.0
3irnkhq8,0ca9ddb6,516.0999999940395
4s9g1cze,0ca9ddb6,287.7999999821186
v6jvgdvg,0ca9ddb6,673.0499999523163
l5sagbsh,0ca9ddb6,389.5
ljwskxcq,0ca9ddb6,355.0499999523163
zj5uemkt,0ca9ddb6,754.3500000238419
cdo2cmtp,0ca9ddb6,423.1000000005588
kwy2bqjo,0ca9ddb6,585.8999999761581
bw2cwy0m,0ca9ddb6,518.7999999988824
uktb326q,0ca9ddb6,647.0
ascil7wf,0ca9ddb6,794.9000000059605
l0nln4b2,0ca9ddb6,588.6999999880791
aypxap78,0ca9ddb6,386.85000002384186
8y2nd2sh,0ca9ddb6,824.5999999940395
jqeesfz7,0ca9ddb6,537.9499999992549
nx0vccp8,0ca9ddb6,793.8499999642372
8psac9uo,0ca9ddb6,1106.9000000953674
kck1uue7,0ca9ddb6,972.5500000715256
9pjr0waw,0ca9ddb6,575.75
x5id5i5q,0ca9ddb6,644.5
8oohxrrz,0ca9ddb6,484.2000000476837
qfiy90jx,0ca9ddb6,641.5
c9sps7bl,0ca9ddb6,756.1499999761581
bx44xwzb,0ca9ddb6,802.5499999970198
o2ho0580,0ca9ddb6,713.5
2d8q4qkc,0ca9ddb6,389.5
g3vslpjv,0ca9ddb6,779.7999999970198
7nszfy43,0ca9ddb6,1209.0
b73rrttr,0ca9ddb6,424.0999999996274
0fy66fv2,0ca9ddb6,1408.8999999985099
idma9086,0ca9ddb6,490.30000001192093
r99uy0qb,0ca9ddb6,622.0
kavvl57w,0ca9ddb6,939.7000000029802
yebzokh4,0ca9ddb6,672.0
yfyhejim,0ca9ddb6,365.2000000476837
2tkm21z6,0ca9ddb6,592.5
ei0ij8ms,0ca9ddb6,493.5
0yfthc4y,0ca9ddb6,388.75
ldo5smvx,0ca9ddb6,773.8499999046326
jayyv6lz,0ca9ddb6,529.5
qu0lm98m,0ca9ddb6,487.30000000447035
fgxp8fzz,0ca9ddb6,568.6000001430511
xgvto4mg,0ca9ddb6,665.0
mzi8f2hv,0ca9ddb6,298.5
189iqcds,0ca9ddb6,667.4000000003725
hd5k29qy,0ca9ddb6,542.1499999985099
72p6pxny,0ca9ddb6,451.10000002384186
rhbgnqhz,0ca9ddb6,555.25
g7svteiz,0ca9ddb6,658.7000000476837
c2lwacqc,0ca9ddb6,580.0
pz38obzd,0ca9ddb6,515.6999999880791
xklnx39q,0ca9ddb6,633.25
nrfiw9bx,0ca9ddb6,596.6000001430511
vbwguazj,0ca9ddb6,496.09999999962747
o1t1fb7j,0ca9ddb6,1548.9500000029802
7agy8y3l,0ca9ddb6,519.5500000119209
om1m73rv,0ca9ddb6,349.30000001192093
50nsp39w,0ca9ddb6,410.2999999523163
8yhijukj,0ca9ddb6,636.1999999880791
mhskzwic,0ca9ddb6,496.5
8jwr3j6t,0ca9ddb6,295.8000000715256
z3die4q3,0ca9ddb6,333.0
pcrxo3zp,0ca9ddb6,533.1499998569489
f5ktzt2t,0ca9ddb6,416.85000002384186
kkeej6x5,0ca9ddb6,520.3000000044703
bcyhma9y,0ca9ddb6,495.5
nqubyvew,0ca9ddb6,485.0
2w766g1z,0ca9ddb6,385.35000002384186
mr7lkk46,0ca9ddb6,873.5
m63pxnwq,0ca9ddb6,504.89999997615814
onnumbyy,0ca9ddb6,952.0
4wx63ymf,0ca9ddb6,547.0499999988824
nfbzvhip,0ca9ddb6,528.0
ler5uq42,0ca9ddb6,610.0000000001164
nldu5ge3,0ca9ddb6,368.95000000298023
t3l0if03,0ca9ddb6,339.40000000596046
8d21w3yr,0ca9ddb6,557.5
fl73adm5,0ca9ddb6,453.1999999284744
4j6cy1mk,0ca9ddb6,392.0
oxvw1rhx,0ca9ddb6,488.0999999996274
318gokyy,0ca9ddb6,360.19999980926514
wa9xd98o,0ca9ddb6,533.0
k0qq522n,0ca9ddb6,1177.3999999994412
1r6yodve,0ca9ddb6,3741.499999999942
w12e497z,0ca9ddb6,5775.199999988079
hkj9daz7,0ca9ddb6,790.3499999977648
zfeorjum,0ca9ddb6,636.0
sp00glmz,0ca9ddb6,346.8500000014901
1qt2f29y,0ca9ddb6,600.0120000001043
clhkwrie,0ca9ddb6,545.5500000044703
mpzcivx9,0ca9ddb6,422.3999999994412
ya0wv6pm,0ca9ddb6,481.0
2ke9hbes,0ca9ddb6,587.0
9evwb372,0ca9ddb6,484.0
23iyreiv,0ca9ddb6,753.3000001907349
z8b26ynw,0ca9ddb6,407.5
zelqv7az,0ca9ddb6,472.60000002384186
cfclud8z,0ca9ddb6,964.1999999992548
jx6lhkbi,0ca9ddb6,571.8000000715256
7agy8y3l,9dfd6313,1135.0
vbwguazj,9dfd6313,623.75
om1m73rv,9dfd6313,830.5000000000001
50nsp39w,9dfd6313,857.1000000238419
8yhijukj,9dfd6313,1007.2999999821185
z3die4q3,9dfd6313,2994.0
pz38obzd,9dfd6313,847.0499999523164
xklnx39q,9dfd6313,4229.699999928474
nrfiw9bx,9dfd6313,760.8000001907349
m63pxnwq,9dfd6313,829.9500000476837
4wx63ymf,9dfd6313,2036.4000000003725
nfbzvhip,9dfd6313,589.2000002861023
ler5uq42,9dfd6313,3304.000000000233
t3l0if03,9dfd6313,3314.9500000178814
nldu5ge3,9dfd6313,1495.4999999925494
f5ktzt2t,9dfd6313,2209.25
kkeej6x5,9dfd6313,3516.39999999851
nqubyvew,9dfd6313,2165.5
2w766g1z,9dfd6313,314.39999997615814
mr7lkk46,9dfd6313,4321.899999976158
1r6yodve,9dfd6313,701.0
2anyuqd8,9dfd6313,2508.499999999767
0wk7vjg8,9dfd6313,2113.0
9ohxtpht,9dfd6313,1435.8499999977648
w12e497z,9dfd6313,963.0
hkj9daz7,9dfd6313,6762.5
zfeorjum,9dfd6313,1634.0
oxvw1rhx,9dfd6313,2008.0
fl73adm5,9dfd6313,2782.399999856949
4j6cy1mk,9dfd6313,663.2000000476837
wa9xd98o,9dfd6313,2530.5
zelqv7az,9dfd6313,2358.399999976158
z8b26ynw,9dfd6313,1850.5
cfclud8z,9dfd6313,1095.5999999996275
jx6lhkbi,9dfd6313,543.5
sp00glmz,9dfd6313,1879.20000000298
1qt2f29y,9dfd6313,2433.382000000216
mpzcivx9,9dfd6313,1598.3999999994412
9evwb372,9dfd6313,2634.0
ya0wv6pm,9dfd6313,421.0
jqeesfz7,9dfd6313,358.5
nx0vccp8,9dfd6313,1869.5500000715256
8psac9uo,9dfd6313,2033.1000001430511
kck1uue7,9dfd6313,1092.3500000238419
ascil7wf,9dfd6313,870.0500000044703
l0nln4b2,9dfd6313,1396.7000000178814
aypxap78,9dfd6313,391.4000000357628
8y2nd2sh,9dfd6313,3138.100000023842
0fy66fv2,9dfd6313,544.9000000003725
7nszfy43,9dfd6313,5361.0
b73rrttr,9dfd6313,2775.4000000003725
r99uy0qb,9dfd6313,5612.5
idma9086,9dfd6313,522.0
yebzokh4,9dfd6313,1287.7999999970198
8oohxrrz,9dfd6313,512.0
qfiy90jx,9dfd6313,615.5
c9sps7bl,9dfd6313,2422.2999999821186
o2ho0580,9dfd6313,1107.0000004768372
2d8q4qkc,9dfd6313,1660.0
g3vslpjv,9dfd6313,2135.70000000298
jayyv6lz,9dfd6313,2224.0
qu0lm98m,9dfd6313,1798.4000000059605
yfyhejim,9dfd6313,1500.0499999523163
2tkm21z6,9dfd6313,1542.5
ei0ij8ms,9dfd6313,2706.0
0yfthc4y,9dfd6313,1082.2499999850988
cw4tyx7n,9dfd6313,3346.5999999940395
c2lwacqc,9dfd6313,3589.3500000089407
g7svteiz,9dfd6313,2075.3000000715256
fgxp8fzz,9dfd6313,6935.600000143051
mzi8f2hv,9dfd6313,1938.5
189iqcds,9dfd6313,1660.7999999988824
hd5k29qy,9dfd6313,2534.60000000149
rhbgnqhz,9dfd6313,1468.9000000357628
72p6pxny,9dfd6313,3335.2999999523163
6eyovdd2,9dfd6313,1472.5
a6jpzpek,9dfd6313,2167.3499999996275
41kp06jx,9dfd6313,1761.0
a0w1xgxf,9dfd6313,566.0
lmtka1ev,9dfd6313,1596.5
e0biso3r,9dfd6313,1728.7999999523163
a9gvtd1o,9dfd6313,2171.099998474121
f1ejz9fy,9dfd6313,1669.800000011921
vpxztp7b,9dfd6313,712.0
tc5wgx8h,9dfd6313,3682.949999988079
mrypomny,9dfd6313,951.0
jeq3oy2g,9dfd6313,703.0
c7ac53of,9dfd6313,705.8999998569489
rjanlii9,9dfd6313,2632.5
648anokh,9dfd6313,475.10000002384186
4stfwpke,9dfd6313,3208.0
vr20hyge,9dfd6313,5585.0
nhds6zsd,9dfd6313,689.5
j2dvablb,9dfd6313,2244.9000000003725
904h81sn,9dfd6313,720.6500000059605
03ljcqhc,9dfd6313,1937.5499999970198
sesf1qnx,9dfd6313,895.0
xasfvnb7,9dfd6313,2558.199999809265
wcau806y,9dfd6313,2327.0
s03ed531,9dfd6313,1892.0
2j8p9vyz,9dfd6313,3106.0
08vqizpx,9dfd6313,944.5
ew4oecfi,9dfd6313,4831.900000095367
mrwlcmno,9dfd6313,1272.0
eyn3wygc,9dfd6313,1628.7999999970198
qv0yh587,9dfd6313,2445.0
t2eyvuxq,9dfd6313,1935.2000000476835
7o2tmcr2,9dfd6313,2989.800000011921
a589fsqz,9dfd6313,336.2999999821186
mlvcv31l,9dfd6313,433.75
o4kkkuj9,9dfd6313,1502.000000000931
k8txaw58,9dfd6313,2260.0
cdo2cmtp,9dfd6313,422.0999999996274
bw2cwy0m,9dfd6313,550.6500000003725
kwy2bqjo,9dfd6313,1695.7000000476835
uktb326q,9dfd6313,2624.0
3irnkhq8,9dfd6313,2106.699999988079
4s9g1cze,9dfd6313,3103.2999999821186
v6jvgdvg,9dfd6313,1834.450000047684
l5sagbsh,9dfd6313,1641.0
ljwskxcq,9dfd6313,569.2000000476837
zj5uemkt,9dfd6313,5195.0
sn10zd6g,9dfd6313,2927.0
4s3cm7d8,9dfd6313,1903.5
e2w81k0i,9dfd6313,2427.5500000715256
hsm45iwx,9dfd6313,2924.4500000029802
89u58v07,9dfd6313,1197.9000000003725
phbjwkyw,9dfd6313,1828.1999999284744
szbhlpfr,9dfd6313,1084.8500000014901
0ra11hiv,9dfd6313,2660.1500005722046
cuybsfwr,9dfd6313,324.19999999552965
y32zaw9c,9dfd6313,1073.0
q04yitea,9dfd6313,1288.25
qfsp3ery,9dfd6313,966.4000000953674
02333qfj,9dfd6313,740.3000000715256
44o5xnxe,9dfd6313,801.0
stbyxpx6,9dfd6313,499.59999999403954
r24jdhzg,9dfd6313,2214.300000000745
ske58akk,9dfd6313,1822.0999999940395
ovhoesyy,9dfd6313,2144.0
3cc6zm51,9dfd6313,1186.699999988079
nze0azo1,9dfd6313,1837.699999988079
r2ck84r8,9dfd6313,1914.75
hpl7jugr,9dfd6313,3012.0
8aknstxj,9dfd6313,8288.400000035763
c7z6erey,9dfd6313,1300.0
f0wpo2hr,9dfd6313,432.0
qazkn1sw,9dfd6313,158.5
n2et79bd,9dfd6313,785.9999999999999
ism64anu,9dfd6313,2527.5000000596046
plfupad7,9dfd6313,4233.6500000003725
zvbewhqx,9dfd6313,911.4499999880791
cghxa2ie,9dfd6313,3342.25
3d2as981,9dfd6313,2958.7000000476837
clucow7d,9dfd6313,2286.4000000208616
bmlngyh3,9dfd6313,1436.950000166893
byx9jkxm,9dfd6313,370.0
ym49wqbn,9dfd6313,362.0
npr5bsi2,9dfd6313,678.8000000715257
xeu3j3ki,9dfd6313,1385.0
pad0sufd,9dfd6313,487.1000000005588
emwp6wq7,9dfd6313,1516.3500000834465
5hz183aa,9dfd6313,2779.0
61zahdh9,9dfd6313,2618.8499999940395
ol9lky1i,9dfd6313,1450.0
o5qropwk,9dfd6313,894.5
kmwiem6m,9dfd6313,3379.5
qothvfhf,9dfd6313,1366.300000011921
27d8totr,9dfd6313,3957.800000000745
fkx2gd88,9dfd6313,832.0
cp3b83py,9dfd6313,1419.800000011921
aqmjput5,9dfd6313,2288.0
l9krayds,9dfd6313,1858.2000000476837
icf7bchs,9dfd6313,1171.5
6e5gb0yb,9dfd6313,1457.6000000238419
pgtp756s,9dfd6313,2963.6000000089407
dmft9d3y,9dfd6313,1616.1499999761581
bdfn1h0o,9dfd6313,2304.2999999523163
cw4tyx7n,d511f180,687.0
c2lwacqc,d511f180,414.7000000178814
g7svteiz,d511f180,697.0
gkse9wdn,d511f180,750.0
hd5k29qy,d511f180,1948.9000000059605
rhbgnqhz,d511f180,570.3999999761581
fgxp8fzz,d511f180,621.0999999046326
mzi8f2hv,d511f180,488.0999999996274
189iqcds,d511f180,2547.70000000298
qu0lm98m,d511f180,352.09999999403954
ldo5smvx,d511f180,2714.800000190735
2tkm21z6,d511f180,488.0
ei0ij8ms,d511f180,2236.0
yfyhejim,d511f180,237.5
kavvl57w,d511f180,2218.9000000059605
yebzokh4,d511f180,568.0999999940395
b73rrttr,d511f180,2430.149999999441
r99uy0qb,d511f180,1704.0
idma9086,d511f180,1675.1500000059605
4kl3i3tv,d511f180,3287.8999999910593
c9sps7bl,d511f180,2115.100000023842
bx44xwzb,d511f180,643.0
o2ho0580,d511f180,1778.6999998092651
2d8q4qkc,d511f180,1216.0
g3vslpjv,d511f180,625.5
x5id5i5q,d511f180,1739.0
8oohxrrz,d511f180,1909.6999999284744
qfiy90jx,d511f180,667.5
8psac9uo,d511f180,834.7000000476837
nx0vccp8,d511f180,654.8999999761581
kck1uue7,d511f180,3665.5
xji13cu2,d511f180,680.3000000119209
jqeesfz7,d511f180,410.30000000074506
8y2nd2sh,d511f180,2803.899999976158
ascil7wf,d511f180,716.3999999910593
l0nln4b2,d511f180,563.0
aypxap78,d511f180,1338.199999988079
jx6lhkbi,d511f180,1024.3000001907349
zelqv7az,d511f180,2573.6999999284744
z8b26ynw,d511f180,1837.0
cfclud8z,d511f180,1056.0999999977648
9evwb372,d511f180,444.5
ya0wv6pm,d511f180,319.0
sp00glmz,d511f180,3031.5
clhkwrie,d511f180,1785.5000000074506
1qt2f29y,d511f180,483.3429999999935
mpzcivx9,d511f180,1409.1500000003725
9ohxtpht,d511f180,431.8999999985099
w12e497z,d511f180,2052.3500000089407
zfeorjum,d511f180,451.0
hkj9daz7,d511f180,3479.10000000149
1r6yodve,d511f180,1441.000000000029
2anyuqd8,d511f180,768.0
oxvw1rhx,d511f180,475.7000000011176
4j6cy1mk,d511f180,264.2999999523163
fl73adm5,d511f180,1402.3999998569489
4wx63ymf,d511f180,1354.0
ler5uq42,d511f180,1452.0
nldu5ge3,d511f180,406.20000000298023
m63pxnwq,d511f180,583.8499999046326
onnumbyy,d511f180,929.0
nqubyvew,d511f180,240.5
2w766g1z,d511f180,491.6999999284744
5vv1rrzw,d511f180,2363.7000000476837
mr7lkk46,d511f180,3045.949999988079
f5ktzt2t,d511f180,1792.2000000476835
kkeej6x5,d511f180,1384.39999999851
pcrxo3zp,d511f180,453.0
8yhijukj,d511f180,1609.5499999821186
mhskzwic,d511f180,1175.5
z3die4q3,d511f180,1644.0
8jwr3j6t,d511f180,192.20000004768372
7agy8y3l,d511f180,433.3000000715256
vbwguazj,d511f180,447.80000000074506
om1m73rv,d511f180,285.2999999523163
nrfiw9bx,d511f180,2172.599999904633
pz38obzd,d511f180,467.8000000715256
xklnx39q,d511f180,2073.6999999284744
91fk0af9,d511f180,485.699999988079
qothvfhf,d511f180,514.0
fkx2gd88,d511f180,2340.900000035763
27d8totr,d511f180,768.2000000029802
cp3b83py,d511f180,317.89999997615814
d33m799j,d511f180,640.1500000357628
kmwiem6m,d511f180,1229.5
6e5gb0yb,d511f180,815.5000000000001
dmft9d3y,d511f180,2293.7999999523163
bdfn1h0o,d511f180,3322.5
nvlsix5c,d511f180,3007.0
f5ohsl5h,d511f180,20052.699999809265
l9krayds,d511f180,2171.9499999284744
aqmjput5,d511f180,415.0
icf7bchs,d511f180,2388.5
j2pjmr32,d511f180,2479.5
byx9jkxm,d511f180,458.0
74l1qvc1,d511f180,828.8000000007451
cghxa2ie,d511f180,1982.5
3d2as981,d511f180,3483.550000011921
clucow7d,d511f180,1941.5999999940395
bmlngyh3,d511f180,329.5
y8mzyzjc,d511f180,1527.5999999046326
5hz183aa,d511f180,1661.0
ol9lky1i,d511f180,404.09999990463257
5nrjvc7q,d511f180,833.5999999940395
o5qropwk,d511f180,455.0
ym49wqbn,d511f180,668.1000000238419
154uk6vm,d511f180,586.0
npr5bsi2,d511f180,229.5
xeu3j3ki,d511f180,988.0
pad0sufd,d511f180,1474.5
emwp6wq7,d511f180,504.5
r2ck84r8,d511f180,648.4000000953674
nze0azo1,d511f180,388.59999990463257
hpl7jugr,d511f180,1705.0
stbyxpx6,d511f180,1534.25
r24jdhzg,d511f180,1034.5
ovhoesyy,d511f180,822.0
ske58akk,d511f180,597.1999999880791
3cc6zm51,d511f180,504.44999998807907
ism64anu,d511f180,2609.2000000476837
n2et79bd,d511f180,185.80000000074503
plfupad7,d511f180,762.1999999992549
0hrc9vve,d511f180,1607.0499997138977
zvbewhqx,d511f180,512.2000000476837
c7z6erey,d511f180,751.1999999880791
8aknstxj,d511f180,5130.799999952316
f0wpo2hr,d511f180,432.0
qazkn1sw,d511f180,1432.0
89u58v07,d511f180,1518.4000000003723
phbjwkyw,d511f180,3076.550000011921
szbhlpfr,d511f180,3752.89999999851
sn10zd6g,d511f180,3799.5
4s3cm7d8,d511f180,544.0
e2w81k0i,d511f180,1219.0
hsm45iwx,d511f180,543.6999999880791
q04yitea,d511f180,543.8999999761581
02333qfj,d511f180,639.9000000953674
qkiu92kk,d511f180,326.09999999403954
44o5xnxe,d511f180,300.0
0ra11hiv,d511f180,1084.9500007629395
y32zaw9c,d511f180,664.0
bw2cwy0m,d511f180,418.0
kwy2bqjo,d511f180,435.2999999523163
uktb326q,d511f180,9419.0
4s9g1cze,d511f180,1164.899999976158
3irnkhq8,d511f180,1738.199999988079
ljwskxcq,d511f180,1946.9000000953672
v6jvgdvg,d511f180,854.8999996185303
l5sagbsh,d511f180,1334.0
08vqizpx,d511f180,600.0
ew4oecfi,d511f180,2247.400000095367
mrwlcmno,d511f180,496.0
eyn3wygc,d511f180,891.7999999821186
ni5df01j,d511f180,1751.8500000238419
wcau806y,d511f180,663.0
s03ed531,d511f180,616.0
2j8p9vyz,d511f180,3830.0
7o2tmcr2,d511f180,2700.300000011921
a589fsqz,d511f180,399.89999997615814
o4kkkuj9,d511f180,352.30000000074506
mlvcv31l,d511f180,876.5999999940395
d1vjrjhc,d511f180,413.40000000596046
qv0yh587,d511f180,913.0
t2eyvuxq,d511f180,2368.7000000476837
vr20hyge,d511f180,1160.0
sesf1qnx,d511f180,2790.20000000298
j2dvablb,d511f180,365.5
904h81sn,d511f180,568.7999999821186
03ljcqhc,d511f180,1308.1999999955297
e0biso3r,d511f180,1196.1499998569489
a9gvtd1o,d511f180,451.1000003814697
f1ejz9fy,d511f180,656.0
vpxztp7b,d511f180,488.0
a6jpzpek,d511f180,1577.60000000149
6eyovdd2,d511f180,1406.1999999284744
a0w1xgxf,d511f180,429.0
41kp06jx,d511f180,2130.7000000011176
lmtka1ev,d511f180,1398.0
8bgj1tsd,d511f180,405.30000019073486
tc5wgx8h,d511f180,503.0
mrypomny,d511f180,3549.0
jeq3oy2g,d511f180,528.0
c7ac53of,d511f180,1577.5
rjanlii9,d511f180,1999.7000000476835
rhbgnqhz,0d3d703e,2071.899999976158
72p6pxny,0d3d703e,1545.8000001907349
hd5k29qy,0d3d703e,4064.5999999940395
gkse9wdn,0d3d703e,783.0
189iqcds,0d3d703e,5029.199999999255
mzi8f2hv,0d3d703e,1154.2999999988824
fgxp8fzz,0d3d703e,1546.7000000476835
c2lwacqc,0d3d703e,3729.699999988079
g7svteiz,0d3d703e,548.8000001907349
cw4tyx7n,0d3d703e,3002.7999999821186
0yfthc4y,0d3d703e,307.59999999403954
ei0ij8ms,0d3d703e,1611.0
2tkm21z6,0d3d703e,387.0
yfyhejim,0d3d703e,1206.6999998092651
qu0lm98m,0d3d703e,1982.0999999940395
jayyv6lz,0d3d703e,1124.5
g3vslpjv,0d3d703e,662.2999999970198
2d8q4qkc,0d3d703e,1713.0
o2ho0580,0d3d703e,474.5
bx44xwzb,0d3d703e,646.1000000014901
c9sps7bl,0d3d703e,2648.800000011921
qfiy90jx,0d3d703e,2117.099999904633
8oohxrrz,0d3d703e,1448.399999976158
x5id5i5q,0d3d703e,1265.5
yebzokh4,0d3d703e,663.8999999985099
kavvl57w,0d3d703e,3227.5
r99uy0qb,0d3d703e,2215.0
idma9086,0d3d703e,1792.100000023842
0fy66fv2,0d3d703e,688.9000000022352
b73rrttr,0d3d703e,384.1000000014901
qif0sa3r,0d3d703e,2221.5
8y2nd2sh,0d3d703e,3885.600000023842
aypxap78,0d3d703e,2147.599999964237
l0nln4b2,0d3d703e,428.0999999642372
ascil7wf,0d3d703e,802.5
kck1uue7,0d3d703e,2963.300000190735
8psac9uo,0d3d703e,993.0
nx0vccp8,0d3d703e,715.2000000476837
xji13cu2,0d3d703e,359.89999997615814
9evwb372,0d3d703e,2667.0
ya0wv6pm,0d3d703e,1148.0
mpzcivx9,0d3d703e,1407.4000000003723
1qt2f29y,0d3d703e,316.67300000041723
sp00glmz,0d3d703e,2424.39999999851
jx6lhkbi,0d3d703e,2599.900000095367
cfclud8z,0d3d703e,2980.900000002235
zelqv7az,0d3d703e,1768.5999999642372
z8b26ynw,0d3d703e,3085.5
318gokyy,0d3d703e,3984.400000095367
oxvw1rhx,0d3d703e,1810.0
4j6cy1mk,0d3d703e,295.35000002384186
zfeorjum,0d3d703e,1751.0
hkj9daz7,0d3d703e,2347.20000000298
9ohxtpht,0d3d703e,320.29999999701977
w12e497z,0d3d703e,2092.70000000298
1r6yodve,0d3d703e,631.0
2anyuqd8,0d3d703e,734.0
k0qq522n,0d3d703e,392.2999999988824
cbvc5e3w,0d3d703e,650.5999999046326
mr7lkk46,0d3d703e,3092.1999999284744
2w766g1z,0d3d703e,1900.7000000476835
nqubyvew,0d3d703e,539.4000000059605
bcyhma9y,0d3d703e,314.80000001192093
f5ktzt2t,0d3d703e,1336.5
kkeej6x5,0d3d703e,288.20000000298023
pcrxo3zp,0d3d703e,1750.3999996185305
t3l0if03,0d3d703e,1073.699999988079
nldu5ge3,0d3d703e,1705.0999999940395
ler5uq42,0d3d703e,891.0000000009313
nfbzvhip,0d3d703e,352.19999980926514
4wx63ymf,0d3d703e,1690.300000000745
onnumbyy,0d3d703e,760.0
m63pxnwq,0d3d703e,1721.5999999046326
nrfiw9bx,0d3d703e,1984.4000000953672
xklnx39q,0d3d703e,1663.9500000476837
z3die4q3,0d3d703e,1989.0
p445h6ow,0d3d703e,1687.0
8jwr3j6t,0d3d703e,1368.5999999046326
mhskzwic,0d3d703e,285.0
8yhijukj,0d3d703e,387.2999999523163
50nsp39w,0d3d703e,2133.5
om1m73rv,0d3d703e,1314.6999999880793
7agy8y3l,0d3d703e,3253.099999964237
vbwguazj,0d3d703e,368.0
dmft9d3y,0d3d703e,1836.800000011921
bdfn1h0o,0d3d703e,2761.100000143051
pgtp756s,0d3d703e,516.6999999880791
6e5gb0yb,0d3d703e,1067.4999998807907
icf7bchs,0d3d703e,392.5
l9krayds,0d3d703e,2614.600000023842
aqmjput5,0d3d703e,2568.0
nvlsix5c,0d3d703e,336.0
f5ohsl5h,0d3d703e,1929.5
cp3b83py,0d3d703e,1628.699999988079
fkx2gd88,0d3d703e,2379.1500000059605
27d8totr,0d3d703e,799.4000000059605
91fk0af9,0d3d703e,361.39999997615814
qothvfhf,0d3d703e,361.7000000476837
kmwiem6m,0d3d703e,253.5
5pds9j1d,0d3d703e,280.20000000298023
ikfbpugl,0d3d703e,1960.2000000476835
d33m799j,0d3d703e,2234.899999976158
o5qropwk,0d3d703e,335.0
ol9lky1i,0d3d703e,1368.25
5nrjvc7q,0d3d703e,1668.2000000029802
61zahdh9,0d3d703e,1284.199999988079
5hz183aa,0d3d703e,1230.0
emwp6wq7,0d3d703e,1991.5999999046328
pad0sufd,0d3d703e,627.6999999992549
xeu3j3ki,0d3d703e,1038.0
ym49wqbn,0d3d703e,2532.6999999284744
154uk6vm,0d3d703e,487.55000001192093
npr5bsi2,0d3d703e,764.4000000953674
byx9jkxm,0d3d703e,1339.0
74l1qvc1,0d3d703e,727.3000000007451
j2pjmr32,0d3d703e,3744.0
bmlngyh3,0d3d703e,1740.2000000476835
clucow7d,0d3d703e,1913.7999999970198
cghxa2ie,0d3d703e,3014.89999999851
0hrc9vve,0d3d703e,359.4000005722046
zvbewhqx,0d3d703e,304.7000000476837
plfupad7,0d3d703e,805.3000000002794
ism64anu,0d3d703e,656.6000000238419
n2et79bd,0d3d703e,1724.7999999988824
qazkn1sw,0d3d703e,336.5
f0wpo2hr,0d3d703e,1849.0
c7z6erey,0d3d703e,1780.699999988079
8aknstxj,0d3d703e,2140.5
r2ck84r8,0d3d703e,464.90000009536743
nze0azo1,0d3d703e,389.60000002384186
hpl7jugr,0d3d703e,1561.5
3cc6zm51,0d3d703e,247.19999992847443
ovhoesyy,0d3d703e,1982.0
ske58akk,0d3d703e,1859.300000011921
r24jdhzg,0d3d703e,339.8999999985099
stbyxpx6,0d3d703e,1760.699999988079
44o5xnxe,0d3d703e,288.0
qkiu92kk,0d3d703e,427.59999999403954
02333qfj,0d3d703e,1685.4000000953674
q04yitea,0d3d703e,1917.9499999880793
qfsp3ery,0d3d703e,583.0999999046326
y32zaw9c,0d3d703e,408.0
cuybsfwr,0d3d703e,257.3999999985099
szbhlpfr,0d3d703e,289.20000000298023
phbjwkyw,0d3d703e,1379.3000000715256
89u58v07,0d3d703e,2044.60000000149
hsm45iwx,0d3d703e,1940.300000011921
4s3cm7d8,0d3d703e,329.0
e2w81k0i,0d3d703e,1202.5
sn10zd6g,0d3d703e,1650.2999999523165
zj5uemkt,0d3d703e,657.0
ljwskxcq,0d3d703e,2462.400000095367
l5sagbsh,0d3d703e,1509.0
v6jvgdvg,0d3d703e,673.0
4s9g1cze,0d3d703e,1431.800000011921
3irnkhq8,0d3d703e,2000.2000000178816
uktb326q,0d3d703e,609.0
kwy2bqjo,0d3d703e,2140.399999976158
bw2cwy0m,0d3d703e,726.9000000003725
cdo2cmtp,0d3d703e,298.25
d1vjrjhc,0d3d703e,1988.20000000298
o4kkkuj9,0d3d703e,290.20000000018626
k8txaw58,0d3d703e,317.2999999523163
mlvcv31l,0d3d703e,1914.8999999910593
a589fsqz,0d3d703e,2305.5
7o2tmcr2,0d3d703e,1274.399999976158
t2eyvuxq,0d3d703e,1817.7000000476835
qv0yh587,0d3d703e,3254.0
eyn3wygc,0d3d703e,385.59999999403954
ni5df01j,0d3d703e,295.7000000476837
mrwlcmno,0d3d703e,363.0
ew4oecfi,0d3d703e,1534.9000000953674
2j8p9vyz,0d3d703e,2151.0
s03ed531,0d3d703e,566.0
xasfvnb7,0d3d703e,477.90000009536743
03ljcqhc,0d3d703e,1568.9000000059605
904h81sn,0d3d703e,1883.5
j2dvablb,0d3d703e,1372.0
vr20hyge,0d3d703e,571.0
nhds6zsd,0d3d703e,2105.0
qqqzakmg,0d3d703e,768.1000000238419
648anokh,0d3d703e,1282.7999999523163
zc26r1al,0d3d703e,300.10000014305115
c7ac53of,0d3d703e,3034.099999904633
rjanlii9,0d3d703e,2155.600000143051
mrypomny,0d3d703e,359.0
jeq3oy2g,0d3d703e,374.0
8bgj1tsd,0d3d703e,330.0
tc5wgx8h,0d3d703e,357.2999999821186
vpxztp7b,0d3d703e,1737.0
f1ejz9fy,0d3d703e,2126.300000011921
a9gvtd1o,0d3d703e,687.3999996185303
lmtka1ev,0d3d703e,1558.0
a0w1xgxf,0d3d703e,2113.0
41kp06jx,0d3d703e,1797.199999999255
a6jpzpek,0d3d703e,2530.0
6eyovdd2,0d3d703e,1481.2000000476835
c2lwacqc,0d87d2a6,567.3999999910593
g7svteiz,0d87d2a6,1031.7000000476835
cw4tyx7n,0d87d2a6,927.4000000059604
fgxp8fzz,0d87d2a6,1071.4000000953674
189iqcds,0d87d2a6,4253.699999999255
mzi8f2hv,0d87d2a6,976.0999999996276
gkse9wdn,0d87d2a6,636.0
rhbgnqhz,0d87d2a6,811.8999999761581
72p6pxny,0d87d2a6,1530.5500000715256
hd5k29qy,0d87d2a6,519.9499999955297
jayyv6lz,0d87d2a6,1428.0
qu0lm98m,0d87d2a6,914.75
yfyhejim,0d87d2a6,1272.4500000476837
2tkm21z6,0d87d2a6,429.0
0yfthc4y,0d87d2a6,408.7000000178814
ei0ij8ms,0d87d2a6,1372.5
0fy66fv2,0d87d2a6,564.6999999992549
7nszfy43,0d87d2a6,558.0
b73rrttr,0d87d2a6,1688.5999999996277
r99uy0qb,0d87d2a6,2609.5
idma9086,0d87d2a6,1128.050000011921
kavvl57w,0d87d2a6,2942.7999999821186
yebzokh4,0d87d2a6,623.7000000029802
qfiy90jx,0d87d2a6,2224.600000023842
8oohxrrz,0d87d2a6,1924.6999999284744
bx44xwzb,0d87d2a6,774.7000000029802
o2ho0580,0d87d2a6,605.0
c9sps7bl,0d87d2a6,1322.9000000357628
g3vslpjv,0d87d2a6,1601.0
2d8q4qkc,0d87d2a6,1123.5
jqeesfz7,0d87d2a6,310.6000000014901
kck1uue7,0d87d2a6,2230.099999904633
nx0vccp8,0d87d2a6,615.8499999642372
8psac9uo,0d87d2a6,2131.2000000476837
9pjr0waw,0d87d2a6,1118.199999999255
ascil7wf,0d87d2a6,1403.9500000029802
aypxap78,0d87d2a6,1316.4000000357628
l0nln4b2,0d87d2a6,628.8000000119209
8y2nd2sh,0d87d2a6,2016.6000000238419
zelqv7az,0d87d2a6,1122.5499999523163
z8b26ynw,0d87d2a6,1142.0
cfclud8z,0d87d2a6,1690.0999999977648
jx6lhkbi,0d87d2a6,1722.4499999284744
sp00glmz,0d87d2a6,855.8499999977648
mpzcivx9,0d87d2a6,970.9000000003724
1qt2f29y,0d87d2a6,416.67500000074506
clhkwrie,0d87d2a6,659.8999999910593
23iyreiv,0d87d2a6,1247.0
2ke9hbes,0d87d2a6,911.0
9evwb372,0d87d2a6,1582.0
ya0wv6pm,0d87d2a6,400.0
1r6yodve,0d87d2a6,1618.0
2anyuqd8,0d87d2a6,534.0
9ohxtpht,0d87d2a6,663.8999999985099
w12e497z,0d87d2a6,2373.1999999955297
hkj9daz7,0d87d2a6,1635.5
zfeorjum,0d87d2a6,1110.0
8d21w3yr,0d87d2a6,529.0
oxvw1rhx,0d87d2a6,395.80000000074506
4j6cy1mk,0d87d2a6,542.5000000596046
m63pxnwq,0d87d2a6,1708.75
onnumbyy,0d87d2a6,634.0
ler5uq42,0d87d2a6,650.0
4wx63ymf,0d87d2a6,1411.199999999255
nfbzvhip,0d87d2a6,452.7500002384186
t3l0if03,0d87d2a6,1010.1499999761581
nldu5ge3,0d87d2a6,491.3999999910593
kkeej6x5,0d87d2a6,424.3499999977648
f5ktzt2t,0d87d2a6,879.0500000715256
pcrxo3zp,0d87d2a6,1726.5
bcyhma9y,0d87d2a6,585.2999999821186
nqubyvew,0d87d2a6,456.7000000178814
mr7lkk46,0d87d2a6,1935.4000000357628
2w766g1z,0d87d2a6,363.5
7agy8y3l,0d87d2a6,1105.4000000953674
vbwguazj,0d87d2a6,607.9000000022352
mhskzwic,0d87d2a6,773.0
8yhijukj,0d87d2a6,1622.050000011921
z3die4q3,0d87d2a6,1778.0
8jwr3j6t,0d87d2a6,999.6000000238417
pz38obzd,0d87d2a6,854.4000000953674
nrfiw9bx,0d87d2a6,1182.0999999046326
d33m799j,0d87d2a6,1449.25
kmwiem6m,0d87d2a6,1309.0
27d8totr,0d87d2a6,1569.2000000029802
fkx2gd88,0d87d2a6,2110.600000023842
qothvfhf,0d87d2a6,475.40000000596046
91fk0af9,0d87d2a6,651.0000000298023
cp3b83py,0d87d2a6,1434.2999999523165
aqmjput5,0d87d2a6,685.0
l9krayds,0d87d2a6,780.0
f5ohsl5h,0d87d2a6,1054.9500000476837
bhpug29p,0d87d2a6,645.0500000000466
icf7bchs,0d87d2a6,574.0
6e5gb0yb,0d87d2a6,973.9000000953674
dmft9d3y,0d87d2a6,1170.2000000476835
bdfn1h0o,0d87d2a6,2093.899999976158
clucow7d,0d87d2a6,2283.2999999821186
cghxa2ie,0d87d2a6,1463.800000000745
3d2as981,0d87d2a6,2693.050000011921
y8mzyzjc,0d87d2a6,520.2500001192093
bmlngyh3,0d87d2a6,1682.4000000953674
byx9jkxm,0d87d2a6,1156.0
74l1qvc1,0d87d2a6,559.6000000014901
154uk6vm,0d87d2a6,558.4500000029802
ym49wqbn,0d87d2a6,1041.199999988079
npr5bsi2,0d87d2a6,394.5
emwp6wq7,0d87d2a6,1584.4500000476835
pad0sufd,0d87d2a6,2462.4000000003725
61zahdh9,0d87d2a6,919.600000023842
5hz183aa,0d87d2a6,1261.0
o5qropwk,0d87d2a6,406.0
ol9lky1i,0d87d2a6,1771.5
5nrjvc7q,0d87d2a6,1298.5
r24jdhzg,0d87d2a6,1664.2000000011176
3cc6zm51,0d87d2a6,376.8499999642372
ske58akk,0d87d2a6,1461.0499999821186
ovhoesyy,0d87d2a6,2085.0
nze0azo1,0d87d2a6,1618.800000011921
r2ck84r8,0d87d2a6,1167.2000000476835
hpl7jugr,0d87d2a6,1778.5
8aknstxj,0d87d2a6,867.9499999880791
qazkn1sw,0d87d2a6,830.0
f0wpo2hr,0d87d2a6,1502.0
plfupad7,0d87d2a6,1411.2000000011176
ism64anu,0d87d2a6,1649.300000011921
zvbewhqx,0d87d2a6,695.8999999761581
sn10zd6g,0d87d2a6,2190.600000023842
hsm45iwx,0d87d2a6,1657.5499999970198
4s3cm7d8,0d87d2a6,487.0
e2w81k0i,0d87d2a6,2086.8000000715256
89u58v07,0d87d2a6,2552.0999999996275
phbjwkyw,0d87d2a6,1014.399999976158
0ra11hiv,0d87d2a6,900.8499994277954
cuybsfwr,0d87d2a6,1448.1999999955297
y32zaw9c,0d87d2a6,463.0
02333qfj,0d87d2a6,624.25
qfsp3ery,0d87d2a6,1051.0
44o5xnxe,0d87d2a6,1166.5
qkiu92kk,0d87d2a6,467.65000000596046
cdo2cmtp,0d87d2a6,324.7000000011176
bw2cwy0m,0d87d2a6,728.3000000007451
kwy2bqjo,0d87d2a6,1343.8999999761581
uktb326q,0d87d2a6,594.0
v6jvgdvg,0d87d2a6,566.7499997615814
l5sagbsh,0d87d2a6,414.0
ljwskxcq,0d87d2a6,791.9499998092651
3irnkhq8,0d87d2a6,893.9000000059605
4s9g1cze,0d87d2a6,1081.0
zj5uemkt,0d87d2a6,2462.399999976158
wcau806y,0d87d2a6,702.0
2j8p9vyz,0d87d2a6,1193.0
s03ed531,0d87d2a6,701.0000000001164
mrwlcmno,0d87d2a6,448.5
ew4oecfi,0d87d2a6,1713.4000000953674
ni5df01j,0d87d2a6,1551.4500000476835
eyn3wygc,0d87d2a6,396.199999988079
t2eyvuxq,0d87d2a6,1786.0
a589fsqz,0d87d2a6,1055.9000000059605
d1vjrjhc,0d87d2a6,730.8999999985099
mlvcv31l,0d87d2a6,1724.5
k8txaw58,0d87d2a6,1342.0
o4kkkuj9,0d87d2a6,474.0999999996274
vr20hyge,0d87d2a6,1102.0
nhds6zsd,0d87d2a6,502.0
so5k1adg,0d87d2a6,416.69999999925494
904h81sn,0d87d2a6,795.6999999880791
j2dvablb,0d87d2a6,824.8000000007451
xasfvnb7,0d87d2a6,417.7999999523163
sesf1qnx,0d87d2a6,1728.2000000029802
6eyovdd2,0d87d2a6,707.1999999284744
a6jpzpek,0d87d2a6,1015.39999999851
lmtka1ev,0d87d2a6,1254.0
41kp06jx,0d87d2a6,1176.5
a0w1xgxf,0d87d2a6,617.0
e0biso3r,0d87d2a6,1858.7999997138977
a9gvtd1o,0d87d2a6,2433.6000003814697
vpxztp7b,0d87d2a6,894.0
f1ejz9fy,0d87d2a6,1523.3999999761581
tc5wgx8h,0d87d2a6,2229.0
8bgj1tsd,0d87d2a6,606.5
c7ac53of,0d87d2a6,3664.7000002861023
rjanlii9,0d87d2a6,1047.7999999523165
648anokh,0d87d2a6,559.0999999046326
nqubyvew,1c02dbbe,770.3000000119209
2w766g1z,1c02dbbe,1391.600000023842
mr7lkk46,1c02dbbe,2738.449999988079
kkeej6x5,1c02dbbe,784.5
f5ktzt2t,1c02dbbe,1536.6000001430511
bcyhma9y,1c02dbbe,509.19999998807907
nfbzvhip,1c02dbbe,994.3500001430511
4wx63ymf,1c02dbbe,741.5
t3l0if03,1c02dbbe,811.6000000238419
nldu5ge3,1c02dbbe,695.3999999910593
onnumbyy,1c02dbbe,1472.0
nrfiw9bx,1c02dbbe,1325.0999999046326
xklnx39q,1c02dbbe,2881.3000000715256
pz38obzd,1c02dbbe,732.2999999523163
8yhijukj,1c02dbbe,892.8999999761581
mhskzwic,1c02dbbe,799.0
z3die4q3,1c02dbbe,1004.0
p445h6ow,1c02dbbe,725.0
8jwr3j6t,1c02dbbe,824.1000001430511
o1t1fb7j,1c02dbbe,1299.0999999940395
vbwguazj,1c02dbbe,1128.0999999977648
om1m73rv,1c02dbbe,1945.7999999523165
9evwb372,1c02dbbe,734.0
ya0wv6pm,1c02dbbe,1354.0
23iyreiv,1c02dbbe,1226.4000005722046
sp00glmz,1c02dbbe,1287.0
1qt2f29y,1c02dbbe,700.0140000004321
clhkwrie,1c02dbbe,419.6000000089407
mpzcivx9,1c02dbbe,916.9000000003725
jx6lhkbi,1c02dbbe,984.0
zelqv7az,1c02dbbe,784.8000000715256
z8b26ynw,1c02dbbe,1183.5
cfclud8z,1c02dbbe,2054.800000000745
8d21w3yr,1c02dbbe,433.0
oxvw1rhx,1c02dbbe,1808.3499999996275
fl73adm5,1c02dbbe,1692.4000000953674
4j6cy1mk,1c02dbbe,695.5500000119209
318gokyy,1c02dbbe,1664.2999999523165
9ohxtpht,1c02dbbe,919.60000000149
w12e497z,1c02dbbe,3951.20000000298
hkj9daz7,1c02dbbe,1459.60000000149
zfeorjum,1c02dbbe,1261.0
cbvc5e3w,1c02dbbe,253.09999990463257
k0qq522n,1c02dbbe,510.7499999990687
1r6yodve,1c02dbbe,723.5
c9sps7bl,1c02dbbe,2887.75
bx44xwzb,1c02dbbe,892.4500000029802
o2ho0580,1c02dbbe,1088.6999998092651
2d8q4qkc,1c02dbbe,1698.0
g3vslpjv,1c02dbbe,1760.0
x5id5i5q,1c02dbbe,1008.0
8oohxrrz,1c02dbbe,1079.7000000476835
qfiy90jx,1c02dbbe,966.2999999523164
yebzokh4,1c02dbbe,552.2000000029802
0fy66fv2,1c02dbbe,255.84999999776483
b73rrttr,1c02dbbe,559.7999999988824
r99uy0qb,1c02dbbe,2517.5
idma9086,1c02dbbe,824.3499999940395
4kl3i3tv,1c02dbbe,1487.9000000059605
8y2nd2sh,1c02dbbe,2812.300000011921
qif0sa3r,1c02dbbe,250.30000000074503
ascil7wf,1c02dbbe,1546.0
l0nln4b2,1c02dbbe,1112.800000011921
aypxap78,1c02dbbe,859.3499999940395
8psac9uo,1c02dbbe,918.0000001192092
nx0vccp8,1c02dbbe,626.3999999761581
kck1uue7,1c02dbbe,1705.3999998569489
9pjr0waw,1c02dbbe,904.5999999977648
jqeesfz7,1c02dbbe,241.09999999776483
gkse9wdn,1c02dbbe,768.0
hd5k29qy,1c02dbbe,1620.8999999910593
rhbgnqhz,1c02dbbe,1188.6499999761581
72p6pxny,1c02dbbe,848.7999999523163
fgxp8fzz,1c02dbbe,2209.4000000953674
mzi8f2hv,1c02dbbe,1603.7999999988824
189iqcds,1c02dbbe,1783.0
c2lwacqc,1c02dbbe,976.75
g7svteiz,1c02dbbe,864.0
2tkm21z6,1c02dbbe,419.0
ei0ij8ms,1c02dbbe,1345.5
0yfthc4y,1c02dbbe,1702.0
yfyhejim,1c02dbbe,1352.8999998569489
jayyv6lz,1c02dbbe,576.0
qu0lm98m,1c02dbbe,1934.8999999910593
ldo5smvx,1c02dbbe,1081.6999998092651
j2dvablb,1c02dbbe,807.4999999990687
so5k1adg,1c02dbbe,254.2000000011176
904h81sn,1c02dbbe,1539.4000000059605
03ljcqhc,1c02dbbe,486.80000000447035
vr20hyge,1c02dbbe,2540.0
nhds6zsd,1c02dbbe,812.5
zc26r1al,1c02dbbe,339.40000009536743
648anokh,1c02dbbe,746.6499999761581
qqqzakmg,1c02dbbe,532.6999999880791
tc5wgx8h,1c02dbbe,2537.800000011921
8bgj1tsd,1c02dbbe,2055.0
mrypomny,1c02dbbe,427.5
jeq3oy2g,1c02dbbe,517.0
c7ac53of,1c02dbbe,498.35000014305115
rjanlii9,1c02dbbe,2122.5
e0biso3r,1c02dbbe,2722.600000143051
a9gvtd1o,1c02dbbe,2450.2000007629395
f1ejz9fy,1c02dbbe,2089.1500000059605
vpxztp7b,1c02dbbe,784.0
6eyovdd2,1c02dbbe,1414.1000000238419
a6jpzpek,1c02dbbe,3240.7500000018626
41kp06jx,1c02dbbe,2773.7000000001863
a0w1xgxf,1c02dbbe,950.0
lmtka1ev,1c02dbbe,2171.0
zj5uemkt,1c02dbbe,1134.949999988079
4s9g1cze,1c02dbbe,564.5500000119209
3irnkhq8,1c02dbbe,1116.5499999970198
ljwskxcq,1c02dbbe,2162.5
v6jvgdvg,1c02dbbe,605.0499999523163
l5sagbsh,1c02dbbe,870.0
bw2cwy0m,1c02dbbe,755.9000000003725
kwy2bqjo,1c02dbbe,477.7000000476837
uktb326q,1c02dbbe,1110.0
a589fsqz,1c02dbbe,1479.9000000059605
k8txaw58,1c02dbbe,1601.1000000238419
o4kkkuj9,1c02dbbe,410.04999999981374
mlvcv31l,1c02dbbe,2745.2499999925494
d1vjrjhc,1c02dbbe,1607.1000000014901
qv0yh587,1c02dbbe,343.5
t2eyvuxq,1c02dbbe,2027.3499999642372
08vqizpx,1c02dbbe,698.0
ew4oecfi,1c02dbbe,1016.9000000953674
mrwlcmno,1c02dbbe,464.0
eyn3wygc,1c02dbbe,1003.6999999880792
ni5df01j,1c02dbbe,1885.0500000715256
wcau806y,1c02dbbe,977.0
s03ed531,1c02dbbe,608.5
2j8p9vyz,1c02dbbe,1102.0
ism64anu,1c02dbbe,2465.900000035763
n2et79bd,1c02dbbe,761.8499999996275
plfupad7,1c02dbbe,1554.4999999990687
0hrc9vve,1c02dbbe,3811.4000005722046
zvbewhqx,1c02dbbe,1696.1999999284744
8aknstxj,1c02dbbe,461.94999998807907
c7z6erey,1c02dbbe,606.5999999642372
f0wpo2hr,1c02dbbe,2452.0
qazkn1sw,1c02dbbe,336.0
r2ck84r8,1c02dbbe,1260.4000000953674
nze0azo1,1c02dbbe,1216.7000000476835
hpl7jugr,1c02dbbe,1834.0
stbyxpx6,1c02dbbe,400.0
r24jdhzg,1c02dbbe,1023.60000000149
ovhoesyy,1c02dbbe,1032.0
ske58akk,1c02dbbe,2585.399999976158
3cc6zm51,1c02dbbe,342.2000000476837
q04yitea,1c02dbbe,622.4000000953674
02333qfj,1c02dbbe,2090.2000000476837
qkiu92kk,1c02dbbe,858.3999999761581
ihnjt6k4,1c02dbbe,1419.0
44o5xnxe,1c02dbbe,326.5
0ra11hiv,1c02dbbe,560.2000007629395
y32zaw9c,1c02dbbe,435.0
89u58v07,1c02dbbe,990.4499999992549
phbjwkyw,1c02dbbe,660.3000000715256
szbhlpfr,1c02dbbe,2481.79999999702
sn10zd6g,1c02dbbe,2631.2999999523163
4s3cm7d8,1c02dbbe,983.0
e2w81k0i,1c02dbbe,2160.8000000715256
hsm45iwx,1c02dbbe,907.6000000089407
6e5gb0yb,1c02dbbe,715.0
dmft9d3y,1c02dbbe,984.399999976158
f5ohsl5h,1c02dbbe,712.5
aqmjput5,1c02dbbe,3621.0
l9krayds,1c02dbbe,1440.25
icf7bchs,1c02dbbe,1748.0
qothvfhf,1c02dbbe,436.39999997615814
91fk0af9,1c02dbbe,693.5999999940395
fkx2gd88,1c02dbbe,1868.550000011921
cp3b83py,1c02dbbe,1226.2999999821186
d33m799j,1c02dbbe,630.0500000119209
5pds9j1d,1c02dbbe,355.19999999925494
kmwiem6m,1c02dbbe,1318.3000000715256
5hz183aa,1c02dbbe,881.0
61zahdh9,1c02dbbe,367.0
ol9lky1i,1c02dbbe,875.1000001430511
5nrjvc7q,1c02dbbe,1550.4000000059605
o5qropwk,1c02dbbe,1868.5
154uk6vm,1c02dbbe,452.8500000089407
ym49wqbn,1c02dbbe,870.8000000715256
npr5bsi2,1c02dbbe,1132.7000000476835
xeu3j3ki,1c02dbbe,1482.0
pad0sufd,1c02dbbe,712.0
emwp6wq7,1c02dbbe,991.3500000238419
j2pjmr32,1c02dbbe,717.0
byx9jkxm,1c02dbbe,1342.5
cghxa2ie,1c02dbbe,3049.949999999255
3d2as981,1c02dbbe,1205.7999999523163
clucow7d,1c02dbbe,1006.3000000119208
0hrc9vve,c444b776,2407.9500002861023
zvbewhqx,c444b776,1648.050000011921
plfupad7,c444b776,2751.300000000745
ism64anu,c444b776,2655.349999964237
n2et79bd,c444b776,5065.1500000003725
qazkn1sw,c444b776,743.0
f0wpo2hr,c444b776,2912.0
c7z6erey,c444b776,1025.7000000178814
8aknstxj,c444b776,337.85000002384186
r2ck84r8,c444b776,1929.2000000476835
nze0azo1,c444b776,2087.5499999523163
hpl7jugr,c444b776,1736.0
3cc6zm51,c444b776,2287.5
ovhoesyy,c444b776,1044.0
ske58akk,c444b776,1540.5999999642372
r24jdhzg,c444b776,4269.450000001118
stbyxpx6,c444b776,1209.0999999940395
ihnjt6k4,c444b776,5623.0
44o5xnxe,c444b776,1246.0
02333qfj,c444b776,6056.5
q04yitea,c444b776,1409.8000000119207
y32zaw9c,c444b776,1995.0
0ra11hiv,c444b776,2369.5
szbhlpfr,c444b776,2575.79999999702
phbjwkyw,c444b776,2635.7000000476837
095bdwyc,c444b776,6914.0
89u58v07,c444b776,2019.75
hsm45iwx,c444b776,2176.699999988079
4s3cm7d8,c444b776,2164.5
e2w81k0i,c444b776,1840.2999999523163
sn10zd6g,c444b776,2487.600000143051
dmft9d3y,c444b776,1985.899999976158
6e5gb0yb,c444b776,1189.0
icf7bchs,c444b776,741.5
l9krayds,c444b776,3417.150000035763
aqmjput5,c444b776,1994.0
nvlsix5c,c444b776,5107.5
bhpug29p,c444b776,1565.8999999999069
cp3b83py,c444b776,2364.100000023842
fkx2gd88,c444b776,2120.0999999940395
27d8totr,c444b776,1733.1499999985099
qothvfhf,c444b776,2603.7000000178814
kmwiem6m,c444b776,1387.3500000238419
5pds9j1d,c444b776,3135.0
ikfbpugl,c444b776,1698.0
d33m799j,c444b776,2337.649999976158
o5qropwk,c444b776,3352.0
ol9lky1i,c444b776,1605.9500000476837
5nrjvc7q,c444b776,3148.9500000029802
61zahdh9,c444b776,1933.199999988079
5hz183aa,c444b776,5538.0
emwp6wq7,c444b776,1727.1999999880793
pad0sufd,c444b776,1545.8500000005588
xeu3j3ki,c444b776,3629.0
ym49wqbn,c444b776,2464.100000023842
154uk6vm,c444b776,4907.6500000059605
npr5bsi2,c444b776,1549.9000000953674
byx9jkxm,c444b776,1960.0
74l1qvc1,c444b776,3948.350000000559
j2pjmr32,c444b776,6980.5
bmlngyh3,c444b776,1429.0500000715256
clucow7d,c444b776,1662.699999988079
cghxa2ie,c444b776,3132.3499999996275
3d2as981,c444b776,3261.5
xasfvnb7,c444b776,2714.099999904633
03ljcqhc,c444b776,1563.5499999970198
so5k1adg,c444b776,2517.4500000001863
j2dvablb,c444b776,1590.1499999994412
vr20hyge,c444b776,1812.0
nhds6zsd,c444b776,1562.0
4stfwpke,c444b776,2491.89999999851
648anokh,c444b776,1233.5000000596046
zc26r1al,c444b776,1873.0999999046328
c7ac53of,c444b776,2955.2000002861023
rjanlii9,c444b776,4527.099999904633
mrypomny,c444b776,2510.0
8bgj1tsd,c444b776,3228.2999999523163
tc5wgx8h,c444b776,1921.25
vpxztp7b,c444b776,1704.0
f1ejz9fy,c444b776,1625.699999988079
e0biso3r,c444b776,2150.2999999523163
a9gvtd1o,c444b776,1756.6000003814695
lmtka1ev,c444b776,1474.0
a0w1xgxf,c444b776,648.0
41kp06jx,c444b776,1376.6499999994412
a6jpzpek,c444b776,867.5
6eyovdd2,c444b776,1736.0
zj5uemkt,c444b776,3980.299999952316
ljwskxcq,c444b776,1223.9000000953674
v6jvgdvg,c444b776,2433.149999856949
l5sagbsh,c444b776,1424.0
3irnkhq8,c444b776,2142.25
bw2cwy0m,c444b776,1583.9000000003723
kwy2bqjo,c444b776,1242.3499999642372
d1vjrjhc,c444b776,3016.25
k8txaw58,c444b776,1793.1000000238419
o4kkkuj9,c444b776,2755.599999998696
mlvcv31l,c444b776,1113.3999999985099
a589fsqz,c444b776,1050.8999999910593
t2eyvuxq,c444b776,2518.400000095367
eyn3wygc,c444b776,2917.9000000208616
ni5df01j,c444b776,1870.4000000953672
mrwlcmno,c444b776,2477.5
ew4oecfi,c444b776,3016.2499997615814
6p8vl3lk,c444b776,2742.0
2j8p9vyz,c444b776,2664.0
s03ed531,c444b776,1922.5
wcau806y,c444b776,1941.0
g3vslpjv,c444b776,2284.70000000298
o2ho0580,c444b776,1065.9000005722046
bx44xwzb,c444b776,1305.0
c9sps7bl,c444b776,2052.300000011921
qfiy90jx,c444b776,4283.5
8oohxrrz,c444b776,1628.25
x5id5i5q,c444b776,3399.0
yebzokh4,c444b776,2472.0000000037253
kavvl57w,c444b776,3838.5
r99uy0qb,c444b776,7103.0
idma9086,c444b776,2120.9500000178814
b73rrttr,c444b776,7887.8499999996275
8y2nd2sh,c444b776,4336.399999976158
l0nln4b2,c444b776,3212.650000035763
ascil7wf,c444b776,1668.7000000029802
kck1uue7,c444b776,2114.7000000476837
8psac9uo,c444b776,1808.0
nx0vccp8,c444b776,3238.599999964237
jqeesfz7,c444b776,1053.9000000003725
rhbgnqhz,c444b776,1278.5499999821186
72p6pxny,c444b776,3379.400000095367
hd5k29qy,c444b776,4249.39999999851
189iqcds,c444b776,4561.10000000149
mzi8f2hv,c444b776,894.4000000003725
fgxp8fzz,c444b776,2983.899999976158
yc52i3qf,c444b776,2415.8499999940395
c2lwacqc,c444b776,2172.2000000029802
g7svteiz,c444b776,2505.350000023842
0yfthc4y,c444b776,3204.100000023842
ei0ij8ms,c444b776,2763.0
2tkm21z6,c444b776,4286.0
9wkeb5tu,c444b776,2268.8499999940395
yfyhejim,c444b776,1446.2999997138977
qu0lm98m,c444b776,1415.3500000014901
jayyv6lz,c444b776,2002.0
5vv1rrzw,c444b776,2730.2000000476837
mr7lkk46,c444b776,1867.8500000238419
nqubyvew,c444b776,1605.5999999940395
bcyhma9y,c444b776,8154.40000000596
kkeej6x5,c444b776,2323.949999999255
f5ktzt2t,c444b776,1321.0
pcrxo3zp,c444b776,1922.4000000953672
t3l0if03,c444b776,1189.8499999940395
nldu5ge3,c444b776,1413.75
ler5uq42,c444b776,2652.0
nfbzvhip,c444b776,2489.300000190735
4wx63ymf,c444b776,1226.4500000001863
m63pxnwq,c444b776,1233.9000000953674
nrfiw9bx,c444b776,1674.0999999046326
xklnx39q,c444b776,1967.2999999523165
pz38obzd,c444b776,1304.6500000357628
z3die4q3,c444b776,2022.0
8jwr3j6t,c444b776,1124.3500000238419
mhskzwic,c444b776,2145.5
8yhijukj,c444b776,3827.25
om1m73rv,c444b776,1529.25
7agy8y3l,c444b776,4000.899999976158
vbwguazj,c444b776,1678.0
9evwb372,c444b776,1300.0
2ke9hbes,c444b776,2029.0
ya0wv6pm,c444b776,2225.5
clhkwrie,c444b776,2901.5499999970198
1qt2f29y,c444b776,216.6710000000894
sp00glmz,c444b776,4702.949999999255
jx6lhkbi,c444b776,487.7000000476837
zelqv7az,c444b776,1391.8499999642372
z8b26ynw,c444b776,1219.0
wa9xd98o,c444b776,7870.0
oxvw1rhx,c444b776,525.5
4j6cy1mk,c444b776,1071.7000000476835
fl73adm5,c444b776,1896.0499999523163
8d21w3yr,c444b776,6140.0
zfeorjum,c444b776,3304.0
hkj9daz7,c444b776,1761.6499999985099
9ohxtpht,c444b776,2008.79999999702
w12e497z,c444b776,1121.2000000029802
0wk7vjg8,c444b776,5084.0
1r6yodve,c444b776,731.4999999995343
cbvc5e3w,c444b776,2320.099999904633
lmtka1ev,1bfc4729,800.0
a0w1xgxf,1bfc4729,1039.5
a6jpzpek,1bfc4729,520.3000000007451
6eyovdd2,1bfc4729,672.7999999523163
vpxztp7b,1bfc4729,1004.0
f1ejz9fy,1bfc4729,1378.5
a9gvtd1o,1bfc4729,990.3500003814697
e0biso3r,1bfc4729,3013.5499997138977
rjanlii9,1bfc4729,1497.3500000238419
c7ac53of,1bfc4729,545.9000000953674
jeq3oy2g,1bfc4729,1485.0
mrypomny,1bfc4729,352.0
8bgj1tsd,1bfc4729,1174.0999999046326
tc5wgx8h,1bfc4729,2627.5999999940395
648anokh,1bfc4729,900.6000000238419
4stfwpke,1bfc4729,1601.60000000149
nhds6zsd,1bfc4729,470.0
vr20hyge,1bfc4729,603.0
ce9qdbyh,1bfc4729,805.1999999880791
904h81sn,1bfc4729,779.4500000029802
so5k1adg,1bfc4729,267.65000000037253
j2dvablb,1bfc4729,1314.8999999994412
xasfvnb7,1bfc4729,418.65000009536743
2j8p9vyz,1bfc4729,2763.5
s03ed531,1bfc4729,617.5000000002328
wcau806y,1bfc4729,958.0
eyn3wygc,1bfc4729,519.5499999970198
ni5df01j,1bfc4729,1973.2000000476835
mrwlcmno,1bfc4729,387.0
ew4oecfi,1bfc4729,1014.6000003814695
08vqizpx,1bfc4729,582.5
t2eyvuxq,1bfc4729,1522.6999999880793
qv0yh587,1bfc4729,391.0
d1vjrjhc,1bfc4729,3536.20000000298
k8txaw58,1bfc4729,2308.800000071525
mlvcv31l,1bfc4729,1287.9000000059605
a589fsqz,1bfc4729,1151.0999999940395
7o2tmcr2,1bfc4729,1147.300000011921
cdo2cmtp,1bfc4729,301.80000000074506
uktb326q,1bfc4729,802.0
kwy2bqjo,1bfc4729,1093.1000000238419
bw2cwy0m,1bfc4729,510.05000000074506
ljwskxcq,1bfc4729,943.7499997615814
l5sagbsh,1bfc4729,1117.0
v6jvgdvg,1bfc4729,605.0999999046326
4s9g1cze,1bfc4729,1400.100000023842
3irnkhq8,1bfc4729,1865.9000000059605
zj5uemkt,1bfc4729,2599.0
hsm45iwx,1bfc4729,1609.199999988079
e2w81k0i,1bfc4729,1716.600000023842
4s3cm7d8,1bfc4729,828.0
sn10zd6g,1bfc4729,2611.599999904633
89u58v07,1bfc4729,2394.2999999998137
y32zaw9c,1bfc4729,506.0
cuybsfwr,1bfc4729,2051.699999999255
0ra11hiv,1bfc4729,555.1500005722046
44o5xnxe,1bfc4729,591.0
qkiu92kk,1bfc4729,1540.9000000059605
02333qfj,1bfc4729,768.0
qfsp3ery,1bfc4729,984.5999999046326
q04yitea,1bfc4729,814.25
3cc6zm51,1bfc4729,3665.2000000476837
ovhoesyy,1bfc4729,1145.0
ske58akk,1bfc4729,2124.199999988079
r24jdhzg,1bfc4729,1162.699999999255
stbyxpx6,1bfc4729,1307.4000000059605
hpl7jugr,1bfc4729,2217.0
r2ck84r8,1bfc4729,807.7999999523163
nze0azo1,1bfc4729,1029.3999999761581
qazkn1sw,1bfc4729,214.0
f0wpo2hr,1bfc4729,1862.0
c7z6erey,1bfc4729,863.7000000178814
8aknstxj,1bfc4729,2091.100000023842
zvbewhqx,1bfc4729,1773.5
0hrc9vve,1bfc4729,1182.9000005722046
plfupad7,1bfc4729,2859.699999999255
ism64anu,1bfc4729,897.5
bmlngyh3,1bfc4729,1690.2000000476835
clucow7d,1bfc4729,873.5
cghxa2ie,1bfc4729,1881.800000000745
byx9jkxm,1bfc4729,773.0
j2pjmr32,1bfc4729,1411.5
emwp6wq7,1bfc4729,712.0
npr5bsi2,1bfc4729,481.2000000476837
ym49wqbn,1bfc4729,417.1500000357628
154uk6vm,1bfc4729,1958.199999988079
o5qropwk,1bfc4729,3245.0
5nrjvc7q,1bfc4729,2274.2000000029802
ol9lky1i,1bfc4729,783.7999999523163
61zahdh9,1bfc4729,695.5
5hz183aa,1bfc4729,1793.0
kmwiem6m,1bfc4729,666.6000000238419
5pds9j1d,1bfc4729,332.29999999701977
ikfbpugl,1bfc4729,616.5500000119209
d33m799j,1bfc4729,1021.5999999642372
cp3b83py,1bfc4729,687.25
fkx2gd88,1bfc4729,1794.3500000238419
27d8totr,1bfc4729,4038.0
91fk0af9,1bfc4729,809.9499999880791
qothvfhf,1bfc4729,381.7499999701977
icf7bchs,1bfc4729,690.0
aqmjput5,1bfc4729,1626.0
bhpug29p,1bfc4729,815.0
dmft9d3y,1bfc4729,1190.6500000357628
pgtp756s,1bfc4729,387.54999999701977
6e5gb0yb,1bfc4729,605.6000000238419
om1m73rv,1bfc4729,1031.0
7agy8y3l,1bfc4729,544.1000000238419
p445h6ow,1bfc4729,802.0
8jwr3j6t,1bfc4729,789.6000000238419
z3die4q3,1bfc4729,2571.0
mhskzwic,1bfc4729,773.0
8yhijukj,1bfc4729,1788.199999988079
50nsp39w,1bfc4729,1009.25
pz38obzd,1bfc4729,1288.5
xklnx39q,1bfc4729,2815.100000023842
nrfiw9bx,1bfc4729,944.2000002861022
m63pxnwq,1bfc4729,637.5999999046326
nldu5ge3,1bfc4729,706.5
t3l0if03,1bfc4729,850.1999999880791
nfbzvhip,1bfc4729,1410.0999999046326
4wx63ymf,1bfc4729,1600.2000000011176
pcrxo3zp,1bfc4729,2584.800000190735
f5ktzt2t,1bfc4729,1309.2999999523165
kkeej6x5,1bfc4729,1372.0
mr7lkk46,1bfc4729,1464.0499999523163
2w766g1z,1bfc4729,833.6000000238419
nqubyvew,1bfc4729,917.5
2anyuqd8,1bfc4729,734.0
1r6yodve,1bfc4729,8168.0
cbvc5e3w,1bfc4729,300.60000002384186
zfeorjum,1bfc4729,1917.0
hkj9daz7,1bfc4729,2662.6999999955297
w12e497z,1bfc4729,3665.14999999851
9ohxtpht,1bfc4729,937.7000000029802
4j6cy1mk,1bfc4729,662.7000000476837
oxvw1rhx,1bfc4729,374.8500000005588
8d21w3yr,1bfc4729,1700.0
cfclud8z,1bfc4729,1886.699999999255
z8b26ynw,1bfc4729,1455.0
zelqv7az,1bfc4729,1014.5999999046326
jx6lhkbi,1bfc4729,1655.6999998092651
mpzcivx9,1bfc4729,978.7500000009313
clhkwrie,1bfc4729,426.79999999701977
1qt2f29y,1bfc4729,383.3410000000149
sp00glmz,1bfc4729,2339.7499999962747
ya0wv6pm,1bfc4729,718.0
9evwb372,1bfc4729,837.5
2ke9hbes,1bfc4729,1103.0
jqeesfz7,1bfc4729,332.94999999925494
xji13cu2,1bfc4729,718.9000000357628
9pjr0waw,1bfc4729,1542.300000000745
kck1uue7,1bfc4729,2162.4499999284744
8psac9uo,1bfc4729,864.5
nx0vccp8,1bfc4729,790.5500000119209
aypxap78,1bfc4729,2060.400000035763
l0nln4b2,1bfc4729,1130.75
ascil7wf,1bfc4729,962.0
8y2nd2sh,1bfc4729,1233.2999999523165
idma9086,1bfc4729,884.8000000119209
r99uy0qb,1bfc4729,1684.0
yebzokh4,1bfc4729,2310.5
kavvl57w,1bfc4729,2365.9500000029802
qfiy90jx,1bfc4729,1806.9500000476837
8oohxrrz,1bfc4729,1337.899999976158
g3vslpjv,1bfc4729,1570.85000000149
o2ho0580,1bfc4729,509.80000019073486
bx44xwzb,1bfc4729,856.1000000014901
c9sps7bl,1bfc4729,1647.0
ldo5smvx,1bfc4729,1674.1000003814697
qu0lm98m,1bfc4729,611.7000000029802
jayyv6lz,1bfc4729,427.5
yfyhejim,1bfc4729,972.75
0yfthc4y,1bfc4729,617.0999999940395
ei0ij8ms,1bfc4729,1578.5
g7svteiz,1bfc4729,1237.0
c2lwacqc,1bfc4729,1247.300000011921
cw4tyx7n,1bfc4729,1393.699999988079
189iqcds,1bfc4729,1991.9000000022352
mzi8f2hv,1bfc4729,677.6500000013039
fgxp8fzz,1bfc4729,1081.5
72p6pxny,1bfc4729,535.8500000238419
rhbgnqhz,1bfc4729,2476.5499999821186
hd5k29qy,1bfc4729,2045.8999999985099
sesf1qnx,1c0d0a4b,1009.0999999940396
xasfvnb7,1c0d0a4b,499.7999999523163
j2dvablb,1c0d0a4b,598.9999999990687
so5k1adg,1c0d0a4b,338.2000000011176
904h81sn,1c0d0a4b,511.5
ce9qdbyh,1c0d0a4b,392.7999999523163
vr20hyge,1c0d0a4b,662.0
nhds6zsd,1c0d0a4b,530.0
648anokh,1c0d0a4b,431.2999999523163
8bgj1tsd,1c0d0a4b,480.9999998807907
tc5wgx8h,1c0d0a4b,452.15000000596046
mrypomny,1c0d0a4b,464.0
jeq3oy2g,1c0d0a4b,193.0
c7ac53of,1c0d0a4b,669.0999999046326
rjanlii9,1c0d0a4b,175.10000014305115
e0biso3r,1c0d0a4b,707.6000001430511
a9gvtd1o,1c0d0a4b,680.2999992370605
f1ejz9fy,1c0d0a4b,534.2500000298023
a6jpzpek,1c0d0a4b,2069.949999999255
6eyovdd2,1c0d0a4b,416.2999999523163
a0w1xgxf,1c0d0a4b,477.0
41kp06jx,1c0d0a4b,591.9000000003725
lmtka1ev,1c0d0a4b,595.0
zj5uemkt,1c0d0a4b,856.8999999761581
3irnkhq8,1c0d0a4b,484.0
4s9g1cze,1c0d0a4b,429.800000011921
l5sagbsh,1c0d0a4b,530.0
ljwskxcq,1c0d0a4b,460.19999980926514
kwy2bqjo,1c0d0a4b,668.8999999761581
bw2cwy0m,1c0d0a4b,465.75
uktb326q,1c0d0a4b,545.0
a589fsqz,1c0d0a4b,297.19999998807907
mlvcv31l,1c0d0a4b,689.6999999880791
o4kkkuj9,1c0d0a4b,405.69999999925494
k8txaw58,1c0d0a4b,680.2000000476837
1xogp17t,1c0d0a4b,313.60000002384186
qv0yh587,1c0d0a4b,539.0
t2eyvuxq,1c0d0a4b,499.94999998807907
08vqizpx,1c0d0a4b,632.9999999997672
ew4oecfi,1c0d0a4b,616.6999998092651
mrwlcmno,1c0d0a4b,567.0
ni5df01j,1c0d0a4b,1951.9000000953672
eyn3wygc,1c0d0a4b,473.70000000298023
wcau806y,1c0d0a4b,651.0
s03ed531,1c0d0a4b,567.0
6p8vl3lk,1c0d0a4b,2666.0
ism64anu,1c0d0a4b,700.4500000476837
plfupad7,1c0d0a4b,895.1499999999069
zvbewhqx,1c0d0a4b,431.75
c7z6erey,1c0d0a4b,319.05000001192093
8aknstxj,1c0d0a4b,798.2500000596046
f0wpo2hr,1c0d0a4b,551.0
qazkn1sw,1c0d0a4b,1379.0
nze0azo1,1c0d0a4b,495.7999999523163
r2ck84r8,1c0d0a4b,626.5500000715256
hpl7jugr,1c0d0a4b,705.0
stbyxpx6,1c0d0a4b,562.9500000029802
r24jdhzg,1c0d0a4b,463.80000000074506
ske58akk,1c0d0a4b,655.3499999940395
ovhoesyy,1c0d0a4b,631.0
3cc6zm51,1c0d0a4b,483.3500000834465
q04yitea,1c0d0a4b,466.60000002384186
qfsp3ery,1c0d0a4b,665.6999998092651
44o5xnxe,1c0d0a4b,512.5
0ra11hiv,1c0d0a4b,690.0
cuybsfwr,1c0d0a4b,384.8499999977648
y32zaw9c,1c0d0a4b,466.0
89u58v07,1c0d0a4b,514.1499999985099
phbjwkyw,1c0d0a4b,465.39999997615814
szbhlpfr,1c0d0a4b,277.19999998807907
sn10zd6g,1c0d0a4b,807.2999999523163
4s3cm7d8,1c0d0a4b,512.0
e2w81k0i,1c0d0a4b,567.9499999880791
hsm45iwx,1c0d0a4b,536.0
6e5gb0yb,1c0d0a4b,457.89999997615814
pgtp756s,1c0d0a4b,395.99999998509884
dmft9d3y,1c0d0a4b,745.8000000715256
nvlsix5c,1c0d0a4b,536.0
f5ohsl5h,1c0d0a4b,540.0500001907349
aqmjput5,1c0d0a4b,2116.0
icf7bchs,1c0d0a4b,499.0
91fk0af9,1c0d0a4b,489.10000002384186
qothvfhf,1c0d0a4b,427.5
27d8totr,1c0d0a4b,851.3999999985099
fkx2gd88,1c0d0a4b,1057.9000000059605
cp3b83py,1c0d0a4b,605.0
d33m799j,1c0d0a4b,3236.100000023842
kmwiem6m,1c0d0a4b,414.5
61zahdh9,1c0d0a4b,347.10000002384186
ol9lky1i,1c0d0a4b,575.8999998569489
5nrjvc7q,1c0d0a4b,508.95000000298023
o5qropwk,1c0d0a4b,442.0
ym49wqbn,1c0d0a4b,408.6999999284744
154uk6vm,1c0d0a4b,1153.9500000029802
npr5bsi2,1c0d0a4b,307.39999997615814
pad0sufd,1c0d0a4b,434.1000000014901
emwp6wq7,1c0d0a4b,639.6000000238419
j2pjmr32,1c0d0a4b,5042.5
byx9jkxm,1c0d0a4b,599.0
74l1qvc1,1c0d0a4b,794.0499999998137
cghxa2ie,1c0d0a4b,1138.7500000018626
3d2as981,1c0d0a4b,1129.75
clucow7d,1c0d0a4b,664.9000000059605
bmlngyh3,1c0d0a4b,357.0499999523163
mr7lkk46,1c0d0a4b,934.399999976158
f5ktzt2t,1c0d0a4b,606.7999999523163
kkeej6x5,1c0d0a4b,432.0
4wx63ymf,1c0d0a4b,522.1000000014901
nfbzvhip,1c0d0a4b,531.9500000476837
ler5uq42,1c0d0a4b,552.9999999995343
t3l0if03,1c0d0a4b,366.39999997615814
nldu5ge3,1c0d0a4b,339.8500000089407
m63pxnwq,1c0d0a4b,353.7999999523163
onnumbyy,1c0d0a4b,730.5
nrfiw9bx,1c0d0a4b,848.0
pz38obzd,1c0d0a4b,514.0500000119209
xklnx39q,1c0d0a4b,849.7999999523163
8yhijukj,1c0d0a4b,525.7999999821186
mhskzwic,1c0d0a4b,631.0
z3die4q3,1c0d0a4b,601.0
8jwr3j6t,1c0d0a4b,352.2500001192093
o1t1fb7j,1c0d0a4b,1174.699999988079
7agy8y3l,1c0d0a4b,520.6000000238419
vbwguazj,1c0d0a4b,521.9499999992549
om1m73rv,1c0d0a4b,511.7999999523163
9evwb372,1c0d0a4b,649.5
ya0wv6pm,1c0d0a4b,351.0
sp00glmz,1c0d0a4b,1143.25
clhkwrie,1c0d0a4b,410.2499999925494
1qt2f29y,1c0d0a4b,450.0090000005439
mpzcivx9,1c0d0a4b,559.1000000005588
jx6lhkbi,1c0d0a4b,620.1999999284744
zelqv7az,1c0d0a4b,405.2999999523163
z8b26ynw,1c0d0a4b,504.0
cfclud8z,1c0d0a4b,1038.2000000011176
wa9xd98o,1c0d0a4b,824.0
8d21w3yr,1c0d0a4b,2687.0
oxvw1rhx,1c0d0a4b,410.69999999925494
4j6cy1mk,1c0d0a4b,315.44999998807907
fl73adm5,1c0d0a4b,569.4000000953674
w12e497z,1c0d0a4b,1075.5999999940395
zfeorjum,1c0d0a4b,777.5
hkj9daz7,1c0d0a4b,1044.6999999955297
cbvc5e3w,1c0d0a4b,424.0499999523163
k0qq522n,1c0d0a4b,480.34999999869615
1r6yodve,1c0d0a4b,1255.0
2anyuqd8,1c0d0a4b,822.0
c9sps7bl,1c0d0a4b,1123.5999999642372
bx44xwzb,1c0d0a4b,800.5
o2ho0580,1c0d0a4b,711.3000001907349
2d8q4qkc,1c0d0a4b,595.5
g3vslpjv,1c0d0a4b,956.2999999970198
x5id5i5q,1c0d0a4b,651.0
8oohxrrz,1c0d0a4b,415.90000009536743
qfiy90jx,1c0d0a4b,758.8500001430511
kavvl57w,1c0d0a4b,1059.0
yebzokh4,1c0d0a4b,655.8999999985099
0fy66fv2,1c0d0a4b,432.0
b73rrttr,1c0d0a4b,1456.5999999996277
r99uy0qb,1c0d0a4b,2482.5
idma9086,1c0d0a4b,414.0
8y2nd2sh,1c0d0a4b,966.600000023842
ascil7wf,1c0d0a4b,832.6499999985099
aypxap78,1c0d0a4b,526.0999999642372
nx0vccp8,1c0d0a4b,608.8499999642372
8psac9uo,1c0d0a4b,771.8999999761581
kck1uue7,1c0d0a4b,1231.3499999046326
jqeesfz7,1c0d0a4b,320.80000000074506
hd5k29qy,1c0d0a4b,615.0
rhbgnqhz,1c0d0a4b,646.7000000178814
72p6pxny,1c0d0a4b,408.5
fgxp8fzz,1c0d0a4b,613.6000001430511
mzi8f2hv,1c0d0a4b,643.1999999992549
189iqcds,1c0d0a4b,659.5
cw4tyx7n,1c0d0a4b,1057.75
c2lwacqc,1c0d0a4b,485.5
g7svteiz,1c0d0a4b,633.2999999523163
yc52i3qf,1c0d0a4b,669.3999999761581
2tkm21z6,1c0d0a4b,472.0
ei0ij8ms,1c0d0a4b,821.0
0yfthc4y,1c0d0a4b,386.79999999701977
yfyhejim,1c0d0a4b,423.2999997138977
jayyv6lz,1c0d0a4b,635.5
qu0lm98m,1c0d0a4b,600.8000000119209
ldo5smvx,1c0d0a4b,851.8999996185303
r99uy0qb,00d62c1b,1152.0
idma9086,00d62c1b,909.100000023842
0fy66fv2,00d62c1b,379.09999999962747
7nszfy43,00d62c1b,2174.0
b73rrttr,00d62c1b,351.90000000037253
yebzokh4,00d62c1b,511.8999999985099
kavvl57w,00d62c1b,1185.3499999940395
qfiy90jx,00d62c1b,1633.9499999284744
8oohxrrz,00d62c1b,1004.3999999761581
x5id5i5q,00d62c1b,97.0
g3vslpjv,00d62c1b,1526.64999999851
2d8q4qkc,00d62c1b,898.5
o2ho0580,00d62c1b,1928.3999996185305
bx44xwzb,00d62c1b,608.0999999940395
c9sps7bl,00d62c1b,1176.5499999821186
jqeesfz7,00d62c1b,369.7999999988824
xji13cu2,00d62c1b,431.89999997615814
9pjr0waw,00d62c1b,1160.0
kck1uue7,00d62c1b,1090.4000000953674
nx0vccp8,00d62c1b,498.0
8psac9uo,00d62c1b,1027.4000000953674
aypxap78,00d62c1b,819.5
l0nln4b2,00d62c1b,466.300000011921
ascil7wf,00d62c1b,1380.7999999970198
8y2nd2sh,00d62c1b,1776.2999999821186
c2lwacqc,00d62c1b,574.5
g7svteiz,00d62c1b,897.0
cw4tyx7n,00d62c1b,807.0999999940395
189iqcds,00d62c1b,1691.2000000011176
mzi8f2hv,00d62c1b,670.0499999988824
fgxp8fzz,00d62c1b,1132.1499999761581
rhbgnqhz,00d62c1b,871.8999999761581
72p6pxny,00d62c1b,864.0
hd5k29qy,00d62c1b,934.5499999970198
ldo5smvx,00d62c1b,1390.0999994277954
qu0lm98m,00d62c1b,951.7999999970198
jayyv6lz,00d62c1b,1373.5
yfyhejim,00d62c1b,796.849999666214
0yfthc4y,00d62c1b,441.1499999910593
ei0ij8ms,00d62c1b,1153.0
2tkm21z6,00d62c1b,406.0
onnumbyy,00d62c1b,874.0
m63pxnwq,00d62c1b,972.6999999284744
t3l0if03,00d62c1b,778.4499999880791
nldu5ge3,00d62c1b,997.8500000014901
4wx63ymf,00d62c1b,856.0999999996275
bcyhma9y,00d62c1b,541.0
kkeej6x5,00d62c1b,1062.2000000029802
f5ktzt2t,00d62c1b,749.8999998569489
pcrxo3zp,00d62c1b,869.75
2w766g1z,00d62c1b,541.8999999761581
nqubyvew,00d62c1b,774.3499999940395
om1m73rv,00d62c1b,811.1500000357628
7agy8y3l,00d62c1b,410.60000002384186
vbwguazj,00d62c1b,940.9000000022352
z3die4q3,00d62c1b,1094.5
8jwr3j6t,00d62c1b,681.1000001430511
p445h6ow,00d62c1b,844.0
mhskzwic,00d62c1b,1140.0
8yhijukj,00d62c1b,1173.699999988079
xklnx39q,00d62c1b,1255.199999988079
pz38obzd,00d62c1b,711.9500000476837
nrfiw9bx,00d62c1b,886.0999999046326
cfclud8z,00d62c1b,1642.5999999996275
zelqv7az,00d62c1b,936.4499999880791
jx6lhkbi,00d62c1b,1518.0499999523163
mpzcivx9,00d62c1b,957.8000000007452
clhkwrie,00d62c1b,510.20000000298023
1qt2f29y,00d62c1b,566.6779999993742
sp00glmz,00d62c1b,1380.2000000029802
23iyreiv,00d62c1b,941.0
ya0wv6pm,00d62c1b,452.0
0wk7vjg8,00d62c1b,2402.5
1r6yodve,00d62c1b,859.9999999981374
2anyuqd8,00d62c1b,718.0
k0qq522n,00d62c1b,751.7000000011176
cbvc5e3w,00d62c1b,494.30000019073486
zfeorjum,00d62c1b,1499.5
hkj9daz7,00d62c1b,1400.8999999985099
9ohxtpht,00d62c1b,1048.8500000014901
w12e497z,00d62c1b,1326.9000000059605
318gokyy,00d62c1b,634.7000000476837
oxvw1rhx,00d62c1b,545.0
4j6cy1mk,00d62c1b,480.60000002384186
fl73adm5,00d62c1b,905.4500000476837
8d21w3yr,00d62c1b,2304.0
3cc6zm51,00d62c1b,517.8999999761581
ske58akk,00d62c1b,841.75
ovhoesyy,00d62c1b,1081.0
r24jdhzg,00d62c1b,1000.10000000149
stbyxpx6,00d62c1b,549.0
nze0azo1,00d62c1b,1107.399999976158
r2ck84r8,00d62c1b,1261.4000000953674
hpl7jugr,00d62c1b,948.0
qazkn1sw,00d62c1b,149.5
f0wpo2hr,00d62c1b,1027.0
c7z6erey,00d62c1b,1019.5
8aknstxj,00d62c1b,1602.7999999523165
zvbewhqx,00d62c1b,1033.050000011921
plfupad7,00d62c1b,1505.000000000931
ism64anu,00d62c1b,1408.25
hsm45iwx,00d62c1b,1189.7000000178814
4s3cm7d8,00d62c1b,784.0
e2w81k0i,00d62c1b,768.1999999284744
sn10zd6g,00d62c1b,1461.0500000715256
szbhlpfr,00d62c1b,541.0999999940395
phbjwkyw,00d62c1b,736.9500000476837
89u58v07,00d62c1b,988.0
y32zaw9c,00d62c1b,496.5
0ra11hiv,00d62c1b,1055.2000007629397
cuybsfwr,00d62c1b,374.0
ihnjt6k4,00d62c1b,917.5
44o5xnxe,00d62c1b,929.5
qkiu92kk,00d62c1b,414.2000000178814
02333qfj,00d62c1b,640.2000000476837
q04yitea,00d62c1b,1178.8000000715256
qfsp3ery,00d62c1b,1070.75
kmwiem6m,00d62c1b,516.2000000476837
ikfbpugl,00d62c1b,661.6500000059605
d33m799j,00d62c1b,1267.9000000953674
cp3b83py,00d62c1b,750.9999999701977
27d8totr,00d62c1b,1318.7999999970198
fkx2gd88,00d62c1b,1361.25
qothvfhf,00d62c1b,467.199999988079
91fk0af9,00d62c1b,1322.4000000357628
l9krayds,00d62c1b,3858.399999976158
dmft9d3y,00d62c1b,1063.3499999642372
bdfn1h0o,00d62c1b,1702.8500000238419
6e5gb0yb,00d62c1b,838.6999999284744
pgtp756s,00d62c1b,373.800000011921
y8mzyzjc,00d62c1b,599.9499999284744
bmlngyh3,00d62c1b,756.9000000953674
clucow7d,00d62c1b,222.7000000178814
cghxa2ie,00d62c1b,1235.2999999970198
byx9jkxm,00d62c1b,897.0
emwp6wq7,00d62c1b,1088.0
pad0sufd,00d62c1b,513.3999999994412
xeu3j3ki,00d62c1b,889.0
ym49wqbn,00d62c1b,820.0
o5qropwk,00d62c1b,714.0
5nrjvc7q,00d62c1b,1174.6000000089407
61zahdh9,00d62c1b,750.0499999821186
5hz183aa,00d62c1b,2901.0
4stfwpke,00d62c1b,1177.1999999973923
vr20hyge,00d62c1b,568.0
nhds6zsd,00d62c1b,1317.0
03ljcqhc,00d62c1b,734.3999999910593
904h81sn,00d62c1b,962.0500000119209
j2dvablb,00d62c1b,819.5500000007451
xasfvnb7,00d62c1b,371.2000000476837
lmtka1ev,00d62c1b,849.0
a0w1xgxf,00d62c1b,1247.0
41kp06jx,00d62c1b,960.1999999992548
a6jpzpek,00d62c1b,1103.949999999255
6eyovdd2,00d62c1b,625.3999999761581
vpxztp7b,00d62c1b,1240.0
f1ejz9fy,00d62c1b,944.1999999880792
e0biso3r,00d62c1b,991.9000000953674
a9gvtd1o,00d62c1b,826.0500001907349
c7ac53of,00d62c1b,2988.1000003814697
rjanlii9,00d62c1b,1196.8500000238419
mrypomny,00d62c1b,535.0
8bgj1tsd,00d62c1b,756.2000000476837
tc5wgx8h,00d62c1b,853.0
648anokh,00d62c1b,543.8000000119209
cdo2cmtp,00d62c1b,309.3999999985099
uktb326q,00d62c1b,582.0
kwy2bqjo,00d62c1b,435.60000002384186
bw2cwy0m,00d62c1b,1003.5999999996276
v6jvgdvg,00d62c1b,604.7499997615814
l5sagbsh,00d62c1b,889.0
ljwskxcq,00d62c1b,1101.3500001430511
3irnkhq8,00d62c1b,1109.2000000029802
4s9g1cze,00d62c1b,709.0499999821186
zj5uemkt,00d62c1b,597.3000000715256
2j8p9vyz,00d62c1b,1327.0
s03ed531,00d62c1b,666.0
wcau806y,00d62c1b,865.0
ni5df01j,00d62c1b,1241.5499999523163
eyn3wygc,00d62c1b,428.2999999821186
mrwlcmno,00d62c1b,536.0
ew4oecfi,00d62c1b,1018.2000002861024
t2eyvuxq,00d62c1b,1142.949999988079
qv0yh587,00d62c1b,484.5
d1vjrjhc,00d62c1b,429.20000000298023
mlvcv31l,00d62c1b,1214.3499999940395
k8txaw58,00d62c1b,1076.2000000476835
o4kkkuj9,00d62c1b,367.80000000074506
a589fsqz,00d62c1b,1023.2000000178814
cdo2cmtp,d9f24cd1,307.69999999925494
uktb326q,d9f24cd1,255.0
bw2cwy0m,d9f24cd1,743.8999999985099
kwy2bqjo,d9f24cd1,1424.0
3irnkhq8,d9f24cd1,1407.2999999970198
4s9g1cze,d9f24cd1,707.4000000357628
l5sagbsh,d9f24cd1,840.0
v6jvgdvg,d9f24cd1,585.8999996185303
ljwskxcq,d9f24cd1,1060.5999999046326
zj5uemkt,d9f24cd1,626.8999999761581
s03ed531,d9f24cd1,549.0000000009313
2j8p9vyz,d9f24cd1,1438.0
wcau806y,d9f24cd1,1637.5
ni5df01j,d9f24cd1,1284.1999998092651
eyn3wygc,d9f24cd1,562.8500000089407
ew4oecfi,d9f24cd1,1100.4000000953674
mrwlcmno,d9f24cd1,386.0
qv0yh587,d9f24cd1,416.0
t2eyvuxq,d9f24cd1,3068.0
mlvcv31l,d9f24cd1,1168.2999999970198
o4kkkuj9,d9f24cd1,1810.75
k8txaw58,d9f24cd1,1384.0999999046326
d1vjrjhc,d9f24cd1,1188.7000000029802
a589fsqz,d9f24cd1,817.0
vr20hyge,d9f24cd1,2705.0
nhds6zsd,d9f24cd1,436.0
ce9qdbyh,d9f24cd1,1103.7999999523165
03ljcqhc,d9f24cd1,1006.1999999955297
j2dvablb,d9f24cd1,1061.300000000745
904h81sn,d9f24cd1,1205.0
sesf1qnx,d9f24cd1,1376.9000000059605
xasfvnb7,d9f24cd1,397.7000000476837
41kp06jx,d9f24cd1,995.3000000007452
a0w1xgxf,d9f24cd1,1762.0
lmtka1ev,d9f24cd1,977.0
6eyovdd2,d9f24cd1,683.0
a6jpzpek,d9f24cd1,1025.2500000018626
f1ejz9fy,d9f24cd1,1165.9000000357628
vpxztp7b,d9f24cd1,998.0
e0biso3r,d9f24cd1,1595.5
a9gvtd1o,d9f24cd1,1169.1000003814695
mrypomny,d9f24cd1,336.0
jeq3oy2g,d9f24cd1,2006.5
c7ac53of,d9f24cd1,1231.3500001430511
rjanlii9,d9f24cd1,1842.5000001192093
tc5wgx8h,d9f24cd1,418.5
8bgj1tsd,d9f24cd1,1007.4500000476837
648anokh,d9f24cd1,1072.0
zc26r1al,d9f24cd1,299.5
5pds9j1d,d9f24cd1,311.3999999985099
kmwiem6m,d9f24cd1,809.8499999642372
d33m799j,d9f24cd1,280.10000002384186
ikfbpugl,d9f24cd1,1000.0999999642372
cp3b83py,d9f24cd1,1681.899999976158
qothvfhf,d9f24cd1,361.300000011921
fkx2gd88,d9f24cd1,1781.7999999821186
icf7bchs,d9f24cd1,877.0
nvlsix5c,d9f24cd1,1834.5
aqmjput5,d9f24cd1,1088.0
dmft9d3y,d9f24cd1,984.7000000476836
bdfn1h0o,d9f24cd1,1621.3500000238419
6e5gb0yb,d9f24cd1,1043.0
pgtp756s,d9f24cd1,424.5
bmlngyh3,d9f24cd1,1318.0
cghxa2ie,d9f24cd1,1565.699999999255
3d2as981,d9f24cd1,2061.400000035763
clucow7d,d9f24cd1,1245.7000000178814
byx9jkxm,d9f24cd1,1190.0
74l1qvc1,d9f24cd1,1880.0
pad0sufd,d9f24cd1,377.5999999996274
emwp6wq7,d9f24cd1,1598.6999999284744
154uk6vm,d9f24cd1,378.59999999403954
ym49wqbn,d9f24cd1,634.0
npr5bsi2,d9f24cd1,325.85000002384186
5nrjvc7q,d9f24cd1,1399.899999976158
o5qropwk,d9f24cd1,284.5
5hz183aa,d9f24cd1,2348.0
61zahdh9,d9f24cd1,1226.4999999701977
ske58akk,d9f24cd1,1188.0999999642372
ovhoesyy,d9f24cd1,1241.5
3cc6zm51,d9f24cd1,331.89999997615814
stbyxpx6,d9f24cd1,1045.2999999821186
r24jdhzg,d9f24cd1,432.05000000074506
nze0azo1,d9f24cd1,985.1999999284744
r2ck84r8,d9f24cd1,1050.8999998569489
hpl7jugr,d9f24cd1,1266.0
f0wpo2hr,d9f24cd1,1831.5
qazkn1sw,d9f24cd1,1114.0
8aknstxj,d9f24cd1,1525.6000000238419
c7z6erey,d9f24cd1,921.8000000119208
zvbewhqx,d9f24cd1,1401.100000023842
n2et79bd,d9f24cd1,1214.0
ism64anu,d9f24cd1,2002.7000000476837
plfupad7,d9f24cd1,1200.300000000745
4s3cm7d8,d9f24cd1,696.0
e2w81k0i,d9f24cd1,1084.6499999761581
hsm45iwx,d9f24cd1,1799.600000023842
sn10zd6g,d9f24cd1,572.1500000953674
phbjwkyw,d9f24cd1,914.899999976158
szbhlpfr,d9f24cd1,1363.4500000104308
89u58v07,d9f24cd1,1418.2000000011176
y32zaw9c,d9f24cd1,408.0
cuybsfwr,d9f24cd1,317.5
qkiu92kk,d9f24cd1,350.39999997615814
ihnjt6k4,d9f24cd1,1209.0
44o5xnxe,d9f24cd1,479.0
q04yitea,d9f24cd1,393.94999998807907
qfsp3ery,d9f24cd1,1179.4499998092651
02333qfj,d9f24cd1,336.0
cfclud8z,d9f24cd1,2012.0999999977648
zelqv7az,d9f24cd1,1362.2499999403954
z8b26ynw,d9f24cd1,980.0
jx6lhkbi,d9f24cd1,1000.6000001430511
1qt2f29y,d9f24cd1,675.0134999998845
clhkwrie,d9f24cd1,373.90000000596046
mpzcivx9,d9f24cd1,956.0999999996276
sp00glmz,d9f24cd1,1202.25
9evwb372,d9f24cd1,864.0
ya0wv6pm,d9f24cd1,1236.0
23iyreiv,d9f24cd1,1533.9000000953674
1r6yodve,d9f24cd1,4326.0
zfeorjum,d9f24cd1,659.5
9ohxtpht,d9f24cd1,297.09999999403954
w12e497z,d9f24cd1,3411.75
oxvw1rhx,d9f24cd1,1130.5999999996277
4j6cy1mk,d9f24cd1,240.30000001192093
318gokyy,d9f24cd1,193.59999990463257
8d21w3yr,d9f24cd1,1773.0
onnumbyy,d9f24cd1,1276.5
m63pxnwq,d9f24cd1,839.7000000476837
t3l0if03,d9f24cd1,873.0
nldu5ge3,d9f24cd1,567.8999999910593
4wx63ymf,d9f24cd1,1010.0999999996276
nfbzvhip,d9f24cd1,1166.5
ler5uq42,d9f24cd1,784.9999999990687
f5ktzt2t,d9f24cd1,1713.4000000953674
kkeej6x5,d9f24cd1,10654.60000000149
pcrxo3zp,d9f24cd1,1512.1999998092651
2w766g1z,d9f24cd1,1027.3000000715256
mr7lkk46,d9f24cd1,2174.2999999523163
5vv1rrzw,d9f24cd1,658.1499999761581
nqubyvew,d9f24cd1,864.3000000119209
7agy8y3l,d9f24cd1,425.30000001192093
o1t1fb7j,d9f24cd1,1836.199999988079
vbwguazj,d9f24cd1,1627.199999999255
om1m73rv,d9f24cd1,795.7000000476837
z3die4q3,d9f24cd1,1086.0
8jwr3j6t,d9f24cd1,913.2000000476836
p445h6ow,d9f24cd1,1023.5
8yhijukj,d9f24cd1,1505.0
mhskzwic,d9f24cd1,675.0
pz38obzd,d9f24cd1,376.0
xklnx39q,d9f24cd1,973.2999999523164
nrfiw9bx,d9f24cd1,1334.9000000953674
c2lwacqc,d9f24cd1,2484.0
g7svteiz,d9f24cd1,1615.700000166893
mzi8f2hv,d9f24cd1,859.3000000007451
189iqcds,d9f24cd1,1400.9000000003725
fgxp8fzz,d9f24cd1,2359.7999999523163
xgvto4mg,d9f24cd1,514.0
hd5k29qy,d9f24cd1,769.9000000059605
rhbgnqhz,d9f24cd1,1043.199999988079
72p6pxny,d9f24cd1,1069.7999999523165
gkse9wdn,d9f24cd1,919.0
ldo5smvx,d9f24cd1,1109.1000003814695
jayyv6lz,d9f24cd1,463.0
qu0lm98m,d9f24cd1,710.9500000029802
yfyhejim,d9f24cd1,981.1500000953674
9wkeb5tu,d9f24cd1,1728.699999988079
ei0ij8ms,d9f24cd1,1021.0
0yfthc4y,d9f24cd1,296.04999999701977
2tkm21z6,d9f24cd1,417.0
r99uy0qb,d9f24cd1,2032.0
idma9086,d9f24cd1,1181.5999999642372
b73rrttr,d9f24cd1,476.05000000074506
yebzokh4,d9f24cd1,655.7000000029802
8oohxrrz,d9f24cd1,627.5500000119209
qfiy90jx,d9f24cd1,1959.7000000476837
x5id5i5q,d9f24cd1,569.0
2d8q4qkc,d9f24cd1,1170.0
g3vslpjv,d9f24cd1,1521.5
c9sps7bl,d9f24cd1,2185.75
bx44xwzb,d9f24cd1,629.5
o2ho0580,d9f24cd1,1417.5999994277954
jqeesfz7,d9f24cd1,270.0999999977648
9pjr0waw,d9f24cd1,1152.1500000022352
nx0vccp8,d9f24cd1,681.3000000119209
8psac9uo,d9f24cd1,1414.1500000953674
kck1uue7,d9f24cd1,2682.600000143051
l0nln4b2,d9f24cd1,1739.399999976158
aypxap78,d9f24cd1,734.2999999523163
ascil7wf,d9f24cd1,1719.5
qif0sa3r,d9f24cd1,1264.800000000745
8y2nd2sh,d9f24cd1,1517.300000011921
f1ejz9fy,2bcee788,734.7999999821186
vpxztp7b,2bcee788,1328.0
a9gvtd1o,2bcee788,823.6999998092651
e0biso3r,2bcee788,565.5999999046326
41kp06jx,2bcee788,579.4000000003725
a0w1xgxf,2bcee788,2204.0
lmtka1ev,2bcee788,1032.0
6eyovdd2,2bcee788,472.6500000357628
a6jpzpek,2bcee788,450.50000000186265
648anokh,2bcee788,424.0
zc26r1al,2bcee788,250.70000004768372
jeq3oy2g,2bcee788,4671.5
mrypomny,2bcee788,548.0
rjanlii9,2bcee788,2672.2000000476837
c7ac53of,2bcee788,624.3000001907349
tc5wgx8h,2bcee788,364.34999999403954
8bgj1tsd,2bcee788,572.0
nhds6zsd,2bcee788,3400.0
vr20hyge,2bcee788,1913.0
4stfwpke,2bcee788,853.75
03ljcqhc,2bcee788,1058.6000000014901
ce9qdbyh,2bcee788,709.3999999761581
j2dvablb,2bcee788,575.6500000003725
904h81sn,2bcee788,560.4000000059605
so5k1adg,2bcee788,254.80000000074503
eyn3wygc,2bcee788,1933.4500000178814
ni5df01j,2bcee788,776.7000000476837
ew4oecfi,2bcee788,1555.9000000953672
mrwlcmno,2bcee788,402.0
s03ed531,2bcee788,583.9999999997672
2j8p9vyz,2bcee788,3156.0
wcau806y,2bcee788,1482.5
k8txaw58,2bcee788,782.5999999046326
o4kkkuj9,2bcee788,1301.1000000005588
mlvcv31l,2bcee788,1243.2000000029802
a589fsqz,2bcee788,439.699999988079
qv0yh587,2bcee788,916.0
t2eyvuxq,2bcee788,1147.5999999046326
uktb326q,2bcee788,368.0
bw2cwy0m,2bcee788,1127.9000000003725
kwy2bqjo,2bcee788,1337.0499999523163
4s9g1cze,2bcee788,399.7999999523163
3irnkhq8,2bcee788,2435.800000011921
ljwskxcq,2bcee788,1063.0999999046326
v6jvgdvg,2bcee788,6840.0
l5sagbsh,2bcee788,1286.5
phbjwkyw,2bcee788,496.6999999284744
89u58v07,2bcee788,1005.3000000007452
e2w81k0i,2bcee788,1496.699999988079
4s3cm7d8,2bcee788,1362.5
hsm45iwx,2bcee788,1090.5
sn10zd6g,2bcee788,816.0
qkiu92kk,2bcee788,333.7999999821186
44o5xnxe,2bcee788,784.0
qfsp3ery,2bcee788,2164.599999904633
q04yitea,2bcee788,973.8500000238419
02333qfj,2bcee788,564.0499999523163
y32zaw9c,2bcee788,373.0
cuybsfwr,2bcee788,449.0
0ra11hiv,2bcee788,3297.3999996185303
hpl7jugr,2bcee788,1190.5
r2ck84r8,2bcee788,732.3000001907349
nze0azo1,2bcee788,788.1999999880791
ovhoesyy,2bcee788,874.0
ske58akk,2bcee788,737.6000000238419
3cc6zm51,2bcee788,492.0
stbyxpx6,2bcee788,400.09999999403954
r24jdhzg,2bcee788,724.8499999996275
zvbewhqx,2bcee788,374.40000009536743
0hrc9vve,2bcee788,359.5
ism64anu,2bcee788,791.7999999523163
n2et79bd,2bcee788,646.5999999996275
plfupad7,2bcee788,1178.300000000745
f0wpo2hr,2bcee788,1268.0
qazkn1sw,2bcee788,210.0
8aknstxj,2bcee788,831.0999999642372
c7z6erey,2bcee788,571.6000000238419
74l1qvc1,2bcee788,440.0
byx9jkxm,2bcee788,1551.0
bmlngyh3,2bcee788,611.1499999761581
3d2as981,2bcee788,1330.7000000476835
cghxa2ie,2bcee788,1739.949999999255
clucow7d,2bcee788,2619.7999999821186
5nrjvc7q,2bcee788,1920.5999999940395
o5qropwk,2bcee788,689.5
5hz183aa,2bcee788,1129.0
61zahdh9,2bcee788,903.2000000476836
pad0sufd,2bcee788,808.5999999996275
emwp6wq7,2bcee788,1060.949999988079
154uk6vm,2bcee788,676.7000000029802
ym49wqbn,2bcee788,1259.0
cp3b83py,2bcee788,509.84999999403954
qothvfhf,2bcee788,1636.2000000476835
91fk0af9,2bcee788,616.1000000238419
fkx2gd88,2bcee788,2196.0
27d8totr,2bcee788,1000.3000000007451
5pds9j1d,2bcee788,300.19999999925494
kmwiem6m,2bcee788,1581.2999999523165
d33m799j,2bcee788,3494.399999976158
ikfbpugl,2bcee788,612.1500000059605
dmft9d3y,2bcee788,865.7000000476837
icf7bchs,2bcee788,956.0
f5ohsl5h,2bcee788,1383.4000000953674
aqmjput5,2bcee788,648.0
l9krayds,2bcee788,2502.7999999523163
z3die4q3,2bcee788,1760.0
8yhijukj,2bcee788,1108.8500000238419
50nsp39w,2bcee788,1575.6999999284744
mhskzwic,2bcee788,734.0
vbwguazj,2bcee788,651.9499999992549
7agy8y3l,2bcee788,1822.899999976158
om1m73rv,2bcee788,379.9499999284744
nrfiw9bx,2bcee788,1045.9000000953674
xklnx39q,2bcee788,1691.9500000476837
pz38obzd,2bcee788,533.1000000238419
nldu5ge3,2bcee788,1003.5
nsu6cwh4,2bcee788,733.6999999582767
t3l0if03,2bcee788,1091.199999988079
4wx63ymf,2bcee788,1386.2500000009313
onnumbyy,2bcee788,1676.0
m63pxnwq,2bcee788,689.7999999523163
2w766g1z,2bcee788,700.4499999880791
mr7lkk46,2bcee788,842.8999999761581
pcrxo3zp,2bcee788,975.2999997138976
kkeej6x5,2bcee788,1008.2999999970198
f5ktzt2t,2bcee788,594.3500001430511
hkj9daz7,2bcee788,1015.0
zfeorjum,2bcee788,794.5
w12e497z,2bcee788,958.1999999880792
9ohxtpht,2bcee788,954.2999999970198
k0qq522n,2bcee788,1799.0499999998137
1r6yodve,2bcee788,949.0
fl73adm5,2bcee788,1068.0
4j6cy1mk,2bcee788,352.85000002384186
oxvw1rhx,2bcee788,412.54999999981374
8d21w3yr,2bcee788,2397.0
jx6lhkbi,2bcee788,991.6999999284745
cfclud8z,2bcee788,1603.7999999988824
z8b26ynw,2bcee788,717.0
zelqv7az,2bcee788,553.5
ya0wv6pm,2bcee788,2146.5
9evwb372,2bcee788,2229.0
23iyreiv,2bcee788,1393.3000001907349
1qt2f29y,2bcee788,383.3410000000149
clhkwrie,2bcee788,2767.6500000059605
mpzcivx9,2bcee788,685.2000000001863
sp00glmz,2bcee788,821.6999999992549
9pjr0waw,2bcee788,1051.39999999851
8psac9uo,2bcee788,1203.5499999523165
nx0vccp8,2bcee788,738.2999999523163
kck1uue7,2bcee788,1496.0
xji13cu2,2bcee788,1417.75
jqeesfz7,2bcee788,199.50000000093132
8y2nd2sh,2bcee788,1781.2999999821186
l0nln4b2,2bcee788,970.0
aypxap78,2bcee788,1642.7000000476835
yebzokh4,2bcee788,1415.6999999955297
idma9086,2bcee788,716.6500000059605
r99uy0qb,2bcee788,3006.0
b73rrttr,2bcee788,455.7999999988824
0fy66fv2,2bcee788,499.30000000074506
2d8q4qkc,2bcee788,1336.0
g3vslpjv,2bcee788,1810.0
c9sps7bl,2bcee788,1710.75
o2ho0580,2bcee788,220.5
bx44xwzb,2bcee788,1185.6000000014901
8oohxrrz,2bcee788,336.0
qfiy90jx,2bcee788,1201.75
x5id5i5q,2bcee788,682.0
qu0lm98m,2bcee788,566.5499999970198
jayyv6lz,2bcee788,448.5
ldo5smvx,2bcee788,2226.0999999046326
0yfthc4y,2bcee788,900.4500000029802
2tkm21z6,2bcee788,387.0
yfyhejim,2bcee788,2383.7999997138977
yc52i3qf,2bcee788,785.6999999880791
cw4tyx7n,2bcee788,1239.1000000089407
c2lwacqc,2bcee788,968.0999999940396
hd5k29qy,2bcee788,3943.0
72p6pxny,2bcee788,2124.9999998807907
rhbgnqhz,2bcee788,852.399999976158
gkse9wdn,2bcee788,718.0
mzi8f2hv,2bcee788,775.1500000003725
fgxp8fzz,2bcee788,2012.5999999046328
xgvto4mg,2bcee788,879.9000000003725
2tkm21z6,2bee17df,416.0
ei0ij8ms,2bee17df,2351.0
0yfthc4y,2bee17df,1120.0
yfyhejim,2bee17df,955.8000001907347
qu0lm98m,2bee17df,957.5
jayyv6lz,2bee17df,1920.0
hd5k29qy,2bee17df,1458.0
rhbgnqhz,2bee17df,1742.25
fgxp8fzz,2bee17df,2745.199999809265
mzi8f2hv,2bee17df,1836.3499999996275
cw4tyx7n,2bee17df,859.5
g7svteiz,2bee17df,2136.5
8y2nd2sh,2bee17df,2198.099999964237
ascil7wf,2bee17df,2789.14999999851
l0nln4b2,2bee17df,2684.100000023842
aypxap78,2bee17df,1930.300000011921
nx0vccp8,2bee17df,1591.0000000596046
8psac9uo,2bee17df,1016.2000000476837
kck1uue7,2bee17df,2661.5
jqeesfz7,2bee17df,199.44999999925497
c9sps7bl,2bee17df,1540.5
o2ho0580,2bee17df,4586.75
bx44xwzb,2bee17df,957.2000000029802
2d8q4qkc,2bee17df,1548.0
g3vslpjv,2bee17df,1469.199999999255
8oohxrrz,2bee17df,1944.2000000476835
qfiy90jx,2bee17df,978.6499999761581
yebzokh4,2bee17df,4631.5
0fy66fv2,2bee17df,378.5
b73rrttr,2bee17df,408.2000000011176
r99uy0qb,2bee17df,1031.5
4kl3i3tv,2bee17df,2608.8999999910593
idma9086,2bee17df,2238.199999988079
8d21w3yr,2bee17df,465.5
oxvw1rhx,2bee17df,2276.6500000003725
4j6cy1mk,2bee17df,1123.7000000476835
9ohxtpht,2bee17df,2097.3000000044703
w12e497z,2bee17df,2930.2000000029802
hkj9daz7,2bee17df,4525.0
zfeorjum,2bee17df,1260.5
1r6yodve,2bee17df,672.9999999990687
2anyuqd8,2bee17df,734.0
0wk7vjg8,2bee17df,2648.0
ya0wv6pm,2bee17df,1265.0
23iyreiv,2bee17df,1163.5
sp00glmz,2bee17df,1187.1000000014901
1qt2f29y,2bee17df,466.67600000090897
clhkwrie,2bee17df,1361.4000000059605
mpzcivx9,2bee17df,3000.649999999441
jx6lhkbi,2bee17df,2190.0499999523163
zelqv7az,2bee17df,2377.149999976158
z8b26ynw,2bee17df,2142.5
cfclud8z,2bee17df,2350.7999999988824
nrfiw9bx,2bee17df,1140.4000000953674
pz38obzd,2bee17df,1218.0
xklnx39q,2bee17df,3102.399999976158
50nsp39w,2bee17df,1459.0999999046326
mhskzwic,2bee17df,709.0
z3die4q3,2bee17df,1673.0
8jwr3j6t,2bee17df,1107.7000000476837
p445h6ow,2bee17df,937.0
7agy8y3l,2bee17df,2928.2000000476837
vbwguazj,2bee17df,2236.0
om1m73rv,2bee17df,1315.2000000476835
nqubyvew,2bee17df,1848.4000000059605
2w766g1z,2bee17df,1466.399999976158
mr7lkk46,2bee17df,1999.300000011921
f5ktzt2t,2bee17df,453.84999990463257
kkeej6x5,2bee17df,2391.10000000149
bcyhma9y,2bee17df,488.55000001192093
4wx63ymf,2bee17df,1520.7999999988824
nfbzvhip,2bee17df,480.0
ler5uq42,2bee17df,924.5000000004657
t3l0if03,2bee17df,606.7000000476837
nldu5ge3,2bee17df,2535.9000000059605
m63pxnwq,2bee17df,1305.7999999523163
onnumbyy,2bee17df,939.0
5hz183aa,2bee17df,1080.0
61zahdh9,2bee17df,3249.300000011921
ol9lky1i,2bee17df,1391.2999999523165
5nrjvc7q,2bee17df,1765.800000011921
o5qropwk,2bee17df,8011.0
npr5bsi2,2bee17df,277.0
pad0sufd,2bee17df,1935.9000000003723
byx9jkxm,2bee17df,1698.0
74l1qvc1,2bee17df,550.75
cghxa2ie,2bee17df,3431.699999999255
clucow7d,2bee17df,3035.0
bmlngyh3,2bee17df,3729.0
dmft9d3y,2bee17df,867.2999999523163
nvlsix5c,2bee17df,912.0
f5ohsl5h,2bee17df,2111.0499999523163
aqmjput5,2bee17df,708.0
l9krayds,2bee17df,2188.3000000715256
icf7bchs,2bee17df,1104.5
91fk0af9,2bee17df,3664.5999999940395
qothvfhf,2bee17df,400.199999988079
27d8totr,2bee17df,1217.7500000037253
fkx2gd88,2bee17df,2282.399999976158
cp3b83py,2bee17df,710.5
d33m799j,2bee17df,3334.5500000715256
ikfbpugl,2bee17df,2030.550000011921
kmwiem6m,2bee17df,1125.0
q04yitea,2bee17df,792.5
qfsp3ery,2bee17df,770.9000000953674
02333qfj,2bee17df,1617.3999999761581
qkiu92kk,2bee17df,2712.3500000089407
ihnjt6k4,2bee17df,690.0
44o5xnxe,2bee17df,1603.0
0ra11hiv,2bee17df,599.9000015258789
y32zaw9c,2bee17df,542.0
095bdwyc,2bee17df,1705.10000000149
89u58v07,2bee17df,4029.350000000559
phbjwkyw,2bee17df,1460.100000023842
sn10zd6g,2bee17df,1874.6000001430511
4s3cm7d8,2bee17df,534.0
e2w81k0i,2bee17df,1917.449999988079
hsm45iwx,2bee17df,3703.1000000089407
ism64anu,2bee17df,2607.100000023842
plfupad7,2bee17df,995.300000000745
0hrc9vve,2bee17df,2738.0
zvbewhqx,2bee17df,2067.100000023842
c7z6erey,2bee17df,1507.7000000476835
f0wpo2hr,2bee17df,1403.5
qazkn1sw,2bee17df,847.5
nze0azo1,2bee17df,1283.5
r2ck84r8,2bee17df,1071.7000000476835
hpl7jugr,2bee17df,2042.5
r24jdhzg,2bee17df,664.7000000029802
ske58akk,2bee17df,1867.399999976158
ovhoesyy,2bee17df,1633.5
3cc6zm51,2bee17df,435.2999999523163
a589fsqz,2bee17df,2036.1499999910593
mlvcv31l,2bee17df,2752.29999999702
o4kkkuj9,2bee17df,2209.449999999255
k8txaw58,2bee17df,2901.300000190735
d1vjrjhc,2bee17df,1627.0999999940395
qv0yh587,2bee17df,673.5
t2eyvuxq,2bee17df,1652.2999999523165
ew4oecfi,2bee17df,2042.1999998092651
mrwlcmno,2bee17df,414.0
ni5df01j,2bee17df,540.5
eyn3wygc,2bee17df,1096.5
wcau806y,2bee17df,1955.0
s03ed531,2bee17df,749.0000000009313
2j8p9vyz,2bee17df,2250.0
zj5uemkt,2bee17df,3571.0
3irnkhq8,2bee17df,6098.40000000596
4s9g1cze,2bee17df,994.8000000119208
v6jvgdvg,2bee17df,1740.4000000953674
l5sagbsh,2bee17df,1805.0
ljwskxcq,2bee17df,1675.0999999046326
bw2cwy0m,2bee17df,1614.0
kwy2bqjo,2bee17df,1933.899999976158
uktb326q,2bee17df,926.0
cdo2cmtp,2bee17df,421.69999999925494
zc26r1al,2bee17df,391.40000009536743
qqqzakmg,2bee17df,2344.600000023842
648anokh,2bee17df,2977.699999988079
tc5wgx8h,2bee17df,3004.899999976158
8bgj1tsd,2bee17df,487.09999990463257
mrypomny,2bee17df,440.0
jeq3oy2g,2bee17df,5108.0
c7ac53of,2bee17df,1951.6999998092651
rjanlii9,2bee17df,399.7999999523163
e0biso3r,2bee17df,4851.300000190735
a9gvtd1o,2bee17df,2287.699999809265
f1ejz9fy,2bee17df,1624.800000011921
6eyovdd2,2bee17df,2239.849999964237
a6jpzpek,2bee17df,1582.10000000149
a0w1xgxf,2bee17df,1570.0
xasfvnb7,2bee17df,468.0
j2dvablb,2bee17df,1028.9000000003723
so5k1adg,2bee17df,292.40000000037253
904h81sn,2bee17df,903.7999999821186
nhds6zsd,2bee17df,559.0
