subject_id,task_id,n_strokes,n_edits,cells_per_stroke,stroke_connected,stroke_homog
qu0lm98m,23581191,13,36,2.769230769230769,1.0,1.0
jayyv6lz,23581191,6,38,6.333333333333333,1.0,1.0
ldo5smvx,23581191,13,70,4.769230769230769,0.9230769230769231,1.0
0yfthc4y,23581191,66,86,1.2575757575757576,1.0,1.0
ei0ij8ms,23581191,9,39,3.888888888888889,1.0,1.0
2tkm21z6,23581191,31,32,1.032258064516129,1.0,1.0
yfyhejim,23581191,10,83,7.3,1.0,1.0
g7svteiz,23581191,16,33,2.0625,1.0,1.0
c2lwacqc,23581191,33,37,1.121212121212121,1.0,1.0
cw4tyx7n,23581191,1,4,4.0,0.0,1.0
72p6pxny,23581191,10,48,4.8,0.9,1.0
rhbgnqhz,23581191,37,92,2.054054054054054,1.0,1.0
hd5k29qy,23581191,18,87,4.0,1.0,0.9861111111111112
gkse9wdn,23581191,32,32,1.0,1.0,1.0
189iqcds,23581191,10,60,5.2,1.0,1.0
mzi8f2hv,23581191,29,74,2.5517241379310347,1.0,1.0
xgvto4mg,23581191,32,32,1.0,1.0,1.0
fgxp8fzz,23581191,6,38,6.333333333333333,1.0,1.0
9pjr0waw,23581191,21,35,1.6666666666666667,1.0,1.0
kck1uue7,23581191,16,45,2.5625,1.0,1.0
nx0vccp8,23581191,45,45,1.0,1.0,1.0
8psac9uo,23581191,16,33,2.0625,0.875,1.0
jqeesfz7,23581191,35,35,1.0,1.0,1.0
xji13cu2,23581191,29,122,3.3793103448275863,0.9310344827586207,0.9846743295019158
8y2nd2sh,23581191,14,59,3.9285714285714284,1.0,0.9776785714285714
aypxap78,23581191,27,49,1.8148148148148149,0.9629629629629629,1.0
l0nln4b2,23581191,59,59,1.0,1.0,1.0
ascil7wf,23581191,14,33,2.357142857142857,1.0,1.0
yebzokh4,23581191,18,58,3.1666666666666665,0.9444444444444444,0.9938271604938271
kavvl57w,23581191,9,35,3.888888888888889,0.8888888888888888,1.0
idma9086,23581191,27,65,2.4074074074074074,1.0,1.0
r99uy0qb,23581191,16,79,3.6875,0.9375,0.9943181818181819
7nszfy43,23581191,11,12,1.0,1.0,1.0
b73rrttr,23581191,9,9,1.0,1.0,1.0
g3vslpjv,23581191,21,54,2.5714285714285716,1.0,1.0
2d8q4qkc,23581191,13,44,3.0,1.0,0.9807692307692307
o2ho0580,23581191,26,34,1.3076923076923077,0.9230769230769231,1.0
bx44xwzb,23581191,25,87,3.48,0.96,1.0
c9sps7bl,23581191,8,40,5.0,0.875,1.0
qfiy90jx,23581191,6,38,6.333333333333333,1.0,1.0
8oohxrrz,23581191,16,34,2.0625,1.0,1.0
x5id5i5q,23581191,32,32,1.0,1.0,1.0
hkj9daz7,23581191,10,35,3.4,1.0,1.0
zfeorjum,23581191,17,57,3.1176470588235294,1.0,1.0
w12e497z,23581191,2,2,1.0,1.0,1.0
9ohxtpht,23581191,18,34,1.8888888888888888,1.0,1.0
0wk7vjg8,23581191,8,36,4.5,1.0,1.0
1r6yodve,23581191,33,33,1.0,1.0,1.0
k0qq522n,23581191,36,106,2.7777777777777777,0.9722222222222222,1.0
cbvc5e3w,23581191,36,36,1.0,1.0,1.0
fl73adm5,23581191,7,42,5.857142857142857,0.8571428571428571,1.0
4j6cy1mk,23581191,36,96,2.5555555555555554,0.9166666666666666,0.9944444444444444
oxvw1rhx,23581191,38,38,1.0,1.0,1.0
8d21w3yr,23581191,32,33,1.03125,1.0,1.0
jx6lhkbi,23581191,6,43,6.333333333333333,1.0,1.0
cfclud8z,23581191,5,44,7.4,1.0,1.0
z8b26ynw,23581191,5,48,7.2,1.0,1.0
zelqv7az,23581191,9,39,4.333333333333333,1.0,1.0
ya0wv6pm,23581191,34,68,1.7647058823529411,1.0,1.0
9evwb372,23581191,5,45,7.4,1.0,1.0
mpzcivx9,23581191,13,46,3.5384615384615383,1.0,1.0
1qt2f29y,23581191,18,37,2.0555555555555554,1.0,1.0
clhkwrie,23581191,15,43,2.8666666666666667,1.0,1.0
sp00glmz,23581191,34,34,1.0,1.0,1.0
8jwr3j6t,23581191,14,57,3.2857142857142856,1.0,0.987012987012987
p445h6ow,23581191,7,47,6.714285714285714,1.0,1.0
z3die4q3,23581191,23,54,2.3043478260869565,0.9565217391304348,1.0
mhskzwic,23581191,14,34,2.4285714285714284,1.0,1.0
50nsp39w,23581191,33,165,4.181818181818182,0.9393939393939394,1.0
8yhijukj,23581191,15,98,5.466666666666667,0.9333333333333333,1.0
om1m73rv,23581191,23,102,3.608695652173913,0.9565217391304348,1.0
vbwguazj,23581191,18,34,1.8888888888888888,1.0,1.0
7agy8y3l,23581191,21,57,2.619047619047619,0.9047619047619048,1.0
o1t1fb7j,23581191,18,39,2.1666666666666665,1.0,1.0
nrfiw9bx,23581191,12,32,2.6666666666666665,1.0,1.0
pz38obzd,23581191,11,51,4.454545454545454,1.0,1.0
xklnx39q,23581191,11,43,3.8181818181818183,0.9090909090909091,1.0
nldu5ge3,23581191,12,33,2.75,1.0,1.0
t3l0if03,23581191,12,37,2.8333333333333335,0.9166666666666666,0.9871794871794872
ler5uq42,23581191,32,32,1.0,1.0,1.0
4wx63ymf,23581191,27,87,3.037037037037037,0.9629629629629629,0.9831649831649832
nfbzvhip,23581191,18,41,1.8888888888888888,1.0,1.0
onnumbyy,23581191,13,42,3.1538461538461537,0.7692307692307693,1.0
m63pxnwq,23581191,7,38,5.428571428571429,0.8571428571428571,1.0
mr7lkk46,23581191,14,38,2.642857142857143,0.9285714285714286,1.0
2w766g1z,23581191,8,36,4.5,1.0,1.0
nqubyvew,23581191,37,136,3.0,1.0,0.996044825313118
bcyhma9y,23581191,42,42,1.0,1.0,1.0
pcrxo3zp,23581191,10,51,4.3,1.0,1.0
f5ktzt2t,23581191,28,110,3.7142857142857144,0.9285714285714286,0.9940476190476192
kkeej6x5,23581191,33,33,1.0,1.0,1.0
74l1qvc1,23581191,1,1,1.0,1.0,1.0
byx9jkxm,23581191,18,45,2.4444444444444446,1.0,1.0
j2pjmr32,23581191,25,55,2.16,1.0,1.0
y8mzyzjc,23581191,37,71,1.864864864864865,1.0,1.0
bmlngyh3,23581191,7,45,5.428571428571429,0.8571428571428571,1.0
clucow7d,23581191,18,72,3.6666666666666665,1.0,1.0
3d2as981,23581191,21,96,4.142857142857143,0.9523809523809523,1.0
cghxa2ie,23581191,13,35,2.6923076923076925,1.0,1.0
o5qropwk,23581191,34,34,1.0,1.0,1.0
5nrjvc7q,23581191,39,93,2.3846153846153846,1.0,1.0
61zahdh9,23581191,9,35,3.888888888888889,1.0,1.0
5hz183aa,23581191,67,67,1.0,1.0,1.0
emwp6wq7,23581191,27,30,1.1111111111111112,1.0,1.0
pad0sufd,23581191,4,64,10.0,1.0,0.9722222222222222
xeu3j3ki,23581191,10,67,5.7,1.0,0.9862068965517242
npr5bsi2,23581191,35,35,1.0,1.0,1.0
ym49wqbn,23581191,41,65,1.5853658536585367,1.0,1.0
cp3b83py,23581191,21,119,5.0,0.9047619047619048,1.0
27d8totr,23581191,9,42,4.333333333333333,0.8888888888888888,1.0
fkx2gd88,23581191,19,75,3.8947368421052633,1.0,1.0
91fk0af9,23581191,35,125,2.7142857142857144,1.0,1.0
qothvfhf,23581191,35,35,1.0,1.0,1.0
kmwiem6m,23581191,13,34,2.6153846153846154,1.0,1.0
5pds9j1d,23581191,33,33,1.0,1.0,1.0
ikfbpugl,23581191,14,39,2.7857142857142856,1.0,1.0
dmft9d3y,23581191,33,47,1.4242424242424243,0.9696969696969697,1.0
6e5gb0yb,23581191,13,55,4.153846153846154,0.9230769230769231,1.0
icf7bchs,23581191,15,46,3.066666666666667,0.8666666666666667,1.0
aqmjput5,23581191,11,42,3.727272727272727,0.9090909090909091,1.0
l9krayds,23581191,27,75,2.111111111111111,0.9629629629629629,0.9853574504737296
f5ohsl5h,23581191,1,1,1.0,1.0,1.0
szbhlpfr,23581191,35,35,1.0,1.0,1.0
phbjwkyw,23581191,31,31,1.0,1.0,1.0
89u58v07,23581191,22,80,3.409090909090909,1.0,1.0
hsm45iwx,23581191,12,41,3.4166666666666665,0.8333333333333334,1.0
e2w81k0i,23581191,18,68,3.388888888888889,0.9444444444444444,1.0
4s3cm7d8,23581191,28,35,1.25,1.0,1.0
sn10zd6g,23581191,12,37,3.0833333333333335,0.9166666666666666,1.0
44o5xnxe,23581191,31,75,2.225806451612903,0.967741935483871,0.9870967741935485
ihnjt6k4,23581191,30,76,2.3666666666666667,0.9666666666666667,1.0
qkiu92kk,23581191,23,72,2.8260869565217392,1.0,1.0
02333qfj,23581191,22,40,1.6818181818181819,0.9545454545454546,1.0
qfsp3ery,23581191,21,104,3.9047619047619047,0.9523809523809523,0.98992673992674
q04yitea,23581191,10,75,6.6,0.9,1.0
y32zaw9c,23581191,32,32,1.0,1.0,1.0
cuybsfwr,23581191,6,45,6.333333333333333,1.0,1.0
0ra11hiv,23581191,38,38,1.0,1.0,1.0
nze0azo1,23581191,40,83,2.0,0.975,0.9880952380952381
r2ck84r8,23581191,23,31,1.3478260869565217,1.0,1.0
3cc6zm51,23581191,19,35,1.8421052631578947,1.0,0.9969040247678018
ske58akk,23581191,30,30,1.0,1.0,1.0
ovhoesyy,23581191,9,39,4.333333333333333,1.0,1.0
r24jdhzg,23581191,29,57,1.4482758620689655,1.0,0.9916765755053508
stbyxpx6,23581191,13,32,2.4615384615384617,1.0,1.0
zvbewhqx,23581191,29,32,1.103448275862069,1.0,1.0
0hrc9vve,23581191,22,52,2.1818181818181817,0.8636363636363636,1.0
plfupad7,23581191,16,35,2.125,0.9375,1.0
ism64anu,23581191,6,43,6.166666666666667,0.8333333333333334,1.0
qazkn1sw,23581191,40,50,1.25,1.0,1.0
f0wpo2hr,23581191,14,96,5.714285714285714,1.0,0.9885714285714285
c7z6erey,23581191,10,35,3.4,1.0,1.0
ni5df01j,23581191,18,89,4.555555555555555,0.9444444444444444,1.0
mrwlcmno,23581191,32,32,1.0,1.0,1.0
ew4oecfi,23581191,28,54,1.8928571428571428,1.0,1.0
08vqizpx,23581191,37,37,1.0,1.0,1.0
2j8p9vyz,23581191,18,52,2.3333333333333335,1.0,1.0
s03ed531,23581191,33,33,1.0,1.0,1.0
wcau806y,23581191,32,32,1.0,1.0,1.0
d1vjrjhc,23581191,20,41,2.05,1.0,1.0
o4kkkuj9,23581191,31,77,1.967741935483871,1.0,0.9927159209157128
k8txaw58,23581191,10,35,3.5,1.0,1.0
t2eyvuxq,23581191,13,93,5.615384615384615,1.0,0.9446153846153845
qv0yh587,23581191,4,4,1.0,1.0,1.0
1xogp17t,23581191,5,16,3.0,1.0,1.0
uktb326q,23581191,38,40,1.0526315789473684,1.0,1.0
bw2cwy0m,23581191,35,122,2.8285714285714287,0.9714285714285714,1.0
kwy2bqjo,23581191,16,55,3.4375,0.9375,1.0
cdo2cmtp,23581191,20,39,1.8,1.0,1.0
zj5uemkt,23581191,31,31,1.0,1.0,1.0
v6jvgdvg,23581191,72,72,1.0,1.0,1.0
l5sagbsh,23581191,15,30,2.0,1.0,1.0
ljwskxcq,23581191,10,37,3.7,0.9,1.0
3irnkhq8,23581191,21,42,1.9047619047619047,1.0,1.0
4s9g1cze,23581191,12,32,2.6666666666666665,1.0,1.0
vpxztp7b,23581191,24,62,2.4583333333333335,0.9166666666666666,1.0
f1ejz9fy,23581191,21,88,3.761904761904762,0.9523809523809523,1.0
a9gvtd1o,23581191,32,32,1.0,1.0,1.0
e0biso3r,23581191,6,55,6.833333333333333,0.8333333333333334,0.9444444444444443
41kp06jx,23581191,18,32,1.7777777777777777,1.0,1.0
a0w1xgxf,23581191,21,41,1.7142857142857142,1.0,1.0
6eyovdd2,23581191,23,39,1.6956521739130435,1.0,1.0
a6jpzpek,23581191,8,27,3.375,0.875,1.0
648anokh,23581191,7,44,5.285714285714286,1.0,1.0
rjanlii9,23581191,8,36,4.5,1.0,1.0
jeq3oy2g,23581191,2,25,9.0,1.0,1.0
mrypomny,23581191,20,37,1.85,1.0,1.0
tc5wgx8h,23581191,11,40,3.3636363636363638,1.0,1.0
8bgj1tsd,23581191,16,34,2.125,0.9375,1.0
nhds6zsd,23581191,6,38,6.333333333333333,1.0,1.0
xasfvnb7,23581191,31,32,1.032258064516129,1.0,1.0
03ljcqhc,23581191,15,43,2.466666666666667,1.0,1.0
ce9qdbyh,23581191,26,56,2.1538461538461537,0.9615384615384616,1.0
904h81sn,23581191,20,72,3.15,1.0,1.0
j2dvablb,23581191,7,37,5.285714285714286,0.8571428571428571,1.0
uktb326q,baf41dbf,42,47,1.119047619047619,0.9761904761904762,1.0
kwy2bqjo,baf41dbf,6,6,1.0,1.0,1.0
bw2cwy0m,baf41dbf,57,120,2.087719298245614,1.0,1.0
3irnkhq8,baf41dbf,6,80,13.166666666666666,1.0,1.0
v6jvgdvg,baf41dbf,46,48,1.0434782608695652,1.0,1.0
l5sagbsh,baf41dbf,4,54,13.5,1.0,1.0
ljwskxcq,baf41dbf,9,80,8.444444444444445,1.0,1.0
zj5uemkt,baf41dbf,3,39,13.0,1.0,1.0
s03ed531,baf41dbf,47,47,1.0,1.0,1.0
6p8vl3lk,baf41dbf,6,46,7.666666666666667,1.0,1.0
2j8p9vyz,baf41dbf,7,60,8.571428571428571,1.0,1.0
wcau806y,baf41dbf,16,64,4.0,0.9375,1.0
eyn3wygc,baf41dbf,68,71,1.0441176470588236,1.0,1.0
ew4oecfi,baf41dbf,30,170,5.666666666666667,1.0,1.0
mrwlcmno,baf41dbf,50,50,1.0,1.0,1.0
qv0yh587,baf41dbf,55,55,1.0,1.0,1.0
mlvcv31l,baf41dbf,12,50,4.166666666666667,1.0,1.0
o4kkkuj9,baf41dbf,35,54,1.542857142857143,1.0,1.0
k8txaw58,baf41dbf,8,98,12.125,1.0,1.0
d1vjrjhc,baf41dbf,9,129,13.333333333333334,1.0,1.0
a589fsqz,baf41dbf,23,60,2.608695652173913,0.9565217391304348,1.0
4stfwpke,baf41dbf,7,90,10.285714285714286,0.5714285714285714,1.0
nhds6zsd,baf41dbf,53,53,1.0,1.0,1.0
vr20hyge,baf41dbf,19,75,3.8421052631578947,0.9473684210526315,1.0
j2dvablb,baf41dbf,5,70,13.4,1.0,1.0
904h81sn,baf41dbf,46,71,1.5434782608695652,1.0,1.0
a0w1xgxf,baf41dbf,28,136,4.785714285714286,1.0,1.0
lmtka1ev,baf41dbf,4,66,16.25,1.0,1.0
a6jpzpek,baf41dbf,4,32,8.0,1.0,1.0
6eyovdd2,baf41dbf,12,114,9.25,1.0,1.0
f1ejz9fy,baf41dbf,27,106,3.925925925925926,1.0,1.0
vpxztp7b,baf41dbf,17,53,3.1176470588235294,1.0,1.0
a9gvtd1o,baf41dbf,13,105,7.769230769230769,1.0,1.0
e0biso3r,baf41dbf,68,68,1.0,1.0,1.0
jeq3oy2g,baf41dbf,16,53,3.1875,1.0,1.0
mrypomny,baf41dbf,9,61,6.555555555555555,1.0,1.0
rjanlii9,baf41dbf,2,2,1.0,1.0,1.0
c7ac53of,baf41dbf,11,24,2.1818181818181817,0.9090909090909091,1.0
8bgj1tsd,baf41dbf,15,116,7.6,1.0,1.0
tc5wgx8h,baf41dbf,46,241,5.195652173913044,0.9782608695652174,1.0
648anokh,baf41dbf,14,109,6.142857142857143,1.0,1.0
5pds9j1d,baf41dbf,55,55,1.0,1.0,1.0
kmwiem6m,baf41dbf,10,80,7.1,1.0,0.961111111111111
d33m799j,baf41dbf,3,26,8.333333333333334,0.6666666666666666,1.0
ikfbpugl,baf41dbf,6,58,9.5,0.8333333333333334,1.0
cp3b83py,baf41dbf,7,53,7.428571428571429,1.0,1.0
91fk0af9,baf41dbf,42,42,1.0,1.0,1.0
qothvfhf,baf41dbf,85,85,1.0,1.0,1.0
27d8totr,baf41dbf,45,57,1.2666666666666666,1.0,1.0
fkx2gd88,baf41dbf,11,70,5.818181818181818,1.0,1.0
icf7bchs,baf41dbf,23,59,2.4782608695652173,0.9565217391304348,1.0
bhpug29p,baf41dbf,26,84,3.076923076923077,1.0,1.0
nvlsix5c,baf41dbf,12,106,8.333333333333334,1.0,1.0
f5ohsl5h,baf41dbf,36,190,4.972222222222222,0.9722222222222222,1.0
l9krayds,baf41dbf,70,116,1.6428571428571428,0.9714285714285714,1.0
aqmjput5,baf41dbf,9,70,5.888888888888889,1.0,1.0
bdfn1h0o,baf41dbf,74,235,3.0,0.9864864864864865,1.0
dmft9d3y,baf41dbf,11,59,4.636363636363637,1.0,1.0
6e5gb0yb,baf41dbf,32,90,2.71875,0.9375,0.98828125
pgtp756s,baf41dbf,8,8,1.0,1.0,1.0
bmlngyh3,baf41dbf,31,139,4.451612903225806,0.967741935483871,1.0
y8mzyzjc,baf41dbf,23,48,2.0434782608695654,1.0,1.0
3d2as981,baf41dbf,26,131,4.615384615384615,0.9615384615384616,1.0
cghxa2ie,baf41dbf,23,60,2.608695652173913,1.0,1.0
clucow7d,baf41dbf,7,67,9.285714285714286,1.0,1.0
byx9jkxm,baf41dbf,4,73,17.25,1.0,1.0
emwp6wq7,baf41dbf,19,53,2.789473684210526,1.0,1.0
npr5bsi2,baf41dbf,86,133,1.5348837209302326,0.9883720930232558,1.0
ym49wqbn,baf41dbf,42,131,3.0,1.0,1.0
154uk6vm,baf41dbf,23,57,2.4347826086956523,1.0,1.0
xeu3j3ki,baf41dbf,23,152,6.608695652173913,1.0,1.0
5nrjvc7q,baf41dbf,42,259,5.976190476190476,1.0,1.0
ol9lky1i,baf41dbf,17,62,3.6470588235294117,1.0,1.0
o5qropwk,baf41dbf,25,62,2.44,1.0,1.0
5hz183aa,baf41dbf,1,38,34.0,0.0,1.0
61zahdh9,baf41dbf,16,59,3.6875,0.9375,1.0
ske58akk,baf41dbf,5,86,15.0,1.0,1.0
ovhoesyy,baf41dbf,17,66,3.8823529411764706,0.9411764705882353,1.0
3cc6zm51,baf41dbf,52,52,1.0,1.0,1.0
stbyxpx6,baf41dbf,2,21,10.0,0.5,1.0
r24jdhzg,baf41dbf,25,108,4.12,1.0,1.0
hpl7jugr,baf41dbf,5,63,12.2,1.0,1.0
nze0azo1,baf41dbf,41,108,2.6341463414634148,0.9512195121951219,1.0
r2ck84r8,baf41dbf,23,62,2.6956521739130435,0.9565217391304348,1.0
f0wpo2hr,baf41dbf,16,82,5.0625,1.0,1.0
qazkn1sw,baf41dbf,38,53,1.394736842105263,0.9736842105263158,1.0
c7z6erey,baf41dbf,13,75,5.461538461538462,1.0,1.0
8aknstxj,baf41dbf,9,125,12.555555555555555,1.0,1.0
zvbewhqx,baf41dbf,9,69,7.222222222222222,1.0,1.0
0hrc9vve,baf41dbf,1,21,21.0,0.0,1.0
n2et79bd,baf41dbf,15,96,6.066666666666666,1.0,1.0
ism64anu,baf41dbf,19,131,6.578947368421052,0.9473684210526315,1.0
plfupad7,baf41dbf,29,80,2.7586206896551726,0.9655172413793104,1.0
e2w81k0i,baf41dbf,21,124,5.619047619047619,0.9523809523809523,1.0
4s3cm7d8,baf41dbf,18,41,2.2777777777777777,1.0,1.0
hsm45iwx,baf41dbf,10,57,5.7,1.0,1.0
sn10zd6g,baf41dbf,12,171,13.166666666666666,1.0,1.0
phbjwkyw,baf41dbf,38,100,2.6315789473684212,0.9736842105263158,1.0
szbhlpfr,baf41dbf,20,76,3.65,1.0,1.0
89u58v07,baf41dbf,45,145,3.2222222222222223,0.9777777777777777,1.0
cuybsfwr,baf41dbf,93,191,1.935483870967742,0.978494623655914,1.0
0ra11hiv,baf41dbf,145,151,1.0413793103448277,1.0,1.0
44o5xnxe,baf41dbf,23,62,2.6956521739130435,1.0,1.0
ihnjt6k4,baf41dbf,59,151,2.457627118644068,1.0,1.0
qfsp3ery,baf41dbf,116,137,1.1810344827586208,0.9913793103448276,1.0
q04yitea,baf41dbf,19,85,4.105263157894737,0.9473684210526315,0.9838056680161944
02333qfj,baf41dbf,10,65,6.4,1.0,1.0
cfclud8z,baf41dbf,12,57,4.666666666666667,1.0,1.0
z8b26ynw,baf41dbf,13,78,5.846153846153846,1.0,1.0
zelqv7az,baf41dbf,6,61,10.166666666666666,1.0,1.0
jx6lhkbi,baf41dbf,26,107,4.038461538461538,1.0,1.0
clhkwrie,baf41dbf,30,143,4.666666666666667,0.9666666666666667,1.0
1qt2f29y,baf41dbf,16,54,3.375,1.0,1.0
mpzcivx9,baf41dbf,18,130,7.111111111111111,1.0,1.0
sp00glmz,baf41dbf,56,56,1.0,1.0,1.0
ya0wv6pm,baf41dbf,53,54,1.0188679245283019,1.0,1.0
9evwb372,baf41dbf,15,90,6.0,0.9333333333333333,1.0
23iyreiv,baf41dbf,11,72,6.0,0.9090909090909091,1.0
wz0zoo1d,baf41dbf,15,15,1.0,1.0,1.0
1r6yodve,baf41dbf,86,86,1.0,1.0,1.0
zfeorjum,baf41dbf,13,79,5.923076923076923,1.0,1.0
hkj9daz7,baf41dbf,11,60,5.454545454545454,1.0,1.0
w12e497z,baf41dbf,7,20,2.857142857142857,1.0,1.0
9ohxtpht,baf41dbf,27,75,2.7777777777777777,1.0,1.0
4j6cy1mk,baf41dbf,39,111,2.8461538461538463,1.0,1.0
fl73adm5,baf41dbf,4,61,14.25,1.0,1.0
oxvw1rhx,baf41dbf,127,128,1.0078740157480315,1.0,1.0
onnumbyy,baf41dbf,56,136,2.3035714285714284,0.9285714285714286,1.0
m63pxnwq,baf41dbf,10,61,5.9,1.0,1.0
t3l0if03,baf41dbf,11,55,5.0,0.9090909090909091,1.0
4wx63ymf,baf41dbf,11,55,5.0,1.0,1.0
ler5uq42,baf41dbf,112,112,1.0,1.0,1.0
bcyhma9y,baf41dbf,1,2,1.0,1.0,1.0
pcrxo3zp,baf41dbf,1,2,2.0,0.0,1.0
f5ktzt2t,baf41dbf,8,67,8.0,0.875,1.0
kkeej6x5,baf41dbf,40,126,2.95,0.975,1.0
2w766g1z,baf41dbf,7,41,5.857142857142857,1.0,1.0
mr7lkk46,baf41dbf,18,56,3.111111111111111,0.9444444444444444,1.0
5vv1rrzw,baf41dbf,117,130,1.1111111111111112,1.0,1.0
nqubyvew,baf41dbf,42,98,2.3333333333333335,1.0,1.0
vbwguazj,baf41dbf,28,105,3.6785714285714284,1.0,1.0
7agy8y3l,baf41dbf,5,49,9.6,1.0,1.0
om1m73rv,baf41dbf,9,139,13.11111111111111,1.0,1.0
8jwr3j6t,baf41dbf,1,1,1.0,1.0,1.0
z3die4q3,baf41dbf,7,58,8.0,1.0,1.0
8yhijukj,baf41dbf,16,74,4.4375,0.9375,1.0
pz38obzd,baf41dbf,10,58,5.7,1.0,1.0
xklnx39q,baf41dbf,18,163,8.444444444444445,0.8333333333333334,0.9957264957264957
nrfiw9bx,baf41dbf,15,72,4.8,1.0,1.0
cw4tyx7n,baf41dbf,1,6,6.0,0.0,1.0
g7svteiz,baf41dbf,171,305,1.7836257309941521,0.9824561403508771,1.0
c2lwacqc,baf41dbf,67,120,1.7313432835820894,1.0,0.9950248756218906
mzi8f2hv,baf41dbf,19,139,7.105263157894737,1.0,1.0
189iqcds,baf41dbf,11,61,5.363636363636363,1.0,1.0
fgxp8fzz,baf41dbf,4,75,16.5,1.0,1.0
hd5k29qy,baf41dbf,22,124,5.636363636363637,0.9545454545454546,1.0
72p6pxny,baf41dbf,67,236,3.4925373134328357,0.9552238805970149,1.0
gkse9wdn,baf41dbf,113,113,1.0,1.0,1.0
ldo5smvx,baf41dbf,30,145,4.733333333333333,0.9333333333333333,1.0
jayyv6lz,baf41dbf,13,53,4.076923076923077,1.0,1.0
qu0lm98m,baf41dbf,38,137,3.5526315789473686,0.9736842105263158,1.0
yfyhejim,baf41dbf,18,212,9.88888888888889,0.9444444444444444,1.0
ei0ij8ms,baf41dbf,8,59,7.25,1.0,1.0
0yfthc4y,baf41dbf,23,60,2.608695652173913,1.0,1.0
2tkm21z6,baf41dbf,50,50,1.0,1.0,1.0
idma9086,baf41dbf,6,87,13.666666666666666,1.0,1.0
r99uy0qb,baf41dbf,3,10,3.3333333333333335,1.0,1.0
b73rrttr,baf41dbf,25,25,1.0,1.0,1.0
yebzokh4,baf41dbf,125,125,1.0,1.0,1.0
kavvl57w,baf41dbf,10,72,7.1,1.0,1.0
8oohxrrz,baf41dbf,8,94,10.875,1.0,1.0
qfiy90jx,baf41dbf,18,62,3.4444444444444446,1.0,1.0
g3vslpjv,baf41dbf,18,186,9.444444444444445,1.0,1.0
c9sps7bl,baf41dbf,6,72,11.666666666666666,0.8333333333333334,1.0
bx44xwzb,baf41dbf,50,50,1.0,1.0,1.0
o2ho0580,baf41dbf,18,33,1.8333333333333333,0.9444444444444444,1.0
jqeesfz7,baf41dbf,67,67,1.0,1.0,1.0
nx0vccp8,baf41dbf,82,82,1.0,1.0,1.0
8psac9uo,baf41dbf,59,60,1.0169491525423728,1.0,1.0
kck1uue7,baf41dbf,21,137,6.238095238095238,0.9523809523809523,1.0
l0nln4b2,baf41dbf,41,169,3.902439024390244,1.0,1.0
aypxap78,baf41dbf,14,91,6.357142857142857,1.0,1.0
ascil7wf,baf41dbf,25,58,2.32,0.96,1.0
8y2nd2sh,baf41dbf,40,229,5.25,0.975,0.9921052631578947
r99uy0qb,4258a5f9,5,40,8.0,1.0,1.0
idma9086,4258a5f9,9,40,4.444444444444445,1.0,1.0
0fy66fv2,4258a5f9,7,7,1.0,1.0,1.0
7nszfy43,4258a5f9,5,40,8.0,1.0,1.0
b73rrttr,4258a5f9,40,40,1.0,1.0,1.0
yebzokh4,4258a5f9,40,40,1.0,1.0,1.0
kavvl57w,4258a5f9,6,42,7.0,1.0,1.0
8oohxrrz,4258a5f9,5,40,8.0,1.0,1.0
qfiy90jx,4258a5f9,16,41,2.5,1.0,1.0
2d8q4qkc,4258a5f9,6,41,6.666666666666667,1.0,1.0
g3vslpjv,4258a5f9,5,40,8.0,1.0,1.0
c9sps7bl,4258a5f9,7,46,6.0,1.0,1.0
bx44xwzb,4258a5f9,40,40,1.0,1.0,1.0
o2ho0580,4258a5f9,5,5,1.0,1.0,1.0
xji13cu2,4258a5f9,5,41,8.0,1.0,1.0
jqeesfz7,4258a5f9,40,40,1.0,1.0,1.0
9pjr0waw,4258a5f9,8,40,5.0,1.0,1.0
8psac9uo,4258a5f9,39,40,1.0256410256410255,1.0,1.0
kck1uue7,4258a5f9,6,42,7.0,1.0,1.0
l0nln4b2,4258a5f9,40,40,1.0,1.0,1.0
aypxap78,4258a5f9,7,45,6.285714285714286,1.0,1.0
ascil7wf,4258a5f9,8,46,5.625,1.0,1.0
8y2nd2sh,4258a5f9,5,41,8.0,1.0,1.0
yc52i3qf,4258a5f9,40,40,1.0,1.0,1.0
cw4tyx7n,4258a5f9,44,45,1.0227272727272727,1.0,1.0
c2lwacqc,4258a5f9,33,40,1.2121212121212122,1.0,1.0
g7svteiz,4258a5f9,12,40,3.3333333333333335,1.0,1.0
mzi8f2hv,4258a5f9,6,42,7.0,1.0,1.0
189iqcds,4258a5f9,39,40,1.0256410256410255,1.0,1.0
fgxp8fzz,4258a5f9,5,42,8.0,1.0,1.0
xgvto4mg,4258a5f9,40,40,1.0,1.0,1.0
hd5k29qy,4258a5f9,5,43,8.0,1.0,1.0
rhbgnqhz,4258a5f9,6,40,6.666666666666667,1.0,1.0
72p6pxny,4258a5f9,5,40,8.0,1.0,1.0
ldo5smvx,4258a5f9,6,40,6.666666666666667,1.0,1.0
jayyv6lz,4258a5f9,41,41,1.0,1.0,1.0
qu0lm98m,4258a5f9,6,40,6.666666666666667,1.0,1.0
yfyhejim,4258a5f9,6,41,6.666666666666667,1.0,1.0
ei0ij8ms,4258a5f9,5,40,8.0,1.0,1.0
0yfthc4y,4258a5f9,14,51,3.5714285714285716,1.0,1.0
2tkm21z6,4258a5f9,40,40,1.0,1.0,1.0
onnumbyy,4258a5f9,40,40,1.0,1.0,1.0
m63pxnwq,4258a5f9,5,41,8.0,1.0,1.0
t3l0if03,4258a5f9,5,42,8.0,1.0,1.0
nldu5ge3,4258a5f9,6,41,6.833333333333333,1.0,1.0
4wx63ymf,4258a5f9,5,40,8.0,1.0,1.0
nfbzvhip,4258a5f9,40,40,1.0,1.0,1.0
ler5uq42,4258a5f9,40,40,1.0,1.0,1.0
bcyhma9y,4258a5f9,80,80,1.0,1.0,1.0
f5ktzt2t,4258a5f9,5,40,8.0,1.0,1.0
kkeej6x5,4258a5f9,39,40,1.0256410256410255,1.0,1.0
pcrxo3zp,4258a5f9,5,41,8.0,1.0,1.0
2w766g1z,4258a5f9,5,40,8.0,1.0,1.0
mr7lkk46,4258a5f9,3,43,14.0,0.6666666666666666,1.0
nqubyvew,4258a5f9,1,1,1.0,1.0,1.0
o1t1fb7j,4258a5f9,43,44,1.0232558139534884,1.0,1.0
7agy8y3l,4258a5f9,9,41,4.555555555555555,1.0,1.0
vbwguazj,4258a5f9,9,47,5.0,0.8888888888888888,1.0
om1m73rv,4258a5f9,5,41,8.0,1.0,1.0
z3die4q3,4258a5f9,5,40,8.0,1.0,1.0
8jwr3j6t,4258a5f9,25,40,1.6,1.0,1.0
p445h6ow,4258a5f9,11,40,3.6363636363636362,1.0,1.0
50nsp39w,4258a5f9,5,40,8.0,1.0,1.0
8yhijukj,4258a5f9,7,45,6.0,1.0,1.0
pz38obzd,4258a5f9,5,40,8.0,1.0,1.0
xklnx39q,4258a5f9,5,40,8.0,1.0,1.0
cfclud8z,4258a5f9,5,40,8.0,1.0,1.0
zelqv7az,4258a5f9,12,40,3.3333333333333335,1.0,1.0
z8b26ynw,4258a5f9,5,40,8.0,1.0,1.0
jx6lhkbi,4258a5f9,5,40,8.0,1.0,1.0
clhkwrie,4258a5f9,12,40,3.3333333333333335,1.0,1.0
1qt2f29y,4258a5f9,40,40,1.0,1.0,1.0
mpzcivx9,4258a5f9,7,41,5.857142857142857,1.0,1.0
sp00glmz,4258a5f9,5,41,8.0,1.0,1.0
2ke9hbes,4258a5f9,10,51,4.6,1.0,1.0
9evwb372,4258a5f9,5,42,8.0,1.0,1.0
ya0wv6pm,4258a5f9,13,46,3.076923076923077,1.0,1.0
0wk7vjg8,4258a5f9,28,78,2.5,1.0,0.9910714285714286
cbvc5e3w,4258a5f9,40,40,1.0,1.0,1.0
1r6yodve,4258a5f9,45,45,1.0,1.0,1.0
2anyuqd8,4258a5f9,40,40,1.0,1.0,1.0
zfeorjum,4258a5f9,8,48,5.625,1.0,1.0
hkj9daz7,4258a5f9,6,40,6.666666666666667,1.0,1.0
9ohxtpht,4258a5f9,19,41,2.1052631578947367,1.0,1.0
oxvw1rhx,4258a5f9,42,42,1.0,1.0,1.0
4j6cy1mk,4258a5f9,33,40,1.2121212121212122,1.0,1.0
318gokyy,4258a5f9,6,43,7.0,1.0,1.0
8d21w3yr,4258a5f9,39,40,1.0256410256410255,1.0,1.0
ske58akk,4258a5f9,6,41,6.666666666666667,1.0,1.0
ovhoesyy,4258a5f9,6,43,7.0,1.0,1.0
3cc6zm51,4258a5f9,42,42,1.0,1.0,1.0
r24jdhzg,4258a5f9,18,41,2.2222222222222223,0.9444444444444444,1.0
nze0azo1,4258a5f9,5,40,8.0,1.0,1.0
r2ck84r8,4258a5f9,6,40,6.666666666666667,1.0,1.0
hpl7jugr,4258a5f9,5,40,8.0,1.0,1.0
f0wpo2hr,4258a5f9,6,40,6.666666666666667,1.0,1.0
qazkn1sw,4258a5f9,47,47,1.0,1.0,1.0
c7z6erey,4258a5f9,6,41,6.666666666666667,1.0,1.0
8aknstxj,4258a5f9,6,41,6.833333333333333,1.0,1.0
zvbewhqx,4258a5f9,40,40,1.0,1.0,1.0
n2et79bd,4258a5f9,1,5,5.0,0.0,1.0
ism64anu,4258a5f9,5,40,8.0,1.0,1.0
plfupad7,4258a5f9,11,41,3.6363636363636362,1.0,1.0
4s3cm7d8,4258a5f9,40,40,1.0,1.0,1.0
e2w81k0i,4258a5f9,5,42,8.0,1.0,1.0
hsm45iwx,4258a5f9,5,42,8.0,1.0,1.0
sn10zd6g,4258a5f9,5,40,8.0,1.0,1.0
phbjwkyw,4258a5f9,7,42,6.0,1.0,1.0
szbhlpfr,4258a5f9,6,44,7.0,1.0,1.0
89u58v07,4258a5f9,5,42,8.0,1.0,1.0
y32zaw9c,4258a5f9,40,40,1.0,1.0,1.0
cuybsfwr,4258a5f9,41,42,1.024390243902439,1.0,1.0
qkiu92kk,4258a5f9,39,40,1.0256410256410255,1.0,1.0
44o5xnxe,4258a5f9,5,41,8.0,1.0,1.0
q04yitea,4258a5f9,12,41,3.3333333333333335,1.0,1.0
qfsp3ery,4258a5f9,6,43,6.666666666666667,1.0,1.0
02333qfj,4258a5f9,5,43,8.0,1.0,1.0
d33m799j,4258a5f9,2,21,9.5,0.0,1.0
ikfbpugl,4258a5f9,8,41,5.0,0.875,1.0
cp3b83py,4258a5f9,16,78,4.75,0.9375,1.0
qothvfhf,4258a5f9,40,40,1.0,1.0,1.0
27d8totr,4258a5f9,12,40,3.3333333333333335,1.0,1.0
fkx2gd88,4258a5f9,5,40,8.0,1.0,1.0
bhpug29p,4258a5f9,6,41,6.666666666666667,1.0,1.0
l9krayds,4258a5f9,6,46,7.0,1.0,1.0
dmft9d3y,4258a5f9,23,42,1.826086956521739,1.0,1.0
6e5gb0yb,4258a5f9,5,41,8.0,1.0,1.0
pgtp756s,4258a5f9,109,109,1.0,1.0,1.0
bmlngyh3,4258a5f9,8,42,5.0,1.0,1.0
cghxa2ie,4258a5f9,8,40,5.0,1.0,1.0
3d2as981,4258a5f9,8,46,5.5,1.0,1.0
clucow7d,4258a5f9,7,40,5.714285714285714,1.0,1.0
byx9jkxm,4258a5f9,5,40,8.0,1.0,1.0
j2pjmr32,4258a5f9,45,45,1.0,1.0,1.0
pad0sufd,4258a5f9,7,45,6.428571428571429,1.0,1.0
emwp6wq7,4258a5f9,28,40,1.4285714285714286,1.0,1.0
ym49wqbn,4258a5f9,40,40,1.0,1.0,1.0
154uk6vm,4258a5f9,6,44,7.0,1.0,1.0
npr5bsi2,4258a5f9,40,40,1.0,1.0,1.0
5nrjvc7q,4258a5f9,40,40,1.0,1.0,1.0
o5qropwk,4258a5f9,23,46,1.9130434782608696,1.0,1.0
5hz183aa,4258a5f9,45,45,1.0,1.0,1.0
61zahdh9,4258a5f9,6,40,6.666666666666667,1.0,1.0
vr20hyge,4258a5f9,40,40,1.0,1.0,1.0
nhds6zsd,4258a5f9,40,40,1.0,1.0,1.0
ce9qdbyh,4258a5f9,5,42,8.0,1.0,1.0
j2dvablb,4258a5f9,5,40,8.0,1.0,1.0
904h81sn,4258a5f9,7,47,6.285714285714286,1.0,1.0
sesf1qnx,4258a5f9,8,44,5.5,1.0,1.0
xasfvnb7,4258a5f9,42,42,1.0,1.0,1.0
a0w1xgxf,4258a5f9,10,40,4.0,1.0,1.0
41kp06jx,4258a5f9,12,40,3.3333333333333335,1.0,1.0
lmtka1ev,4258a5f9,5,40,8.0,1.0,1.0
a6jpzpek,4258a5f9,6,42,7.0,1.0,1.0
6eyovdd2,4258a5f9,9,40,4.444444444444445,1.0,1.0
f1ejz9fy,4258a5f9,10,46,4.5,1.0,1.0
vpxztp7b,4258a5f9,5,40,8.0,1.0,1.0
e0biso3r,4258a5f9,5,40,8.0,1.0,1.0
a9gvtd1o,4258a5f9,8,41,5.0,1.0,1.0
mrypomny,4258a5f9,33,40,1.2121212121212122,1.0,1.0
jeq3oy2g,4258a5f9,20,42,2.1,1.0,1.0
c7ac53of,4258a5f9,3,7,2.3333333333333335,1.0,1.0
rjanlii9,4258a5f9,8,45,5.5,1.0,1.0
8bgj1tsd,4258a5f9,10,40,4.0,1.0,1.0
tc5wgx8h,4258a5f9,5,40,8.0,1.0,1.0
qqqzakmg,4258a5f9,1,35,31.0,0.0,1.0
648anokh,4258a5f9,5,42,8.0,1.0,1.0
zc26r1al,4258a5f9,40,40,1.0,1.0,1.0
uktb326q,4258a5f9,34,42,1.2352941176470589,1.0,1.0
kwy2bqjo,4258a5f9,7,42,6.0,1.0,1.0
bw2cwy0m,4258a5f9,16,44,2.6875,1.0,1.0
3irnkhq8,4258a5f9,5,40,8.0,1.0,1.0
4s9g1cze,4258a5f9,5,42,8.0,1.0,1.0
l5sagbsh,4258a5f9,6,42,6.666666666666667,1.0,1.0
v6jvgdvg,4258a5f9,40,40,1.0,1.0,1.0
ljwskxcq,4258a5f9,6,48,8.0,1.0,1.0
zj5uemkt,4258a5f9,40,40,1.0,1.0,1.0
s03ed531,4258a5f9,40,40,1.0,1.0,1.0
wcau806y,4258a5f9,40,40,1.0,1.0,1.0
ni5df01j,4258a5f9,14,42,3.0,1.0,1.0
ew4oecfi,4258a5f9,5,41,8.0,1.0,1.0
mrwlcmno,4258a5f9,40,40,1.0,1.0,1.0
qv0yh587,4258a5f9,38,40,1.0526315789473684,1.0,1.0
t2eyvuxq,4258a5f9,5,40,8.0,1.0,1.0
mlvcv31l,4258a5f9,6,40,6.666666666666667,1.0,1.0
o4kkkuj9,4258a5f9,5,41,8.0,1.0,1.0
k8txaw58,4258a5f9,5,41,8.0,1.0,1.0
d1vjrjhc,4258a5f9,5,40,8.0,1.0,1.0
a589fsqz,4258a5f9,17,40,2.3529411764705883,1.0,1.0
s03ed531,00dbd492,93,93,1.0,1.0,1.0
2j8p9vyz,00dbd492,11,102,8.0,1.0,1.0
6p8vl3lk,00dbd492,2,90,36.0,1.0,1.0
wcau806y,00dbd492,39,89,2.282051282051282,1.0,1.0
eyn3wygc,00dbd492,36,103,2.4444444444444446,0.9722222222222222,1.0
ni5df01j,00dbd492,20,89,4.4,1.0,1.0
ew4oecfi,00dbd492,5,100,18.0,1.0,1.0
mrwlcmno,00dbd492,84,88,1.0476190476190477,1.0,1.0
qv0yh587,00dbd492,86,88,1.0232558139534884,1.0,1.0
t2eyvuxq,00dbd492,8,97,11.375,1.0,1.0
o4kkkuj9,00dbd492,49,102,1.9591836734693877,1.0,1.0
k8txaw58,00dbd492,4,88,22.0,1.0,1.0
mlvcv31l,00dbd492,5,97,17.6,1.0,1.0
d1vjrjhc,00dbd492,5,105,17.8,0.8,1.0
a589fsqz,00dbd492,5,99,17.6,1.0,1.0
cdo2cmtp,00dbd492,87,88,1.0114942528735633,1.0,1.0
uktb326q,00dbd492,67,90,1.3432835820895523,1.0,1.0
kwy2bqjo,00dbd492,18,94,4.888888888888889,1.0,1.0
4s9g1cze,00dbd492,4,95,22.0,1.0,1.0
3irnkhq8,00dbd492,7,171,22.857142857142858,1.0,1.0
ljwskxcq,00dbd492,7,99,13.142857142857142,1.0,1.0
v6jvgdvg,00dbd492,88,88,1.0,1.0,1.0
l5sagbsh,00dbd492,16,97,5.875,1.0,1.0
zj5uemkt,00dbd492,4,102,22.0,1.0,1.0
41kp06jx,00dbd492,6,92,14.666666666666666,1.0,1.0
a0w1xgxf,00dbd492,21,89,4.190476190476191,1.0,1.0
lmtka1ev,00dbd492,4,97,22.0,1.0,1.0
6eyovdd2,00dbd492,50,90,1.8,0.98,1.0
a6jpzpek,00dbd492,25,96,3.76,0.96,1.0
f1ejz9fy,00dbd492,12,98,7.333333333333333,1.0,1.0
vpxztp7b,00dbd492,11,96,8.0,1.0,1.0
e0biso3r,00dbd492,4,92,22.0,1.0,1.0
a9gvtd1o,00dbd492,4,92,22.0,1.0,1.0
mrypomny,00dbd492,51,88,1.7254901960784315,1.0,1.0
c7ac53of,00dbd492,12,45,3.6666666666666665,0.9166666666666666,1.0
rjanlii9,00dbd492,40,91,2.2,1.0,1.0
tc5wgx8h,00dbd492,12,90,7.333333333333333,0.9166666666666666,1.0
8bgj1tsd,00dbd492,22,95,4.0,1.0,1.0
qqqzakmg,00dbd492,4,5,1.25,1.0,1.0
648anokh,00dbd492,13,96,6.769230769230769,1.0,1.0
vr20hyge,00dbd492,14,14,1.0,1.0,1.0
ce9qdbyh,00dbd492,14,98,6.714285714285714,1.0,1.0
03ljcqhc,00dbd492,7,88,12.571428571428571,1.0,1.0
j2dvablb,00dbd492,5,98,17.6,1.0,1.0
904h81sn,00dbd492,11,102,8.0,1.0,1.0
xasfvnb7,00dbd492,190,194,1.0210526315789474,1.0,1.0
bmlngyh3,00dbd492,4,100,22.0,1.0,1.0
cghxa2ie,00dbd492,7,104,12.857142857142858,1.0,1.0
3d2as981,00dbd492,17,121,6.0588235294117645,0.9411764705882353,0.9948400412796699
clucow7d,00dbd492,20,105,4.4,1.0,1.0
byx9jkxm,00dbd492,4,98,22.0,1.0,1.0
74l1qvc1,00dbd492,31,374,9.935483870967742,1.0,1.0
pad0sufd,00dbd492,6,95,15.0,1.0,1.0
emwp6wq7,00dbd492,8,89,11.0,1.0,1.0
154uk6vm,00dbd492,8,159,17.625,1.0,1.0
ym49wqbn,00dbd492,22,96,4.0,1.0,1.0
npr5bsi2,00dbd492,25,112,3.84,1.0,1.0
xeu3j3ki,00dbd492,24,41,1.7083333333333333,1.0,1.0
ol9lky1i,00dbd492,19,115,5.052631578947368,1.0,1.0
5nrjvc7q,00dbd492,4,90,22.0,1.0,1.0
o5qropwk,00dbd492,5,98,17.6,1.0,1.0
5hz183aa,00dbd492,97,281,2.711340206185567,0.979381443298969,1.0
61zahdh9,00dbd492,7,97,13.0,1.0,1.0
5pds9j1d,00dbd492,138,138,1.0,1.0,1.0
kmwiem6m,00dbd492,4,107,22.0,1.0,1.0
d33m799j,00dbd492,24,81,3.2916666666666665,1.0,1.0
ikfbpugl,00dbd492,7,143,18.285714285714285,1.0,1.0
cp3b83py,00dbd492,5,90,17.6,1.0,1.0
91fk0af9,00dbd492,41,92,2.1463414634146343,1.0,1.0
qothvfhf,00dbd492,39,89,2.2564102564102564,0.9743589743589743,1.0
fkx2gd88,00dbd492,5,102,17.8,1.0,1.0
27d8totr,00dbd492,4,92,22.0,1.0,1.0
icf7bchs,00dbd492,66,217,3.015151515151515,0.9242424242424242,1.0
f5ohsl5h,00dbd492,6,101,15.0,1.0,1.0
bhpug29p,00dbd492,41,98,2.2195121951219514,0.975609756097561,1.0
aqmjput5,00dbd492,7,107,14.142857142857142,1.0,1.0
l9krayds,00dbd492,42,196,4.571428571428571,1.0,1.0
dmft9d3y,00dbd492,51,100,1.8431372549019607,1.0,1.0
6e5gb0yb,00dbd492,4,100,22.0,1.0,1.0
4s3cm7d8,00dbd492,45,95,2.111111111111111,1.0,1.0
e2w81k0i,00dbd492,6,102,14.833333333333334,1.0,1.0
hsm45iwx,00dbd492,4,103,22.0,1.0,1.0
sn10zd6g,00dbd492,6,98,16.0,1.0,1.0
phbjwkyw,00dbd492,4,94,22.0,1.0,1.0
095bdwyc,00dbd492,88,88,1.0,1.0,1.0
89u58v07,00dbd492,5,101,17.6,1.0,1.0
y32zaw9c,00dbd492,88,88,1.0,1.0,1.0
0ra11hiv,00dbd492,78,110,1.3846153846153846,1.0,1.0
cuybsfwr,00dbd492,4,94,22.0,1.0,1.0
qkiu92kk,00dbd492,18,101,4.888888888888889,1.0,1.0
44o5xnxe,00dbd492,7,94,12.714285714285714,1.0,1.0
q04yitea,00dbd492,62,90,1.4193548387096775,1.0,1.0
qfsp3ery,00dbd492,91,91,1.0,1.0,1.0
02333qfj,00dbd492,7,93,12.714285714285714,1.0,1.0
ovhoesyy,00dbd492,7,98,13.142857142857142,1.0,1.0
ske58akk,00dbd492,4,99,22.0,1.0,1.0
3cc6zm51,00dbd492,21,106,4.428571428571429,1.0,1.0
stbyxpx6,00dbd492,22,101,4.045454545454546,1.0,1.0
r24jdhzg,00dbd492,19,112,4.684210526315789,1.0,1.0
r2ck84r8,00dbd492,6,94,15.0,1.0,1.0
nze0azo1,00dbd492,4,88,22.0,1.0,1.0
hpl7jugr,00dbd492,4,94,22.0,1.0,1.0
f0wpo2hr,00dbd492,4,88,22.0,1.0,1.0
qazkn1sw,00dbd492,8,20,2.5,0.625,1.0
8aknstxj,00dbd492,6,111,15.0,1.0,1.0
c7z6erey,00dbd492,6,90,14.666666666666666,1.0,1.0
0hrc9vve,00dbd492,59,195,3.1864406779661016,0.9661016949152542,1.0
zvbewhqx,00dbd492,6,99,15.666666666666666,1.0,1.0
ism64anu,00dbd492,52,136,2.3461538461538463,1.0,1.0
n2et79bd,00dbd492,2,11,5.5,0.5,1.0
plfupad7,00dbd492,8,167,20.0,1.0,1.0
1r6yodve,00dbd492,212,212,1.0,1.0,1.0
2anyuqd8,00dbd492,91,91,1.0,1.0,1.0
hkj9daz7,00dbd492,7,124,13.142857142857142,1.0,1.0
zfeorjum,00dbd492,7,111,13.428571428571429,0.8571428571428571,1.0
9ohxtpht,00dbd492,11,89,8.090909090909092,1.0,1.0
w12e497z,00dbd492,43,211,4.72093023255814,1.0,1.0
oxvw1rhx,00dbd492,88,88,1.0,1.0,1.0
fl73adm5,00dbd492,5,111,18.0,1.0,1.0
4j6cy1mk,00dbd492,45,91,2.0,1.0,1.0
8d21w3yr,00dbd492,13,191,12.307692307692308,1.0,1.0
cfclud8z,00dbd492,6,96,15.333333333333334,1.0,1.0
zelqv7az,00dbd492,10,95,8.9,1.0,1.0
z8b26ynw,00dbd492,7,101,12.857142857142858,1.0,1.0
jx6lhkbi,00dbd492,4,91,22.0,1.0,1.0
1qt2f29y,00dbd492,86,112,1.302325581395349,1.0,1.0
clhkwrie,00dbd492,62,88,1.4193548387096775,1.0,1.0
mpzcivx9,00dbd492,4,98,22.0,1.0,1.0
sp00glmz,00dbd492,90,90,1.0,1.0,1.0
9evwb372,00dbd492,15,90,5.866666666666666,0.9333333333333333,1.0
ya0wv6pm,00dbd492,43,192,3.8372093023255816,1.0,1.0
23iyreiv,00dbd492,8,94,11.125,1.0,1.0
o1t1fb7j,00dbd492,29,101,3.1379310344827585,1.0,1.0
7agy8y3l,00dbd492,63,90,1.3968253968253967,1.0,1.0
vbwguazj,00dbd492,11,93,8.0,1.0,1.0
om1m73rv,00dbd492,7,91,12.714285714285714,1.0,1.0
z3die4q3,00dbd492,4,93,22.0,1.0,1.0
8jwr3j6t,00dbd492,24,99,4.125,0.9583333333333334,1.0
8yhijukj,00dbd492,5,93,18.0,1.0,1.0
50nsp39w,00dbd492,8,180,20.25,1.0,1.0
mhskzwic,00dbd492,28,92,3.1785714285714284,1.0,1.0
pz38obzd,00dbd492,38,91,2.3684210526315788,1.0,1.0
xklnx39q,00dbd492,11,96,8.0,1.0,1.0
nrfiw9bx,00dbd492,7,88,12.571428571428571,1.0,1.0
onnumbyy,00dbd492,55,89,1.6181818181818182,0.9454545454545454,1.0
m63pxnwq,00dbd492,5,107,17.8,1.0,1.0
t3l0if03,00dbd492,4,96,22.0,1.0,1.0
nldu5ge3,00dbd492,5,99,17.8,1.0,1.0
nfbzvhip,00dbd492,87,88,1.0114942528735633,1.0,1.0
4wx63ymf,00dbd492,5,97,17.6,1.0,1.0
ler5uq42,00dbd492,96,96,1.0,1.0,1.0
bcyhma9y,00dbd492,8,8,1.0,1.0,1.0
f5ktzt2t,00dbd492,4,97,22.0,1.0,1.0
kkeej6x5,00dbd492,22,93,4.0,1.0,1.0
pcrxo3zp,00dbd492,7,100,12.571428571428571,1.0,1.0
2w766g1z,00dbd492,12,88,7.333333333333333,1.0,1.0
5vv1rrzw,00dbd492,26,104,3.6923076923076925,1.0,0.9976923076923077
mr7lkk46,00dbd492,11,100,8.272727272727273,0.9090909090909091,1.0
ldo5smvx,00dbd492,16,105,5.6875,1.0,1.0
qu0lm98m,00dbd492,19,89,4.684210526315789,0.9473684210526315,1.0
jayyv6lz,00dbd492,4,104,22.0,1.0,1.0
yfyhejim,00dbd492,6,109,15.5,1.0,1.0
9wkeb5tu,00dbd492,15,88,5.866666666666666,1.0,1.0
0yfthc4y,00dbd492,49,89,1.816326530612245,1.0,1.0
2tkm21z6,00dbd492,90,90,1.0,1.0,1.0
yc52i3qf,00dbd492,12,92,7.333333333333333,1.0,1.0
c2lwacqc,00dbd492,18,88,4.888888888888889,1.0,1.0
g7svteiz,00dbd492,21,92,4.190476190476191,1.0,1.0
mzi8f2hv,00dbd492,4,96,22.0,1.0,1.0
189iqcds,00dbd492,4,97,22.0,1.0,1.0
fgxp8fzz,00dbd492,4,100,22.0,1.0,1.0
hd5k29qy,00dbd492,19,104,4.7368421052631575,1.0,1.0
rhbgnqhz,00dbd492,4,100,22.0,1.0,1.0
72p6pxny,00dbd492,30,92,3.066666666666667,0.9666666666666667,1.0
9pjr0waw,00dbd492,18,109,4.888888888888889,1.0,1.0
8psac9uo,00dbd492,16,94,5.625,1.0,1.0
nx0vccp8,00dbd492,85,140,1.6235294117647059,0.9647058823529412,1.0
kck1uue7,00dbd492,9,103,10.666666666666666,1.0,1.0
l0nln4b2,00dbd492,24,93,3.7083333333333335,1.0,1.0
aypxap78,00dbd492,5,109,17.8,1.0,1.0
ascil7wf,00dbd492,6,96,15.333333333333334,1.0,1.0
8y2nd2sh,00dbd492,9,150,14.222222222222221,0.8888888888888888,0.9925925925925926
r99uy0qb,00dbd492,101,183,1.7722772277227723,1.0,1.0
idma9086,00dbd492,23,88,3.8260869565217392,1.0,1.0
4kl3i3tv,00dbd492,47,176,3.4468085106382977,1.0,1.0
0fy66fv2,00dbd492,54,54,1.0,1.0,1.0
b73rrttr,00dbd492,118,121,1.0254237288135593,1.0,1.0
7nszfy43,00dbd492,35,133,3.5142857142857142,1.0,1.0
kavvl57w,00dbd492,4,90,22.0,1.0,1.0
8oohxrrz,00dbd492,6,145,22.666666666666668,1.0,1.0
qfiy90jx,00dbd492,18,93,4.888888888888889,1.0,1.0
x5id5i5q,00dbd492,106,169,1.5943396226415094,0.9905660377358491,1.0
2d8q4qkc,00dbd492,4,88,22.0,1.0,1.0
g3vslpjv,00dbd492,19,100,4.631578947368421,1.0,1.0
c9sps7bl,00dbd492,4,106,22.0,1.0,1.0
o2ho0580,00dbd492,44,227,4.9772727272727275,0.9318181818181818,1.0
bx44xwzb,00dbd492,41,97,2.1463414634146343,1.0,1.0
d33m799j,d5d6de2d,1,24,21.0,0.0,1.0
ikfbpugl,d5d6de2d,9,70,7.111111111111111,0.8888888888888888,1.0
5pds9j1d,d5d6de2d,57,57,1.0,1.0,1.0
kmwiem6m,d5d6de2d,4,59,14.25,1.0,1.0
fkx2gd88,d5d6de2d,4,64,14.5,1.0,1.0
27d8totr,d5d6de2d,4,57,14.25,1.0,1.0
cp3b83py,d5d6de2d,4,61,14.25,1.0,1.0
bhpug29p,d5d6de2d,5,63,12.2,1.0,1.0
nvlsix5c,d5d6de2d,17,17,1.0,1.0,1.0
aqmjput5,d5d6de2d,17,25,1.4705882352941178,0.9411764705882353,1.0
l9krayds,d5d6de2d,35,35,1.0,1.0,1.0
icf7bchs,d5d6de2d,25,26,1.04,1.0,1.0
pgtp756s,d5d6de2d,65,66,1.0153846153846153,1.0,1.0
6e5gb0yb,d5d6de2d,9,98,9.222222222222221,1.0,1.0
dmft9d3y,d5d6de2d,12,60,4.75,1.0,1.0
cghxa2ie,d5d6de2d,2,28,12.5,1.0,1.0
clucow7d,d5d6de2d,5,61,11.4,1.0,1.0
bmlngyh3,d5d6de2d,6,70,10.166666666666666,1.0,1.0
j2pjmr32,d5d6de2d,106,106,1.0,1.0,1.0
74l1qvc1,d5d6de2d,33,60,1.7575757575757576,1.0,1.0
byx9jkxm,d5d6de2d,4,57,14.25,1.0,1.0
npr5bsi2,d5d6de2d,13,68,4.615384615384615,1.0,1.0
154uk6vm,d5d6de2d,5,57,11.4,1.0,1.0
ym49wqbn,d5d6de2d,6,58,9.5,1.0,1.0
pad0sufd,d5d6de2d,4,69,15.5,1.0,1.0
emwp6wq7,d5d6de2d,4,60,14.25,1.0,1.0
5hz183aa,d5d6de2d,24,25,1.0416666666666667,1.0,1.0
61zahdh9,d5d6de2d,5,61,12.0,1.0,1.0
5nrjvc7q,d5d6de2d,40,91,2.125,1.0,1.0
o5qropwk,d5d6de2d,4,59,14.25,1.0,1.0
r24jdhzg,d5d6de2d,7,57,8.142857142857142,1.0,1.0
ovhoesyy,d5d6de2d,4,65,14.25,1.0,1.0
ske58akk,d5d6de2d,21,76,3.0,1.0,1.0
3cc6zm51,d5d6de2d,36,65,1.6388888888888888,1.0,1.0
hpl7jugr,d5d6de2d,4,60,14.25,1.0,1.0
r2ck84r8,d5d6de2d,12,63,4.916666666666667,0.9166666666666666,1.0
nze0azo1,d5d6de2d,4,62,14.25,1.0,1.0
8aknstxj,d5d6de2d,4,60,14.25,1.0,1.0
c7z6erey,d5d6de2d,4,57,14.25,1.0,1.0
f0wpo2hr,d5d6de2d,4,58,14.25,1.0,1.0
qazkn1sw,d5d6de2d,88,90,1.0113636363636365,1.0,1.0
ism64anu,d5d6de2d,2,25,12.5,1.0,1.0
n2et79bd,d5d6de2d,15,154,9.4,0.9333333333333333,0.9733333333333333
plfupad7,d5d6de2d,7,58,8.142857142857142,1.0,1.0
zvbewhqx,d5d6de2d,5,62,11.4,1.0,1.0
0hrc9vve,d5d6de2d,6,27,4.5,1.0,1.0
sn10zd6g,d5d6de2d,4,57,14.25,1.0,1.0
e2w81k0i,d5d6de2d,6,62,9.833333333333334,1.0,1.0
4s3cm7d8,d5d6de2d,40,57,1.425,1.0,1.0
hsm45iwx,d5d6de2d,4,60,14.25,1.0,1.0
89u58v07,d5d6de2d,4,61,14.25,1.0,1.0
095bdwyc,d5d6de2d,57,57,1.0,1.0,1.0
phbjwkyw,d5d6de2d,5,63,11.8,1.0,1.0
szbhlpfr,d5d6de2d,8,66,7.875,0.875,1.0
cuybsfwr,d5d6de2d,13,60,4.538461538461538,1.0,1.0
0ra11hiv,d5d6de2d,37,37,1.0,1.0,1.0
y32zaw9c,d5d6de2d,25,25,1.0,1.0,1.0
qfsp3ery,d5d6de2d,5,64,12.4,1.0,1.0
q04yitea,d5d6de2d,37,59,1.5675675675675675,1.0,1.0
02333qfj,d5d6de2d,5,59,11.4,1.0,1.0
qkiu92kk,d5d6de2d,5,59,11.4,1.0,1.0
44o5xnxe,d5d6de2d,8,57,7.125,1.0,1.0
cdo2cmtp,d5d6de2d,60,74,1.1166666666666667,0.9833333333333333,0.9933333333333334
bw2cwy0m,d5d6de2d,17,66,3.7058823529411766,1.0,1.0
kwy2bqjo,d5d6de2d,4,76,15.25,1.0,1.0
uktb326q,d5d6de2d,9,30,3.111111111111111,1.0,1.0
4s9g1cze,d5d6de2d,4,63,14.5,1.0,1.0
3irnkhq8,d5d6de2d,6,83,13.666666666666666,1.0,1.0
ljwskxcq,d5d6de2d,5,76,12.8,1.0,1.0
l5sagbsh,d5d6de2d,3,31,8.333333333333334,1.0,1.0
v6jvgdvg,d5d6de2d,17,66,3.7058823529411766,0.9411764705882353,1.0
zj5uemkt,d5d6de2d,4,61,14.25,1.0,1.0
wcau806y,d5d6de2d,35,57,1.6285714285714286,0.9714285714285714,1.0
s03ed531,d5d6de2d,57,57,1.0,1.0,1.0
2j8p9vyz,d5d6de2d,6,60,9.833333333333334,1.0,1.0
ew4oecfi,d5d6de2d,5,58,11.4,1.0,1.0
mrwlcmno,d5d6de2d,21,57,2.7142857142857144,1.0,1.0
eyn3wygc,d5d6de2d,29,59,1.9655172413793103,0.9655172413793104,1.0
ni5df01j,d5d6de2d,5,63,12.0,1.0,1.0
qv0yh587,d5d6de2d,55,57,1.0363636363636364,1.0,1.0
t2eyvuxq,d5d6de2d,4,66,14.25,1.0,1.0
a589fsqz,d5d6de2d,5,77,12.2,1.0,1.0
k8txaw58,d5d6de2d,5,57,11.4,1.0,1.0
o4kkkuj9,d5d6de2d,5,63,11.6,1.0,1.0
mlvcv31l,d5d6de2d,3,59,19.333333333333332,1.0,1.0
d1vjrjhc,d5d6de2d,4,58,14.25,1.0,1.0
nhds6zsd,d5d6de2d,6,57,9.5,1.0,1.0
vr20hyge,d5d6de2d,10,57,5.7,0.9,1.0
j2dvablb,d5d6de2d,4,64,14.5,1.0,1.0
904h81sn,d5d6de2d,7,59,8.142857142857142,1.0,1.0
so5k1adg,d5d6de2d,26,26,1.0,1.0,1.0
03ljcqhc,d5d6de2d,8,64,7.625,1.0,1.0
ce9qdbyh,d5d6de2d,11,67,5.2727272727272725,1.0,1.0
sesf1qnx,d5d6de2d,7,76,8.285714285714286,0.8571428571428571,1.0
xasfvnb7,d5d6de2d,57,57,1.0,1.0,1.0
6eyovdd2,d5d6de2d,6,59,9.666666666666666,1.0,1.0
a6jpzpek,d5d6de2d,8,57,7.125,1.0,1.0
41kp06jx,d5d6de2d,6,64,9.5,1.0,1.0
a0w1xgxf,d5d6de2d,7,64,8.571428571428571,1.0,1.0
lmtka1ev,d5d6de2d,4,66,14.5,1.0,1.0
a9gvtd1o,d5d6de2d,8,71,7.875,1.0,1.0
e0biso3r,d5d6de2d,4,58,14.25,1.0,1.0
f1ejz9fy,d5d6de2d,5,62,11.6,1.0,1.0
vpxztp7b,d5d6de2d,4,60,14.5,1.0,1.0
tc5wgx8h,d5d6de2d,4,59,14.25,1.0,1.0
8bgj1tsd,d5d6de2d,6,59,9.5,1.0,1.0
jeq3oy2g,d5d6de2d,58,59,1.0172413793103448,1.0,1.0
mrypomny,d5d6de2d,47,57,1.2127659574468086,1.0,1.0
rjanlii9,d5d6de2d,4,60,14.25,1.0,1.0
c7ac53of,d5d6de2d,39,39,1.0,1.0,1.0
zc26r1al,d5d6de2d,60,60,1.0,1.0,1.0
648anokh,d5d6de2d,4,58,14.25,1.0,1.0
cw4tyx7n,d5d6de2d,2,2,1.0,1.0,1.0
g7svteiz,d5d6de2d,18,64,3.5555555555555554,0.9444444444444444,1.0
c2lwacqc,d5d6de2d,4,59,14.25,1.0,1.0
yc52i3qf,d5d6de2d,5,62,11.4,1.0,1.0
fgxp8fzz,d5d6de2d,4,62,14.25,1.0,1.0
189iqcds,d5d6de2d,4,57,14.25,1.0,1.0
hd5k29qy,d5d6de2d,4,64,14.25,1.0,1.0
72p6pxny,d5d6de2d,4,59,14.25,1.0,1.0
rhbgnqhz,d5d6de2d,6,57,9.5,0.8333333333333334,1.0
ldo5smvx,d5d6de2d,4,63,15.0,1.0,1.0
qu0lm98m,d5d6de2d,4,58,14.25,1.0,1.0
jayyv6lz,d5d6de2d,5,57,11.4,1.0,1.0
yfyhejim,d5d6de2d,2,31,12.5,1.0,1.0
2tkm21z6,d5d6de2d,57,57,1.0,1.0,1.0
ei0ij8ms,d5d6de2d,4,57,14.25,1.0,1.0
b73rrttr,d5d6de2d,56,57,1.0178571428571428,1.0,1.0
idma9086,d5d6de2d,4,57,14.25,1.0,1.0
r99uy0qb,d5d6de2d,7,64,8.857142857142858,1.0,1.0
kavvl57w,d5d6de2d,9,39,4.111111111111111,1.0,1.0
yebzokh4,d5d6de2d,9,59,6.333333333333333,1.0,1.0
x5id5i5q,d5d6de2d,6,57,9.5,1.0,1.0
8oohxrrz,d5d6de2d,4,61,14.25,1.0,1.0
qfiy90jx,d5d6de2d,5,63,12.0,1.0,1.0
c9sps7bl,d5d6de2d,6,88,13.0,1.0,1.0
o2ho0580,d5d6de2d,14,14,1.0,1.0,1.0
bx44xwzb,d5d6de2d,11,64,5.363636363636363,1.0,1.0
g3vslpjv,d5d6de2d,8,59,7.25,1.0,1.0
xji13cu2,d5d6de2d,4,61,14.75,1.0,1.0
jqeesfz7,d5d6de2d,57,57,1.0,1.0,1.0
8psac9uo,d5d6de2d,23,57,2.4782608695652173,0.9565217391304348,1.0
nx0vccp8,d5d6de2d,47,59,1.2553191489361701,0.9787234042553191,1.0
kck1uue7,d5d6de2d,5,67,11.8,1.0,1.0
9pjr0waw,d5d6de2d,5,62,11.4,1.0,1.0
ascil7wf,d5d6de2d,10,64,5.9,1.0,1.0
l0nln4b2,d5d6de2d,4,60,14.5,1.0,1.0
aypxap78,d5d6de2d,4,62,14.25,1.0,1.0
8y2nd2sh,d5d6de2d,11,59,5.363636363636363,1.0,1.0
qif0sa3r,d5d6de2d,38,60,1.5789473684210527,0.9736842105263158,1.0
z8b26ynw,d5d6de2d,7,105,13.0,1.0,0.974025974025974
zelqv7az,d5d6de2d,4,57,14.25,1.0,1.0
cfclud8z,d5d6de2d,18,28,1.5555555555555556,1.0,1.0
jx6lhkbi,d5d6de2d,4,58,14.25,1.0,1.0
sp00glmz,d5d6de2d,57,57,1.0,1.0,1.0
1qt2f29y,d5d6de2d,46,59,1.2826086956521738,1.0,1.0
clhkwrie,d5d6de2d,4,25,6.25,1.0,1.0
mpzcivx9,d5d6de2d,4,64,14.5,1.0,1.0
9evwb372,d5d6de2d,3,28,8.333333333333334,1.0,1.0
2ke9hbes,d5d6de2d,12,72,5.416666666666667,1.0,1.0
23iyreiv,d5d6de2d,4,65,14.25,1.0,1.0
k0qq522n,d5d6de2d,5,65,13.0,1.0,1.0
cbvc5e3w,d5d6de2d,25,25,1.0,1.0,1.0
2anyuqd8,d5d6de2d,57,57,1.0,1.0,1.0
1r6yodve,d5d6de2d,25,25,1.0,1.0,1.0
w12e497z,d5d6de2d,4,34,8.5,1.0,1.0
9ohxtpht,d5d6de2d,4,57,14.25,1.0,1.0
hkj9daz7,d5d6de2d,4,68,14.5,1.0,1.0
zfeorjum,d5d6de2d,8,69,8.125,1.0,1.0
8d21w3yr,d5d6de2d,51,57,1.1176470588235294,1.0,1.0
fl73adm5,d5d6de2d,4,67,15.75,1.0,1.0
4j6cy1mk,d5d6de2d,5,62,11.4,1.0,1.0
oxvw1rhx,d5d6de2d,57,57,1.0,1.0,1.0
318gokyy,d5d6de2d,6,57,9.5,1.0,1.0
m63pxnwq,d5d6de2d,4,59,14.25,1.0,1.0
onnumbyy,d5d6de2d,12,60,4.833333333333333,0.75,1.0
nfbzvhip,d5d6de2d,35,59,1.6857142857142857,1.0,1.0
4wx63ymf,d5d6de2d,2,28,12.5,1.0,1.0
ler5uq42,d5d6de2d,57,57,1.0,1.0,1.0
nldu5ge3,d5d6de2d,4,59,14.25,1.0,1.0
t3l0if03,d5d6de2d,15,57,3.8,0.9333333333333333,1.0
pcrxo3zp,d5d6de2d,15,26,1.7333333333333334,1.0,1.0
kkeej6x5,d5d6de2d,4,57,14.25,1.0,1.0
f5ktzt2t,d5d6de2d,4,68,15.0,1.0,1.0
bcyhma9y,d5d6de2d,57,57,1.0,1.0,1.0
nqubyvew,d5d6de2d,8,59,7.25,1.0,1.0
2w766g1z,d5d6de2d,4,57,14.25,1.0,1.0
mr7lkk46,d5d6de2d,6,67,10.0,1.0,1.0
vbwguazj,d5d6de2d,25,25,1.0,1.0,1.0
7agy8y3l,d5d6de2d,29,61,2.103448275862069,1.0,1.0
o1t1fb7j,d5d6de2d,51,238,3.411764705882353,0.9803921568627451,0.9925457786420353
om1m73rv,d5d6de2d,7,57,8.142857142857142,1.0,1.0
8yhijukj,d5d6de2d,5,59,11.4,1.0,1.0
50nsp39w,d5d6de2d,4,67,14.25,1.0,1.0
mhskzwic,d5d6de2d,15,57,3.8,0.9333333333333333,1.0
p445h6ow,d5d6de2d,5,72,13.4,0.8,1.0
8jwr3j6t,d5d6de2d,5,72,12.6,1.0,1.0
z3die4q3,d5d6de2d,4,66,15.25,1.0,1.0
xklnx39q,d5d6de2d,4,70,15.25,1.0,1.0
pz38obzd,d5d6de2d,5,27,5.2,1.0,1.0
nrfiw9bx,d5d6de2d,6,59,9.5,1.0,1.0
phbjwkyw,93b581b8,18,18,1.0,1.0,1.0
szbhlpfr,93b581b8,12,16,1.3333333333333333,1.0,1.0
89u58v07,93b581b8,12,12,1.0,1.0,1.0
4s3cm7d8,93b581b8,20,20,1.0,1.0,1.0
hsm45iwx,93b581b8,6,12,2.0,1.0,1.0
sn10zd6g,93b581b8,5,12,2.4,1.0,1.0
qkiu92kk,93b581b8,12,12,1.0,1.0,1.0
44o5xnxe,93b581b8,4,12,3.0,1.0,1.0
qfsp3ery,93b581b8,12,12,1.0,1.0,1.0
q04yitea,93b581b8,6,16,2.6666666666666665,1.0,1.0
02333qfj,93b581b8,4,18,3.5,1.0,1.0
y32zaw9c,93b581b8,12,12,1.0,1.0,1.0
cuybsfwr,93b581b8,20,20,1.0,1.0,1.0
0ra11hiv,93b581b8,15,15,1.0,1.0,1.0
hpl7jugr,93b581b8,9,24,2.6666666666666665,1.0,1.0
r2ck84r8,93b581b8,4,12,3.0,1.0,1.0
nze0azo1,93b581b8,11,20,1.8181818181818181,1.0,1.0
ovhoesyy,93b581b8,4,12,3.0,1.0,1.0
ske58akk,93b581b8,4,12,3.0,1.0,1.0
3cc6zm51,93b581b8,14,14,1.0,1.0,1.0
r24jdhzg,93b581b8,12,16,1.3333333333333333,1.0,1.0
zvbewhqx,93b581b8,23,26,1.1304347826086956,1.0,1.0
0hrc9vve,93b581b8,2,18,8.0,0.0,0.8333333333333333
ism64anu,93b581b8,4,14,3.0,1.0,1.0
plfupad7,93b581b8,12,12,1.0,1.0,1.0
qazkn1sw,93b581b8,22,22,1.0,1.0,1.0
8aknstxj,93b581b8,5,13,2.6,1.0,1.0
c7z6erey,93b581b8,6,20,3.3333333333333335,1.0,1.0
byx9jkxm,93b581b8,12,12,1.0,1.0,1.0
j2pjmr32,93b581b8,18,18,1.0,1.0,1.0
bmlngyh3,93b581b8,26,26,1.0,1.0,1.0
y8mzyzjc,93b581b8,14,14,1.0,1.0,1.0
cghxa2ie,93b581b8,7,12,1.7142857142857142,1.0,1.0
clucow7d,93b581b8,12,34,2.8333333333333335,1.0,1.0
5nrjvc7q,93b581b8,12,12,1.0,1.0,1.0
ol9lky1i,93b581b8,6,14,2.3333333333333335,1.0,1.0
o5qropwk,93b581b8,12,12,1.0,1.0,1.0
61zahdh9,93b581b8,12,12,1.0,1.0,1.0
pad0sufd,93b581b8,6,12,2.0,1.0,1.0
emwp6wq7,93b581b8,12,12,1.0,1.0,1.0
npr5bsi2,93b581b8,20,20,1.0,1.0,1.0
154uk6vm,93b581b8,5,24,4.8,1.0,1.0
ym49wqbn,93b581b8,10,16,1.6,1.0,1.0
cp3b83py,93b581b8,9,12,1.3333333333333333,1.0,1.0
91fk0af9,93b581b8,16,16,1.0,1.0,1.0
qothvfhf,93b581b8,12,12,1.0,1.0,1.0
fkx2gd88,93b581b8,4,12,3.0,1.0,1.0
27d8totr,93b581b8,12,12,1.0,1.0,1.0
kmwiem6m,93b581b8,6,12,2.0,1.0,1.0
d33m799j,93b581b8,8,8,1.0,1.0,1.0
ikfbpugl,93b581b8,10,30,3.0,1.0,1.0
bdfn1h0o,93b581b8,5,12,2.4,1.0,1.0
dmft9d3y,93b581b8,5,12,2.4,1.0,1.0
6e5gb0yb,93b581b8,7,20,2.857142857142857,1.0,1.0
icf7bchs,93b581b8,16,16,1.0,1.0,1.0
bhpug29p,93b581b8,12,12,1.0,1.0,1.0
aqmjput5,93b581b8,17,17,1.0,1.0,1.0
f1ejz9fy,93b581b8,11,16,1.4545454545454546,1.0,1.0
vpxztp7b,93b581b8,12,12,1.0,1.0,1.0
a9gvtd1o,93b581b8,13,13,1.0,1.0,1.0
e0biso3r,93b581b8,12,12,1.0,1.0,1.0
41kp06jx,93b581b8,12,12,1.0,1.0,1.0
a0w1xgxf,93b581b8,3,14,4.666666666666667,1.0,1.0
lmtka1ev,93b581b8,4,12,3.0,1.0,1.0
6eyovdd2,93b581b8,15,15,1.0,1.0,1.0
a6jpzpek,93b581b8,12,12,1.0,1.0,1.0
648anokh,93b581b8,4,12,3.0,1.0,1.0
jeq3oy2g,93b581b8,5,12,2.4,1.0,1.0
mrypomny,93b581b8,12,12,1.0,1.0,1.0
rjanlii9,93b581b8,6,12,2.0,1.0,1.0
c7ac53of,93b581b8,6,6,1.0,1.0,1.0
tc5wgx8h,93b581b8,32,32,1.0,1.0,1.0
8bgj1tsd,93b581b8,12,12,1.0,1.0,1.0
nhds6zsd,93b581b8,12,12,1.0,1.0,1.0
vr20hyge,93b581b8,40,40,1.0,1.0,1.0
4stfwpke,93b581b8,5,15,2.8,1.0,1.0
xasfvnb7,93b581b8,12,12,1.0,1.0,1.0
ce9qdbyh,93b581b8,18,18,1.0,1.0,1.0
j2dvablb,93b581b8,12,12,1.0,1.0,1.0
904h81sn,93b581b8,14,14,1.0,1.0,1.0
eyn3wygc,93b581b8,25,25,1.0,1.0,1.0
ni5df01j,93b581b8,20,20,1.0,1.0,1.0
ew4oecfi,93b581b8,6,13,2.0,1.0,1.0
mrwlcmno,93b581b8,12,12,1.0,1.0,1.0
s03ed531,93b581b8,14,14,1.0,1.0,1.0
2j8p9vyz,93b581b8,9,24,2.6666666666666665,1.0,1.0
6p8vl3lk,93b581b8,12,12,1.0,1.0,1.0
wcau806y,93b581b8,12,12,1.0,1.0,1.0
o4kkkuj9,93b581b8,12,12,1.0,1.0,1.0
k8txaw58,93b581b8,5,13,2.4,1.0,1.0
mlvcv31l,93b581b8,5,16,3.2,1.0,1.0
d1vjrjhc,93b581b8,4,12,3.0,1.0,1.0
a589fsqz,93b581b8,12,12,1.0,1.0,1.0
qv0yh587,93b581b8,23,23,1.0,1.0,1.0
t2eyvuxq,93b581b8,24,24,1.0,1.0,1.0
1xogp17t,93b581b8,16,16,1.0,1.0,1.0
uktb326q,93b581b8,12,12,1.0,1.0,1.0
bw2cwy0m,93b581b8,16,16,1.0,1.0,1.0
kwy2bqjo,93b581b8,12,12,1.0,1.0,1.0
cdo2cmtp,93b581b8,30,30,1.0,1.0,1.0
zj5uemkt,93b581b8,12,12,1.0,1.0,1.0
4s9g1cze,93b581b8,6,22,3.3333333333333335,1.0,1.0
3irnkhq8,93b581b8,7,15,2.142857142857143,1.0,1.0
ljwskxcq,93b581b8,12,32,2.6666666666666665,1.0,1.0
l5sagbsh,93b581b8,12,12,1.0,1.0,1.0
v6jvgdvg,93b581b8,22,26,1.1818181818181819,1.0,1.0
8psac9uo,93b581b8,11,12,1.0909090909090908,1.0,1.0
nx0vccp8,93b581b8,14,14,1.0,1.0,1.0
kck1uue7,93b581b8,12,12,1.0,1.0,1.0
xji13cu2,93b581b8,12,12,1.0,1.0,1.0
jqeesfz7,93b581b8,22,22,1.0,1.0,1.0
8y2nd2sh,93b581b8,6,13,2.0,1.0,1.0
l0nln4b2,93b581b8,12,12,1.0,1.0,1.0
aypxap78,93b581b8,9,12,1.3333333333333333,1.0,1.0
ascil7wf,93b581b8,12,12,1.0,1.0,1.0
yebzokh4,93b581b8,12,12,1.0,1.0,1.0
kavvl57w,93b581b8,4,12,3.0,1.0,1.0
idma9086,93b581b8,4,12,3.0,1.0,1.0
r99uy0qb,93b581b8,13,16,1.2307692307692308,1.0,1.0
b73rrttr,93b581b8,4,4,1.0,1.0,1.0
7nszfy43,93b581b8,16,16,1.0,1.0,1.0
2d8q4qkc,93b581b8,8,15,1.75,1.0,1.0
g3vslpjv,93b581b8,10,12,1.2,1.0,1.0
c9sps7bl,93b581b8,4,12,3.0,1.0,1.0
bx44xwzb,93b581b8,12,12,1.0,1.0,1.0
o2ho0580,93b581b8,20,20,1.0,1.0,1.0
8oohxrrz,93b581b8,7,13,1.8571428571428572,1.0,1.0
qfiy90jx,93b581b8,12,12,1.0,1.0,1.0
jayyv6lz,93b581b8,10,12,1.2,1.0,1.0
qu0lm98m,93b581b8,5,12,2.4,1.0,1.0
ldo5smvx,93b581b8,4,12,3.0,1.0,1.0
ei0ij8ms,93b581b8,11,12,1.0909090909090908,1.0,1.0
0yfthc4y,93b581b8,14,14,1.0,1.0,1.0
2tkm21z6,93b581b8,12,12,1.0,1.0,1.0
yfyhejim,93b581b8,4,12,3.0,1.0,1.0
cw4tyx7n,93b581b8,1,3,3.0,1.0,1.0
g7svteiz,93b581b8,24,24,1.0,1.0,1.0
c2lwacqc,93b581b8,12,12,1.0,1.0,1.0
hd5k29qy,93b581b8,12,12,1.0,1.0,1.0
72p6pxny,93b581b8,7,15,2.0,1.0,1.0
rhbgnqhz,93b581b8,12,12,1.0,1.0,1.0
mzi8f2hv,93b581b8,5,16,3.2,1.0,1.0
189iqcds,93b581b8,4,13,3.0,1.0,1.0
fgxp8fzz,93b581b8,4,12,3.0,1.0,1.0
p445h6ow,93b581b8,5,12,2.4,1.0,1.0
8jwr3j6t,93b581b8,5,16,3.2,1.0,1.0
z3die4q3,93b581b8,5,13,2.4,1.0,1.0
8yhijukj,93b581b8,8,32,4.0,1.0,1.0
50nsp39w,93b581b8,25,25,1.0,1.0,1.0
mhskzwic,93b581b8,6,12,2.0,1.0,1.0
vbwguazj,93b581b8,12,12,1.0,1.0,1.0
7agy8y3l,93b581b8,13,13,1.0,1.0,1.0
o1t1fb7j,93b581b8,16,16,1.0,1.0,1.0
om1m73rv,93b581b8,7,30,3.4285714285714284,0.8571428571428571,0.9387755102040816
nrfiw9bx,93b581b8,6,12,2.0,1.0,1.0
pz38obzd,93b581b8,12,12,1.0,1.0,1.0
xklnx39q,93b581b8,5,12,2.4,1.0,1.0
nldu5ge3,93b581b8,4,12,3.0,1.0,1.0
t3l0if03,93b581b8,4,12,3.0,1.0,1.0
nfbzvhip,93b581b8,12,12,1.0,1.0,1.0
4wx63ymf,93b581b8,6,28,3.3333333333333335,0.8333333333333334,0.9583333333333334
ler5uq42,93b581b8,14,14,1.0,1.0,1.0
m63pxnwq,93b581b8,12,12,1.0,1.0,1.0
2w766g1z,93b581b8,7,22,3.142857142857143,1.0,1.0
mr7lkk46,93b581b8,16,16,1.0,1.0,1.0
nqubyvew,93b581b8,9,12,1.3333333333333333,1.0,1.0
bcyhma9y,93b581b8,20,20,1.0,1.0,1.0
pcrxo3zp,93b581b8,11,12,1.0909090909090908,1.0,1.0
f5ktzt2t,93b581b8,6,13,2.1666666666666665,1.0,1.0
kkeej6x5,93b581b8,12,12,1.0,1.0,1.0
hkj9daz7,93b581b8,4,12,3.0,1.0,1.0
zfeorjum,93b581b8,12,12,1.0,1.0,1.0
w12e497z,93b581b8,4,4,1.0,1.0,1.0
9ohxtpht,93b581b8,12,12,1.0,1.0,1.0
0wk7vjg8,93b581b8,4,12,3.0,1.0,1.0
cbvc5e3w,93b581b8,12,12,1.0,1.0,1.0
k0qq522n,93b581b8,34,34,1.0,1.0,1.0
1r6yodve,93b581b8,16,16,1.0,1.0,1.0
wa9xd98o,93b581b8,6,20,3.3333333333333335,1.0,1.0
4j6cy1mk,93b581b8,8,22,2.5,1.0,1.0
oxvw1rhx,93b581b8,12,12,1.0,1.0,1.0
318gokyy,93b581b8,12,12,1.0,1.0,1.0
8d21w3yr,93b581b8,12,12,1.0,1.0,1.0
jx6lhkbi,93b581b8,12,12,1.0,1.0,1.0
cfclud8z,93b581b8,11,12,1.0909090909090908,1.0,1.0
z8b26ynw,93b581b8,12,15,1.25,1.0,1.0
zelqv7az,93b581b8,13,38,2.6153846153846154,1.0,1.0
ya0wv6pm,93b581b8,18,18,1.0,1.0,1.0
9evwb372,93b581b8,5,12,2.4,1.0,1.0
1qt2f29y,93b581b8,12,12,1.0,1.0,1.0
clhkwrie,93b581b8,27,27,1.0,1.0,1.0
mpzcivx9,93b581b8,5,13,2.6,1.0,1.0
sp00glmz,93b581b8,8,12,1.5,1.0,1.0
yfyhejim,5c0a986e,4,10,2.5,0.5,1.0
ei0ij8ms,5c0a986e,7,8,1.1428571428571428,1.0,1.0
0yfthc4y,5c0a986e,6,6,1.0,1.0,1.0
2tkm21z6,5c0a986e,6,6,1.0,1.0,1.0
ldo5smvx,5c0a986e,5,8,1.6,0.8,1.0
qu0lm98m,5c0a986e,6,6,1.0,1.0,1.0
jayyv6lz,5c0a986e,10,10,1.0,1.0,1.0
mzi8f2hv,5c0a986e,27,35,1.2962962962962963,1.0,1.0
189iqcds,5c0a986e,6,6,1.0,1.0,1.0
fgxp8fzz,5c0a986e,6,6,1.0,1.0,1.0
xgvto4mg,5c0a986e,6,6,1.0,1.0,1.0
hd5k29qy,5c0a986e,12,12,1.0,1.0,1.0
72p6pxny,5c0a986e,6,6,1.0,1.0,1.0
rhbgnqhz,5c0a986e,8,8,1.0,1.0,1.0
gkse9wdn,5c0a986e,12,12,1.0,1.0,1.0
cw4tyx7n,5c0a986e,6,12,2.0,1.0,1.0
g7svteiz,5c0a986e,34,34,1.0,1.0,1.0
c2lwacqc,5c0a986e,7,13,1.8571428571428572,1.0,1.0
l0nln4b2,5c0a986e,18,18,1.0,1.0,1.0
aypxap78,5c0a986e,6,6,1.0,1.0,1.0
ascil7wf,5c0a986e,6,6,1.0,1.0,1.0
qif0sa3r,5c0a986e,10,10,1.0,1.0,1.0
8y2nd2sh,5c0a986e,8,9,1.125,1.0,1.0
xji13cu2,5c0a986e,11,11,1.0,1.0,1.0
jqeesfz7,5c0a986e,8,8,1.0,1.0,1.0
9pjr0waw,5c0a986e,6,6,1.0,1.0,1.0
8psac9uo,5c0a986e,6,6,1.0,1.0,1.0
nx0vccp8,5c0a986e,10,10,1.0,1.0,1.0
kck1uue7,5c0a986e,11,15,1.3636363636363635,1.0,1.0
8oohxrrz,5c0a986e,6,10,1.6666666666666667,1.0,1.0
qfiy90jx,5c0a986e,10,17,1.7,0.8,1.0
x5id5i5q,5c0a986e,12,12,1.0,1.0,1.0
g3vslpjv,5c0a986e,6,6,1.0,1.0,1.0
c9sps7bl,5c0a986e,12,13,1.0833333333333333,1.0,1.0
o2ho0580,5c0a986e,8,8,1.0,1.0,1.0
bx44xwzb,5c0a986e,6,6,1.0,1.0,1.0
idma9086,5c0a986e,20,20,1.0,1.0,1.0
b73rrttr,5c0a986e,8,8,1.0,1.0,1.0
7nszfy43,5c0a986e,8,8,1.0,1.0,1.0
yebzokh4,5c0a986e,10,10,1.0,1.0,1.0
kavvl57w,5c0a986e,6,6,1.0,1.0,1.0
fl73adm5,5c0a986e,6,6,1.0,1.0,1.0
oxvw1rhx,5c0a986e,12,12,1.0,1.0,1.0
318gokyy,5c0a986e,8,8,1.0,1.0,1.0
8d21w3yr,5c0a986e,24,25,1.0416666666666667,1.0,1.0
0wk7vjg8,5c0a986e,6,6,1.0,1.0,1.0
k0qq522n,5c0a986e,14,14,1.0,1.0,1.0
1r6yodve,5c0a986e,16,16,1.0,1.0,1.0
zfeorjum,5c0a986e,6,6,1.0,1.0,1.0
hkj9daz7,5c0a986e,6,6,1.0,1.0,1.0
w12e497z,5c0a986e,2,8,4.0,1.0,1.0
9ohxtpht,5c0a986e,6,6,1.0,1.0,1.0
clhkwrie,5c0a986e,13,13,1.0,1.0,1.0
1qt2f29y,5c0a986e,14,14,1.0,1.0,1.0
mpzcivx9,5c0a986e,9,19,2.111111111111111,1.0,1.0
sp00glmz,5c0a986e,9,11,1.2222222222222223,1.0,1.0
ya0wv6pm,5c0a986e,6,8,1.3333333333333333,1.0,1.0
9evwb372,5c0a986e,8,8,1.0,1.0,1.0
cfclud8z,5c0a986e,6,6,1.0,1.0,1.0
z8b26ynw,5c0a986e,6,6,1.0,1.0,1.0
zelqv7az,5c0a986e,8,8,1.0,1.0,1.0
jx6lhkbi,5c0a986e,6,6,1.0,1.0,1.0
xklnx39q,5c0a986e,6,6,1.0,1.0,1.0
pz38obzd,5c0a986e,6,6,1.0,1.0,1.0
nrfiw9bx,5c0a986e,6,6,1.0,1.0,1.0
vbwguazj,5c0a986e,6,6,1.0,1.0,1.0
7agy8y3l,5c0a986e,6,6,1.0,1.0,1.0
o1t1fb7j,5c0a986e,14,14,1.0,1.0,1.0
om1m73rv,5c0a986e,10,10,1.0,1.0,1.0
p445h6ow,5c0a986e,6,6,1.0,1.0,1.0
8jwr3j6t,5c0a986e,6,6,1.0,1.0,1.0
z3die4q3,5c0a986e,8,8,1.0,1.0,1.0
8yhijukj,5c0a986e,11,11,1.0,1.0,1.0
50nsp39w,5c0a986e,2,6,3.0,0.0,1.0
mhskzwic,5c0a986e,6,6,1.0,1.0,1.0
bcyhma9y,5c0a986e,8,8,1.0,1.0,1.0
pcrxo3zp,5c0a986e,8,8,1.0,1.0,1.0
kkeej6x5,5c0a986e,6,6,1.0,1.0,1.0
2w766g1z,5c0a986e,10,10,1.0,1.0,1.0
5vv1rrzw,5c0a986e,6,6,1.0,1.0,1.0
nqubyvew,5c0a986e,13,13,1.0,1.0,1.0
onnumbyy,5c0a986e,7,7,1.0,1.0,1.0
m63pxnwq,5c0a986e,6,10,1.6666666666666667,1.0,1.0
nldu5ge3,5c0a986e,6,6,1.0,1.0,1.0
t3l0if03,5c0a986e,6,6,1.0,1.0,1.0
nfbzvhip,5c0a986e,8,8,1.0,1.0,1.0
4wx63ymf,5c0a986e,6,6,1.0,1.0,1.0
ler5uq42,5c0a986e,6,6,1.0,1.0,1.0
pad0sufd,5c0a986e,7,9,1.2857142857142858,1.0,1.0
emwp6wq7,5c0a986e,11,15,1.3636363636363635,1.0,1.0
npr5bsi2,5c0a986e,6,6,1.0,1.0,1.0
ym49wqbn,5c0a986e,10,10,1.0,1.0,1.0
154uk6vm,5c0a986e,12,35,2.8333333333333335,1.0,1.0
xeu3j3ki,5c0a986e,6,6,1.0,1.0,1.0
5nrjvc7q,5c0a986e,6,6,1.0,1.0,1.0
o5qropwk,5c0a986e,6,6,1.0,1.0,1.0
5hz183aa,5c0a986e,1,26,21.0,0.0,1.0
61zahdh9,5c0a986e,10,15,1.5,1.0,1.0
bmlngyh3,5c0a986e,6,6,1.0,1.0,1.0
3d2as981,5c0a986e,6,6,1.0,1.0,1.0
cghxa2ie,5c0a986e,12,12,1.0,1.0,1.0
clucow7d,5c0a986e,5,8,1.6,0.8,1.0
74l1qvc1,5c0a986e,7,7,1.0,1.0,1.0
byx9jkxm,5c0a986e,6,6,1.0,1.0,1.0
j2pjmr32,5c0a986e,18,18,1.0,1.0,1.0
icf7bchs,5c0a986e,25,26,1.04,1.0,1.0
bhpug29p,5c0a986e,6,6,1.0,1.0,1.0
f5ohsl5h,5c0a986e,1,1,1.0,1.0,1.0
l9krayds,5c0a986e,7,7,1.0,1.0,1.0
aqmjput5,5c0a986e,8,8,1.0,1.0,1.0
bdfn1h0o,5c0a986e,6,6,1.0,1.0,1.0
dmft9d3y,5c0a986e,6,6,1.0,1.0,1.0
pgtp756s,5c0a986e,9,9,1.0,1.0,1.0
6e5gb0yb,5c0a986e,8,8,1.0,1.0,1.0
kmwiem6m,5c0a986e,6,6,1.0,1.0,1.0
d33m799j,5c0a986e,4,8,2.0,1.0,1.0
ikfbpugl,5c0a986e,14,14,1.0,1.0,1.0
cp3b83py,5c0a986e,6,6,1.0,1.0,1.0
qothvfhf,5c0a986e,6,6,1.0,1.0,1.0
91fk0af9,5c0a986e,13,13,1.0,1.0,1.0
27d8totr,5c0a986e,6,6,1.0,1.0,1.0
y32zaw9c,5c0a986e,15,15,1.0,1.0,1.0
cuybsfwr,5c0a986e,18,19,1.0555555555555556,1.0,1.0
0ra11hiv,5c0a986e,18,18,1.0,1.0,1.0
qkiu92kk,5c0a986e,12,12,1.0,1.0,1.0
44o5xnxe,5c0a986e,6,6,1.0,1.0,1.0
qfsp3ery,5c0a986e,6,6,1.0,1.0,1.0
q04yitea,5c0a986e,6,6,1.0,1.0,1.0
02333qfj,5c0a986e,24,24,1.0,1.0,1.0
e2w81k0i,5c0a986e,13,29,1.9230769230769231,0.8461538461538461,1.0
4s3cm7d8,5c0a986e,6,6,1.0,1.0,1.0
hsm45iwx,5c0a986e,7,8,1.1428571428571428,1.0,1.0
sn10zd6g,5c0a986e,6,6,1.0,1.0,1.0
phbjwkyw,5c0a986e,14,14,1.0,1.0,1.0
szbhlpfr,5c0a986e,10,10,1.0,1.0,1.0
89u58v07,5c0a986e,6,6,1.0,1.0,1.0
095bdwyc,5c0a986e,6,6,1.0,1.0,1.0
f0wpo2hr,5c0a986e,6,6,1.0,1.0,1.0
qazkn1sw,5c0a986e,16,16,1.0,1.0,1.0
c7z6erey,5c0a986e,6,6,1.0,1.0,1.0
8aknstxj,5c0a986e,7,7,1.0,1.0,1.0
zvbewhqx,5c0a986e,23,23,1.0,1.0,1.0
0hrc9vve,5c0a986e,18,18,1.0,1.0,1.0
ism64anu,5c0a986e,6,6,1.0,1.0,1.0
plfupad7,5c0a986e,8,8,1.0,1.0,1.0
ovhoesyy,5c0a986e,6,6,1.0,1.0,1.0
ske58akk,5c0a986e,6,6,1.0,1.0,1.0
3cc6zm51,5c0a986e,8,8,1.0,1.0,1.0
stbyxpx6,5c0a986e,6,6,1.0,1.0,1.0
r24jdhzg,5c0a986e,6,6,1.0,1.0,1.0
hpl7jugr,5c0a986e,6,6,1.0,1.0,1.0
r2ck84r8,5c0a986e,8,8,1.0,1.0,1.0
nze0azo1,5c0a986e,6,6,1.0,1.0,1.0
qv0yh587,5c0a986e,10,10,1.0,1.0,1.0
t2eyvuxq,5c0a986e,6,6,1.0,1.0,1.0
1xogp17t,5c0a986e,5,19,3.8,1.0,1.0
k8txaw58,5c0a986e,6,6,1.0,1.0,1.0
o4kkkuj9,5c0a986e,6,6,1.0,1.0,1.0
mlvcv31l,5c0a986e,6,6,1.0,1.0,1.0
d1vjrjhc,5c0a986e,6,6,1.0,1.0,1.0
7o2tmcr2,5c0a986e,14,14,1.0,1.0,1.0
a589fsqz,5c0a986e,6,6,1.0,1.0,1.0
s03ed531,5c0a986e,10,10,1.0,1.0,1.0
2j8p9vyz,5c0a986e,8,12,1.5,1.0,1.0
wcau806y,5c0a986e,6,6,1.0,1.0,1.0
eyn3wygc,5c0a986e,6,6,1.0,1.0,1.0
ni5df01j,5c0a986e,6,6,1.0,1.0,1.0
ew4oecfi,5c0a986e,6,10,1.6666666666666667,1.0,1.0
08vqizpx,5c0a986e,6,6,1.0,1.0,1.0
mrwlcmno,5c0a986e,6,6,1.0,1.0,1.0
4s9g1cze,5c0a986e,6,10,1.6666666666666667,1.0,1.0
3irnkhq8,5c0a986e,11,11,1.0,1.0,1.0
ljwskxcq,5c0a986e,8,8,1.0,1.0,1.0
v6jvgdvg,5c0a986e,18,18,1.0,1.0,1.0
l5sagbsh,5c0a986e,8,8,1.0,1.0,1.0
zj5uemkt,5c0a986e,6,6,1.0,1.0,1.0
uktb326q,5c0a986e,8,8,1.0,1.0,1.0
bw2cwy0m,5c0a986e,6,6,1.0,1.0,1.0
kwy2bqjo,5c0a986e,6,6,1.0,1.0,1.0
jeq3oy2g,5c0a986e,20,20,1.0,1.0,1.0
mrypomny,5c0a986e,6,6,1.0,1.0,1.0
rjanlii9,5c0a986e,6,6,1.0,1.0,1.0
c7ac53of,5c0a986e,3,6,2.0,1.0,1.0
8bgj1tsd,5c0a986e,10,10,1.0,1.0,1.0
tc5wgx8h,5c0a986e,14,14,1.0,1.0,1.0
648anokh,5c0a986e,6,6,1.0,1.0,1.0
qqqzakmg,5c0a986e,1,27,23.0,0.0,1.0
a0w1xgxf,5c0a986e,10,14,1.4,1.0,1.0
41kp06jx,5c0a986e,8,8,1.0,1.0,1.0
a6jpzpek,5c0a986e,1,3,3.0,1.0,1.0
6eyovdd2,5c0a986e,12,12,1.0,1.0,1.0
f1ejz9fy,5c0a986e,6,6,1.0,1.0,1.0
vpxztp7b,5c0a986e,8,8,1.0,1.0,1.0
e0biso3r,5c0a986e,6,6,1.0,1.0,1.0
ce9qdbyh,5c0a986e,6,6,1.0,1.0,1.0
904h81sn,5c0a986e,6,6,1.0,1.0,1.0
so5k1adg,5c0a986e,14,14,1.0,1.0,1.0
4stfwpke,5c0a986e,6,6,1.0,1.0,1.0
nhds6zsd,5c0a986e,6,6,1.0,1.0,1.0
vr20hyge,5c0a986e,6,6,1.0,1.0,1.0
xji13cu2,1f876c06,14,14,1.0,1.0,1.0
jqeesfz7,1f876c06,18,18,1.0,1.0,1.0
8psac9uo,1f876c06,14,14,1.0,1.0,1.0
nx0vccp8,1f876c06,14,14,1.0,1.0,1.0
kck1uue7,1f876c06,15,19,1.2666666666666666,1.0,1.0
9pjr0waw,1f876c06,14,14,1.0,1.0,1.0
ascil7wf,1f876c06,14,14,1.0,1.0,1.0
l0nln4b2,1f876c06,14,14,1.0,1.0,1.0
aypxap78,1f876c06,14,14,1.0,1.0,1.0
8y2nd2sh,1f876c06,14,14,1.0,1.0,1.0
b73rrttr,1f876c06,8,9,1.125,1.0,1.0
7nszfy43,1f876c06,14,14,1.0,1.0,1.0
idma9086,1f876c06,14,14,1.0,1.0,1.0
r99uy0qb,1f876c06,19,22,1.1578947368421053,1.0,1.0
kavvl57w,1f876c06,14,14,1.0,1.0,1.0
yebzokh4,1f876c06,14,14,1.0,1.0,1.0
x5id5i5q,1f876c06,14,14,1.0,1.0,1.0
qfiy90jx,1f876c06,16,16,1.0,1.0,1.0
c9sps7bl,1f876c06,12,30,2.5,1.0,1.0
bx44xwzb,1f876c06,15,15,1.0,1.0,1.0
o2ho0580,1f876c06,10,10,1.0,1.0,1.0
2d8q4qkc,1f876c06,14,14,1.0,1.0,1.0
g3vslpjv,1f876c06,16,16,1.0,1.0,1.0
ldo5smvx,1f876c06,14,14,1.0,1.0,1.0
jayyv6lz,1f876c06,27,28,1.037037037037037,0.9629629629629629,1.0
qu0lm98m,1f876c06,14,14,1.0,1.0,1.0
yfyhejim,1f876c06,14,14,1.0,1.0,1.0
9wkeb5tu,1f876c06,14,14,1.0,1.0,1.0
2tkm21z6,1f876c06,14,14,1.0,1.0,1.0
ei0ij8ms,1f876c06,20,20,1.0,1.0,1.0
0yfthc4y,1f876c06,14,14,1.0,1.0,1.0
cw4tyx7n,1f876c06,13,18,1.3846153846153846,0.9230769230769231,1.0
g7svteiz,1f876c06,14,14,1.0,1.0,1.0
c2lwacqc,1f876c06,14,14,1.0,1.0,1.0
xgvto4mg,1f876c06,14,14,1.0,1.0,1.0
mzi8f2hv,1f876c06,14,14,1.0,1.0,1.0
189iqcds,1f876c06,14,14,1.0,1.0,1.0
gkse9wdn,1f876c06,16,16,1.0,1.0,1.0
hd5k29qy,1f876c06,13,20,1.5384615384615385,0.9230769230769231,1.0
72p6pxny,1f876c06,14,14,1.0,1.0,1.0
rhbgnqhz,1f876c06,16,18,1.125,1.0,1.0
vbwguazj,1f876c06,14,14,1.0,1.0,1.0
7agy8y3l,1f876c06,14,14,1.0,1.0,1.0
om1m73rv,1f876c06,14,14,1.0,1.0,1.0
8yhijukj,1f876c06,43,43,1.0,1.0,1.0
50nsp39w,1f876c06,16,16,1.0,1.0,1.0
mhskzwic,1f876c06,14,14,1.0,1.0,1.0
8jwr3j6t,1f876c06,14,16,1.1428571428571428,1.0,1.0
z3die4q3,1f876c06,14,14,1.0,1.0,1.0
pz38obzd,1f876c06,14,14,1.0,1.0,1.0
xklnx39q,1f876c06,14,14,1.0,1.0,1.0
nrfiw9bx,1f876c06,14,14,1.0,1.0,1.0
m63pxnwq,1f876c06,16,16,1.0,1.0,1.0
onnumbyy,1f876c06,14,14,1.0,1.0,1.0
nfbzvhip,1f876c06,14,14,1.0,1.0,1.0
4wx63ymf,1f876c06,14,14,1.0,1.0,1.0
ler5uq42,1f876c06,17,17,1.0,1.0,1.0
nldu5ge3,1f876c06,14,14,1.0,1.0,1.0
t3l0if03,1f876c06,14,14,1.0,1.0,1.0
pcrxo3zp,1f876c06,14,14,1.0,1.0,1.0
f5ktzt2t,1f876c06,14,14,1.0,1.0,1.0
kkeej6x5,1f876c06,14,14,1.0,1.0,1.0
nqubyvew,1f876c06,14,14,1.0,1.0,1.0
2w766g1z,1f876c06,14,14,1.0,1.0,1.0
mr7lkk46,1f876c06,14,14,1.0,1.0,1.0
cbvc5e3w,1f876c06,16,16,1.0,1.0,1.0
k0qq522n,1f876c06,16,16,1.0,1.0,1.0
2anyuqd8,1f876c06,14,14,1.0,1.0,1.0
1r6yodve,1f876c06,10,10,1.0,1.0,1.0
w12e497z,1f876c06,10,10,1.0,1.0,1.0
9ohxtpht,1f876c06,14,14,1.0,1.0,1.0
zfeorjum,1f876c06,14,14,1.0,1.0,1.0
hkj9daz7,1f876c06,14,18,1.2857142857142858,1.0,1.0
8d21w3yr,1f876c06,46,46,1.0,1.0,1.0
4j6cy1mk,1f876c06,14,14,1.0,1.0,1.0
oxvw1rhx,1f876c06,25,25,1.0,1.0,1.0
318gokyy,1f876c06,18,18,1.0,1.0,1.0
z8b26ynw,1f876c06,14,14,1.0,1.0,1.0
zelqv7az,1f876c06,14,14,1.0,1.0,1.0
cfclud8z,1f876c06,14,14,1.0,1.0,1.0
jx6lhkbi,1f876c06,14,14,1.0,1.0,1.0
sp00glmz,1f876c06,14,14,1.0,1.0,1.0
clhkwrie,1f876c06,24,24,1.0,1.0,1.0
1qt2f29y,1f876c06,17,17,1.0,1.0,1.0
mpzcivx9,1f876c06,14,14,1.0,1.0,1.0
ya0wv6pm,1f876c06,16,16,1.0,1.0,1.0
9evwb372,1f876c06,14,14,1.0,1.0,1.0
2ke9hbes,1f876c06,14,14,1.0,1.0,1.0
23iyreiv,1f876c06,16,16,1.0,1.0,1.0
sn10zd6g,1f876c06,14,14,1.0,1.0,1.0
e2w81k0i,1f876c06,14,14,1.0,1.0,1.0
4s3cm7d8,1f876c06,14,14,1.0,1.0,1.0
hsm45iwx,1f876c06,16,16,1.0,1.0,1.0
89u58v07,1f876c06,14,16,1.1428571428571428,1.0,1.0
phbjwkyw,1f876c06,14,14,1.0,1.0,1.0
szbhlpfr,1f876c06,14,14,1.0,1.0,1.0
cuybsfwr,1f876c06,27,31,1.1481481481481481,0.9629629629629629,1.0
0ra11hiv,1f876c06,14,14,1.0,1.0,1.0
y32zaw9c,1f876c06,14,14,1.0,1.0,1.0
qfsp3ery,1f876c06,14,14,1.0,1.0,1.0
q04yitea,1f876c06,14,14,1.0,1.0,1.0
02333qfj,1f876c06,14,14,1.0,1.0,1.0
qkiu92kk,1f876c06,14,14,1.0,1.0,1.0
44o5xnxe,1f876c06,14,14,1.0,1.0,1.0
stbyxpx6,1f876c06,14,14,1.0,1.0,1.0
r24jdhzg,1f876c06,14,14,1.0,1.0,1.0
ovhoesyy,1f876c06,14,14,1.0,1.0,1.0
ske58akk,1f876c06,14,14,1.0,1.0,1.0
3cc6zm51,1f876c06,18,18,1.0,1.0,1.0
hpl7jugr,1f876c06,16,16,1.0,1.0,1.0
r2ck84r8,1f876c06,14,14,1.0,1.0,1.0
nze0azo1,1f876c06,14,14,1.0,1.0,1.0
c7z6erey,1f876c06,14,14,1.0,1.0,1.0
8aknstxj,1f876c06,14,14,1.0,1.0,1.0
f0wpo2hr,1f876c06,14,22,1.5714285714285714,1.0,1.0
qazkn1sw,1f876c06,17,18,1.0588235294117647,1.0,1.0
ism64anu,1f876c06,14,14,1.0,1.0,1.0
zvbewhqx,1f876c06,14,14,1.0,1.0,1.0
0hrc9vve,1f876c06,3,19,6.333333333333333,0.0,1.0
3d2as981,1f876c06,16,16,1.0,1.0,1.0
cghxa2ie,1f876c06,14,22,1.5714285714285714,1.0,1.0
bmlngyh3,1f876c06,16,16,1.0,1.0,1.0
j2pjmr32,1f876c06,28,28,1.0,1.0,1.0
byx9jkxm,1f876c06,14,14,1.0,1.0,1.0
npr5bsi2,1f876c06,18,18,1.0,1.0,1.0
ym49wqbn,1f876c06,15,17,1.1333333333333333,1.0,1.0
154uk6vm,1f876c06,14,14,1.0,1.0,1.0
xeu3j3ki,1f876c06,14,14,1.0,1.0,1.0
pad0sufd,1f876c06,14,14,1.0,1.0,1.0
emwp6wq7,1f876c06,14,14,1.0,1.0,1.0
5hz183aa,1f876c06,48,50,1.0416666666666667,1.0,1.0
61zahdh9,1f876c06,13,20,1.5384615384615385,0.9230769230769231,1.0
5nrjvc7q,1f876c06,38,38,1.0,1.0,1.0
ol9lky1i,1f876c06,15,24,1.6,1.0,1.0
o5qropwk,1f876c06,14,14,1.0,1.0,1.0
d33m799j,1f876c06,6,6,1.0,1.0,1.0
ikfbpugl,1f876c06,24,31,1.2916666666666667,0.9583333333333334,1.0
5pds9j1d,1f876c06,16,16,1.0,1.0,1.0
kmwiem6m,1f876c06,14,14,1.0,1.0,1.0
qothvfhf,1f876c06,14,14,1.0,1.0,1.0
fkx2gd88,1f876c06,14,14,1.0,1.0,1.0
27d8totr,1f876c06,14,14,1.0,1.0,1.0
cp3b83py,1f876c06,14,14,1.0,1.0,1.0
nvlsix5c,1f876c06,21,28,1.3333333333333333,0.9523809523809523,1.0
l9krayds,1f876c06,14,14,1.0,1.0,1.0
pgtp756s,1f876c06,14,14,1.0,1.0,1.0
6e5gb0yb,1f876c06,14,14,1.0,1.0,1.0
bdfn1h0o,1f876c06,14,14,1.0,1.0,1.0
dmft9d3y,1f876c06,16,16,1.0,1.0,1.0
a6jpzpek,1f876c06,14,14,1.0,1.0,1.0
6eyovdd2,1f876c06,14,14,1.0,1.0,1.0
a0w1xgxf,1f876c06,16,16,1.0,1.0,1.0
41kp06jx,1f876c06,20,20,1.0,1.0,1.0
lmtka1ev,1f876c06,14,14,1.0,1.0,1.0
a9gvtd1o,1f876c06,14,14,1.0,1.0,1.0
e0biso3r,1f876c06,14,14,1.0,1.0,1.0
f1ejz9fy,1f876c06,14,14,1.0,1.0,1.0
vpxztp7b,1f876c06,14,16,1.1428571428571428,1.0,1.0
tc5wgx8h,1f876c06,14,17,1.1428571428571428,1.0,1.0
jeq3oy2g,1f876c06,2,10,5.0,0.5,1.0
mrypomny,1f876c06,14,14,1.0,1.0,1.0
rjanlii9,1f876c06,14,14,1.0,1.0,1.0
c7ac53of,1f876c06,3,9,3.0,1.0,1.0
zc26r1al,1f876c06,14,14,1.0,1.0,1.0
648anokh,1f876c06,14,14,1.0,1.0,1.0
4stfwpke,1f876c06,16,16,1.0,1.0,1.0
nhds6zsd,1f876c06,14,14,1.0,1.0,1.0
vr20hyge,1f876c06,16,16,1.0,1.0,1.0
j2dvablb,1f876c06,14,14,1.0,1.0,1.0
904h81sn,1f876c06,14,14,1.0,1.0,1.0
so5k1adg,1f876c06,14,14,1.0,1.0,1.0
03ljcqhc,1f876c06,14,14,1.0,1.0,1.0
ce9qdbyh,1f876c06,14,14,1.0,1.0,1.0
sesf1qnx,1f876c06,14,14,1.0,1.0,1.0
xasfvnb7,1f876c06,1,4,4.0,0.0,1.0
wcau806y,1f876c06,14,14,1.0,1.0,1.0
s03ed531,1f876c06,15,15,1.0,1.0,1.0
6p8vl3lk,1f876c06,21,23,1.0952380952380953,1.0,1.0
2j8p9vyz,1f876c06,15,15,1.0,1.0,1.0
ew4oecfi,1f876c06,14,14,1.0,1.0,1.0
08vqizpx,1f876c06,14,14,1.0,1.0,1.0
mrwlcmno,1f876c06,16,16,1.0,1.0,1.0
eyn3wygc,1f876c06,15,15,1.0,1.0,1.0
ni5df01j,1f876c06,14,14,1.0,1.0,1.0
qv0yh587,1f876c06,14,14,1.0,1.0,1.0
t2eyvuxq,1f876c06,15,32,2.1333333333333333,0.9333333333333333,1.0
a589fsqz,1f876c06,15,16,1.0666666666666667,1.0,1.0
o4kkkuj9,1f876c06,18,18,1.0,1.0,1.0
mlvcv31l,1f876c06,14,14,1.0,1.0,1.0
d1vjrjhc,1f876c06,14,14,1.0,1.0,1.0
bw2cwy0m,1f876c06,14,14,1.0,1.0,1.0
kwy2bqjo,1f876c06,16,16,1.0,1.0,1.0
uktb326q,1f876c06,15,15,1.0,1.0,1.0
4s9g1cze,1f876c06,14,14,1.0,1.0,1.0
3irnkhq8,1f876c06,16,16,1.0,1.0,1.0
ljwskxcq,1f876c06,14,14,1.0,1.0,1.0
v6jvgdvg,1f876c06,14,14,1.0,1.0,1.0
l5sagbsh,1f876c06,14,14,1.0,1.0,1.0
zj5uemkt,1f876c06,14,14,1.0,1.0,1.0
vpxztp7b,74dd1130,5,9,1.8,1.0,1.0
f1ejz9fy,74dd1130,7,9,1.2857142857142858,1.0,1.0
e0biso3r,74dd1130,13,27,2.0,1.0,1.0
a9gvtd1o,74dd1130,9,9,1.0,1.0,1.0
lmtka1ev,74dd1130,4,7,1.75,1.0,1.0
a0w1xgxf,74dd1130,4,9,2.0,1.0,1.0
41kp06jx,74dd1130,8,11,1.375,1.0,1.0
a6jpzpek,74dd1130,10,10,1.0,1.0,1.0
6eyovdd2,74dd1130,5,9,1.8,1.0,1.0
qqqzakmg,74dd1130,3,5,1.6666666666666667,1.0,1.0
648anokh,74dd1130,18,28,1.5,1.0,1.0
zc26r1al,74dd1130,14,22,1.4285714285714286,1.0,0.9642857142857143
c7ac53of,74dd1130,7,9,1.2857142857142858,1.0,1.0
rjanlii9,74dd1130,15,27,1.8,1.0,1.0
mrypomny,74dd1130,5,9,1.8,1.0,1.0
jeq3oy2g,74dd1130,10,10,1.0,1.0,1.0
vr20hyge,74dd1130,5,5,1.0,1.0,1.0
nhds6zsd,74dd1130,9,9,1.0,1.0,1.0
4stfwpke,74dd1130,8,20,2.25,1.0,1.0
sesf1qnx,74dd1130,6,9,1.5,0.8333333333333334,1.0
904h81sn,74dd1130,6,6,1.0,1.0,1.0
j2dvablb,74dd1130,5,9,1.8,1.0,1.0
eyn3wygc,74dd1130,6,6,1.0,1.0,1.0
ni5df01j,74dd1130,4,10,2.25,1.0,1.0
ew4oecfi,74dd1130,9,19,2.0,1.0,1.0
2j8p9vyz,74dd1130,4,10,2.25,1.0,1.0
wcau806y,74dd1130,3,3,1.0,1.0,1.0
d1vjrjhc,74dd1130,6,6,1.0,1.0,1.0
o4kkkuj9,74dd1130,11,11,1.0,1.0,1.0
k8txaw58,74dd1130,6,6,1.0,1.0,1.0
mlvcv31l,74dd1130,5,7,1.2,1.0,1.0
a589fsqz,74dd1130,7,9,1.2857142857142858,1.0,1.0
7o2tmcr2,74dd1130,7,9,1.2857142857142858,1.0,1.0
t2eyvuxq,74dd1130,6,6,1.0,1.0,1.0
qv0yh587,74dd1130,7,7,1.0,1.0,1.0
uktb326q,74dd1130,6,6,1.0,1.0,1.0
bw2cwy0m,74dd1130,6,6,1.0,1.0,1.0
cdo2cmtp,74dd1130,7,9,1.2857142857142858,1.0,1.0
zj5uemkt,74dd1130,10,10,1.0,1.0,1.0
ljwskxcq,74dd1130,17,19,1.1176470588235294,1.0,1.0
l5sagbsh,74dd1130,9,9,1.0,1.0,1.0
v6jvgdvg,74dd1130,7,7,1.0,1.0,1.0
3irnkhq8,74dd1130,4,10,2.25,1.0,1.0
szbhlpfr,74dd1130,6,6,1.0,1.0,1.0
phbjwkyw,74dd1130,4,4,1.0,1.0,1.0
89u58v07,74dd1130,16,16,1.0,1.0,1.0
hsm45iwx,74dd1130,24,24,1.0,1.0,1.0
4s3cm7d8,74dd1130,6,6,1.0,1.0,1.0
e2w81k0i,74dd1130,10,11,1.1,1.0,1.0
sn10zd6g,74dd1130,5,9,1.8,1.0,1.0
44o5xnxe,74dd1130,5,10,2.0,0.8,1.0
q04yitea,74dd1130,7,9,1.2857142857142858,1.0,1.0
qfsp3ery,74dd1130,6,6,1.0,1.0,1.0
y32zaw9c,74dd1130,9,9,1.0,1.0,1.0
r2ck84r8,74dd1130,4,9,2.25,1.0,1.0
nze0azo1,74dd1130,6,6,1.0,1.0,1.0
hpl7jugr,74dd1130,4,7,1.75,1.0,1.0
3cc6zm51,74dd1130,6,6,1.0,1.0,1.0
ovhoesyy,74dd1130,9,9,1.0,1.0,1.0
ske58akk,74dd1130,9,9,1.0,1.0,1.0
r24jdhzg,74dd1130,8,8,1.0,1.0,1.0
0hrc9vve,74dd1130,9,9,1.0,1.0,1.0
zvbewhqx,74dd1130,6,6,1.0,1.0,1.0
plfupad7,74dd1130,9,9,1.0,1.0,1.0
ism64anu,74dd1130,7,11,1.5714285714285714,1.0,1.0
n2et79bd,74dd1130,4,8,2.0,1.0,1.0
qazkn1sw,74dd1130,17,18,1.0,1.0,1.0
f0wpo2hr,74dd1130,6,6,1.0,1.0,1.0
c7z6erey,74dd1130,5,6,1.2,1.0,1.0
8aknstxj,74dd1130,9,9,1.0,1.0,1.0
byx9jkxm,74dd1130,4,10,2.25,1.0,1.0
74l1qvc1,74dd1130,1,1,1.0,1.0,1.0
bmlngyh3,74dd1130,26,26,1.0,1.0,1.0
clucow7d,74dd1130,7,9,1.2857142857142858,1.0,1.0
cghxa2ie,74dd1130,6,6,1.0,1.0,1.0
3d2as981,74dd1130,17,17,1.0,1.0,1.0
o5qropwk,74dd1130,2,2,1.0,1.0,1.0
5nrjvc7q,74dd1130,9,9,1.0,1.0,1.0
61zahdh9,74dd1130,14,20,1.3571428571428572,1.0,1.0
5hz183aa,74dd1130,17,17,1.0,1.0,1.0
emwp6wq7,74dd1130,14,20,1.4285714285714286,1.0,1.0
pad0sufd,74dd1130,12,13,1.0,1.0,1.0
ym49wqbn,74dd1130,18,18,1.0,1.0,1.0
154uk6vm,74dd1130,27,27,1.0,1.0,1.0
npr5bsi2,74dd1130,4,4,1.0,1.0,1.0
cp3b83py,74dd1130,8,8,1.0,1.0,1.0
fkx2gd88,74dd1130,4,10,2.25,1.0,1.0
27d8totr,74dd1130,9,9,1.0,1.0,1.0
5pds9j1d,74dd1130,9,9,1.0,1.0,1.0
ikfbpugl,74dd1130,8,8,1.0,1.0,1.0
d33m799j,74dd1130,12,12,1.0,1.0,1.0
dmft9d3y,74dd1130,13,30,2.076923076923077,1.0,1.0
pgtp756s,74dd1130,16,16,1.0,1.0,1.0
6e5gb0yb,74dd1130,7,22,2.5714285714285716,1.0,0.9428571428571428
icf7bchs,74dd1130,23,23,1.0,1.0,1.0
l9krayds,74dd1130,5,5,1.0,1.0,1.0
aqmjput5,74dd1130,11,11,1.0,1.0,1.0
nvlsix5c,74dd1130,6,6,1.0,1.0,1.0
bhpug29p,74dd1130,16,36,1.875,1.0,0.95
z3die4q3,74dd1130,5,9,1.8,1.0,1.0
8jwr3j6t,74dd1130,9,10,1.1111111111111112,1.0,1.0
mhskzwic,74dd1130,19,30,1.5789473684210527,1.0,1.0
8yhijukj,74dd1130,12,12,1.0,1.0,1.0
om1m73rv,74dd1130,25,27,1.08,1.0,1.0
o1t1fb7j,74dd1130,7,7,1.0,1.0,1.0
7agy8y3l,74dd1130,9,9,1.0,1.0,1.0
vbwguazj,74dd1130,9,9,1.0,1.0,1.0
nrfiw9bx,74dd1130,5,9,1.8,1.0,1.0
pz38obzd,74dd1130,5,10,1.8,1.0,1.0
xklnx39q,74dd1130,8,11,1.375,1.0,1.0
t3l0if03,74dd1130,6,9,1.5,1.0,1.0
nldu5ge3,74dd1130,7,9,1.2857142857142858,1.0,1.0
ler5uq42,74dd1130,9,9,1.0,1.0,1.0
nfbzvhip,74dd1130,11,11,1.0,1.0,1.0
4wx63ymf,74dd1130,5,9,1.8,1.0,1.0
5vv1rrzw,74dd1130,8,9,1.125,1.0,1.0
mr7lkk46,74dd1130,15,15,1.0,1.0,1.0
2w766g1z,74dd1130,7,7,1.0,1.0,1.0
nqubyvew,74dd1130,7,9,1.2857142857142858,1.0,1.0
f5ktzt2t,74dd1130,5,6,1.2,1.0,1.0
kkeej6x5,74dd1130,6,17,2.6666666666666665,1.0,1.0
zfeorjum,74dd1130,7,9,1.2857142857142858,1.0,1.0
hkj9daz7,74dd1130,9,9,1.0,1.0,1.0
9ohxtpht,74dd1130,4,4,1.0,1.0,1.0
1r6yodve,74dd1130,9,9,1.0,1.0,1.0
k0qq522n,74dd1130,12,12,1.0,1.0,1.0
cbvc5e3w,74dd1130,21,21,1.0,1.0,1.0
oxvw1rhx,74dd1130,8,8,1.0,1.0,1.0
4j6cy1mk,74dd1130,10,10,1.0,1.0,1.0
fl73adm5,74dd1130,9,9,1.0,1.0,1.0
8d21w3yr,74dd1130,9,9,1.0,1.0,1.0
jx6lhkbi,74dd1130,6,6,1.0,1.0,1.0
cfclud8z,74dd1130,32,32,1.0,1.0,1.0
zelqv7az,74dd1130,7,9,1.2857142857142858,1.0,1.0
z8b26ynw,74dd1130,3,28,3.6666666666666665,1.0,0.782051282051282
9evwb372,74dd1130,7,11,1.5714285714285714,1.0,1.0
ya0wv6pm,74dd1130,18,72,2.611111111111111,1.0,1.0
mpzcivx9,74dd1130,4,10,2.25,1.0,1.0
clhkwrie,74dd1130,6,12,2.0,1.0,1.0
1qt2f29y,74dd1130,8,8,1.0,1.0,1.0
sp00glmz,74dd1130,30,30,1.0,1.0,1.0
8psac9uo,74dd1130,9,10,1.1111111111111112,1.0,1.0
nx0vccp8,74dd1130,6,6,1.0,1.0,1.0
jqeesfz7,74dd1130,7,7,1.0,1.0,1.0
qif0sa3r,74dd1130,8,8,1.0,1.0,1.0
8y2nd2sh,74dd1130,7,9,1.2857142857142858,1.0,1.0
l0nln4b2,74dd1130,9,9,1.0,1.0,1.0
ascil7wf,74dd1130,18,18,1.0,1.0,1.0
r99uy0qb,74dd1130,3,8,2.6666666666666665,1.0,1.0
idma9086,74dd1130,7,9,1.2857142857142858,1.0,1.0
b73rrttr,74dd1130,9,9,1.0,1.0,1.0
7nszfy43,74dd1130,10,10,1.0,1.0,1.0
g3vslpjv,74dd1130,12,12,1.0,1.0,1.0
2d8q4qkc,74dd1130,4,6,1.5,1.0,1.0
o2ho0580,74dd1130,9,9,1.0,1.0,1.0
bx44xwzb,74dd1130,9,9,1.0,1.0,1.0
c9sps7bl,74dd1130,5,17,2.8,1.0,0.9199999999999999
8oohxrrz,74dd1130,8,10,1.25,1.0,1.0
x5id5i5q,74dd1130,13,13,1.0,1.0,1.0
qu0lm98m,74dd1130,4,10,2.25,1.0,1.0
jayyv6lz,74dd1130,7,9,1.2857142857142858,1.0,1.0
0yfthc4y,74dd1130,10,10,1.0,1.0,1.0
ei0ij8ms,74dd1130,5,9,1.8,1.0,1.0
2tkm21z6,74dd1130,6,6,1.0,1.0,1.0
yfyhejim,74dd1130,5,9,1.8,1.0,1.0
g7svteiz,74dd1130,6,6,1.0,1.0,1.0
cw4tyx7n,74dd1130,7,9,1.2857142857142858,1.0,1.0
rhbgnqhz,74dd1130,6,6,1.0,1.0,1.0
72p6pxny,74dd1130,17,27,1.588235294117647,1.0,1.0
hd5k29qy,74dd1130,15,15,1.0,1.0,1.0
gkse9wdn,74dd1130,6,6,1.0,1.0,1.0
mzi8f2hv,74dd1130,4,10,2.25,1.0,1.0
fgxp8fzz,74dd1130,4,10,2.25,1.0,1.0
j2dvablb,d364b489,23,23,1.0,1.0,1.0
904h81sn,d364b489,27,27,1.0,1.0,1.0
vr20hyge,d364b489,23,23,1.0,1.0,1.0
nhds6zsd,d364b489,29,29,1.0,1.0,1.0
648anokh,d364b489,23,23,1.0,1.0,1.0
mrypomny,d364b489,23,23,1.0,1.0,1.0
jeq3oy2g,d364b489,23,23,1.0,1.0,1.0
c7ac53of,d364b489,3,10,3.3333333333333335,1.0,1.0
rjanlii9,d364b489,23,23,1.0,1.0,1.0
8bgj1tsd,d364b489,23,23,1.0,1.0,1.0
tc5wgx8h,d364b489,23,23,1.0,1.0,1.0
f1ejz9fy,d364b489,23,23,1.0,1.0,1.0
vpxztp7b,d364b489,27,27,1.0,1.0,1.0
e0biso3r,d364b489,23,23,1.0,1.0,1.0
a9gvtd1o,d364b489,23,23,1.0,1.0,1.0
a0w1xgxf,d364b489,25,25,1.0,1.0,1.0
41kp06jx,d364b489,23,23,1.0,1.0,1.0
lmtka1ev,d364b489,23,23,1.0,1.0,1.0
a6jpzpek,d364b489,27,27,1.0,1.0,1.0
6eyovdd2,d364b489,25,25,1.0,1.0,1.0
zj5uemkt,d364b489,23,23,1.0,1.0,1.0
4s9g1cze,d364b489,25,25,1.0,1.0,1.0
3irnkhq8,d364b489,27,27,1.0,1.0,1.0
ljwskxcq,d364b489,29,29,1.0,1.0,1.0
v6jvgdvg,d364b489,33,34,1.0303030303030303,1.0,1.0
l5sagbsh,d364b489,23,23,1.0,1.0,1.0
uktb326q,d364b489,25,25,1.0,1.0,1.0
bw2cwy0m,d364b489,22,22,1.0,1.0,1.0
kwy2bqjo,d364b489,23,23,1.0,1.0,1.0
cdo2cmtp,d364b489,25,25,1.0,1.0,1.0
k8txaw58,d364b489,23,23,1.0,1.0,1.0
o4kkkuj9,d364b489,23,23,1.0,1.0,1.0
mlvcv31l,d364b489,23,23,1.0,1.0,1.0
d1vjrjhc,d364b489,25,25,1.0,1.0,1.0
a589fsqz,d364b489,25,25,1.0,1.0,1.0
qv0yh587,d364b489,25,25,1.0,1.0,1.0
t2eyvuxq,d364b489,23,23,1.0,1.0,1.0
eyn3wygc,d364b489,23,23,1.0,1.0,1.0
ni5df01j,d364b489,23,23,1.0,1.0,1.0
08vqizpx,d364b489,23,23,1.0,1.0,1.0
ew4oecfi,d364b489,23,23,1.0,1.0,1.0
mrwlcmno,d364b489,49,49,1.0,1.0,1.0
s03ed531,d364b489,37,37,1.0,1.0,1.0
2j8p9vyz,d364b489,25,25,1.0,1.0,1.0
wcau806y,d364b489,23,23,1.0,1.0,1.0
0hrc9vve,d364b489,2,13,6.5,0.0,1.0
zvbewhqx,d364b489,28,28,1.0,1.0,1.0
ism64anu,d364b489,25,25,1.0,1.0,1.0
plfupad7,d364b489,23,23,1.0,1.0,1.0
f0wpo2hr,d364b489,23,23,1.0,1.0,1.0
qazkn1sw,d364b489,5,15,3.0,0.6,1.0
c7z6erey,d364b489,23,23,1.0,1.0,1.0
8aknstxj,d364b489,24,24,1.0,1.0,1.0
r2ck84r8,d364b489,31,31,1.0,1.0,1.0
nze0azo1,d364b489,25,25,1.0,1.0,1.0
ovhoesyy,d364b489,23,23,1.0,1.0,1.0
ske58akk,d364b489,23,23,1.0,1.0,1.0
3cc6zm51,d364b489,26,26,1.0,1.0,1.0
stbyxpx6,d364b489,23,23,1.0,1.0,1.0
r24jdhzg,d364b489,23,23,1.0,1.0,1.0
qkiu92kk,d364b489,25,26,1.04,1.0,1.0
44o5xnxe,d364b489,23,23,1.0,1.0,1.0
q04yitea,d364b489,29,29,1.0,1.0,1.0
qfsp3ery,d364b489,25,25,1.0,1.0,1.0
02333qfj,d364b489,23,23,1.0,1.0,1.0
y32zaw9c,d364b489,23,23,1.0,1.0,1.0
cuybsfwr,d364b489,27,27,1.0,1.0,1.0
phbjwkyw,d364b489,32,32,1.0,1.0,1.0
szbhlpfr,d364b489,32,32,1.0,1.0,1.0
89u58v07,d364b489,25,25,1.0,1.0,1.0
4s3cm7d8,d364b489,23,23,1.0,1.0,1.0
e2w81k0i,d364b489,23,23,1.0,1.0,1.0
hsm45iwx,d364b489,52,52,1.0,1.0,1.0
sn10zd6g,d364b489,23,23,1.0,1.0,1.0
dmft9d3y,d364b489,25,25,1.0,1.0,1.0
bdfn1h0o,d364b489,25,25,1.0,1.0,1.0
6e5gb0yb,d364b489,23,23,1.0,1.0,1.0
icf7bchs,d364b489,1,1,1.0,1.0,1.0
nvlsix5c,d364b489,18,18,1.0,1.0,1.0
bhpug29p,d364b489,23,23,1.0,1.0,1.0
l9krayds,d364b489,29,29,1.0,1.0,1.0
aqmjput5,d364b489,38,39,1.0263157894736843,1.0,1.0
cp3b83py,d364b489,23,23,1.0,1.0,1.0
qothvfhf,d364b489,23,23,1.0,1.0,1.0
fkx2gd88,d364b489,23,23,1.0,1.0,1.0
27d8totr,d364b489,23,23,1.0,1.0,1.0
5pds9j1d,d364b489,23,23,1.0,1.0,1.0
kmwiem6m,d364b489,23,23,1.0,1.0,1.0
d33m799j,d364b489,32,32,1.0,1.0,1.0
ol9lky1i,d364b489,25,25,1.0,1.0,1.0
5nrjvc7q,d364b489,23,23,1.0,1.0,1.0
o5qropwk,d364b489,23,23,1.0,1.0,1.0
5hz183aa,d364b489,2,7,3.5,0.5,1.0
61zahdh9,d364b489,30,31,1.0333333333333334,1.0,1.0
pad0sufd,d364b489,23,23,1.0,1.0,1.0
emwp6wq7,d364b489,23,23,1.0,1.0,1.0
ym49wqbn,d364b489,29,29,1.0,1.0,1.0
154uk6vm,d364b489,29,29,1.0,1.0,1.0
npr5bsi2,d364b489,25,25,1.0,1.0,1.0
byx9jkxm,d364b489,23,23,1.0,1.0,1.0
74l1qvc1,d364b489,25,25,1.0,1.0,1.0
j2pjmr32,d364b489,1,1,1.0,1.0,1.0
bmlngyh3,d364b489,23,23,1.0,1.0,1.0
cghxa2ie,d364b489,23,23,1.0,1.0,1.0
3d2as981,d364b489,29,29,1.0,1.0,1.0
clucow7d,d364b489,23,23,1.0,1.0,1.0
2w766g1z,d364b489,23,23,1.0,1.0,1.0
mr7lkk46,d364b489,25,25,1.0,1.0,1.0
nqubyvew,d364b489,29,29,1.0,1.0,1.0
bcyhma9y,d364b489,29,29,1.0,1.0,1.0
kkeej6x5,d364b489,23,23,1.0,1.0,1.0
f5ktzt2t,d364b489,25,25,1.0,1.0,1.0
t3l0if03,d364b489,25,25,1.0,1.0,1.0
nldu5ge3,d364b489,23,23,1.0,1.0,1.0
nfbzvhip,d364b489,29,29,1.0,1.0,1.0
4wx63ymf,d364b489,23,23,1.0,1.0,1.0
ler5uq42,d364b489,30,30,1.0,1.0,1.0
onnumbyy,d364b489,23,23,1.0,1.0,1.0
m63pxnwq,d364b489,25,25,1.0,1.0,1.0
nrfiw9bx,d364b489,23,23,1.0,1.0,1.0
xklnx39q,d364b489,25,25,1.0,1.0,1.0
pz38obzd,d364b489,23,23,1.0,1.0,1.0
z3die4q3,d364b489,23,23,1.0,1.0,1.0
p445h6ow,d364b489,23,23,1.0,1.0,1.0
8jwr3j6t,d364b489,25,25,1.0,1.0,1.0
8yhijukj,d364b489,23,23,1.0,1.0,1.0
50nsp39w,d364b489,24,24,1.0,1.0,1.0
mhskzwic,d364b489,23,23,1.0,1.0,1.0
7agy8y3l,d364b489,25,25,1.0,1.0,1.0
vbwguazj,d364b489,23,23,1.0,1.0,1.0
om1m73rv,d364b489,23,23,1.0,1.0,1.0
9evwb372,d364b489,23,23,1.0,1.0,1.0
ya0wv6pm,d364b489,26,26,1.0,1.0,1.0
23iyreiv,d364b489,27,27,1.0,1.0,1.0
clhkwrie,d364b489,23,23,1.0,1.0,1.0
1qt2f29y,d364b489,29,29,1.0,1.0,1.0
mpzcivx9,d364b489,23,23,1.0,1.0,1.0
sp00glmz,d364b489,23,23,1.0,1.0,1.0
jx6lhkbi,d364b489,23,23,1.0,1.0,1.0
cfclud8z,d364b489,23,23,1.0,1.0,1.0
zelqv7az,d364b489,23,23,1.0,1.0,1.0
z8b26ynw,d364b489,29,29,1.0,1.0,1.0
oxvw1rhx,d364b489,26,26,1.0,1.0,1.0
4j6cy1mk,d364b489,23,23,1.0,1.0,1.0
fl73adm5,d364b489,23,23,1.0,1.0,1.0
318gokyy,d364b489,28,28,1.0,1.0,1.0
8d21w3yr,d364b489,23,23,1.0,1.0,1.0
zfeorjum,d364b489,23,23,1.0,1.0,1.0
hkj9daz7,d364b489,23,23,1.0,1.0,1.0
9ohxtpht,d364b489,25,25,1.0,1.0,1.0
w12e497z,d364b489,11,11,1.0,1.0,1.0
1r6yodve,d364b489,30,30,1.0,1.0,1.0
2d8q4qkc,d364b489,23,23,1.0,1.0,1.0
g3vslpjv,d364b489,25,25,1.0,1.0,1.0
c9sps7bl,d364b489,23,23,1.0,1.0,1.0
bx44xwzb,d364b489,23,23,1.0,1.0,1.0
o2ho0580,d364b489,5,5,1.0,1.0,1.0
8oohxrrz,d364b489,37,37,1.0,1.0,1.0
qfiy90jx,d364b489,23,23,1.0,1.0,1.0
x5id5i5q,d364b489,1,1,1.0,1.0,1.0
yebzokh4,d364b489,23,23,1.0,1.0,1.0
kavvl57w,d364b489,25,25,1.0,1.0,1.0
r99uy0qb,d364b489,3,6,2.0,0.3333333333333333,1.0
idma9086,d364b489,23,23,1.0,1.0,1.0
0fy66fv2,d364b489,32,33,1.0,1.0,1.0
b73rrttr,d364b489,8,8,1.0,1.0,1.0
8y2nd2sh,d364b489,29,29,1.0,1.0,1.0
l0nln4b2,d364b489,23,23,1.0,1.0,1.0
aypxap78,d364b489,25,25,1.0,1.0,1.0
ascil7wf,d364b489,23,23,1.0,1.0,1.0
nx0vccp8,d364b489,23,23,1.0,1.0,1.0
kck1uue7,d364b489,23,23,1.0,1.0,1.0
xji13cu2,d364b489,25,25,1.0,1.0,1.0
jqeesfz7,d364b489,28,28,1.0,1.0,1.0
hd5k29qy,d364b489,23,23,1.0,1.0,1.0
rhbgnqhz,d364b489,23,23,1.0,1.0,1.0
72p6pxny,d364b489,23,23,1.0,1.0,1.0
mzi8f2hv,d364b489,23,23,1.0,1.0,1.0
189iqcds,d364b489,26,26,1.0,1.0,1.0
fgxp8fzz,d364b489,25,25,1.0,1.0,1.0
cw4tyx7n,d364b489,1,1,1.0,1.0,1.0
c2lwacqc,d364b489,31,31,1.0,1.0,1.0
g7svteiz,d364b489,24,24,1.0,1.0,1.0
ei0ij8ms,d364b489,23,23,1.0,1.0,1.0
0yfthc4y,d364b489,23,23,1.0,1.0,1.0
2tkm21z6,d364b489,23,23,1.0,1.0,1.0
yfyhejim,d364b489,28,28,1.0,1.0,1.0
jayyv6lz,d364b489,23,23,1.0,1.0,1.0
qu0lm98m,d364b489,23,23,1.0,1.0,1.0
ldo5smvx,d364b489,29,29,1.0,1.0,1.0
3cc6zm51,1a07d186,22,22,1.0,1.0,1.0
ske58akk,1a07d186,18,18,1.0,1.0,1.0
ovhoesyy,1a07d186,19,19,1.0,1.0,1.0
r24jdhzg,1a07d186,18,18,1.0,1.0,1.0
hpl7jugr,1a07d186,15,37,2.2,0.9333333333333333,1.0
nze0azo1,1a07d186,18,18,1.0,1.0,1.0
r2ck84r8,1a07d186,20,20,1.0,1.0,1.0
qazkn1sw,1a07d186,11,26,2.3636363636363638,0.7272727272727273,1.0
f0wpo2hr,1a07d186,34,34,1.0,1.0,1.0
8aknstxj,1a07d186,19,19,1.0,1.0,1.0
c7z6erey,1a07d186,18,18,1.0,1.0,1.0
zvbewhqx,1a07d186,19,20,1.0526315789473684,1.0,1.0
0hrc9vve,1a07d186,1,45,44.0,0.0,1.0
plfupad7,1a07d186,18,18,1.0,1.0,1.0
n2et79bd,1a07d186,18,18,1.0,1.0,1.0
ism64anu,1a07d186,19,19,1.0,1.0,1.0
hsm45iwx,1a07d186,18,18,1.0,1.0,1.0
e2w81k0i,1a07d186,18,18,1.0,1.0,1.0
4s3cm7d8,1a07d186,32,32,1.0,1.0,1.0
sn10zd6g,1a07d186,19,19,1.0,1.0,1.0
szbhlpfr,1a07d186,35,35,1.0,1.0,1.0
phbjwkyw,1a07d186,59,60,1.0169491525423728,1.0,1.0
89u58v07,1a07d186,18,30,1.6666666666666667,0.9444444444444444,1.0
y32zaw9c,1a07d186,18,18,1.0,1.0,1.0
44o5xnxe,1a07d186,18,18,1.0,1.0,1.0
qkiu92kk,1a07d186,19,19,1.0,1.0,1.0
02333qfj,1a07d186,20,20,1.0,1.0,1.0
qfsp3ery,1a07d186,35,35,1.0,1.0,1.0
q04yitea,1a07d186,19,19,1.0,1.0,1.0
kmwiem6m,1a07d186,18,18,1.0,1.0,1.0
ikfbpugl,1a07d186,1,1,1.0,1.0,1.0
d33m799j,1a07d186,4,36,9.0,0.0,1.0
cp3b83py,1a07d186,18,18,1.0,1.0,1.0
27d8totr,1a07d186,18,18,1.0,1.0,1.0
fkx2gd88,1a07d186,14,47,3.357142857142857,0.7857142857142857,1.0
qothvfhf,1a07d186,18,18,1.0,1.0,1.0
91fk0af9,1a07d186,19,19,1.0,1.0,1.0
icf7bchs,1a07d186,16,78,4.6875,0.9375,1.0
l9krayds,1a07d186,30,409,11.366666666666667,0.9,0.9600899658523773
nvlsix5c,1a07d186,19,19,1.0,1.0,1.0
dmft9d3y,1a07d186,23,23,1.0,1.0,1.0
6e5gb0yb,1a07d186,21,23,1.0952380952380953,1.0,1.0
pgtp756s,1a07d186,40,40,1.0,1.0,1.0
bmlngyh3,1a07d186,18,18,1.0,1.0,1.0
clucow7d,1a07d186,19,19,1.0,1.0,1.0
3d2as981,1a07d186,25,25,1.0,1.0,1.0
cghxa2ie,1a07d186,20,20,1.0,1.0,1.0
byx9jkxm,1a07d186,14,37,2.5714285714285716,0.7857142857142857,1.0
emwp6wq7,1a07d186,25,25,1.0,1.0,1.0
pad0sufd,1a07d186,18,24,1.3333333333333333,1.0,1.0
xeu3j3ki,1a07d186,1,1,1.0,1.0,1.0
npr5bsi2,1a07d186,23,23,1.0,1.0,1.0
154uk6vm,1a07d186,20,20,1.0,1.0,1.0
ym49wqbn,1a07d186,19,19,1.0,1.0,1.0
o5qropwk,1a07d186,24,24,1.0,1.0,1.0
5nrjvc7q,1a07d186,18,18,1.0,1.0,1.0
ol9lky1i,1a07d186,18,18,1.0,1.0,1.0
61zahdh9,1a07d186,19,20,1.0526315789473684,1.0,1.0
5hz183aa,1a07d186,53,99,1.8679245283018868,0.9811320754716981,1.0
4stfwpke,1a07d186,13,60,4.0,0.7692307692307693,1.0
nhds6zsd,1a07d186,19,19,1.0,1.0,1.0
vr20hyge,1a07d186,19,19,1.0,1.0,1.0
03ljcqhc,1a07d186,21,31,1.4761904761904763,1.0,1.0
ce9qdbyh,1a07d186,18,18,1.0,1.0,1.0
904h81sn,1a07d186,18,19,1.0555555555555556,1.0,1.0
so5k1adg,1a07d186,21,21,1.0,1.0,1.0
j2dvablb,1a07d186,20,20,1.0,1.0,1.0
sesf1qnx,1a07d186,55,162,2.8,0.9636363636363636,1.0
lmtka1ev,1a07d186,13,64,4.923076923076923,0.8461538461538461,1.0
a0w1xgxf,1a07d186,20,20,1.0,1.0,1.0
6eyovdd2,1a07d186,22,22,1.0,1.0,1.0
a6jpzpek,1a07d186,2,9,4.5,1.0,1.0
vpxztp7b,1a07d186,18,18,1.0,1.0,1.0
f1ejz9fy,1a07d186,34,81,2.3823529411764706,1.0,1.0
a9gvtd1o,1a07d186,19,19,1.0,1.0,1.0
e0biso3r,1a07d186,19,19,1.0,1.0,1.0
rjanlii9,1a07d186,36,36,1.0,1.0,1.0
c7ac53of,1a07d186,5,5,1.0,1.0,1.0
jeq3oy2g,1a07d186,2,59,29.0,0.0,0.7888888888888889
mrypomny,1a07d186,18,18,1.0,1.0,1.0
tc5wgx8h,1a07d186,20,20,1.0,1.0,1.0
8bgj1tsd,1a07d186,18,18,1.0,1.0,1.0
648anokh,1a07d186,21,21,1.0,1.0,1.0
zc26r1al,1a07d186,19,19,1.0,1.0,1.0
cdo2cmtp,1a07d186,18,18,1.0,1.0,1.0
uktb326q,1a07d186,20,20,1.0,1.0,1.0
kwy2bqjo,1a07d186,18,18,1.0,1.0,1.0
bw2cwy0m,1a07d186,21,21,1.0,1.0,1.0
v6jvgdvg,1a07d186,31,31,1.0,1.0,1.0
l5sagbsh,1a07d186,18,18,1.0,1.0,1.0
ljwskxcq,1a07d186,27,30,1.1111111111111112,1.0,1.0
3irnkhq8,1a07d186,26,26,1.0,1.0,1.0
4s9g1cze,1a07d186,20,21,1.05,1.0,1.0
2j8p9vyz,1a07d186,20,20,1.0,1.0,1.0
s03ed531,1a07d186,23,23,1.0,1.0,1.0
wcau806y,1a07d186,3,3,1.0,1.0,1.0
ni5df01j,1a07d186,18,18,1.0,1.0,1.0
eyn3wygc,1a07d186,18,18,1.0,1.0,1.0
mrwlcmno,1a07d186,23,23,1.0,1.0,1.0
ew4oecfi,1a07d186,21,21,1.0,1.0,1.0
08vqizpx,1a07d186,109,109,1.0,1.0,1.0
t2eyvuxq,1a07d186,18,18,1.0,1.0,1.0
1xogp17t,1a07d186,3,12,4.0,0.6666666666666666,1.0
d1vjrjhc,1a07d186,18,19,1.0555555555555556,1.0,1.0
mlvcv31l,1a07d186,18,18,1.0,1.0,1.0
k8txaw58,1a07d186,18,18,1.0,1.0,1.0
o4kkkuj9,1a07d186,18,18,1.0,1.0,1.0
a589fsqz,1a07d186,18,18,1.0,1.0,1.0
idma9086,1a07d186,16,48,2.75,1.0,1.0
r99uy0qb,1a07d186,20,20,1.0,1.0,1.0
b73rrttr,1a07d186,6,7,1.1666666666666667,1.0,1.0
0fy66fv2,1a07d186,148,148,1.0,1.0,1.0
yebzokh4,1a07d186,18,18,1.0,1.0,1.0
kavvl57w,1a07d186,18,18,1.0,1.0,1.0
qfiy90jx,1a07d186,22,22,1.0,1.0,1.0
8oohxrrz,1a07d186,30,54,1.8,0.9,1.0
x5id5i5q,1a07d186,21,21,1.0,1.0,1.0
g3vslpjv,1a07d186,18,18,1.0,1.0,1.0
2d8q4qkc,1a07d186,13,40,3.076923076923077,0.7692307692307693,1.0
o2ho0580,1a07d186,4,33,8.25,0.0,1.0
bx44xwzb,1a07d186,21,21,1.0,1.0,1.0
c9sps7bl,1a07d186,15,44,2.933333333333333,0.8,1.0
jqeesfz7,1a07d186,22,22,1.0,1.0,1.0
kck1uue7,1a07d186,15,30,2.0,0.9333333333333333,1.0
nx0vccp8,1a07d186,18,18,1.0,1.0,1.0
8psac9uo,1a07d186,18,18,1.0,1.0,1.0
aypxap78,1a07d186,18,29,1.6111111111111112,0.8888888888888888,1.0
l0nln4b2,1a07d186,18,18,1.0,1.0,1.0
ascil7wf,1a07d186,19,19,1.0,1.0,1.0
8y2nd2sh,1a07d186,14,65,4.142857142857143,0.7857142857142857,1.0
cw4tyx7n,1a07d186,2,15,7.5,0.0,1.0
189iqcds,1a07d186,19,22,1.1578947368421053,1.0,1.0
mzi8f2hv,1a07d186,50,50,1.0,1.0,1.0
fgxp8fzz,1a07d186,18,24,1.3333333333333333,1.0,1.0
72p6pxny,1a07d186,18,18,1.0,1.0,1.0
hd5k29qy,1a07d186,18,18,1.0,1.0,1.0
ldo5smvx,1a07d186,14,76,5.0,0.7857142857142857,1.0
qu0lm98m,1a07d186,19,19,1.0,1.0,1.0
jayyv6lz,1a07d186,39,42,1.0512820512820513,1.0,1.0
9wkeb5tu,1a07d186,18,18,1.0,1.0,1.0
yfyhejim,1a07d186,19,19,1.0,1.0,1.0
0yfthc4y,1a07d186,22,22,1.0,1.0,1.0
ei0ij8ms,1a07d186,18,25,1.3888888888888888,0.9444444444444444,1.0
2tkm21z6,1a07d186,14,14,1.0,1.0,1.0
onnumbyy,1a07d186,19,19,1.0,1.0,1.0
m63pxnwq,1a07d186,19,20,1.0526315789473684,1.0,1.0
nsu6cwh4,1a07d186,18,18,1.0,1.0,1.0
nldu5ge3,1a07d186,34,34,1.0,1.0,1.0
t3l0if03,1a07d186,22,22,1.0,1.0,1.0
4wx63ymf,1a07d186,19,20,1.0526315789473684,1.0,1.0
nfbzvhip,1a07d186,24,25,1.0416666666666667,1.0,1.0
kkeej6x5,1a07d186,18,18,1.0,1.0,1.0
f5ktzt2t,1a07d186,21,21,1.0,1.0,1.0
mr7lkk46,1a07d186,23,23,1.0,1.0,1.0
2w766g1z,1a07d186,18,18,1.0,1.0,1.0
nqubyvew,1a07d186,34,37,1.088235294117647,1.0,1.0
om1m73rv,1a07d186,38,38,1.0,1.0,1.0
vbwguazj,1a07d186,19,19,1.0,1.0,1.0
8jwr3j6t,1a07d186,19,19,1.0,1.0,1.0
z3die4q3,1a07d186,13,55,4.230769230769231,0.7692307692307693,1.0
mhskzwic,1a07d186,19,19,1.0,1.0,1.0
8yhijukj,1a07d186,25,25,1.0,1.0,1.0
xklnx39q,1a07d186,15,28,1.8666666666666667,0.8666666666666667,1.0
pz38obzd,1a07d186,19,20,1.0526315789473684,1.0,1.0
nrfiw9bx,1a07d186,17,25,1.4705882352941178,0.9411764705882353,1.0
cfclud8z,1a07d186,18,18,1.0,1.0,1.0
z8b26ynw,1a07d186,19,33,1.736842105263158,0.9473684210526315,1.0
zelqv7az,1a07d186,18,18,1.0,1.0,1.0
jx6lhkbi,1a07d186,18,18,1.0,1.0,1.0
mpzcivx9,1a07d186,18,18,1.0,1.0,1.0
1qt2f29y,1a07d186,19,19,1.0,1.0,1.0
clhkwrie,1a07d186,16,39,2.4375,0.9375,1.0
sp00glmz,1a07d186,41,41,1.0,1.0,1.0
23iyreiv,1a07d186,20,20,1.0,1.0,1.0
ya0wv6pm,1a07d186,18,18,1.0,1.0,1.0
2ke9hbes,1a07d186,18,18,1.0,1.0,1.0
9evwb372,1a07d186,19,19,1.0,1.0,1.0
wz0zoo1d,1a07d186,18,18,1.0,1.0,1.0
1r6yodve,1a07d186,71,71,1.0,1.0,1.0
hkj9daz7,1a07d186,28,50,1.7857142857142858,0.9642857142857143,1.0
zfeorjum,1a07d186,19,19,1.0,1.0,1.0
w12e497z,1a07d186,27,148,5.2592592592592595,0.9259259259259259,1.0
9ohxtpht,1a07d186,18,18,1.0,1.0,1.0
318gokyy,1a07d186,22,42,1.9090909090909092,1.0,1.0
fl73adm5,1a07d186,18,18,1.0,1.0,1.0
4j6cy1mk,1a07d186,18,18,1.0,1.0,1.0
oxvw1rhx,1a07d186,24,24,1.0,1.0,1.0
8d21w3yr,1a07d186,18,18,1.0,1.0,1.0
wa9xd98o,32597951,16,16,1.0,1.0,1.0
fl73adm5,32597951,8,8,1.0,1.0,1.0
4j6cy1mk,32597951,8,8,1.0,1.0,1.0
oxvw1rhx,32597951,13,13,1.0,1.0,1.0
8d21w3yr,32597951,16,17,1.0625,1.0,1.0
hkj9daz7,32597951,8,8,1.0,1.0,1.0
zfeorjum,32597951,8,8,1.0,1.0,1.0
w12e497z,32597951,134,751,4.082089552238806,0.9552238805970149,1.0
9ohxtpht,32597951,8,8,1.0,1.0,1.0
1r6yodve,32597951,132,132,1.0,1.0,1.0
cbvc5e3w,32597951,8,8,1.0,1.0,1.0
23iyreiv,32597951,8,8,1.0,1.0,1.0
ya0wv6pm,32597951,8,8,1.0,1.0,1.0
9evwb372,32597951,8,8,1.0,1.0,1.0
mpzcivx9,32597951,8,8,1.0,1.0,1.0
1qt2f29y,32597951,8,8,1.0,1.0,1.0
clhkwrie,32597951,8,8,1.0,1.0,1.0
sp00glmz,32597951,16,16,1.0,1.0,1.0
jx6lhkbi,32597951,8,8,1.0,1.0,1.0
cfclud8z,32597951,8,8,1.0,1.0,1.0
z8b26ynw,32597951,8,8,1.0,1.0,1.0
zelqv7az,32597951,8,8,1.0,1.0,1.0
nrfiw9bx,32597951,10,10,1.0,1.0,1.0
pz38obzd,32597951,8,8,1.0,1.0,1.0
xklnx39q,32597951,8,8,1.0,1.0,1.0
8jwr3j6t,32597951,8,8,1.0,1.0,1.0
z3die4q3,32597951,16,16,1.0,1.0,1.0
mhskzwic,32597951,8,8,1.0,1.0,1.0
8yhijukj,32597951,8,8,1.0,1.0,1.0
om1m73rv,32597951,8,8,1.0,1.0,1.0
vbwguazj,32597951,8,8,1.0,1.0,1.0
o1t1fb7j,32597951,8,8,1.0,1.0,1.0
7agy8y3l,32597951,8,8,1.0,1.0,1.0
mr7lkk46,32597951,8,8,1.0,1.0,1.0
2w766g1z,32597951,8,8,1.0,1.0,1.0
bcyhma9y,32597951,27,27,1.0,1.0,1.0
pcrxo3zp,32597951,8,8,1.0,1.0,1.0
f5ktzt2t,32597951,8,8,1.0,1.0,1.0
kkeej6x5,32597951,8,8,1.0,1.0,1.0
nldu5ge3,32597951,8,8,1.0,1.0,1.0
t3l0if03,32597951,8,8,1.0,1.0,1.0
ler5uq42,32597951,2,2,1.0,1.0,1.0
4wx63ymf,32597951,15,15,1.0,1.0,1.0
nfbzvhip,32597951,9,10,1.1111111111111112,1.0,1.0
m63pxnwq,32597951,8,8,1.0,1.0,1.0
0yfthc4y,32597951,11,11,1.0,1.0,1.0
ei0ij8ms,32597951,8,8,1.0,1.0,1.0
2tkm21z6,32597951,8,8,1.0,1.0,1.0
yfyhejim,32597951,8,8,1.0,1.0,1.0
qu0lm98m,32597951,22,22,1.0,1.0,1.0
jayyv6lz,32597951,10,10,1.0,1.0,1.0
ldo5smvx,32597951,8,8,1.0,1.0,1.0
72p6pxny,32597951,19,27,1.4210526315789473,1.0,1.0
rhbgnqhz,32597951,9,9,1.0,1.0,1.0
hd5k29qy,32597951,8,8,1.0,1.0,1.0
189iqcds,32597951,8,8,1.0,1.0,1.0
mzi8f2hv,32597951,8,8,1.0,1.0,1.0
fgxp8fzz,32597951,8,8,1.0,1.0,1.0
g7svteiz,32597951,8,8,1.0,1.0,1.0
c2lwacqc,32597951,8,8,1.0,1.0,1.0
cw4tyx7n,32597951,9,13,1.3333333333333333,1.0,1.0
qif0sa3r,32597951,8,8,1.0,1.0,1.0
8y2nd2sh,32597951,12,14,1.1666666666666667,1.0,1.0
aypxap78,32597951,8,8,1.0,1.0,1.0
l0nln4b2,32597951,8,8,1.0,1.0,1.0
ascil7wf,32597951,8,8,1.0,1.0,1.0
kck1uue7,32597951,11,12,1.0909090909090908,0.9090909090909091,1.0
nx0vccp8,32597951,8,8,1.0,1.0,1.0
8psac9uo,32597951,15,17,1.1333333333333333,1.0,1.0
jqeesfz7,32597951,8,8,1.0,1.0,1.0
g3vslpjv,32597951,8,8,1.0,1.0,1.0
2d8q4qkc,32597951,8,8,1.0,1.0,1.0
o2ho0580,32597951,7,80,10.142857142857142,0.0,1.0
bx44xwzb,32597951,8,8,1.0,1.0,1.0
c9sps7bl,32597951,8,8,1.0,1.0,1.0
qfiy90jx,32597951,8,8,1.0,1.0,1.0
8oohxrrz,32597951,8,8,1.0,1.0,1.0
x5id5i5q,32597951,8,8,1.0,1.0,1.0
yebzokh4,32597951,8,8,1.0,1.0,1.0
kavvl57w,32597951,8,8,1.0,1.0,1.0
idma9086,32597951,8,8,1.0,1.0,1.0
r99uy0qb,32597951,8,8,1.0,1.0,1.0
b73rrttr,32597951,6,11,1.8333333333333333,1.0,1.0
0fy66fv2,32597951,9,9,1.0,1.0,1.0
d1vjrjhc,32597951,8,8,1.0,1.0,1.0
mlvcv31l,32597951,8,8,1.0,1.0,1.0
o4kkkuj9,32597951,11,11,1.0,1.0,1.0
k8txaw58,32597951,8,8,1.0,1.0,1.0
a589fsqz,32597951,8,8,1.0,1.0,1.0
t2eyvuxq,32597951,8,8,1.0,1.0,1.0
qv0yh587,32597951,7,8,1.1428571428571428,1.0,1.0
ni5df01j,32597951,8,8,1.0,1.0,1.0
eyn3wygc,32597951,8,8,1.0,1.0,1.0
mrwlcmno,32597951,8,8,1.0,1.0,1.0
ew4oecfi,32597951,8,8,1.0,1.0,1.0
08vqizpx,32597951,10,10,1.0,1.0,1.0
2j8p9vyz,32597951,8,8,1.0,1.0,1.0
s03ed531,32597951,8,8,1.0,1.0,1.0
wcau806y,32597951,8,8,1.0,1.0,1.0
zj5uemkt,32597951,15,15,1.0,1.0,1.0
l5sagbsh,32597951,8,8,1.0,1.0,1.0
v6jvgdvg,32597951,8,8,1.0,1.0,1.0
ljwskxcq,32597951,8,8,1.0,1.0,1.0
3irnkhq8,32597951,8,8,1.0,1.0,1.0
4s9g1cze,32597951,10,10,1.0,1.0,1.0
uktb326q,32597951,9,9,1.0,1.0,1.0
kwy2bqjo,32597951,10,10,1.0,1.0,1.0
bw2cwy0m,32597951,10,10,1.0,1.0,1.0
cdo2cmtp,32597951,8,8,1.0,1.0,1.0
648anokh,32597951,8,8,1.0,1.0,1.0
zc26r1al,32597951,8,8,1.0,1.0,1.0
rjanlii9,32597951,8,8,1.0,1.0,1.0
c7ac53of,32597951,18,47,2.611111111111111,1.0,1.0
mrypomny,32597951,8,8,1.0,1.0,1.0
tc5wgx8h,32597951,211,271,1.2227488151658767,1.0,1.0
8bgj1tsd,32597951,8,8,1.0,1.0,1.0
f1ejz9fy,32597951,8,8,1.0,1.0,1.0
a9gvtd1o,32597951,8,8,1.0,1.0,1.0
e0biso3r,32597951,8,8,1.0,1.0,1.0
lmtka1ev,32597951,8,8,1.0,1.0,1.0
41kp06jx,32597951,8,8,1.0,1.0,1.0
a0w1xgxf,32597951,10,10,1.0,1.0,1.0
6eyovdd2,32597951,8,8,1.0,1.0,1.0
a6jpzpek,32597951,5,5,1.0,1.0,1.0
xasfvnb7,32597951,10,10,1.0,1.0,1.0
ce9qdbyh,32597951,11,11,1.0,1.0,1.0
904h81sn,32597951,8,8,1.0,1.0,1.0
so5k1adg,32597951,12,12,1.0,1.0,1.0
j2dvablb,32597951,10,10,1.0,1.0,1.0
nhds6zsd,32597951,8,8,1.0,1.0,1.0
vr20hyge,32597951,14,14,1.0,1.0,1.0
o5qropwk,32597951,8,8,1.0,1.0,1.0
5nrjvc7q,32597951,8,8,1.0,1.0,1.0
61zahdh9,32597951,8,8,1.0,1.0,1.0
5hz183aa,32597951,57,58,1.0175438596491229,1.0,1.0
emwp6wq7,32597951,8,8,1.0,1.0,1.0
pad0sufd,32597951,8,8,1.0,1.0,1.0
xeu3j3ki,32597951,8,8,1.0,1.0,1.0
npr5bsi2,32597951,8,8,1.0,1.0,1.0
154uk6vm,32597951,8,8,1.0,1.0,1.0
ym49wqbn,32597951,15,16,1.0666666666666667,1.0,1.0
74l1qvc1,32597951,8,8,1.0,1.0,1.0
byx9jkxm,32597951,8,8,1.0,1.0,1.0
bmlngyh3,32597951,8,8,1.0,1.0,1.0
clucow7d,32597951,8,8,1.0,1.0,1.0
3d2as981,32597951,19,19,1.0,1.0,1.0
cghxa2ie,32597951,8,8,1.0,1.0,1.0
6e5gb0yb,32597951,8,8,1.0,1.0,1.0
aqmjput5,32597951,151,170,1.1258278145695364,0.9867549668874173,1.0
l9krayds,32597951,31,70,2.2580645161290325,0.9354838709677419,1.0
bhpug29p,32597951,8,8,1.0,1.0,1.0
nvlsix5c,32597951,58,58,1.0,1.0,1.0
f5ohsl5h,32597951,8,8,1.0,1.0,1.0
cp3b83py,32597951,8,8,1.0,1.0,1.0
27d8totr,32597951,8,8,1.0,1.0,1.0
fkx2gd88,32597951,8,8,1.0,1.0,1.0
qothvfhf,32597951,17,17,1.0,1.0,1.0
kmwiem6m,32597951,8,8,1.0,1.0,1.0
5pds9j1d,32597951,8,8,1.0,1.0,1.0
d33m799j,32597951,2,64,30.0,0.0,0.896551724137931
44o5xnxe,32597951,8,8,1.0,1.0,1.0
ihnjt6k4,32597951,16,16,1.0,1.0,1.0
qkiu92kk,32597951,10,10,1.0,1.0,1.0
02333qfj,32597951,12,25,2.0,1.0,1.0
qfsp3ery,32597951,8,8,1.0,1.0,1.0
q04yitea,32597951,8,8,1.0,1.0,1.0
y32zaw9c,32597951,8,8,1.0,1.0,1.0
cuybsfwr,32597951,8,8,1.0,1.0,1.0
0ra11hiv,32597951,8,8,1.0,1.0,1.0
phbjwkyw,32597951,8,8,1.0,1.0,1.0
89u58v07,32597951,8,8,1.0,1.0,1.0
hsm45iwx,32597951,8,8,1.0,1.0,1.0
e2w81k0i,32597951,10,10,1.0,1.0,1.0
4s3cm7d8,32597951,8,8,1.0,1.0,1.0
sn10zd6g,32597951,8,8,1.0,1.0,1.0
zvbewhqx,32597951,8,8,1.0,1.0,1.0
plfupad7,32597951,8,8,1.0,1.0,1.0
n2et79bd,32597951,8,8,1.0,1.0,1.0
ism64anu,32597951,8,8,1.0,1.0,1.0
qazkn1sw,32597951,5,11,2.2,0.4,1.0
f0wpo2hr,32597951,8,8,1.0,1.0,1.0
c7z6erey,32597951,8,8,1.0,1.0,1.0
hpl7jugr,32597951,8,8,1.0,1.0,1.0
nze0azo1,32597951,8,8,1.0,1.0,1.0
r2ck84r8,32597951,9,9,1.0,1.0,1.0
3cc6zm51,32597951,10,10,1.0,1.0,1.0
ske58akk,32597951,8,8,1.0,1.0,1.0
ovhoesyy,32597951,8,8,1.0,1.0,1.0
r24jdhzg,32597951,8,8,1.0,1.0,1.0
stbyxpx6,32597951,10,10,1.0,1.0,1.0
4s3cm7d8,6455b5f5,21,141,6.714285714285714,1.0,1.0
e2w81k0i,6455b5f5,4,86,17.25,1.0,1.0
hsm45iwx,6455b5f5,6,97,14.5,1.0,1.0
sn10zd6g,6455b5f5,5,76,15.0,1.0,1.0
phbjwkyw,6455b5f5,4,70,17.25,1.0,1.0
szbhlpfr,6455b5f5,12,288,19.166666666666668,0.75,0.9769503546099291
89u58v07,6455b5f5,10,104,9.8,1.0,1.0
y32zaw9c,6455b5f5,67,70,1.044776119402985,1.0,1.0
0ra11hiv,6455b5f5,11,86,6.636363636363637,0.9090909090909091,1.0
cuybsfwr,6455b5f5,7,178,24.142857142857142,1.0,1.0
44o5xnxe,6455b5f5,13,69,5.3076923076923075,1.0,1.0
q04yitea,6455b5f5,3,96,27.666666666666668,1.0,1.0
qfsp3ery,6455b5f5,15,75,4.866666666666666,0.9333333333333333,1.0
02333qfj,6455b5f5,6,95,14.5,1.0,1.0
ovhoesyy,6455b5f5,6,91,12.166666666666666,1.0,1.0
ske58akk,6455b5f5,5,82,15.4,1.0,1.0
3cc6zm51,6455b5f5,16,80,4.75,0.9375,0.9990384615384615
stbyxpx6,6455b5f5,4,47,7.75,0.5,1.0
r24jdhzg,6455b5f5,19,123,4.2631578947368425,0.9473684210526315,1.0
r2ck84r8,6455b5f5,6,83,11.5,1.0,1.0
nze0azo1,6455b5f5,23,113,4.739130434782608,0.9130434782608695,1.0
hpl7jugr,6455b5f5,4,92,18.25,1.0,1.0
f0wpo2hr,6455b5f5,5,72,14.2,1.0,1.0
qazkn1sw,6455b5f5,12,94,5.916666666666667,1.0,1.0
c7z6erey,6455b5f5,4,69,17.25,1.0,1.0
8aknstxj,6455b5f5,4,99,17.25,1.0,1.0
0hrc9vve,6455b5f5,2,16,7.5,0.5,1.0
zvbewhqx,6455b5f5,4,72,17.25,1.0,1.0
ism64anu,6455b5f5,4,74,17.25,1.0,1.0
n2et79bd,6455b5f5,9,112,11.0,1.0,1.0
plfupad7,6455b5f5,15,198,11.2,1.0,1.0
bmlngyh3,6455b5f5,3,97,26.333333333333332,1.0,1.0
cghxa2ie,6455b5f5,6,84,11.5,1.0,1.0
3d2as981,6455b5f5,5,73,14.0,1.0,1.0
clucow7d,6455b5f5,4,111,25.25,1.0,1.0
byx9jkxm,6455b5f5,4,78,17.25,1.0,1.0
74l1qvc1,6455b5f5,30,123,3.033333333333333,1.0,1.0
pad0sufd,6455b5f5,10,74,6.9,1.0,1.0
emwp6wq7,6455b5f5,10,82,6.9,1.0,1.0
154uk6vm,6455b5f5,10,70,6.9,1.0,1.0
npr5bsi2,6455b5f5,10,112,9.2,1.0,1.0
ol9lky1i,6455b5f5,9,141,11.444444444444445,1.0,1.0
5nrjvc7q,6455b5f5,16,69,4.3125,1.0,1.0
o5qropwk,6455b5f5,10,81,6.9,1.0,1.0
5hz183aa,6455b5f5,2,23,11.5,0.5,1.0
61zahdh9,6455b5f5,4,76,17.25,1.0,1.0
5pds9j1d,6455b5f5,70,70,1.0,1.0,1.0
kmwiem6m,6455b5f5,4,69,17.25,1.0,1.0
ikfbpugl,6455b5f5,12,107,7.25,1.0,1.0
cp3b83py,6455b5f5,15,207,10.4,0.9333333333333333,1.0
qothvfhf,6455b5f5,66,66,1.0,1.0,1.0
fkx2gd88,6455b5f5,4,97,17.25,1.0,1.0
27d8totr,6455b5f5,4,69,17.25,1.0,1.0
icf7bchs,6455b5f5,31,174,4.806451612903226,0.8709677419354839,1.0
f5ohsl5h,6455b5f5,4,94,17.25,1.0,1.0
bhpug29p,6455b5f5,11,95,6.363636363636363,1.0,1.0
l9krayds,6455b5f5,5,88,14.2,1.0,1.0
aqmjput5,6455b5f5,4,99,17.25,1.0,1.0
dmft9d3y,6455b5f5,8,71,8.625,1.0,1.0
bdfn1h0o,6455b5f5,5,70,14.0,1.0,1.0
6e5gb0yb,6455b5f5,7,121,12.571428571428571,0.8571428571428571,1.0
a0w1xgxf,6455b5f5,8,127,14.875,1.0,1.0
41kp06jx,6455b5f5,4,92,18.25,0.75,0.9938271604938271
lmtka1ev,6455b5f5,4,84,17.25,1.0,1.0
a6jpzpek,6455b5f5,7,91,11.714285714285714,1.0,1.0
6eyovdd2,6455b5f5,19,300,13.947368421052632,1.0,1.0
f1ejz9fy,6455b5f5,10,171,15.4,0.8,1.0
vpxztp7b,6455b5f5,7,83,10.428571428571429,1.0,1.0
e0biso3r,6455b5f5,4,87,17.25,1.0,1.0
a9gvtd1o,6455b5f5,12,80,5.833333333333333,1.0,1.0
mrypomny,6455b5f5,23,69,3.0,1.0,1.0
jeq3oy2g,6455b5f5,8,85,8.75,0.875,1.0
c7ac53of,6455b5f5,3,14,4.666666666666667,0.0,1.0
rjanlii9,6455b5f5,5,97,19.0,1.0,1.0
8bgj1tsd,6455b5f5,11,78,6.2727272727272725,1.0,1.0
tc5wgx8h,6455b5f5,6,69,11.5,1.0,1.0
648anokh,6455b5f5,5,72,13.8,1.0,1.0
vr20hyge,6455b5f5,3,3,1.0,1.0,1.0
nhds6zsd,6455b5f5,15,71,4.6,1.0,1.0
ce9qdbyh,6455b5f5,4,104,17.25,1.0,1.0
j2dvablb,6455b5f5,4,72,17.25,1.0,1.0
904h81sn,6455b5f5,4,74,17.25,1.0,1.0
sesf1qnx,6455b5f5,5,96,15.6,1.0,1.0
xasfvnb7,6455b5f5,1,1,1.0,1.0,1.0
s03ed531,6455b5f5,99,99,1.0,1.0,1.0
6p8vl3lk,6455b5f5,4,93,21.5,1.0,1.0
2j8p9vyz,6455b5f5,7,78,10.142857142857142,1.0,1.0
wcau806y,6455b5f5,1,1,1.0,1.0,1.0
eyn3wygc,6455b5f5,24,91,3.25,1.0,1.0
ni5df01j,6455b5f5,7,94,12.428571428571429,0.8571428571428571,1.0
ew4oecfi,6455b5f5,4,79,17.25,1.0,1.0
mrwlcmno,6455b5f5,15,69,4.6,1.0,1.0
qv0yh587,6455b5f5,81,81,1.0,1.0,1.0
t2eyvuxq,6455b5f5,4,89,17.25,1.0,1.0
k8txaw58,6455b5f5,27,74,2.5555555555555554,1.0,1.0
o4kkkuj9,6455b5f5,21,298,12.047619047619047,0.9523809523809523,1.0
mlvcv31l,6455b5f5,7,155,18.714285714285715,1.0,1.0
d1vjrjhc,6455b5f5,2,72,34.5,1.0,1.0
a589fsqz,6455b5f5,4,112,17.25,1.0,1.0
uktb326q,6455b5f5,10,86,6.9,1.0,1.0
kwy2bqjo,6455b5f5,13,165,12.076923076923077,0.9230769230769231,0.9615384615384616
bw2cwy0m,6455b5f5,14,78,5.0,1.0,1.0
4s9g1cze,6455b5f5,4,108,17.25,1.0,1.0
3irnkhq8,6455b5f5,3,72,23.0,0.6666666666666666,1.0
ljwskxcq,6455b5f5,4,93,17.25,1.0,1.0
v6jvgdvg,6455b5f5,11,80,7.2727272727272725,0.7272727272727273,1.0
l5sagbsh,6455b5f5,6,94,12.5,0.8333333333333334,1.0
zj5uemkt,6455b5f5,13,161,10.076923076923077,1.0,1.0
jqeesfz7,6455b5f5,77,77,1.0,1.0,1.0
9pjr0waw,6455b5f5,5,90,15.0,1.0,1.0
8psac9uo,6455b5f5,13,202,11.923076923076923,0.9230769230769231,0.9764780673871584
nx0vccp8,6455b5f5,31,142,4.193548387096774,0.9032258064516129,1.0
kck1uue7,6455b5f5,15,273,14.733333333333333,0.8,0.9866666666666667
l0nln4b2,6455b5f5,18,175,9.444444444444445,1.0,1.0
aypxap78,6455b5f5,5,89,13.8,0.8,1.0
ascil7wf,6455b5f5,4,76,17.25,1.0,1.0
8y2nd2sh,6455b5f5,11,174,14.0,1.0,1.0
r99uy0qb,6455b5f5,4,92,18.25,0.75,1.0
b73rrttr,6455b5f5,16,22,1.375,1.0,1.0
7nszfy43,6455b5f5,7,135,15.857142857142858,1.0,1.0
yebzokh4,6455b5f5,11,85,6.363636363636363,1.0,1.0
8oohxrrz,6455b5f5,8,85,9.75,1.0,1.0
qfiy90jx,6455b5f5,5,126,20.6,1.0,1.0
x5id5i5q,6455b5f5,2,75,34.5,1.0,1.0
2d8q4qkc,6455b5f5,4,94,17.25,1.0,1.0
g3vslpjv,6455b5f5,6,71,11.5,1.0,1.0
c9sps7bl,6455b5f5,4,96,17.25,1.0,1.0
bx44xwzb,6455b5f5,11,76,6.363636363636363,1.0,1.0
o2ho0580,6455b5f5,12,52,4.333333333333333,0.75,1.0
jayyv6lz,6455b5f5,13,231,12.76923076923077,0.9230769230769231,1.0
qu0lm98m,6455b5f5,12,297,20.25,0.8333333333333334,1.0
yfyhejim,6455b5f5,4,100,17.25,1.0,1.0
9wkeb5tu,6455b5f5,16,109,6.8125,1.0,1.0
ei0ij8ms,6455b5f5,5,95,18.2,1.0,1.0
0yfthc4y,6455b5f5,13,114,7.461538461538462,0.9230769230769231,1.0
2tkm21z6,6455b5f5,68,69,1.0147058823529411,1.0,1.0
yc52i3qf,6455b5f5,3,61,15.666666666666666,1.0,1.0
c2lwacqc,6455b5f5,1,1,1.0,1.0,1.0
g7svteiz,6455b5f5,18,83,4.111111111111111,1.0,1.0
mzi8f2hv,6455b5f5,7,97,12.714285714285714,1.0,1.0
189iqcds,6455b5f5,4,75,17.25,1.0,1.0
hd5k29qy,6455b5f5,17,129,6.411764705882353,1.0,1.0
rhbgnqhz,6455b5f5,4,93,17.25,1.0,1.0
72p6pxny,6455b5f5,24,256,9.375,1.0,1.0
o1t1fb7j,6455b5f5,6,112,13.333333333333334,1.0,0.9345991561181434
7agy8y3l,6455b5f5,20,75,3.45,1.0,1.0
vbwguazj,6455b5f5,6,73,11.833333333333334,1.0,1.0
om1m73rv,6455b5f5,14,251,15.785714285714286,1.0,1.0
z3die4q3,6455b5f5,13,203,13.923076923076923,1.0,1.0
8jwr3j6t,6455b5f5,10,82,6.9,1.0,1.0
8yhijukj,6455b5f5,6,94,13.333333333333334,1.0,1.0
50nsp39w,6455b5f5,13,296,17.307692307692307,1.0,1.0
mhskzwic,6455b5f5,6,76,11.5,1.0,1.0
xklnx39q,6455b5f5,6,117,15.833333333333334,0.8333333333333334,1.0
pz38obzd,6455b5f5,11,70,6.2727272727272725,1.0,1.0
nrfiw9bx,6455b5f5,5,91,14.2,0.8,1.0
t3l0if03,6455b5f5,7,78,9.571428571428571,0.8571428571428571,1.0
nldu5ge3,6455b5f5,5,70,14.0,1.0,1.0
4wx63ymf,6455b5f5,4,78,17.25,0.75,1.0
ler5uq42,6455b5f5,92,92,1.0,1.0,1.0
kkeej6x5,6455b5f5,24,76,2.875,1.0,1.0
f5ktzt2t,6455b5f5,5,78,13.8,1.0,1.0
pcrxo3zp,6455b5f5,5,74,14.2,1.0,1.0
2w766g1z,6455b5f5,4,77,17.25,1.0,1.0
mr7lkk46,6455b5f5,7,86,10.0,1.0,1.0
1r6yodve,6455b5f5,119,119,1.0,1.0,1.0
zfeorjum,6455b5f5,5,84,15.2,1.0,1.0
hkj9daz7,6455b5f5,4,84,17.25,1.0,1.0
9ohxtpht,6455b5f5,33,86,2.606060606060606,1.0,1.0
w12e497z,6455b5f5,12,68,5.25,0.9166666666666666,1.0
oxvw1rhx,6455b5f5,7,98,10.571428571428571,1.0,1.0
4j6cy1mk,6455b5f5,23,100,4.130434782608695,0.9565217391304348,1.0
fl73adm5,6455b5f5,4,75,17.25,1.0,1.0
8d21w3yr,6455b5f5,4,103,17.25,1.0,1.0
cfclud8z,6455b5f5,6,83,11.5,1.0,1.0
zelqv7az,6455b5f5,5,69,13.8,1.0,1.0
z8b26ynw,6455b5f5,4,72,17.25,1.0,1.0
jx6lhkbi,6455b5f5,4,73,17.25,1.0,1.0
clhkwrie,6455b5f5,10,71,6.9,1.0,1.0
1qt2f29y,6455b5f5,46,70,1.5217391304347827,1.0,1.0
mpzcivx9,6455b5f5,4,78,17.25,1.0,1.0
sp00glmz,6455b5f5,23,124,3.9565217391304346,1.0,1.0
9evwb372,6455b5f5,7,202,21.714285714285715,0.8571428571428571,1.0
ya0wv6pm,6455b5f5,6,118,12.5,1.0,1.0
23iyreiv,6455b5f5,5,91,15.4,1.0,1.0
nrfiw9bx,a1570a43,3,28,9.0,1.0,1.0
pz38obzd,a1570a43,9,16,1.7777777777777777,1.0,1.0
xklnx39q,a1570a43,28,59,1.8571428571428572,1.0,0.9857142857142858
8jwr3j6t,a1570a43,7,25,3.4285714285714284,1.0,1.0
z3die4q3,a1570a43,6,10,1.6666666666666667,1.0,1.0
mhskzwic,a1570a43,8,25,3.0,1.0,1.0
50nsp39w,a1570a43,13,29,2.0,1.0,1.0
8yhijukj,a1570a43,11,11,1.0,1.0,1.0
vbwguazj,a1570a43,16,28,1.625,1.0,1.0
7agy8y3l,a1570a43,25,25,1.0,1.0,1.0
mr7lkk46,a1570a43,13,27,1.9230769230769231,1.0,1.0
2w766g1z,a1570a43,13,27,1.8461538461538463,1.0,1.0
pcrxo3zp,a1570a43,6,10,1.6666666666666667,1.0,1.0
f5ktzt2t,a1570a43,22,23,1.0454545454545454,1.0,1.0
kkeej6x5,a1570a43,14,38,2.7142857142857144,1.0,1.0
nldu5ge3,a1570a43,19,57,2.736842105263158,1.0,1.0
t3l0if03,a1570a43,15,24,1.6,1.0,1.0
ler5uq42,a1570a43,34,34,1.0,1.0,1.0
4wx63ymf,a1570a43,14,35,2.4285714285714284,1.0,1.0
nfbzvhip,a1570a43,31,31,1.0,1.0,1.0
onnumbyy,a1570a43,18,18,1.0,1.0,1.0
m63pxnwq,a1570a43,8,16,2.0,1.0,1.0
4j6cy1mk,a1570a43,15,29,1.8,1.0,1.0
oxvw1rhx,a1570a43,80,80,1.0,1.0,1.0
8d21w3yr,a1570a43,22,22,1.0,1.0,1.0
hkj9daz7,a1570a43,6,10,1.6666666666666667,1.0,1.0
zfeorjum,a1570a43,49,78,1.5714285714285714,1.0,1.0
w12e497z,a1570a43,15,19,1.2666666666666666,1.0,1.0
9ohxtpht,a1570a43,13,27,2.0,1.0,1.0
2anyuqd8,a1570a43,16,16,1.0,1.0,1.0
1r6yodve,a1570a43,16,16,1.0,1.0,1.0
23iyreiv,a1570a43,7,11,1.5714285714285714,1.0,1.0
ya0wv6pm,a1570a43,10,10,1.0,1.0,1.0
9evwb372,a1570a43,8,35,3.875,1.0,1.0
mpzcivx9,a1570a43,4,30,6.0,1.0,1.0
1qt2f29y,a1570a43,17,51,2.4705882352941178,1.0,0.9836601307189542
clhkwrie,a1570a43,17,29,1.588235294117647,1.0,1.0
sp00glmz,a1570a43,24,24,1.0,1.0,1.0
jx6lhkbi,a1570a43,6,10,1.6666666666666667,1.0,1.0
cfclud8z,a1570a43,12,16,1.3333333333333333,1.0,1.0
z8b26ynw,a1570a43,6,10,1.6666666666666667,1.0,1.0
zelqv7az,a1570a43,10,10,1.0,1.0,1.0
qif0sa3r,a1570a43,15,25,1.6666666666666667,1.0,1.0
aypxap78,a1570a43,11,16,1.4545454545454546,0.9090909090909091,1.0
l0nln4b2,a1570a43,36,77,1.9444444444444444,1.0,1.0
ascil7wf,a1570a43,33,53,1.4242424242424243,1.0,1.0
9pjr0waw,a1570a43,15,31,2.0,1.0,1.0
kck1uue7,a1570a43,8,13,1.625,1.0,1.0
nx0vccp8,a1570a43,10,10,1.0,1.0,1.0
8psac9uo,a1570a43,48,48,1.0,1.0,1.0
jqeesfz7,a1570a43,10,10,1.0,1.0,1.0
g3vslpjv,a1570a43,16,16,1.0,1.0,1.0
2d8q4qkc,a1570a43,6,10,1.6666666666666667,1.0,1.0
o2ho0580,a1570a43,6,22,3.5,1.0,1.0
bx44xwzb,a1570a43,10,10,1.0,1.0,1.0
c9sps7bl,a1570a43,6,29,4.333333333333333,1.0,1.0
qfiy90jx,a1570a43,11,11,1.0,1.0,1.0
8oohxrrz,a1570a43,6,27,4.0,0.8333333333333334,1.0
x5id5i5q,a1570a43,14,14,1.0,1.0,1.0
yebzokh4,a1570a43,11,11,1.0,1.0,1.0
kavvl57w,a1570a43,20,33,1.65,1.0,1.0
idma9086,a1570a43,9,27,2.7777777777777777,1.0,1.0
r99uy0qb,a1570a43,3,3,1.0,1.0,1.0
7nszfy43,a1570a43,47,47,1.0,1.0,1.0
b73rrttr,a1570a43,4,4,1.0,1.0,1.0
0fy66fv2,a1570a43,52,52,1.0,1.0,1.0
0yfthc4y,a1570a43,17,27,1.588235294117647,1.0,1.0
ei0ij8ms,a1570a43,8,24,2.875,1.0,1.0
2tkm21z6,a1570a43,53,53,1.0,1.0,1.0
qu0lm98m,a1570a43,6,30,4.666666666666667,1.0,1.0
jayyv6lz,a1570a43,10,10,1.0,1.0,1.0
ldo5smvx,a1570a43,2,2,1.0,1.0,1.0
72p6pxny,a1570a43,6,27,4.166666666666667,1.0,1.0
rhbgnqhz,a1570a43,6,18,3.0,1.0,1.0
hd5k29qy,a1570a43,20,93,3.7,0.95,1.0
189iqcds,a1570a43,9,30,2.888888888888889,1.0,1.0
mzi8f2hv,a1570a43,5,13,2.6,1.0,1.0
xgvto4mg,a1570a43,37,38,1.0,1.0,1.0
fgxp8fzz,a1570a43,4,27,6.75,1.0,1.0
g7svteiz,a1570a43,10,10,1.0,1.0,1.0
c2lwacqc,a1570a43,24,24,1.0,1.0,1.0
cw4tyx7n,a1570a43,3,5,1.6666666666666667,1.0,1.0
qqqzakmg,a1570a43,1,36,24.0,0.0,1.0
648anokh,a1570a43,4,39,7.75,1.0,1.0
zc26r1al,a1570a43,34,34,1.0,1.0,1.0
c7ac53of,a1570a43,30,30,1.0,1.0,1.0
jeq3oy2g,a1570a43,75,105,1.32,0.9866666666666667,1.0
mrypomny,a1570a43,18,25,1.3888888888888888,1.0,1.0
tc5wgx8h,a1570a43,7,25,3.5714285714285716,1.0,1.0
8bgj1tsd,a1570a43,13,28,2.0,1.0,1.0
vpxztp7b,a1570a43,14,32,2.0714285714285716,1.0,1.0
f1ejz9fy,a1570a43,10,31,2.7,1.0,1.0
a9gvtd1o,a1570a43,14,37,2.5714285714285716,1.0,1.0
e0biso3r,a1570a43,10,10,1.0,1.0,1.0
41kp06jx,a1570a43,13,30,1.9230769230769231,1.0,1.0
a0w1xgxf,a1570a43,7,11,1.5714285714285714,1.0,1.0
6eyovdd2,a1570a43,29,70,2.2758620689655173,0.9655172413793104,1.0
a6jpzpek,a1570a43,11,15,1.3636363636363635,1.0,1.0
xasfvnb7,a1570a43,37,37,1.0,1.0,1.0
03ljcqhc,a1570a43,9,30,3.2222222222222223,1.0,1.0
ce9qdbyh,a1570a43,10,10,1.0,1.0,1.0
904h81sn,a1570a43,6,10,1.6666666666666667,1.0,1.0
so5k1adg,a1570a43,24,24,1.0,1.0,1.0
j2dvablb,a1570a43,5,33,6.2,1.0,1.0
nhds6zsd,a1570a43,10,10,1.0,1.0,1.0
vr20hyge,a1570a43,1,2,2.0,1.0,1.0
mlvcv31l,a1570a43,6,10,1.6666666666666667,1.0,1.0
o4kkkuj9,a1570a43,7,11,1.5714285714285714,1.0,1.0
k8txaw58,a1570a43,10,10,1.0,1.0,1.0
a589fsqz,a1570a43,15,33,2.0,1.0,1.0
t2eyvuxq,a1570a43,11,11,1.0,1.0,1.0
1xogp17t,a1570a43,5,10,2.0,1.0,1.0
ni5df01j,a1570a43,20,52,2.5,0.95,1.0
eyn3wygc,a1570a43,24,24,1.0,1.0,1.0
mrwlcmno,a1570a43,24,24,1.0,1.0,1.0
ew4oecfi,a1570a43,6,27,4.166666666666667,1.0,1.0
08vqizpx,a1570a43,24,24,1.0,1.0,1.0
s03ed531,a1570a43,32,32,1.0,1.0,1.0
wcau806y,a1570a43,2,3,1.0,1.0,1.0
zj5uemkt,a1570a43,25,25,1.0,1.0,1.0
v6jvgdvg,a1570a43,10,10,1.0,1.0,1.0
l5sagbsh,a1570a43,7,26,3.4285714285714284,1.0,1.0
ljwskxcq,a1570a43,9,31,3.4444444444444446,1.0,1.0
3irnkhq8,a1570a43,4,27,6.25,1.0,1.0
4s9g1cze,a1570a43,5,31,4.8,0.8,0.9176470588235294
bw2cwy0m,a1570a43,14,53,3.5,1.0,1.0
kwy2bqjo,a1570a43,14,18,1.2857142857142858,1.0,1.0
44o5xnxe,a1570a43,7,26,3.4285714285714284,0.8571428571428571,1.0
ihnjt6k4,a1570a43,12,12,1.0,1.0,1.0
02333qfj,a1570a43,40,40,1.0,1.0,1.0
qfsp3ery,a1570a43,7,30,4.0,1.0,1.0
q04yitea,a1570a43,13,26,1.8461538461538463,1.0,1.0
y32zaw9c,a1570a43,16,16,1.0,1.0,1.0
cuybsfwr,a1570a43,22,44,1.8181818181818181,1.0,1.0
89u58v07,a1570a43,20,53,2.45,0.95,1.0
hsm45iwx,a1570a43,10,10,1.0,1.0,1.0
e2w81k0i,a1570a43,11,17,1.5454545454545454,1.0,1.0
4s3cm7d8,a1570a43,26,26,1.0,1.0,1.0
zvbewhqx,a1570a43,26,51,1.8461538461538463,1.0,1.0
0hrc9vve,a1570a43,12,13,1.0833333333333333,0.9166666666666666,1.0
plfupad7,a1570a43,6,10,1.6666666666666667,1.0,1.0
n2et79bd,a1570a43,7,28,3.7142857142857144,1.0,1.0
ism64anu,a1570a43,8,29,3.375,1.0,1.0
qazkn1sw,a1570a43,10,18,1.8,0.8,1.0
f0wpo2hr,a1570a43,6,10,1.6666666666666667,1.0,1.0
8aknstxj,a1570a43,5,29,5.6,1.0,1.0
c7z6erey,a1570a43,7,30,3.5714285714285716,1.0,1.0
hpl7jugr,a1570a43,3,29,8.666666666666666,1.0,1.0
nze0azo1,a1570a43,6,10,1.6666666666666667,1.0,1.0
r2ck84r8,a1570a43,10,10,1.0,1.0,1.0
3cc6zm51,a1570a43,11,11,1.0,1.0,1.0
ske58akk,a1570a43,13,29,1.9230769230769231,1.0,1.0
ovhoesyy,a1570a43,8,26,3.0,1.0,1.0
r24jdhzg,a1570a43,10,10,1.0,1.0,1.0
o5qropwk,a1570a43,10,10,1.0,1.0,1.0
5nrjvc7q,a1570a43,30,34,1.1333333333333333,1.0,1.0
ol9lky1i,a1570a43,10,10,1.0,1.0,1.0
61zahdh9,a1570a43,21,40,1.9047619047619047,1.0,1.0
emwp6wq7,a1570a43,22,34,1.5,1.0,1.0
pad0sufd,a1570a43,10,10,1.0,1.0,1.0
npr5bsi2,a1570a43,46,46,1.0,1.0,1.0
154uk6vm,a1570a43,13,25,1.7692307692307692,1.0,1.0
byx9jkxm,a1570a43,8,25,3.0,1.0,1.0
bmlngyh3,a1570a43,28,45,1.3928571428571428,1.0,1.0
clucow7d,a1570a43,6,33,4.666666666666667,1.0,1.0
3d2as981,a1570a43,18,25,1.3333333333333333,1.0,1.0
cghxa2ie,a1570a43,7,11,1.4285714285714286,1.0,1.0
dmft9d3y,a1570a43,6,10,1.6666666666666667,1.0,1.0
6e5gb0yb,a1570a43,6,10,1.6666666666666667,1.0,1.0
icf7bchs,a1570a43,16,16,1.0,1.0,1.0
aqmjput5,a1570a43,16,16,1.0,1.0,1.0
l9krayds,a1570a43,21,22,1.0476190476190477,0.9523809523809523,1.0
cp3b83py,a1570a43,6,25,4.166666666666667,1.0,1.0
27d8totr,a1570a43,13,14,1.0769230769230769,1.0,1.0
fkx2gd88,a1570a43,6,26,4.0,1.0,1.0
qothvfhf,a1570a43,24,24,1.0,1.0,1.0
kmwiem6m,a1570a43,5,26,5.0,1.0,1.0
d33m799j,a1570a43,1,15,11.0,0.0,1.0
f1ejz9fy,90f3ed37,6,31,4.833333333333333,0.6666666666666666,1.0
vpxztp7b,90f3ed37,3,22,7.0,0.6666666666666666,1.0
e0biso3r,90f3ed37,2,10,5.0,1.0,1.0
a9gvtd1o,90f3ed37,5,31,6.2,1.0,1.0
41kp06jx,90f3ed37,3,35,10.333333333333334,0.6666666666666666,1.0
a0w1xgxf,90f3ed37,2,10,5.0,1.0,1.0
6eyovdd2,90f3ed37,2,10,5.0,1.0,1.0
648anokh,90f3ed37,2,10,5.0,1.0,1.0
zc26r1al,90f3ed37,10,10,1.0,1.0,1.0
mrypomny,90f3ed37,2,10,5.0,1.0,1.0
jeq3oy2g,90f3ed37,5,15,3.0,1.0,1.0
c7ac53of,90f3ed37,4,30,7.5,0.75,1.0
rjanlii9,90f3ed37,2,10,5.0,1.0,1.0
tc5wgx8h,90f3ed37,2,10,5.0,1.0,1.0
8bgj1tsd,90f3ed37,11,15,1.3636363636363635,1.0,1.0
vr20hyge,90f3ed37,6,10,1.6666666666666667,1.0,1.0
nhds6zsd,90f3ed37,10,10,1.0,1.0,1.0
ce9qdbyh,90f3ed37,6,88,11.666666666666666,0.5,0.9866666666666667
03ljcqhc,90f3ed37,11,24,2.090909090909091,0.9090909090909091,1.0
j2dvablb,90f3ed37,2,10,5.0,1.0,1.0
so5k1adg,90f3ed37,10,10,1.0,1.0,1.0
904h81sn,90f3ed37,2,10,5.0,1.0,1.0
ni5df01j,90f3ed37,2,10,5.0,1.0,1.0
eyn3wygc,90f3ed37,10,10,1.0,1.0,1.0
08vqizpx,90f3ed37,37,37,1.0,1.0,1.0
mrwlcmno,90f3ed37,10,10,1.0,1.0,1.0
s03ed531,90f3ed37,12,12,1.0,1.0,1.0
2j8p9vyz,90f3ed37,2,10,5.0,1.0,1.0
wcau806y,90f3ed37,4,13,3.0,0.75,1.0
mlvcv31l,90f3ed37,2,10,5.0,1.0,1.0
k8txaw58,90f3ed37,3,15,4.666666666666667,1.0,1.0
o4kkkuj9,90f3ed37,10,10,1.0,1.0,1.0
d1vjrjhc,90f3ed37,2,10,5.0,1.0,1.0
a589fsqz,90f3ed37,3,25,8.333333333333334,0.6666666666666666,1.0
qv0yh587,90f3ed37,9,10,1.1111111111111112,1.0,1.0
t2eyvuxq,90f3ed37,2,10,5.0,1.0,1.0
uktb326q,90f3ed37,12,12,1.0,1.0,1.0
kwy2bqjo,90f3ed37,2,10,5.0,1.0,1.0
bw2cwy0m,90f3ed37,2,10,5.0,1.0,1.0
cdo2cmtp,90f3ed37,2,10,5.0,1.0,1.0
zj5uemkt,90f3ed37,10,10,1.0,1.0,1.0
3irnkhq8,90f3ed37,3,50,11.666666666666666,0.3333333333333333,1.0
4s9g1cze,90f3ed37,2,10,5.0,1.0,1.0
v6jvgdvg,90f3ed37,2,10,5.0,1.0,1.0
l5sagbsh,90f3ed37,2,10,5.0,1.0,1.0
ljwskxcq,90f3ed37,7,42,5.714285714285714,0.7142857142857143,1.0
phbjwkyw,90f3ed37,15,63,3.8666666666666667,0.8666666666666667,1.0
89u58v07,90f3ed37,2,10,5.0,1.0,1.0
4s3cm7d8,90f3ed37,14,71,4.785714285714286,0.8571428571428571,1.0
e2w81k0i,90f3ed37,2,10,5.0,1.0,1.0
hsm45iwx,90f3ed37,2,10,5.0,1.0,1.0
sn10zd6g,90f3ed37,2,10,5.0,1.0,1.0
qkiu92kk,90f3ed37,4,38,8.75,0.75,1.0
44o5xnxe,90f3ed37,2,10,5.0,1.0,1.0
q04yitea,90f3ed37,12,38,3.0833333333333335,1.0,1.0
qfsp3ery,90f3ed37,10,10,1.0,1.0,1.0
02333qfj,90f3ed37,2,10,5.0,1.0,1.0
y32zaw9c,90f3ed37,10,10,1.0,1.0,1.0
cuybsfwr,90f3ed37,10,10,1.0,1.0,1.0
nze0azo1,90f3ed37,3,10,3.3333333333333335,1.0,1.0
r2ck84r8,90f3ed37,2,10,5.0,1.0,1.0
hpl7jugr,90f3ed37,3,17,4.666666666666667,1.0,1.0
ske58akk,90f3ed37,10,10,1.0,1.0,1.0
ovhoesyy,90f3ed37,2,10,5.0,1.0,1.0
3cc6zm51,90f3ed37,10,10,1.0,1.0,1.0
stbyxpx6,90f3ed37,2,16,7.0,1.0,1.0
r24jdhzg,90f3ed37,3,23,6.333333333333333,0.6666666666666666,0.9047619047619048
0hrc9vve,90f3ed37,5,20,4.0,0.6,1.0
zvbewhqx,90f3ed37,10,10,1.0,1.0,1.0
n2et79bd,90f3ed37,7,21,3.0,0.8571428571428571,1.0
ism64anu,90f3ed37,2,10,5.0,1.0,1.0
plfupad7,90f3ed37,4,26,5.0,1.0,1.0
f0wpo2hr,90f3ed37,1,10,10.0,0.0,1.0
qazkn1sw,90f3ed37,12,23,1.9166666666666667,0.9166666666666666,1.0
8aknstxj,90f3ed37,3,10,3.3333333333333335,1.0,1.0
c7z6erey,90f3ed37,2,10,5.0,1.0,1.0
byx9jkxm,90f3ed37,3,38,10.333333333333334,0.6666666666666666,1.0
j2pjmr32,90f3ed37,15,41,2.3333333333333335,0.9333333333333333,1.0
bmlngyh3,90f3ed37,3,12,4.0,0.6666666666666666,1.0
cghxa2ie,90f3ed37,2,10,5.0,1.0,1.0
3d2as981,90f3ed37,4,41,7.0,1.0,0.8881578947368421
clucow7d,90f3ed37,2,10,5.0,1.0,1.0
ol9lky1i,90f3ed37,2,10,5.0,1.0,1.0
5nrjvc7q,90f3ed37,23,31,1.3478260869565217,1.0,1.0
o5qropwk,90f3ed37,2,10,5.0,1.0,1.0
5hz183aa,90f3ed37,2,2,1.0,1.0,1.0
61zahdh9,90f3ed37,2,10,5.0,1.0,1.0
pad0sufd,90f3ed37,3,16,4.666666666666667,1.0,1.0
emwp6wq7,90f3ed37,2,10,5.0,1.0,1.0
154uk6vm,90f3ed37,10,10,1.0,1.0,1.0
ym49wqbn,90f3ed37,2,10,5.0,1.0,1.0
npr5bsi2,90f3ed37,1,10,10.0,0.0,1.0
xeu3j3ki,90f3ed37,2,10,5.0,1.0,1.0
cp3b83py,90f3ed37,2,17,7.0,1.0,1.0
qothvfhf,90f3ed37,10,10,1.0,1.0,1.0
fkx2gd88,90f3ed37,4,24,5.75,1.0,1.0
5pds9j1d,90f3ed37,10,10,1.0,1.0,1.0
kmwiem6m,90f3ed37,2,18,8.0,1.0,1.0
ikfbpugl,90f3ed37,3,10,3.3333333333333335,1.0,1.0
dmft9d3y,90f3ed37,3,10,3.3333333333333335,1.0,1.0
6e5gb0yb,90f3ed37,2,10,5.0,1.0,1.0
icf7bchs,90f3ed37,15,43,2.8666666666666667,1.0,1.0
f5ohsl5h,90f3ed37,3,17,4.666666666666667,1.0,1.0
nvlsix5c,90f3ed37,10,10,1.0,1.0,1.0
l9krayds,90f3ed37,2,2,1.0,1.0,1.0
z3die4q3,90f3ed37,2,25,9.5,1.0,1.0
8jwr3j6t,90f3ed37,3,34,10.333333333333334,0.6666666666666666,1.0
p445h6ow,90f3ed37,2,10,5.0,1.0,1.0
50nsp39w,90f3ed37,10,10,1.0,1.0,1.0
8yhijukj,90f3ed37,3,40,12.0,1.0,1.0
mhskzwic,90f3ed37,4,14,3.5,1.0,1.0
o1t1fb7j,90f3ed37,2,10,5.0,1.0,1.0
7agy8y3l,90f3ed37,26,170,6.038461538461538,0.8461538461538461,1.0
vbwguazj,90f3ed37,5,38,6.8,1.0,1.0
om1m73rv,90f3ed37,2,11,5.0,1.0,1.0
nrfiw9bx,90f3ed37,2,10,5.0,1.0,1.0
xklnx39q,90f3ed37,2,10,5.0,1.0,1.0
pz38obzd,90f3ed37,10,10,1.0,1.0,1.0
t3l0if03,90f3ed37,5,20,4.0,0.8,1.0
nldu5ge3,90f3ed37,2,10,5.0,1.0,1.0
4wx63ymf,90f3ed37,11,33,2.5454545454545454,1.0,1.0
nfbzvhip,90f3ed37,7,26,3.7142857142857144,0.8571428571428571,1.0
ler5uq42,90f3ed37,10,10,1.0,1.0,1.0
onnumbyy,90f3ed37,44,44,1.0,1.0,1.0
m63pxnwq,90f3ed37,3,16,4.666666666666667,1.0,1.0
2w766g1z,90f3ed37,2,10,5.0,1.0,1.0
mr7lkk46,90f3ed37,2,10,5.0,1.0,1.0
nqubyvew,90f3ed37,3,24,7.0,0.3333333333333333,1.0
bcyhma9y,90f3ed37,14,14,1.0,1.0,1.0
kkeej6x5,90f3ed37,2,10,5.0,1.0,1.0
f5ktzt2t,90f3ed37,3,14,4.0,1.0,1.0
pcrxo3zp,90f3ed37,2,19,7.0,1.0,1.0
hkj9daz7,90f3ed37,2,10,5.0,1.0,1.0
zfeorjum,90f3ed37,3,15,4.666666666666667,1.0,1.0
9ohxtpht,90f3ed37,10,10,1.0,1.0,1.0
w12e497z,90f3ed37,21,131,5.238095238095238,0.9047619047619048,0.9875283446712018
k0qq522n,90f3ed37,10,10,1.0,1.0,1.0
1r6yodve,90f3ed37,35,35,1.0,1.0,1.0
oxvw1rhx,90f3ed37,6,32,4.166666666666667,0.8333333333333334,0.9202898550724639
fl73adm5,90f3ed37,2,10,5.0,1.0,1.0
4j6cy1mk,90f3ed37,2,18,8.0,1.0,1.0
8d21w3yr,90f3ed37,49,50,1.0204081632653061,1.0,1.0
jx6lhkbi,90f3ed37,2,10,5.0,1.0,1.0
cfclud8z,90f3ed37,4,20,5.0,1.0,1.0
zelqv7az,90f3ed37,2,10,5.0,1.0,1.0
z8b26ynw,90f3ed37,2,10,5.0,1.0,1.0
9evwb372,90f3ed37,2,10,5.0,1.0,1.0
ya0wv6pm,90f3ed37,12,12,1.0,1.0,1.0
1qt2f29y,90f3ed37,27,28,1.037037037037037,1.0,1.0
clhkwrie,90f3ed37,2,10,5.0,1.0,1.0
mpzcivx9,90f3ed37,2,12,6.0,1.0,1.0
sp00glmz,90f3ed37,12,12,1.0,1.0,1.0
9pjr0waw,90f3ed37,15,28,1.8666666666666667,1.0,1.0
nx0vccp8,90f3ed37,2,10,5.0,1.0,1.0
8psac9uo,90f3ed37,2,10,5.0,1.0,1.0
kck1uue7,90f3ed37,42,181,3.6666666666666665,0.9761904761904762,0.9917898193760263
xji13cu2,90f3ed37,2,10,5.0,1.0,1.0
jqeesfz7,90f3ed37,10,10,1.0,1.0,1.0
qif0sa3r,90f3ed37,11,19,1.7272727272727273,1.0,1.0
8y2nd2sh,90f3ed37,2,10,5.0,1.0,1.0
l0nln4b2,90f3ed37,2,10,5.0,1.0,1.0
aypxap78,90f3ed37,3,10,3.3333333333333335,1.0,1.0
ascil7wf,90f3ed37,2,10,5.0,1.0,1.0
yebzokh4,90f3ed37,10,10,1.0,1.0,1.0
kavvl57w,90f3ed37,2,12,6.0,0.5,1.0
r99uy0qb,90f3ed37,8,18,2.25,1.0,1.0
4kl3i3tv,90f3ed37,6,29,4.833333333333333,1.0,1.0
idma9086,90f3ed37,2,10,5.0,1.0,1.0
0fy66fv2,90f3ed37,3,3,1.0,1.0,1.0
b73rrttr,90f3ed37,5,5,1.0,1.0,1.0
2d8q4qkc,90f3ed37,2,18,8.0,1.0,1.0
g3vslpjv,90f3ed37,2,10,5.0,1.0,1.0
c9sps7bl,90f3ed37,2,10,5.0,1.0,1.0
bx44xwzb,90f3ed37,10,10,1.0,1.0,1.0
o2ho0580,90f3ed37,6,20,3.3333333333333335,0.6666666666666666,1.0
8oohxrrz,90f3ed37,3,10,3.3333333333333335,1.0,1.0
qfiy90jx,90f3ed37,2,10,5.0,1.0,1.0
x5id5i5q,90f3ed37,16,47,2.9375,1.0,1.0
jayyv6lz,90f3ed37,34,34,1.0,1.0,1.0
qu0lm98m,90f3ed37,4,30,7.25,0.75,1.0
ei0ij8ms,90f3ed37,2,10,5.0,1.0,1.0
0yfthc4y,90f3ed37,2,10,5.0,1.0,1.0
yfyhejim,90f3ed37,2,10,5.0,1.0,1.0
9wkeb5tu,90f3ed37,2,10,5.0,1.0,1.0
cw4tyx7n,90f3ed37,5,29,5.4,0.8,1.0
c2lwacqc,90f3ed37,4,32,6.75,0.75,1.0
g7svteiz,90f3ed37,3,10,3.3333333333333335,1.0,1.0
hd5k29qy,90f3ed37,2,16,6.0,1.0,1.0
rhbgnqhz,90f3ed37,2,10,5.0,1.0,1.0
72p6pxny,90f3ed37,4,12,3.0,0.75,1.0
gkse9wdn,90f3ed37,10,10,1.0,1.0,1.0
mzi8f2hv,90f3ed37,5,52,10.0,0.8,0.9459459459459459
189iqcds,90f3ed37,10,10,1.0,1.0,1.0
fgxp8fzz,90f3ed37,2,11,5.0,1.0,1.0
xgvto4mg,90f3ed37,10,10,1.0,1.0,1.0
y32zaw9c,55783887,27,27,1.0,1.0,1.0
qkiu92kk,55783887,9,9,1.0,1.0,1.0
44o5xnxe,55783887,25,25,1.0,1.0,1.0
q04yitea,55783887,23,29,1.2608695652173914,1.0,1.0
qfsp3ery,55783887,7,7,1.0,1.0,1.0
02333qfj,55783887,25,25,1.0,1.0,1.0
4s3cm7d8,55783887,11,30,2.727272727272727,0.9090909090909091,1.0
e2w81k0i,55783887,25,25,1.0,1.0,1.0
hsm45iwx,55783887,33,37,1.121212121212121,1.0,1.0
sn10zd6g,55783887,34,34,1.0,1.0,1.0
phbjwkyw,55783887,27,27,1.0,1.0,1.0
095bdwyc,55783887,72,72,1.0,1.0,1.0
89u58v07,55783887,35,45,1.2857142857142858,1.0,1.0
f0wpo2hr,55783887,25,25,1.0,1.0,1.0
c7z6erey,55783887,25,25,1.0,1.0,1.0
zvbewhqx,55783887,32,32,1.0,1.0,1.0
ism64anu,55783887,32,34,1.0625,1.0,1.0
plfupad7,55783887,26,28,1.0769230769230769,1.0,1.0
ovhoesyy,55783887,51,51,1.0,1.0,1.0
ske58akk,55783887,25,25,1.0,1.0,1.0
3cc6zm51,55783887,38,38,1.0,1.0,1.0
stbyxpx6,55783887,25,25,1.0,1.0,1.0
r24jdhzg,55783887,27,27,1.0,1.0,1.0
r2ck84r8,55783887,32,32,1.0,1.0,1.0
nze0azo1,55783887,40,40,1.0,1.0,1.0
hpl7jugr,55783887,31,31,1.0,1.0,1.0
pad0sufd,55783887,35,68,1.8571428571428572,1.0,1.0
emwp6wq7,55783887,16,16,1.0,1.0,1.0
ym49wqbn,55783887,97,97,1.0,1.0,1.0
154uk6vm,55783887,27,27,1.0,1.0,1.0
npr5bsi2,55783887,41,41,1.0,1.0,1.0
xeu3j3ki,55783887,25,25,1.0,1.0,1.0
5nrjvc7q,55783887,25,29,1.16,1.0,1.0
61zahdh9,55783887,40,47,1.175,1.0,1.0
bmlngyh3,55783887,36,36,1.0,1.0,1.0
cghxa2ie,55783887,25,25,1.0,1.0,1.0
3d2as981,55783887,7,15,2.142857142857143,1.0,1.0
clucow7d,55783887,25,25,1.0,1.0,1.0
byx9jkxm,55783887,25,25,1.0,1.0,1.0
74l1qvc1,55783887,24,24,1.0,1.0,1.0
icf7bchs,55783887,116,450,3.5086206896551726,0.9741379310344828,1.0
f5ohsl5h,55783887,25,27,1.08,1.0,1.0
l9krayds,55783887,4,289,51.75,0.25,1.0
aqmjput5,55783887,8,8,1.0,1.0,1.0
dmft9d3y,55783887,4,6,1.5,1.0,1.0
bdfn1h0o,55783887,51,51,1.0,1.0,1.0
6e5gb0yb,55783887,28,29,1.0357142857142858,1.0,1.0
kmwiem6m,55783887,25,25,1.0,1.0,1.0
d33m799j,55783887,8,8,1.0,1.0,1.0
ikfbpugl,55783887,1,7,6.0,1.0,1.0
cp3b83py,55783887,22,32,1.4545454545454546,1.0,1.0
qothvfhf,55783887,42,42,1.0,1.0,1.0
fkx2gd88,55783887,28,28,1.0,1.0,1.0
27d8totr,55783887,25,25,1.0,1.0,1.0
mrypomny,55783887,25,25,1.0,1.0,1.0
c7ac53of,55783887,66,66,1.0,1.0,1.0
rjanlii9,55783887,9,9,1.0,1.0,1.0
8bgj1tsd,55783887,25,25,1.0,1.0,1.0
648anokh,55783887,25,25,1.0,1.0,1.0
a0w1xgxf,55783887,1,5,5.0,1.0,1.0
41kp06jx,55783887,7,7,1.0,1.0,1.0
lmtka1ev,55783887,27,27,1.0,1.0,1.0
a6jpzpek,55783887,2,24,12.0,1.0,1.0
6eyovdd2,55783887,40,40,1.0,1.0,1.0
f1ejz9fy,55783887,33,33,1.0,1.0,1.0
vpxztp7b,55783887,24,27,1.125,0.9583333333333334,1.0
e0biso3r,55783887,25,25,1.0,1.0,1.0
a9gvtd1o,55783887,49,49,1.0,1.0,1.0
ce9qdbyh,55783887,38,123,2.8421052631578947,0.9473684210526315,1.0
j2dvablb,55783887,50,57,1.14,1.0,1.0
904h81sn,55783887,31,37,1.1935483870967742,1.0,1.0
sesf1qnx,55783887,65,69,1.0615384615384615,1.0,1.0
nhds6zsd,55783887,25,25,1.0,1.0,1.0
qv0yh587,55783887,47,47,1.0,1.0,1.0
t2eyvuxq,55783887,29,29,1.0,1.0,1.0
k8txaw58,55783887,25,25,1.0,1.0,1.0
o4kkkuj9,55783887,13,13,1.0,1.0,1.0
mlvcv31l,55783887,18,18,1.0,1.0,1.0
a589fsqz,55783887,40,60,1.5,0.975,1.0
s03ed531,55783887,50,50,1.0,1.0,1.0
6p8vl3lk,55783887,45,61,1.3555555555555556,1.0,1.0
2j8p9vyz,55783887,25,25,1.0,1.0,1.0
wcau806y,55783887,15,15,1.0,1.0,1.0
eyn3wygc,55783887,29,29,1.0,1.0,1.0
ni5df01j,55783887,6,8,1.3333333333333333,1.0,1.0
08vqizpx,55783887,35,35,1.0,1.0,1.0
ew4oecfi,55783887,69,69,1.0,1.0,1.0
4s9g1cze,55783887,11,17,1.5454545454545454,0.9090909090909091,1.0
3irnkhq8,55783887,64,66,1.03125,1.0,1.0
ljwskxcq,55783887,27,27,1.0,1.0,1.0
v6jvgdvg,55783887,31,41,1.3225806451612903,1.0,1.0
l5sagbsh,55783887,25,25,1.0,1.0,1.0
zj5uemkt,55783887,26,26,1.0,1.0,1.0
cdo2cmtp,55783887,27,27,1.0,1.0,1.0
uktb326q,55783887,27,27,1.0,1.0,1.0
bw2cwy0m,55783887,32,32,1.0,1.0,1.0
kwy2bqjo,55783887,30,30,1.0,1.0,1.0
l0nln4b2,55783887,31,31,1.0,1.0,1.0
aypxap78,55783887,104,104,1.0,1.0,1.0
8y2nd2sh,55783887,24,31,1.2916666666666667,0.9583333333333334,1.0
jqeesfz7,55783887,27,27,1.0,1.0,1.0
8psac9uo,55783887,28,30,1.0714285714285714,1.0,1.0
nx0vccp8,55783887,32,32,1.0,1.0,1.0
kck1uue7,55783887,10,14,1.4,1.0,1.0
qfiy90jx,55783887,34,40,1.1764705882352942,1.0,1.0
x5id5i5q,55783887,64,64,1.0,1.0,1.0
2d8q4qkc,55783887,26,29,1.1153846153846154,1.0,1.0
g3vslpjv,55783887,39,39,1.0,1.0,1.0
c9sps7bl,55783887,27,27,1.0,1.0,1.0
bx44xwzb,55783887,15,16,1.0,1.0,1.0
o2ho0580,55783887,69,356,4.884057971014493,0.8405797101449275,1.0
r99uy0qb,55783887,6,31,5.0,0.5,1.0
idma9086,55783887,71,71,1.0,1.0,1.0
4kl3i3tv,55783887,26,50,1.8846153846153846,0.9615384615384616,1.0
b73rrttr,55783887,7,7,1.0,1.0,1.0
yebzokh4,55783887,103,103,1.0,1.0,1.0
yfyhejim,55783887,25,25,1.0,1.0,1.0
ei0ij8ms,55783887,104,106,1.0192307692307692,1.0,1.0
0yfthc4y,55783887,31,31,1.0,1.0,1.0
2tkm21z6,55783887,34,34,1.0,1.0,1.0
jayyv6lz,55783887,28,28,1.0,1.0,1.0
qu0lm98m,55783887,27,27,1.0,1.0,1.0
mzi8f2hv,55783887,21,23,1.0952380952380953,1.0,1.0
189iqcds,55783887,34,34,1.0,1.0,1.0
hd5k29qy,55783887,17,21,1.2352941176470589,1.0,1.0
rhbgnqhz,55783887,21,41,1.9523809523809523,0.9523809523809523,1.0
72p6pxny,55783887,42,43,1.0,1.0,1.0
cw4tyx7n,55783887,1,1,1.0,1.0,1.0
c2lwacqc,55783887,27,29,1.0740740740740742,1.0,1.0
g7svteiz,55783887,37,37,1.0,1.0,1.0
xklnx39q,55783887,3,36,12.0,0.6666666666666666,1.0
pz38obzd,55783887,27,27,1.0,1.0,1.0
nrfiw9bx,55783887,30,30,1.0,1.0,1.0
7agy8y3l,55783887,64,66,1.03125,1.0,1.0
vbwguazj,55783887,31,33,1.064516129032258,1.0,1.0
om1m73rv,55783887,33,33,1.0,1.0,1.0
z3die4q3,55783887,25,29,1.16,1.0,1.0
p445h6ow,55783887,42,42,1.0,1.0,1.0
8yhijukj,55783887,39,39,1.0,1.0,1.0
50nsp39w,55783887,16,28,1.75,1.0,1.0
mhskzwic,55783887,36,36,1.0,1.0,1.0
f5ktzt2t,55783887,36,36,1.0,1.0,1.0
2w766g1z,55783887,9,9,1.0,1.0,1.0
mr7lkk46,55783887,6,6,1.0,1.0,1.0
onnumbyy,55783887,21,21,1.0,1.0,1.0
t3l0if03,55783887,124,124,1.0,1.0,1.0
nldu5ge3,55783887,16,16,1.0,1.0,1.0
nfbzvhip,55783887,27,27,1.0,1.0,1.0
4wx63ymf,55783887,35,35,1.0,1.0,1.0
ler5uq42,55783887,29,29,1.0,1.0,1.0
oxvw1rhx,55783887,87,87,1.0,1.0,1.0
4j6cy1mk,55783887,13,29,2.230769230769231,0.9230769230769231,1.0
fl73adm5,55783887,25,38,1.52,0.92,1.0
8d21w3yr,55783887,71,71,1.0,1.0,1.0
1r6yodve,55783887,307,307,1.0,1.0,1.0
2anyuqd8,55783887,30,30,1.0,1.0,1.0
zfeorjum,55783887,24,24,1.0,1.0,1.0
hkj9daz7,55783887,24,27,1.125,0.9583333333333334,1.0
9ohxtpht,55783887,52,52,1.0,1.0,1.0
w12e497z,55783887,13,658,24.846153846153847,1.0,1.0
clhkwrie,55783887,108,113,1.0462962962962963,1.0,1.0
1qt2f29y,55783887,59,63,1.0677966101694916,1.0,1.0
mpzcivx9,55783887,25,25,1.0,1.0,1.0
sp00glmz,55783887,75,75,1.0,1.0,1.0
9evwb372,55783887,25,25,1.0,1.0,1.0
2ke9hbes,55783887,18,18,1.0,1.0,1.0
ya0wv6pm,55783887,36,36,1.0,1.0,1.0
23iyreiv,55783887,65,65,1.0,1.0,1.0
cfclud8z,55783887,19,20,1.0,1.0,1.0
zelqv7az,55783887,21,21,1.0,1.0,1.0
z8b26ynw,55783887,34,34,1.0,1.0,1.0
jx6lhkbi,55783887,23,23,1.0,1.0,1.0
zj5uemkt,ecaa0ec1,5,5,1.0,1.0,1.0
3irnkhq8,ecaa0ec1,20,37,1.8,1.0,1.0
4s9g1cze,ecaa0ec1,14,19,1.3571428571428572,1.0,1.0
l5sagbsh,ecaa0ec1,7,11,1.5714285714285714,1.0,1.0
v6jvgdvg,ecaa0ec1,14,15,1.0,1.0,1.0
ljwskxcq,ecaa0ec1,17,19,1.1176470588235294,1.0,1.0
uktb326q,ecaa0ec1,24,25,1.0,1.0,1.0
kwy2bqjo,ecaa0ec1,16,74,4.625,1.0,1.0
bw2cwy0m,ecaa0ec1,17,18,1.0588235294117647,1.0,1.0
cdo2cmtp,ecaa0ec1,10,10,1.0,1.0,1.0
mlvcv31l,ecaa0ec1,16,16,1.0,1.0,1.0
o4kkkuj9,ecaa0ec1,21,21,1.0,1.0,1.0
k8txaw58,ecaa0ec1,40,52,1.3,1.0,1.0
d1vjrjhc,ecaa0ec1,2,2,1.0,1.0,1.0
a589fsqz,ecaa0ec1,11,15,1.3636363636363635,1.0,1.0
qv0yh587,ecaa0ec1,8,8,1.0,1.0,1.0
t2eyvuxq,ecaa0ec1,17,17,1.0,1.0,1.0
ni5df01j,ecaa0ec1,9,9,1.0,1.0,1.0
eyn3wygc,ecaa0ec1,11,11,1.0,1.0,1.0
ew4oecfi,ecaa0ec1,7,11,1.5714285714285714,1.0,1.0
mrwlcmno,ecaa0ec1,11,11,1.0,1.0,1.0
s03ed531,ecaa0ec1,13,13,1.0,1.0,1.0
2j8p9vyz,ecaa0ec1,9,17,1.8888888888888888,1.0,1.0
wcau806y,ecaa0ec1,2,2,1.0,1.0,1.0
xasfvnb7,ecaa0ec1,22,22,1.0,1.0,1.0
j2dvablb,ecaa0ec1,11,11,1.0,1.0,1.0
so5k1adg,ecaa0ec1,18,18,1.0,1.0,1.0
904h81sn,ecaa0ec1,11,11,1.0,1.0,1.0
vr20hyge,ecaa0ec1,3,3,1.0,1.0,1.0
nhds6zsd,ecaa0ec1,15,15,1.0,1.0,1.0
648anokh,ecaa0ec1,9,9,1.0,1.0,1.0
mrypomny,ecaa0ec1,11,11,1.0,1.0,1.0
jeq3oy2g,ecaa0ec1,8,8,1.0,1.0,1.0
c7ac53of,ecaa0ec1,6,18,3.0,0.5,1.0
rjanlii9,ecaa0ec1,13,40,2.3846153846153846,1.0,0.9728506787330317
tc5wgx8h,ecaa0ec1,9,9,1.0,1.0,1.0
f1ejz9fy,ecaa0ec1,11,20,1.8181818181818181,1.0,1.0
vpxztp7b,ecaa0ec1,13,13,1.0,1.0,1.0
e0biso3r,ecaa0ec1,9,9,1.0,1.0,1.0
a9gvtd1o,ecaa0ec1,14,52,3.5714285714285716,1.0,1.0
41kp06jx,ecaa0ec1,5,9,1.8,1.0,1.0
a0w1xgxf,ecaa0ec1,5,7,1.4,1.0,1.0
lmtka1ev,ecaa0ec1,8,14,1.625,1.0,1.0
6eyovdd2,ecaa0ec1,10,12,1.2,1.0,1.0
a6jpzpek,ecaa0ec1,15,15,1.0,1.0,1.0
dmft9d3y,ecaa0ec1,12,29,2.0833333333333335,1.0,1.0
6e5gb0yb,ecaa0ec1,7,11,1.5714285714285714,1.0,1.0
icf7bchs,ecaa0ec1,40,78,1.575,0.975,0.9901315789473685
nvlsix5c,ecaa0ec1,15,15,1.0,1.0,1.0
f5ohsl5h,ecaa0ec1,16,16,1.0,1.0,1.0
aqmjput5,ecaa0ec1,12,17,1.4166666666666667,1.0,1.0
l9krayds,ecaa0ec1,7,7,1.0,1.0,1.0
cp3b83py,ecaa0ec1,12,33,2.75,1.0,1.0
27d8totr,ecaa0ec1,10,10,1.0,1.0,1.0
fkx2gd88,ecaa0ec1,8,20,2.5,1.0,1.0
kmwiem6m,ecaa0ec1,7,11,1.5714285714285714,1.0,1.0
d33m799j,ecaa0ec1,2,12,6.0,1.0,1.0
5nrjvc7q,ecaa0ec1,12,12,1.0,1.0,1.0
o5qropwk,ecaa0ec1,19,19,1.0,1.0,1.0
pad0sufd,ecaa0ec1,13,13,1.0,1.0,1.0
emwp6wq7,ecaa0ec1,11,11,1.0,1.0,1.0
ym49wqbn,ecaa0ec1,19,23,1.2105263157894737,1.0,1.0
npr5bsi2,ecaa0ec1,13,13,1.0,1.0,1.0
xeu3j3ki,ecaa0ec1,10,10,1.0,1.0,1.0
byx9jkxm,ecaa0ec1,10,18,1.8,1.0,1.0
bmlngyh3,ecaa0ec1,16,55,3.4375,1.0,1.0
cghxa2ie,ecaa0ec1,7,16,2.142857142857143,1.0,1.0
3d2as981,ecaa0ec1,10,10,1.0,1.0,1.0
clucow7d,ecaa0ec1,7,17,2.4285714285714284,1.0,1.0
0hrc9vve,ecaa0ec1,8,8,1.0,1.0,1.0
zvbewhqx,ecaa0ec1,8,8,1.0,1.0,1.0
ism64anu,ecaa0ec1,14,14,1.0,1.0,1.0
plfupad7,ecaa0ec1,10,10,1.0,1.0,1.0
f0wpo2hr,ecaa0ec1,9,9,1.0,1.0,1.0
qazkn1sw,ecaa0ec1,8,50,5.375,0.625,1.0
8aknstxj,ecaa0ec1,25,25,1.0,1.0,1.0
c7z6erey,ecaa0ec1,16,16,1.0,1.0,1.0
nze0azo1,ecaa0ec1,21,24,1.1428571428571428,1.0,1.0
r2ck84r8,ecaa0ec1,8,11,1.375,0.875,1.0
hpl7jugr,ecaa0ec1,7,12,1.7142857142857142,1.0,1.0
ske58akk,ecaa0ec1,10,10,1.0,1.0,1.0
ovhoesyy,ecaa0ec1,4,10,2.5,1.0,1.0
3cc6zm51,ecaa0ec1,5,5,1.0,1.0,1.0
stbyxpx6,ecaa0ec1,6,11,1.8333333333333333,1.0,1.0
r24jdhzg,ecaa0ec1,25,25,1.0,1.0,1.0
44o5xnxe,ecaa0ec1,13,28,2.1538461538461537,0.9230769230769231,1.0
q04yitea,ecaa0ec1,16,16,1.0,1.0,1.0
qfsp3ery,ecaa0ec1,4,4,1.0,1.0,1.0
02333qfj,ecaa0ec1,13,13,1.0,1.0,1.0
y32zaw9c,ecaa0ec1,11,11,1.0,1.0,1.0
0ra11hiv,ecaa0ec1,13,13,1.0,1.0,1.0
phbjwkyw,ecaa0ec1,24,24,1.0,1.0,1.0
szbhlpfr,ecaa0ec1,1,1,1.0,1.0,1.0
89u58v07,ecaa0ec1,15,15,1.0,1.0,1.0
4s3cm7d8,ecaa0ec1,9,9,1.0,1.0,1.0
e2w81k0i,ecaa0ec1,7,11,1.5714285714285714,1.0,1.0
hsm45iwx,ecaa0ec1,14,14,1.0,1.0,1.0
sn10zd6g,ecaa0ec1,11,11,1.0,1.0,1.0
9evwb372,ecaa0ec1,10,10,1.0,1.0,1.0
ya0wv6pm,ecaa0ec1,9,9,1.0,1.0,1.0
1qt2f29y,ecaa0ec1,15,15,1.0,1.0,1.0
clhkwrie,ecaa0ec1,15,15,1.0,1.0,1.0
mpzcivx9,ecaa0ec1,22,42,1.8181818181818181,1.0,1.0
sp00glmz,ecaa0ec1,15,15,1.0,1.0,1.0
jx6lhkbi,ecaa0ec1,9,9,1.0,1.0,1.0
cfclud8z,ecaa0ec1,9,9,1.0,1.0,1.0
zelqv7az,ecaa0ec1,20,24,1.2,1.0,1.0
z8b26ynw,ecaa0ec1,14,14,1.0,1.0,1.0
oxvw1rhx,ecaa0ec1,9,27,2.6666666666666665,1.0,1.0
4j6cy1mk,ecaa0ec1,9,9,1.0,1.0,1.0
318gokyy,ecaa0ec1,1,2,2.0,1.0,1.0
8d21w3yr,ecaa0ec1,16,16,1.0,1.0,1.0
hkj9daz7,ecaa0ec1,9,12,1.3333333333333333,1.0,1.0
zfeorjum,ecaa0ec1,9,24,2.6666666666666665,1.0,1.0
9ohxtpht,ecaa0ec1,20,20,1.0,1.0,1.0
w12e497z,ecaa0ec1,13,13,1.0,1.0,1.0
cbvc5e3w,ecaa0ec1,21,22,1.0,1.0,1.0
1r6yodve,ecaa0ec1,13,13,1.0,1.0,1.0
2anyuqd8,ecaa0ec1,13,13,1.0,1.0,1.0
2w766g1z,ecaa0ec1,19,21,1.105263157894737,1.0,1.0
mr7lkk46,ecaa0ec1,17,17,1.0,1.0,1.0
5vv1rrzw,ecaa0ec1,9,9,1.0,1.0,1.0
nqubyvew,ecaa0ec1,10,10,1.0,1.0,1.0
f5ktzt2t,ecaa0ec1,5,14,2.8,1.0,1.0
kkeej6x5,ecaa0ec1,12,21,1.75,1.0,1.0
pcrxo3zp,ecaa0ec1,14,14,1.0,1.0,1.0
t3l0if03,ecaa0ec1,20,29,1.35,0.95,1.0
nldu5ge3,ecaa0ec1,4,20,5.0,1.0,1.0
4wx63ymf,ecaa0ec1,8,12,1.5,1.0,1.0
nfbzvhip,ecaa0ec1,12,12,1.0,1.0,1.0
onnumbyy,ecaa0ec1,14,14,1.0,1.0,1.0
m63pxnwq,ecaa0ec1,10,14,1.4,1.0,1.0
nrfiw9bx,ecaa0ec1,9,13,1.4444444444444444,1.0,1.0
pz38obzd,ecaa0ec1,9,9,1.0,1.0,1.0
xklnx39q,ecaa0ec1,13,21,1.6153846153846154,1.0,1.0
z3die4q3,ecaa0ec1,5,16,3.2,1.0,1.0
p445h6ow,ecaa0ec1,9,9,1.0,1.0,1.0
8yhijukj,ecaa0ec1,18,18,1.0,1.0,1.0
mhskzwic,ecaa0ec1,11,11,1.0,1.0,1.0
7agy8y3l,ecaa0ec1,13,13,1.0,1.0,1.0
vbwguazj,ecaa0ec1,11,11,1.0,1.0,1.0
om1m73rv,ecaa0ec1,11,11,1.0,1.0,1.0
hd5k29qy,ecaa0ec1,17,17,1.0,1.0,1.0
72p6pxny,ecaa0ec1,25,51,2.0,1.0,1.0
mzi8f2hv,ecaa0ec1,9,9,1.0,1.0,1.0
189iqcds,ecaa0ec1,12,31,2.5833333333333335,1.0,1.0
xgvto4mg,ecaa0ec1,13,13,1.0,1.0,1.0
cw4tyx7n,ecaa0ec1,7,7,1.0,1.0,1.0
c2lwacqc,ecaa0ec1,13,13,1.0,1.0,1.0
g7svteiz,ecaa0ec1,14,14,1.0,1.0,1.0
ei0ij8ms,ecaa0ec1,9,9,1.0,1.0,1.0
2tkm21z6,ecaa0ec1,13,13,1.0,1.0,1.0
yfyhejim,ecaa0ec1,15,19,1.2666666666666666,1.0,1.0
jayyv6lz,ecaa0ec1,8,12,1.5,1.0,1.0
qu0lm98m,ecaa0ec1,12,32,2.5833333333333335,1.0,1.0
ldo5smvx,ecaa0ec1,17,19,1.1176470588235294,1.0,1.0
g3vslpjv,ecaa0ec1,13,13,1.0,1.0,1.0
c9sps7bl,ecaa0ec1,6,12,2.0,1.0,1.0
bx44xwzb,ecaa0ec1,9,9,1.0,1.0,1.0
o2ho0580,ecaa0ec1,9,12,1.3333333333333333,1.0,1.0
8oohxrrz,ecaa0ec1,5,13,2.6,1.0,1.0
x5id5i5q,ecaa0ec1,25,25,1.0,1.0,1.0
yebzokh4,ecaa0ec1,16,16,1.0,1.0,1.0
r99uy0qb,ecaa0ec1,14,14,1.0,1.0,1.0
idma9086,ecaa0ec1,13,18,1.3076923076923077,1.0,1.0
7nszfy43,ecaa0ec1,12,12,1.0,1.0,1.0
b73rrttr,ecaa0ec1,5,6,1.2,1.0,1.0
qif0sa3r,ecaa0ec1,23,24,1.0434782608695652,1.0,1.0
8y2nd2sh,ecaa0ec1,27,36,1.2592592592592593,0.9629629629629629,0.9861111111111112
l0nln4b2,ecaa0ec1,11,11,1.0,1.0,1.0
aypxap78,ecaa0ec1,11,11,1.0,1.0,1.0
ascil7wf,ecaa0ec1,14,29,1.8571428571428572,1.0,1.0
nx0vccp8,ecaa0ec1,9,9,1.0,1.0,1.0
8psac9uo,ecaa0ec1,13,13,1.0,1.0,1.0
kck1uue7,ecaa0ec1,7,10,1.4285714285714286,0.8571428571428571,1.0
jqeesfz7,ecaa0ec1,41,41,1.0,1.0,1.0
lmtka1ev,2dd70a9a,1,12,12.0,1.0,1.0
41kp06jx,2dd70a9a,2,12,6.0,1.0,1.0
a0w1xgxf,2dd70a9a,2,24,12.0,0.0,1.0
6eyovdd2,2dd70a9a,4,20,5.0,1.0,1.0
a6jpzpek,2dd70a9a,4,4,1.0,1.0,1.0
vpxztp7b,2dd70a9a,13,29,2.230769230769231,1.0,1.0
f1ejz9fy,2dd70a9a,2,12,6.0,1.0,1.0
e0biso3r,2dd70a9a,12,12,1.0,1.0,1.0
a9gvtd1o,2dd70a9a,3,12,4.0,1.0,1.0
c7ac53of,2dd70a9a,6,54,9.0,1.0,1.0
rjanlii9,2dd70a9a,1,12,12.0,1.0,1.0
mrypomny,2dd70a9a,3,12,4.0,1.0,1.0
jeq3oy2g,2dd70a9a,5,21,4.0,1.0,1.0
tc5wgx8h,2dd70a9a,67,97,1.208955223880597,1.0,1.0
8bgj1tsd,2dd70a9a,20,20,1.0,1.0,1.0
648anokh,2dd70a9a,1,12,12.0,1.0,1.0
zc26r1al,2dd70a9a,20,20,1.0,1.0,1.0
4stfwpke,2dd70a9a,3,12,4.0,1.0,1.0
vr20hyge,2dd70a9a,28,33,1.1785714285714286,1.0,1.0
nhds6zsd,2dd70a9a,3,15,4.666666666666667,0.6666666666666666,1.0
so5k1adg,2dd70a9a,22,22,1.0,1.0,1.0
904h81sn,2dd70a9a,1,12,12.0,1.0,1.0
j2dvablb,2dd70a9a,1,12,12.0,1.0,1.0
xasfvnb7,2dd70a9a,12,12,1.0,1.0,1.0
sesf1qnx,2dd70a9a,7,12,1.7142857142857142,1.0,1.0
2j8p9vyz,2dd70a9a,1,12,12.0,1.0,1.0
6p8vl3lk,2dd70a9a,4,29,7.0,1.0,1.0
s03ed531,2dd70a9a,14,14,1.0,1.0,1.0
wcau806y,2dd70a9a,32,32,1.0,1.0,1.0
ni5df01j,2dd70a9a,3,22,7.333333333333333,1.0,1.0
eyn3wygc,2dd70a9a,1,12,12.0,1.0,1.0
mrwlcmno,2dd70a9a,12,12,1.0,1.0,1.0
ew4oecfi,2dd70a9a,12,12,1.0,1.0,1.0
t2eyvuxq,2dd70a9a,3,22,7.333333333333333,1.0,1.0
d1vjrjhc,2dd70a9a,1,12,12.0,1.0,1.0
mlvcv31l,2dd70a9a,1,12,12.0,1.0,1.0
o4kkkuj9,2dd70a9a,12,12,1.0,1.0,1.0
k8txaw58,2dd70a9a,3,27,9.0,1.0,1.0
a589fsqz,2dd70a9a,2,12,6.0,1.0,1.0
cdo2cmtp,2dd70a9a,2,19,9.5,1.0,1.0
uktb326q,2dd70a9a,14,14,1.0,1.0,1.0
kwy2bqjo,2dd70a9a,2,20,10.0,1.0,1.0
bw2cwy0m,2dd70a9a,12,12,1.0,1.0,1.0
v6jvgdvg,2dd70a9a,21,21,1.0,1.0,1.0
l5sagbsh,2dd70a9a,1,12,12.0,1.0,1.0
ljwskxcq,2dd70a9a,1,12,12.0,1.0,1.0
3irnkhq8,2dd70a9a,1,12,12.0,1.0,1.0
4s9g1cze,2dd70a9a,1,12,12.0,1.0,1.0
zj5uemkt,2dd70a9a,6,12,2.0,1.0,1.0
hsm45iwx,2dd70a9a,1,12,12.0,1.0,1.0
4s3cm7d8,2dd70a9a,17,30,1.7647058823529411,1.0,1.0
e2w81k0i,2dd70a9a,2,13,6.0,1.0,1.0
szbhlpfr,2dd70a9a,25,29,1.12,1.0,1.0
phbjwkyw,2dd70a9a,1,12,12.0,1.0,1.0
89u58v07,2dd70a9a,1,12,12.0,1.0,1.0
y32zaw9c,2dd70a9a,12,12,1.0,1.0,1.0
0ra11hiv,2dd70a9a,12,12,1.0,1.0,1.0
44o5xnxe,2dd70a9a,3,12,4.0,1.0,1.0
qkiu92kk,2dd70a9a,12,12,1.0,1.0,1.0
02333qfj,2dd70a9a,1,12,12.0,1.0,1.0
q04yitea,2dd70a9a,2,20,10.0,1.0,1.0
qfsp3ery,2dd70a9a,19,19,1.0,1.0,1.0
3cc6zm51,2dd70a9a,22,22,1.0,1.0,1.0
ske58akk,2dd70a9a,1,12,12.0,1.0,1.0
ovhoesyy,2dd70a9a,1,12,12.0,1.0,1.0
r24jdhzg,2dd70a9a,7,12,1.7142857142857142,1.0,1.0
stbyxpx6,2dd70a9a,6,16,2.1666666666666665,1.0,1.0
nze0azo1,2dd70a9a,10,20,2.0,1.0,1.0
r2ck84r8,2dd70a9a,3,12,4.0,1.0,1.0
hpl7jugr,2dd70a9a,2,29,14.0,1.0,1.0
qazkn1sw,2dd70a9a,7,17,2.4285714285714284,0.8571428571428571,1.0
f0wpo2hr,2dd70a9a,1,13,13.0,1.0,1.0
8aknstxj,2dd70a9a,12,12,1.0,1.0,1.0
c7z6erey,2dd70a9a,2,20,10.0,1.0,1.0
0hrc9vve,2dd70a9a,1,53,51.0,0.0,1.0
zvbewhqx,2dd70a9a,3,16,5.333333333333333,1.0,1.0
plfupad7,2dd70a9a,12,12,1.0,1.0,1.0
n2et79bd,2dd70a9a,1,13,13.0,1.0,1.0
ism64anu,2dd70a9a,2,12,6.0,1.0,1.0
bmlngyh3,2dd70a9a,27,27,1.0,1.0,1.0
clucow7d,2dd70a9a,1,12,12.0,1.0,1.0
cghxa2ie,2dd70a9a,2,23,10.0,1.0,1.0
3d2as981,2dd70a9a,9,48,5.333333333333333,1.0,1.0
byx9jkxm,2dd70a9a,1,12,12.0,1.0,1.0
74l1qvc1,2dd70a9a,1,1,1.0,1.0,1.0
j2pjmr32,2dd70a9a,58,61,1.0517241379310345,1.0,1.0
emwp6wq7,2dd70a9a,1,12,12.0,1.0,1.0
pad0sufd,2dd70a9a,12,12,1.0,1.0,1.0
xeu3j3ki,2dd70a9a,10,31,2.7,1.0,1.0
154uk6vm,2dd70a9a,20,20,1.0,1.0,1.0
ym49wqbn,2dd70a9a,4,13,3.25,1.0,1.0
npr5bsi2,2dd70a9a,20,20,1.0,1.0,1.0
o5qropwk,2dd70a9a,14,14,1.0,1.0,1.0
ol9lky1i,2dd70a9a,2,19,9.5,1.0,1.0
5nrjvc7q,2dd70a9a,2,19,9.5,1.0,1.0
61zahdh9,2dd70a9a,2,21,10.5,1.0,1.0
5hz183aa,2dd70a9a,16,30,1.875,0.9375,1.0
kmwiem6m,2dd70a9a,1,12,12.0,1.0,1.0
5pds9j1d,2dd70a9a,12,12,1.0,1.0,1.0
ikfbpugl,2dd70a9a,6,27,4.5,1.0,1.0
d33m799j,2dd70a9a,2,39,19.0,0.0,1.0
cp3b83py,2dd70a9a,1,12,12.0,1.0,1.0
27d8totr,2dd70a9a,1,12,12.0,1.0,1.0
91fk0af9,2dd70a9a,19,19,1.0,1.0,1.0
qothvfhf,2dd70a9a,13,13,1.0,1.0,1.0
icf7bchs,2dd70a9a,78,80,1.0256410256410255,1.0,1.0
aqmjput5,2dd70a9a,29,55,1.8620689655172413,1.0,1.0
l9krayds,2dd70a9a,54,57,1.0555555555555556,1.0,1.0
dmft9d3y,2dd70a9a,2,12,6.0,1.0,1.0
6e5gb0yb,2dd70a9a,5,12,2.4,1.0,1.0
om1m73rv,2dd70a9a,1,12,12.0,1.0,1.0
7agy8y3l,2dd70a9a,4,18,4.5,1.0,1.0
vbwguazj,2dd70a9a,2,12,6.0,1.0,1.0
z3die4q3,2dd70a9a,2,17,8.5,1.0,1.0
8jwr3j6t,2dd70a9a,12,12,1.0,1.0,1.0
p445h6ow,2dd70a9a,3,24,8.0,1.0,1.0
mhskzwic,2dd70a9a,7,50,6.285714285714286,0.8571428571428571,1.0
50nsp39w,2dd70a9a,4,28,7.0,1.0,1.0
8yhijukj,2dd70a9a,12,12,1.0,1.0,1.0
pz38obzd,2dd70a9a,5,12,2.4,0.8,1.0
xklnx39q,2dd70a9a,3,26,8.666666666666666,1.0,1.0
nrfiw9bx,2dd70a9a,2,12,6.0,1.0,1.0
onnumbyy,2dd70a9a,12,12,1.0,1.0,1.0
m63pxnwq,2dd70a9a,1,12,12.0,1.0,1.0
t3l0if03,2dd70a9a,12,12,1.0,1.0,1.0
nldu5ge3,2dd70a9a,15,15,1.0,1.0,1.0
ler5uq42,2dd70a9a,16,16,1.0,1.0,1.0
4wx63ymf,2dd70a9a,3,13,4.333333333333333,1.0,1.0
nfbzvhip,2dd70a9a,2,24,12.0,1.0,1.0
bcyhma9y,2dd70a9a,22,22,1.0,1.0,1.0
kkeej6x5,2dd70a9a,12,12,1.0,1.0,1.0
pcrxo3zp,2dd70a9a,1,13,12.0,1.0,1.0
mr7lkk46,2dd70a9a,3,12,4.0,1.0,1.0
2w766g1z,2dd70a9a,2,15,7.0,1.0,1.0
nqubyvew,2dd70a9a,5,12,2.4,1.0,1.0
0wk7vjg8,2dd70a9a,1,1,1.0,1.0,1.0
1r6yodve,2dd70a9a,71,71,1.0,1.0,1.0
2anyuqd8,2dd70a9a,12,12,1.0,1.0,1.0
k0qq522n,2dd70a9a,12,12,1.0,1.0,1.0
hkj9daz7,2dd70a9a,1,12,12.0,1.0,1.0
zfeorjum,2dd70a9a,7,16,2.2857142857142856,0.8571428571428571,1.0
9ohxtpht,2dd70a9a,12,12,1.0,1.0,1.0
w12e497z,2dd70a9a,43,43,1.0,1.0,1.0
oxvw1rhx,2dd70a9a,2,25,12.0,1.0,1.0
fl73adm5,2dd70a9a,3,24,8.0,1.0,1.0
4j6cy1mk,2dd70a9a,1,12,12.0,1.0,1.0
8d21w3yr,2dd70a9a,2,21,10.0,1.0,1.0
cfclud8z,2dd70a9a,1,12,12.0,1.0,1.0
zelqv7az,2dd70a9a,12,12,1.0,1.0,1.0
z8b26ynw,2dd70a9a,1,12,12.0,1.0,1.0
jx6lhkbi,2dd70a9a,4,21,5.25,1.0,1.0
mpzcivx9,2dd70a9a,1,12,12.0,1.0,1.0
1qt2f29y,2dd70a9a,11,12,1.0909090909090908,1.0,1.0
clhkwrie,2dd70a9a,19,19,1.0,1.0,1.0
sp00glmz,2dd70a9a,1,12,12.0,1.0,1.0
23iyreiv,2dd70a9a,4,20,5.0,1.0,1.0
2ke9hbes,2dd70a9a,36,36,1.0,1.0,1.0
9evwb372,2dd70a9a,3,12,4.0,1.0,1.0
ya0wv6pm,2dd70a9a,28,28,1.0,1.0,1.0
jqeesfz7,2dd70a9a,12,12,1.0,1.0,1.0
kck1uue7,2dd70a9a,4,26,6.5,1.0,1.0
nx0vccp8,2dd70a9a,12,12,1.0,1.0,1.0
8psac9uo,2dd70a9a,22,22,1.0,1.0,1.0
aypxap78,2dd70a9a,1,12,12.0,1.0,1.0
l0nln4b2,2dd70a9a,12,12,1.0,1.0,1.0
ascil7wf,2dd70a9a,1,12,12.0,1.0,1.0
8y2nd2sh,2dd70a9a,4,22,5.25,1.0,1.0
r99uy0qb,2dd70a9a,4,27,5.75,1.0,0.9090909090909091
4kl3i3tv,2dd70a9a,19,19,1.0,1.0,1.0
idma9086,2dd70a9a,1,12,12.0,1.0,1.0
b73rrttr,2dd70a9a,10,10,1.0,1.0,1.0
yebzokh4,2dd70a9a,26,26,1.0,1.0,1.0
qfiy90jx,2dd70a9a,1,12,12.0,1.0,1.0
8oohxrrz,2dd70a9a,1,12,12.0,1.0,1.0
x5id5i5q,2dd70a9a,12,12,1.0,1.0,1.0
g3vslpjv,2dd70a9a,7,12,1.7142857142857142,1.0,1.0
2d8q4qkc,2dd70a9a,3,24,8.0,1.0,1.0
o2ho0580,2dd70a9a,13,15,1.1538461538461537,1.0,1.0
bx44xwzb,2dd70a9a,12,12,1.0,1.0,1.0
ldo5smvx,2dd70a9a,1,12,12.0,1.0,1.0
qu0lm98m,2dd70a9a,2,20,10.0,1.0,1.0
jayyv6lz,2dd70a9a,6,12,2.0,1.0,1.0
yfyhejim,2dd70a9a,1,12,12.0,1.0,1.0
0yfthc4y,2dd70a9a,20,20,1.0,1.0,1.0
ei0ij8ms,2dd70a9a,1,12,12.0,1.0,1.0
2tkm21z6,2dd70a9a,12,12,1.0,1.0,1.0
c2lwacqc,2dd70a9a,2,20,10.0,1.0,1.0
g7svteiz,2dd70a9a,28,28,1.0,1.0,1.0
cw4tyx7n,2dd70a9a,21,34,1.619047619047619,1.0,1.0
189iqcds,2dd70a9a,1,12,12.0,1.0,1.0
mzi8f2hv,2dd70a9a,1,12,12.0,1.0,1.0
fgxp8fzz,2dd70a9a,1,12,12.0,1.0,1.0
rhbgnqhz,2dd70a9a,2,18,9.0,1.0,1.0
72p6pxny,2dd70a9a,8,44,5.375,1.0,1.0
hd5k29qy,2dd70a9a,2,16,8.0,1.0,1.0
gkse9wdn,2dd70a9a,14,14,1.0,1.0,1.0
ya0wv6pm,73c3b0d8,26,26,1.0,1.0,1.0
9evwb372,73c3b0d8,10,10,1.0,1.0,1.0
clhkwrie,73c3b0d8,13,13,1.0,1.0,1.0
1qt2f29y,73c3b0d8,14,14,1.0,1.0,1.0
mpzcivx9,73c3b0d8,8,10,1.25,1.0,1.0
sp00glmz,73c3b0d8,11,11,1.0,1.0,1.0
jx6lhkbi,73c3b0d8,8,8,1.0,1.0,1.0
cfclud8z,73c3b0d8,16,16,1.0,1.0,1.0
z8b26ynw,73c3b0d8,10,10,1.0,1.0,1.0
zelqv7az,73c3b0d8,8,8,1.0,1.0,1.0
4j6cy1mk,73c3b0d8,9,9,1.0,1.0,1.0
oxvw1rhx,73c3b0d8,25,25,1.0,1.0,1.0
8d21w3yr,73c3b0d8,9,9,1.0,1.0,1.0
zfeorjum,73c3b0d8,11,13,1.1818181818181819,1.0,1.0
hkj9daz7,73c3b0d8,8,8,1.0,1.0,1.0
w12e497z,73c3b0d8,4,14,2.75,1.0,1.0
9ohxtpht,73c3b0d8,8,10,1.25,1.0,1.0
0wk7vjg8,73c3b0d8,12,19,1.5833333333333333,1.0,1.0
2anyuqd8,73c3b0d8,8,8,1.0,1.0,1.0
2w766g1z,73c3b0d8,15,15,1.0,1.0,1.0
5vv1rrzw,73c3b0d8,8,8,1.0,1.0,1.0
mr7lkk46,73c3b0d8,15,15,1.0,1.0,1.0
f5ktzt2t,73c3b0d8,8,8,1.0,1.0,1.0
kkeej6x5,73c3b0d8,8,8,1.0,1.0,1.0
nldu5ge3,73c3b0d8,8,8,1.0,1.0,1.0
t3l0if03,73c3b0d8,17,17,1.0,1.0,1.0
nfbzvhip,73c3b0d8,9,9,1.0,1.0,1.0
4wx63ymf,73c3b0d8,8,8,1.0,1.0,1.0
onnumbyy,73c3b0d8,12,15,1.25,0.9166666666666666,0.9791666666666666
nrfiw9bx,73c3b0d8,8,8,1.0,1.0,1.0
pz38obzd,73c3b0d8,13,41,3.1538461538461537,1.0,1.0
xklnx39q,73c3b0d8,7,9,1.2857142857142858,1.0,1.0
p445h6ow,73c3b0d8,13,13,1.0,1.0,1.0
8jwr3j6t,73c3b0d8,8,8,1.0,1.0,1.0
z3die4q3,73c3b0d8,8,8,1.0,1.0,1.0
8yhijukj,73c3b0d8,2,2,1.0,1.0,1.0
50nsp39w,73c3b0d8,11,11,1.0,1.0,1.0
mhskzwic,73c3b0d8,8,8,1.0,1.0,1.0
vbwguazj,73c3b0d8,8,8,1.0,1.0,1.0
o1t1fb7j,73c3b0d8,11,11,1.0,1.0,1.0
7agy8y3l,73c3b0d8,11,13,1.1818181818181819,1.0,1.0
om1m73rv,73c3b0d8,17,18,1.0,1.0,1.0
hd5k29qy,73c3b0d8,32,32,1.0,1.0,1.0
72p6pxny,73c3b0d8,9,9,1.0,1.0,1.0
rhbgnqhz,73c3b0d8,8,8,1.0,1.0,1.0
mzi8f2hv,73c3b0d8,11,11,1.0,1.0,1.0
189iqcds,73c3b0d8,10,10,1.0,1.0,1.0
cw4tyx7n,73c3b0d8,1,7,7.0,1.0,1.0
g7svteiz,73c3b0d8,8,8,1.0,1.0,1.0
c2lwacqc,73c3b0d8,19,19,1.0,1.0,1.0
ei0ij8ms,73c3b0d8,12,12,1.0,1.0,1.0
0yfthc4y,73c3b0d8,30,30,1.0,1.0,1.0
2tkm21z6,73c3b0d8,8,8,1.0,1.0,1.0
yfyhejim,73c3b0d8,8,8,1.0,1.0,1.0
qu0lm98m,73c3b0d8,8,8,1.0,1.0,1.0
jayyv6lz,73c3b0d8,9,9,1.0,1.0,1.0
2d8q4qkc,73c3b0d8,8,8,1.0,1.0,1.0
g3vslpjv,73c3b0d8,8,8,1.0,1.0,1.0
c9sps7bl,73c3b0d8,8,10,1.25,1.0,1.0
o2ho0580,73c3b0d8,5,14,2.4,1.0,1.0
bx44xwzb,73c3b0d8,9,9,1.0,1.0,1.0
8oohxrrz,73c3b0d8,9,9,1.0,1.0,1.0
qfiy90jx,73c3b0d8,7,7,1.0,1.0,1.0
x5id5i5q,73c3b0d8,11,11,1.0,1.0,1.0
yebzokh4,73c3b0d8,19,19,1.0,1.0,1.0
idma9086,73c3b0d8,12,12,1.0,1.0,1.0
r99uy0qb,73c3b0d8,3,3,1.0,1.0,1.0
b73rrttr,73c3b0d8,5,6,1.2,1.0,1.0
8y2nd2sh,73c3b0d8,8,8,1.0,1.0,1.0
l0nln4b2,73c3b0d8,16,17,1.0625,1.0,1.0
aypxap78,73c3b0d8,10,17,1.7,1.0,1.0
ascil7wf,73c3b0d8,8,8,1.0,1.0,1.0
8psac9uo,73c3b0d8,8,10,1.25,1.0,1.0
nx0vccp8,73c3b0d8,20,21,1.0,1.0,1.0
kck1uue7,73c3b0d8,6,6,1.0,1.0,1.0
jqeesfz7,73c3b0d8,10,10,1.0,1.0,1.0
zj5uemkt,73c3b0d8,8,8,1.0,1.0,1.0
4s9g1cze,73c3b0d8,17,20,1.1764705882352942,1.0,1.0
3irnkhq8,73c3b0d8,10,10,1.0,1.0,1.0
ljwskxcq,73c3b0d8,8,8,1.0,1.0,1.0
v6jvgdvg,73c3b0d8,8,9,1.125,1.0,1.0
l5sagbsh,73c3b0d8,8,8,1.0,1.0,1.0
uktb326q,73c3b0d8,11,11,1.0,1.0,1.0
bw2cwy0m,73c3b0d8,8,8,1.0,1.0,1.0
o4kkkuj9,73c3b0d8,27,74,1.9259259259259258,0.9629629629629629,0.9863547758284601
k8txaw58,73c3b0d8,14,14,1.0,1.0,1.0
mlvcv31l,73c3b0d8,8,8,1.0,1.0,1.0
d1vjrjhc,73c3b0d8,8,8,1.0,1.0,1.0
a589fsqz,73c3b0d8,8,8,1.0,1.0,1.0
qv0yh587,73c3b0d8,5,5,1.0,1.0,1.0
t2eyvuxq,73c3b0d8,18,19,1.0555555555555556,1.0,1.0
eyn3wygc,73c3b0d8,8,8,1.0,1.0,1.0
ew4oecfi,73c3b0d8,24,24,1.0,1.0,1.0
mrwlcmno,73c3b0d8,8,8,1.0,1.0,1.0
s03ed531,73c3b0d8,2,2,1.0,1.0,1.0
2j8p9vyz,73c3b0d8,8,8,1.0,1.0,1.0
wcau806y,73c3b0d8,3,3,1.0,1.0,1.0
sesf1qnx,73c3b0d8,8,8,1.0,1.0,1.0
03ljcqhc,73c3b0d8,11,25,2.272727272727273,1.0,1.0
j2dvablb,73c3b0d8,8,8,1.0,1.0,1.0
904h81sn,73c3b0d8,8,8,1.0,1.0,1.0
nhds6zsd,73c3b0d8,8,8,1.0,1.0,1.0
vr20hyge,73c3b0d8,4,4,1.0,1.0,1.0
648anokh,73c3b0d8,12,12,1.0,1.0,1.0
jeq3oy2g,73c3b0d8,3,18,4.666666666666667,1.0,1.0
mrypomny,73c3b0d8,9,9,1.0,1.0,1.0
rjanlii9,73c3b0d8,14,14,1.0,1.0,1.0
c7ac53of,73c3b0d8,3,22,7.333333333333333,0.6666666666666666,1.0
8bgj1tsd,73c3b0d8,16,23,1.4375,1.0,1.0
tc5wgx8h,73c3b0d8,15,19,1.2,1.0,1.0
f1ejz9fy,73c3b0d8,12,12,1.0,1.0,1.0
vpxztp7b,73c3b0d8,11,11,1.0,1.0,1.0
a9gvtd1o,73c3b0d8,11,11,1.0,1.0,1.0
e0biso3r,73c3b0d8,9,9,1.0,1.0,1.0
lmtka1ev,73c3b0d8,10,10,1.0,1.0,1.0
a6jpzpek,73c3b0d8,3,3,1.0,1.0,1.0
6eyovdd2,73c3b0d8,30,30,1.0,1.0,1.0
dmft9d3y,73c3b0d8,8,12,1.5,1.0,1.0
6e5gb0yb,73c3b0d8,9,9,1.0,1.0,1.0
icf7bchs,73c3b0d8,23,31,1.3043478260869565,1.0,1.0
l9krayds,73c3b0d8,10,10,1.0,1.0,1.0
aqmjput5,73c3b0d8,9,9,1.0,1.0,1.0
91fk0af9,73c3b0d8,8,8,1.0,1.0,1.0
fkx2gd88,73c3b0d8,8,8,1.0,1.0,1.0
27d8totr,73c3b0d8,8,8,1.0,1.0,1.0
5pds9j1d,73c3b0d8,1,1,1.0,1.0,1.0
kmwiem6m,73c3b0d8,13,13,1.0,1.0,1.0
d33m799j,73c3b0d8,3,15,5.0,0.6666666666666666,1.0
ikfbpugl,73c3b0d8,7,14,1.8571428571428572,1.0,1.0
5nrjvc7q,73c3b0d8,24,24,1.0,1.0,1.0
ol9lky1i,73c3b0d8,6,7,1.1666666666666667,1.0,1.0
o5qropwk,73c3b0d8,8,8,1.0,1.0,1.0
5hz183aa,73c3b0d8,25,48,1.92,1.0,1.0
61zahdh9,73c3b0d8,8,8,1.0,1.0,1.0
pad0sufd,73c3b0d8,9,10,1.0,1.0,1.0
emwp6wq7,73c3b0d8,8,8,1.0,1.0,1.0
npr5bsi2,73c3b0d8,5,5,1.0,1.0,1.0
ym49wqbn,73c3b0d8,8,8,1.0,1.0,1.0
154uk6vm,73c3b0d8,5,5,1.0,1.0,1.0
xeu3j3ki,73c3b0d8,1,1,1.0,1.0,1.0
byx9jkxm,73c3b0d8,9,9,1.0,1.0,1.0
j2pjmr32,73c3b0d8,12,39,2.5833333333333335,0.8333333333333334,1.0
bmlngyh3,73c3b0d8,10,10,1.0,1.0,1.0
3d2as981,73c3b0d8,12,14,1.1666666666666667,0.9166666666666666,1.0
cghxa2ie,73c3b0d8,26,26,1.0,1.0,1.0
clucow7d,73c3b0d8,8,8,1.0,1.0,1.0
zvbewhqx,73c3b0d8,16,16,1.0,1.0,1.0
ism64anu,73c3b0d8,20,76,3.05,0.95,0.9962264150943396
n2et79bd,73c3b0d8,39,39,1.0,1.0,1.0
plfupad7,73c3b0d8,8,8,1.0,1.0,1.0
f0wpo2hr,73c3b0d8,8,8,1.0,1.0,1.0
qazkn1sw,73c3b0d8,12,12,1.0,1.0,1.0
c7z6erey,73c3b0d8,10,10,1.0,1.0,1.0
8aknstxj,73c3b0d8,9,9,1.0,1.0,1.0
hpl7jugr,73c3b0d8,10,10,1.0,1.0,1.0
r2ck84r8,73c3b0d8,8,10,1.25,1.0,1.0
nze0azo1,73c3b0d8,10,10,1.0,1.0,1.0
ovhoesyy,73c3b0d8,8,8,1.0,1.0,1.0
ske58akk,73c3b0d8,28,28,1.0,1.0,1.0
3cc6zm51,73c3b0d8,15,15,1.0,1.0,1.0
stbyxpx6,73c3b0d8,6,6,1.0,1.0,1.0
r24jdhzg,73c3b0d8,10,10,1.0,1.0,1.0
44o5xnxe,73c3b0d8,8,8,1.0,1.0,1.0
qfsp3ery,73c3b0d8,1,7,7.0,1.0,1.0
q04yitea,73c3b0d8,10,10,1.0,1.0,1.0
02333qfj,73c3b0d8,8,8,1.0,1.0,1.0
phbjwkyw,73c3b0d8,8,8,1.0,1.0,1.0
89u58v07,73c3b0d8,18,18,1.0,1.0,1.0
e2w81k0i,73c3b0d8,12,12,1.0,1.0,1.0
4s3cm7d8,73c3b0d8,12,12,1.0,1.0,1.0
hsm45iwx,73c3b0d8,8,8,1.0,1.0,1.0
sn10zd6g,73c3b0d8,15,15,1.0,1.0,1.0
gkse9wdn,e69241bd,20,20,1.0,1.0,1.0
72p6pxny,e69241bd,13,21,1.5384615384615385,1.0,1.0
rhbgnqhz,e69241bd,20,20,1.0,1.0,1.0
hd5k29qy,e69241bd,20,20,1.0,1.0,1.0
fgxp8fzz,e69241bd,3,30,7.666666666666667,1.0,1.0
189iqcds,e69241bd,20,20,1.0,1.0,1.0
mzi8f2hv,e69241bd,10,20,2.0,1.0,1.0
g7svteiz,e69241bd,20,20,1.0,1.0,1.0
c2lwacqc,e69241bd,13,21,1.6153846153846154,1.0,1.0
cw4tyx7n,e69241bd,38,80,2.0,0.9473684210526315,1.0
2tkm21z6,e69241bd,20,20,1.0,1.0,1.0
0yfthc4y,e69241bd,20,20,1.0,1.0,1.0
ei0ij8ms,e69241bd,5,25,4.4,1.0,1.0
9wkeb5tu,e69241bd,9,20,2.2222222222222223,1.0,1.0
yfyhejim,e69241bd,6,26,3.8333333333333335,1.0,1.0
jayyv6lz,e69241bd,27,27,1.0,1.0,1.0
qu0lm98m,e69241bd,6,23,3.6666666666666665,1.0,1.0
bx44xwzb,e69241bd,20,20,1.0,1.0,1.0
o2ho0580,e69241bd,9,9,1.0,1.0,1.0
c9sps7bl,e69241bd,6,24,3.6666666666666665,1.0,1.0
g3vslpjv,e69241bd,19,21,1.105263157894737,1.0,1.0
2d8q4qkc,e69241bd,3,26,7.333333333333333,1.0,1.0
x5id5i5q,e69241bd,5,24,4.4,1.0,1.0
qfiy90jx,e69241bd,20,20,1.0,1.0,1.0
8oohxrrz,e69241bd,3,28,7.333333333333333,1.0,1.0
kavvl57w,e69241bd,6,24,3.5,1.0,1.0
yebzokh4,e69241bd,20,20,1.0,1.0,1.0
b73rrttr,e69241bd,18,19,1.0,1.0,1.0
0fy66fv2,e69241bd,3,3,1.0,1.0,1.0
idma9086,e69241bd,9,24,2.3333333333333335,1.0,1.0
r99uy0qb,e69241bd,6,26,4.0,1.0,1.0
8y2nd2sh,e69241bd,5,24,4.2,1.0,1.0
ascil7wf,e69241bd,9,29,2.4444444444444446,1.0,1.0
aypxap78,e69241bd,12,22,1.75,1.0,1.0
l0nln4b2,e69241bd,20,20,1.0,1.0,1.0
kck1uue7,e69241bd,8,26,3.0,1.0,1.0
8psac9uo,e69241bd,16,20,1.25,1.0,1.0
nx0vccp8,e69241bd,20,20,1.0,1.0,1.0
jqeesfz7,e69241bd,20,20,1.0,1.0,1.0
23iyreiv,e69241bd,7,23,2.857142857142857,1.0,1.0
ya0wv6pm,e69241bd,15,25,1.4,1.0,1.0
9evwb372,e69241bd,10,20,2.0,1.0,1.0
sp00glmz,e69241bd,4,30,6.25,1.0,1.0
mpzcivx9,e69241bd,8,22,2.625,1.0,1.0
1qt2f29y,e69241bd,20,20,1.0,1.0,1.0
clhkwrie,e69241bd,20,20,1.0,1.0,1.0
jx6lhkbi,e69241bd,3,26,7.333333333333333,1.0,1.0
z8b26ynw,e69241bd,6,23,3.5,1.0,1.0
zelqv7az,e69241bd,20,20,1.0,1.0,1.0
cfclud8z,e69241bd,15,20,1.3333333333333333,1.0,1.0
8d21w3yr,e69241bd,38,39,1.0263157894736843,1.0,1.0
4j6cy1mk,e69241bd,20,20,1.0,1.0,1.0
oxvw1rhx,e69241bd,21,21,1.0,1.0,1.0
w12e497z,e69241bd,35,36,1.0285714285714285,1.0,1.0
9ohxtpht,e69241bd,20,20,1.0,1.0,1.0
hkj9daz7,e69241bd,9,23,2.2222222222222223,1.0,1.0
zfeorjum,e69241bd,5,25,4.2,1.0,1.0
2anyuqd8,e69241bd,20,20,1.0,1.0,1.0
1r6yodve,e69241bd,55,55,1.0,1.0,1.0
5vv1rrzw,e69241bd,18,21,1.1666666666666667,1.0,1.0
mr7lkk46,e69241bd,6,25,3.6666666666666665,1.0,1.0
2w766g1z,e69241bd,20,20,1.0,1.0,1.0
pcrxo3zp,e69241bd,18,21,1.1111111111111112,1.0,1.0
f5ktzt2t,e69241bd,4,26,5.25,1.0,1.0
kkeej6x5,e69241bd,20,20,1.0,1.0,1.0
ler5uq42,e69241bd,20,20,1.0,1.0,1.0
nfbzvhip,e69241bd,19,20,1.0526315789473684,1.0,1.0
4wx63ymf,e69241bd,13,20,1.5384615384615385,0.9230769230769231,1.0
nldu5ge3,e69241bd,20,20,1.0,1.0,1.0
t3l0if03,e69241bd,20,20,1.0,1.0,1.0
m63pxnwq,e69241bd,18,21,1.1111111111111112,1.0,1.0
onnumbyy,e69241bd,19,20,1.0526315789473684,0.9473684210526315,1.0
nrfiw9bx,e69241bd,10,20,2.0,1.0,1.0
pz38obzd,e69241bd,17,22,1.2941176470588236,1.0,1.0
xklnx39q,e69241bd,5,25,4.4,1.0,1.0
mhskzwic,e69241bd,20,20,1.0,1.0,1.0
8yhijukj,e69241bd,9,21,2.2222222222222223,1.0,1.0
8jwr3j6t,e69241bd,11,22,2.0,1.0,1.0
z3die4q3,e69241bd,3,26,7.333333333333333,1.0,1.0
om1m73rv,e69241bd,10,20,2.0,1.0,1.0
vbwguazj,e69241bd,20,20,1.0,1.0,1.0
7agy8y3l,e69241bd,22,22,1.0,1.0,1.0
pgtp756s,e69241bd,20,20,1.0,1.0,1.0
6e5gb0yb,e69241bd,10,22,2.1,1.0,1.0
dmft9d3y,e69241bd,9,22,2.2222222222222223,1.0,1.0
aqmjput5,e69241bd,37,59,1.5405405405405406,1.0,1.0
l9krayds,e69241bd,19,19,1.0,1.0,1.0
nvlsix5c,e69241bd,2,2,1.0,1.0,1.0
fkx2gd88,e69241bd,4,25,5.5,1.0,1.0
27d8totr,e69241bd,23,24,1.0434782608695652,1.0,1.0
91fk0af9,e69241bd,20,20,1.0,1.0,1.0
qothvfhf,e69241bd,20,20,1.0,1.0,1.0
cp3b83py,e69241bd,5,30,5.0,1.0,1.0
ikfbpugl,e69241bd,56,56,1.0,1.0,1.0
kmwiem6m,e69241bd,3,26,7.333333333333333,1.0,1.0
61zahdh9,e69241bd,20,20,1.0,1.0,1.0
o5qropwk,e69241bd,20,20,1.0,1.0,1.0
5nrjvc7q,e69241bd,20,20,1.0,1.0,1.0
npr5bsi2,e69241bd,20,20,1.0,1.0,1.0
154uk6vm,e69241bd,21,21,1.0,1.0,1.0
ym49wqbn,e69241bd,3,26,7.333333333333333,1.0,1.0
emwp6wq7,e69241bd,24,25,1.0416666666666667,1.0,1.0
pad0sufd,e69241bd,20,20,1.0,1.0,1.0
byx9jkxm,e69241bd,9,20,2.2222222222222223,1.0,1.0
clucow7d,e69241bd,12,20,1.6666666666666667,1.0,1.0
3d2as981,e69241bd,11,21,1.8181818181818181,1.0,1.0
cghxa2ie,e69241bd,6,23,3.6666666666666665,1.0,1.0
bmlngyh3,e69241bd,9,26,2.6666666666666665,1.0,1.0
plfupad7,e69241bd,18,20,1.1111111111111112,1.0,1.0
ism64anu,e69241bd,3,28,7.333333333333333,1.0,1.0
n2et79bd,e69241bd,7,25,3.0,1.0,1.0
zvbewhqx,e69241bd,20,20,1.0,1.0,1.0
8aknstxj,e69241bd,21,22,1.0476190476190477,1.0,1.0
c7z6erey,e69241bd,10,20,2.0,1.0,1.0
qazkn1sw,e69241bd,6,21,3.5,0.3333333333333333,1.0
f0wpo2hr,e69241bd,20,20,1.0,1.0,1.0
hpl7jugr,e69241bd,3,26,7.333333333333333,1.0,1.0
r2ck84r8,e69241bd,11,21,1.9090909090909092,1.0,1.0
nze0azo1,e69241bd,16,20,1.25,1.0,1.0
r24jdhzg,e69241bd,20,20,1.0,1.0,1.0
stbyxpx6,e69241bd,19,20,1.0526315789473684,1.0,1.0
3cc6zm51,e69241bd,20,20,1.0,1.0,1.0
ovhoesyy,e69241bd,22,22,1.0,1.0,1.0
ske58akk,e69241bd,14,20,1.4285714285714286,1.0,1.0
02333qfj,e69241bd,13,21,1.6153846153846154,1.0,1.0
qfsp3ery,e69241bd,20,20,1.0,1.0,1.0
q04yitea,e69241bd,5,28,4.8,1.0,1.0
44o5xnxe,e69241bd,20,20,1.0,1.0,1.0
qkiu92kk,e69241bd,10,30,2.8,1.0,1.0
cuybsfwr,e69241bd,26,26,1.0,1.0,1.0
0ra11hiv,e69241bd,24,24,1.0,1.0,1.0
y32zaw9c,e69241bd,20,20,1.0,1.0,1.0
89u58v07,e69241bd,3,26,7.333333333333333,1.0,1.0
szbhlpfr,e69241bd,20,20,1.0,1.0,1.0
phbjwkyw,e69241bd,20,20,1.0,1.0,1.0
sn10zd6g,e69241bd,11,22,2.0,1.0,1.0
hsm45iwx,e69241bd,21,21,1.0,1.0,1.0
e2w81k0i,e69241bd,10,20,2.0,1.0,1.0
4s3cm7d8,e69241bd,22,23,1.0454545454545454,1.0,1.0
ljwskxcq,e69241bd,9,21,2.2222222222222223,1.0,1.0
v6jvgdvg,e69241bd,20,20,1.0,1.0,1.0
l5sagbsh,e69241bd,11,21,1.8181818181818181,1.0,1.0
4s9g1cze,e69241bd,3,28,7.666666666666667,1.0,1.0
3irnkhq8,e69241bd,11,31,2.3636363636363638,1.0,1.0
kwy2bqjo,e69241bd,4,26,5.5,1.0,1.0
bw2cwy0m,e69241bd,20,20,1.0,1.0,1.0
uktb326q,e69241bd,21,22,1.0476190476190477,1.0,1.0
a589fsqz,e69241bd,27,33,1.2222222222222223,1.0,1.0
d1vjrjhc,e69241bd,19,21,1.105263157894737,1.0,1.0
o4kkkuj9,e69241bd,20,20,1.0,1.0,1.0
k8txaw58,e69241bd,20,20,1.0,1.0,1.0
mlvcv31l,e69241bd,20,20,1.0,1.0,1.0
1xogp17t,e69241bd,4,23,5.5,0.75,1.0
t2eyvuxq,e69241bd,21,31,1.3333333333333333,1.0,1.0
qv0yh587,e69241bd,5,6,1.2,1.0,1.0
mrwlcmno,e69241bd,20,20,1.0,1.0,1.0
ew4oecfi,e69241bd,21,21,1.0,1.0,1.0
eyn3wygc,e69241bd,19,21,1.105263157894737,1.0,1.0
ni5df01j,e69241bd,20,20,1.0,1.0,1.0
wcau806y,e69241bd,24,24,1.0,1.0,1.0
2j8p9vyz,e69241bd,10,21,2.1,1.0,1.0
s03ed531,e69241bd,21,21,1.0,1.0,1.0
xasfvnb7,e69241bd,21,21,1.0,1.0,1.0
sesf1qnx,e69241bd,17,22,1.2941176470588236,1.0,1.0
904h81sn,e69241bd,20,20,1.0,1.0,1.0
j2dvablb,e69241bd,7,23,3.2857142857142856,1.0,1.0
ce9qdbyh,e69241bd,22,22,1.0,1.0,1.0
nhds6zsd,e69241bd,20,20,1.0,1.0,1.0
vr20hyge,e69241bd,20,20,1.0,1.0,1.0
4stfwpke,e69241bd,19,21,1.105263157894737,1.0,1.0
648anokh,e69241bd,6,25,3.6666666666666665,1.0,1.0
tc5wgx8h,e69241bd,20,20,1.0,1.0,1.0
rjanlii9,e69241bd,11,22,1.9090909090909092,1.0,1.0
c7ac53of,e69241bd,8,8,1.0,1.0,1.0
mrypomny,e69241bd,9,20,2.2222222222222223,1.0,1.0
a9gvtd1o,e69241bd,8,22,2.625,1.0,1.0
e0biso3r,e69241bd,8,23,2.625,1.0,1.0
vpxztp7b,e69241bd,11,21,1.9090909090909092,1.0,1.0
f1ejz9fy,e69241bd,20,20,1.0,1.0,1.0
6eyovdd2,e69241bd,12,20,1.6666666666666667,1.0,1.0
a6jpzpek,e69241bd,2,2,1.0,1.0,1.0
41kp06jx,e69241bd,20,20,1.0,1.0,1.0
a0w1xgxf,e69241bd,9,13,1.4444444444444444,1.0,1.0
4stfwpke,7447852a,6,22,3.3333333333333335,1.0,1.0
vr20hyge,7447852a,12,12,1.0,1.0,1.0
nhds6zsd,7447852a,18,18,1.0,1.0,1.0
j2dvablb,7447852a,17,18,1.0588235294117647,1.0,1.0
904h81sn,7447852a,18,18,1.0,1.0,1.0
ce9qdbyh,7447852a,18,18,1.0,1.0,1.0
03ljcqhc,7447852a,9,18,2.0,1.0,1.0
sesf1qnx,7447852a,15,19,1.2666666666666666,1.0,1.0
xasfvnb7,7447852a,18,18,1.0,1.0,1.0
a6jpzpek,7447852a,3,3,1.0,1.0,1.0
6eyovdd2,7447852a,9,18,2.0,1.0,1.0
a0w1xgxf,7447852a,64,96,1.46875,1.0,1.0
41kp06jx,7447852a,15,20,1.3333333333333333,1.0,1.0
lmtka1ev,7447852a,6,25,3.3333333333333335,1.0,1.0
e0biso3r,7447852a,18,18,1.0,1.0,1.0
a9gvtd1o,7447852a,18,18,1.0,1.0,1.0
vpxztp7b,7447852a,15,18,1.2,1.0,1.0
8bgj1tsd,7447852a,14,18,1.2857142857142858,1.0,1.0
tc5wgx8h,7447852a,16,18,1.125,1.0,1.0
mrypomny,7447852a,18,18,1.0,1.0,1.0
jeq3oy2g,7447852a,46,54,1.1521739130434783,1.0,1.0
c7ac53of,7447852a,3,65,21.666666666666668,0.0,1.0
rjanlii9,7447852a,13,27,2.0,1.0,1.0
zc26r1al,7447852a,18,18,1.0,1.0,1.0
648anokh,7447852a,18,18,1.0,1.0,1.0
bw2cwy0m,7447852a,18,18,1.0,1.0,1.0
kwy2bqjo,7447852a,14,20,1.4285714285714286,1.0,1.0
uktb326q,7447852a,18,18,1.0,1.0,1.0
4s9g1cze,7447852a,5,21,3.6,1.0,1.0
3irnkhq8,7447852a,6,20,3.0,1.0,1.0
ljwskxcq,7447852a,5,21,3.6,1.0,1.0
l5sagbsh,7447852a,8,18,2.25,1.0,1.0
v6jvgdvg,7447852a,62,62,1.0,1.0,1.0
zj5uemkt,7447852a,18,18,1.0,1.0,1.0
wcau806y,7447852a,20,20,1.0,1.0,1.0
s03ed531,7447852a,32,32,1.0,1.0,1.0
6p8vl3lk,7447852a,42,42,1.0,1.0,1.0
2j8p9vyz,7447852a,8,20,2.25,1.0,1.0
ew4oecfi,7447852a,7,21,2.857142857142857,1.0,1.0
mrwlcmno,7447852a,18,18,1.0,1.0,1.0
eyn3wygc,7447852a,18,18,1.0,1.0,1.0
ni5df01j,7447852a,28,50,1.6785714285714286,1.0,1.0
qv0yh587,7447852a,20,20,1.0,1.0,1.0
t2eyvuxq,7447852a,5,21,3.6,1.0,1.0
a589fsqz,7447852a,20,20,1.0,1.0,1.0
o4kkkuj9,7447852a,18,18,1.0,1.0,1.0
k8txaw58,7447852a,7,19,2.5714285714285716,1.0,1.0
mlvcv31l,7447852a,6,25,3.6666666666666665,1.0,1.0
d1vjrjhc,7447852a,18,18,1.0,1.0,1.0
stbyxpx6,7447852a,10,19,1.8,1.0,1.0
r24jdhzg,7447852a,18,18,1.0,1.0,1.0
ovhoesyy,7447852a,5,21,3.6,1.0,1.0
ske58akk,7447852a,18,18,1.0,1.0,1.0
3cc6zm51,7447852a,20,20,1.0,1.0,1.0
nze0azo1,7447852a,17,17,1.0,1.0,1.0
hpl7jugr,7447852a,5,21,3.6,1.0,1.0
c7z6erey,7447852a,18,18,1.0,1.0,1.0
f0wpo2hr,7447852a,19,19,1.0,1.0,1.0
ism64anu,7447852a,7,19,2.5714285714285716,1.0,1.0
n2et79bd,7447852a,18,18,1.0,1.0,1.0
plfupad7,7447852a,18,18,1.0,1.0,1.0
0hrc9vve,7447852a,42,42,1.0,1.0,1.0
zvbewhqx,7447852a,10,28,2.6,1.0,1.0
sn10zd6g,7447852a,12,18,1.5,1.0,1.0
4s3cm7d8,7447852a,30,30,1.0,1.0,1.0
e2w81k0i,7447852a,9,34,3.111111111111111,1.0,1.0
hsm45iwx,7447852a,19,20,1.0526315789473684,1.0,1.0
89u58v07,7447852a,5,21,3.6,1.0,1.0
phbjwkyw,7447852a,8,31,3.25,1.0,1.0
szbhlpfr,7447852a,18,18,1.0,1.0,1.0
0ra11hiv,7447852a,18,18,1.0,1.0,1.0
cuybsfwr,7447852a,5,19,3.6,1.0,1.0
y32zaw9c,7447852a,18,18,1.0,1.0,1.0
q04yitea,7447852a,14,18,1.2857142857142858,1.0,1.0
qfsp3ery,7447852a,28,28,1.0,1.0,1.0
02333qfj,7447852a,16,27,1.625,1.0,1.0
qkiu92kk,7447852a,18,18,1.0,1.0,1.0
ihnjt6k4,7447852a,89,110,1.1797752808988764,0.9887640449438202,1.0
44o5xnxe,7447852a,18,18,1.0,1.0,1.0
d33m799j,7447852a,52,52,1.0,1.0,1.0
ikfbpugl,7447852a,42,106,2.2857142857142856,0.9761904761904762,1.0
5pds9j1d,7447852a,18,18,1.0,1.0,1.0
kmwiem6m,7447852a,9,19,2.111111111111111,1.0,1.0
91fk0af9,7447852a,49,49,1.0,1.0,1.0
qothvfhf,7447852a,18,18,1.0,1.0,1.0
fkx2gd88,7447852a,5,21,3.6,1.0,1.0
27d8totr,7447852a,18,18,1.0,1.0,1.0
cp3b83py,7447852a,9,18,2.0,1.0,1.0
bhpug29p,7447852a,20,20,1.0,1.0,1.0
aqmjput5,7447852a,40,51,1.275,1.0,1.0
6e5gb0yb,7447852a,19,19,1.0,1.0,1.0
dmft9d3y,7447852a,5,22,3.6,1.0,1.0
bdfn1h0o,7447852a,47,81,1.5106382978723405,1.0,1.0
cghxa2ie,7447852a,26,62,2.230769230769231,0.9230769230769231,1.0
3d2as981,7447852a,18,18,1.0,1.0,1.0
clucow7d,7447852a,14,18,1.2857142857142858,1.0,1.0
bmlngyh3,7447852a,38,60,1.4473684210526316,0.9736842105263158,1.0
j2pjmr32,7447852a,43,46,1.069767441860465,1.0,1.0
byx9jkxm,7447852a,8,19,2.25,1.0,1.0
74l1qvc1,7447852a,19,19,1.0,1.0,1.0
ym49wqbn,7447852a,12,29,2.25,1.0,1.0
npr5bsi2,7447852a,32,32,1.0,1.0,1.0
xeu3j3ki,7447852a,110,110,1.0,1.0,1.0
pad0sufd,7447852a,18,18,1.0,1.0,1.0
emwp6wq7,7447852a,18,18,1.0,1.0,1.0
5hz183aa,7447852a,146,153,1.047945205479452,0.9931506849315068,1.0
61zahdh9,7447852a,18,18,1.0,1.0,1.0
5nrjvc7q,7447852a,18,18,1.0,1.0,1.0
o5qropwk,7447852a,20,20,1.0,1.0,1.0
m63pxnwq,7447852a,25,25,1.0,1.0,1.0
onnumbyy,7447852a,18,18,1.0,1.0,1.0
nfbzvhip,7447852a,20,20,1.0,1.0,1.0
ler5uq42,7447852a,23,23,1.0,1.0,1.0
t3l0if03,7447852a,25,97,3.28,1.0,1.0
nldu5ge3,7447852a,18,18,1.0,1.0,1.0
f5ktzt2t,7447852a,5,21,3.6,1.0,1.0
kkeej6x5,7447852a,14,18,1.2857142857142858,1.0,1.0
pcrxo3zp,7447852a,5,22,3.6,1.0,1.0
bcyhma9y,7447852a,18,18,1.0,1.0,1.0
nqubyvew,7447852a,1,1,1.0,1.0,1.0
2w766g1z,7447852a,29,29,1.0,1.0,1.0
mr7lkk46,7447852a,16,18,1.125,1.0,1.0
7agy8y3l,7447852a,18,18,1.0,1.0,1.0
vbwguazj,7447852a,16,18,1.125,1.0,1.0
om1m73rv,7447852a,65,73,1.123076923076923,1.0,1.0
8yhijukj,7447852a,19,45,2.3157894736842106,1.0,1.0
mhskzwic,7447852a,9,18,2.0,1.0,1.0
z3die4q3,7447852a,8,31,3.25,1.0,1.0
8jwr3j6t,7447852a,18,18,1.0,1.0,1.0
pz38obzd,7447852a,18,18,1.0,1.0,1.0
xklnx39q,7447852a,6,19,3.0,1.0,1.0
nrfiw9bx,7447852a,8,18,2.25,1.0,1.0
zelqv7az,7447852a,18,18,1.0,1.0,1.0
z8b26ynw,7447852a,10,20,1.9,1.0,1.0
cfclud8z,7447852a,18,18,1.0,1.0,1.0
jx6lhkbi,7447852a,5,21,3.6,1.0,1.0
sp00glmz,7447852a,18,18,1.0,1.0,1.0
clhkwrie,7447852a,14,18,1.2857142857142858,1.0,1.0
1qt2f29y,7447852a,47,48,1.0212765957446808,1.0,1.0
mpzcivx9,7447852a,8,22,2.375,1.0,1.0
9evwb372,7447852a,15,31,2.066666666666667,1.0,1.0
ya0wv6pm,7447852a,18,18,1.0,1.0,1.0
23iyreiv,7447852a,6,20,3.0,1.0,1.0
k0qq522n,7447852a,18,18,1.0,1.0,1.0
cbvc5e3w,7447852a,32,32,1.0,1.0,1.0
1r6yodve,7447852a,43,43,1.0,1.0,1.0
2anyuqd8,7447852a,29,29,1.0,1.0,1.0
0wk7vjg8,7447852a,18,18,1.0,1.0,1.0
9ohxtpht,7447852a,36,43,1.1944444444444444,1.0,1.0
w12e497z,7447852a,28,29,1.0357142857142858,1.0,1.0
zfeorjum,7447852a,32,52,1.625,1.0,1.0
hkj9daz7,7447852a,11,21,1.7272727272727273,1.0,1.0
8d21w3yr,7447852a,49,51,1.0408163265306123,1.0,1.0
oxvw1rhx,7447852a,18,19,1.0555555555555556,1.0,1.0
wa9xd98o,7447852a,6,20,3.0,1.0,1.0
0fy66fv2,7447852a,7,7,1.0,1.0,1.0
b73rrttr,7447852a,50,51,1.02,1.0,1.0
idma9086,7447852a,18,18,1.0,1.0,1.0
kavvl57w,7447852a,8,18,2.25,1.0,1.0
yebzokh4,7447852a,18,18,1.0,1.0,1.0
x5id5i5q,7447852a,41,41,1.0,1.0,1.0
8oohxrrz,7447852a,21,41,1.7619047619047619,0.9523809523809523,1.0
qfiy90jx,7447852a,18,18,1.0,1.0,1.0
c9sps7bl,7447852a,6,21,3.0,1.0,1.0
o2ho0580,7447852a,61,61,1.0,1.0,1.0
bx44xwzb,7447852a,18,18,1.0,1.0,1.0
2d8q4qkc,7447852a,5,21,3.6,1.0,1.0
g3vslpjv,7447852a,18,18,1.0,1.0,1.0
xji13cu2,7447852a,6,20,3.0,1.0,1.0
jqeesfz7,7447852a,19,19,1.0,1.0,1.0
8psac9uo,7447852a,23,26,1.1304347826086956,1.0,1.0
nx0vccp8,7447852a,20,20,1.0,1.0,1.0
9pjr0waw,7447852a,5,8,1.6,1.0,1.0
ascil7wf,7447852a,18,18,1.0,1.0,1.0
l0nln4b2,7447852a,18,18,1.0,1.0,1.0
aypxap78,7447852a,9,20,2.111111111111111,1.0,1.0
8y2nd2sh,7447852a,7,28,3.5714285714285716,1.0,1.0
g7svteiz,7447852a,29,29,1.0,1.0,1.0
fgxp8fzz,7447852a,15,15,1.0,1.0,1.0
mzi8f2hv,7447852a,34,34,1.0,1.0,1.0
189iqcds,7447852a,5,21,3.6,1.0,1.0
gkse9wdn,7447852a,37,37,1.0,1.0,1.0
hd5k29qy,7447852a,32,32,1.0,1.0,1.0
rhbgnqhz,7447852a,16,18,1.125,1.0,1.0
72p6pxny,7447852a,12,26,2.0833333333333335,1.0,1.0
ldo5smvx,7447852a,5,21,3.6,1.0,1.0
qu0lm98m,7447852a,8,18,2.25,1.0,1.0
jayyv6lz,7447852a,16,18,1.125,1.0,1.0
yfyhejim,7447852a,7,23,3.0,1.0,1.0
9wkeb5tu,7447852a,12,18,1.5,1.0,1.0
2tkm21z6,7447852a,68,68,1.0,1.0,1.0
ei0ij8ms,7447852a,7,20,2.5714285714285716,1.0,1.0
0yfthc4y,7447852a,19,20,1.0526315789473684,1.0,1.0
qu0lm98m,2546ccf6,9,14,1.5555555555555556,1.0,1.0
jayyv6lz,2546ccf6,14,14,1.0,1.0,1.0
2tkm21z6,2546ccf6,14,14,1.0,1.0,1.0
ei0ij8ms,2546ccf6,11,14,1.2727272727272727,1.0,1.0
yfyhejim,2546ccf6,15,20,1.2666666666666666,1.0,1.0
cw4tyx7n,2546ccf6,16,16,1.0,1.0,1.0
c2lwacqc,2546ccf6,14,14,1.0,1.0,1.0
g7svteiz,2546ccf6,14,14,1.0,1.0,1.0
yc52i3qf,2546ccf6,14,14,1.0,1.0,1.0
gkse9wdn,2546ccf6,16,16,1.0,1.0,1.0
hd5k29qy,2546ccf6,18,18,1.0,1.0,1.0
rhbgnqhz,2546ccf6,12,14,1.1666666666666667,1.0,1.0
72p6pxny,2546ccf6,14,14,1.0,1.0,1.0
fgxp8fzz,2546ccf6,8,15,1.75,1.0,1.0
mzi8f2hv,2546ccf6,10,14,1.4,1.0,1.0
189iqcds,2546ccf6,14,14,1.0,1.0,1.0
nx0vccp8,2546ccf6,14,14,1.0,1.0,1.0
8psac9uo,2546ccf6,16,16,1.0,1.0,1.0
kck1uue7,2546ccf6,10,16,1.5,1.0,1.0
9pjr0waw,2546ccf6,16,16,1.0,1.0,1.0
xji13cu2,2546ccf6,14,14,1.0,1.0,1.0
jqeesfz7,2546ccf6,16,16,1.0,1.0,1.0
8y2nd2sh,2546ccf6,7,14,2.0,1.0,1.0
ascil7wf,2546ccf6,14,14,1.0,1.0,1.0
l0nln4b2,2546ccf6,14,14,1.0,1.0,1.0
aypxap78,2546ccf6,16,16,1.0,1.0,1.0
kavvl57w,2546ccf6,7,15,2.0,1.0,1.0
yebzokh4,2546ccf6,14,14,1.0,1.0,1.0
0fy66fv2,2546ccf6,22,22,1.0,1.0,1.0
7nszfy43,2546ccf6,14,14,1.0,1.0,1.0
r99uy0qb,2546ccf6,12,14,1.1666666666666667,1.0,1.0
4kl3i3tv,2546ccf6,16,16,1.0,1.0,1.0
idma9086,2546ccf6,15,15,1.0,1.0,1.0
c9sps7bl,2546ccf6,8,14,1.75,1.0,1.0
o2ho0580,2546ccf6,5,58,11.2,0.2,0.9333333333333333
bx44xwzb,2546ccf6,16,16,1.0,1.0,1.0
2d8q4qkc,2546ccf6,6,15,2.3333333333333335,1.0,1.0
g3vslpjv,2546ccf6,14,14,1.0,1.0,1.0
x5id5i5q,2546ccf6,36,36,1.0,1.0,1.0
8oohxrrz,2546ccf6,14,14,1.0,1.0,1.0
qfiy90jx,2546ccf6,14,14,1.0,1.0,1.0
9ohxtpht,2546ccf6,9,22,2.3333333333333335,1.0,1.0
w12e497z,2546ccf6,261,798,2.7203065134099615,0.9846743295019157,0.9981952948759265
hkj9daz7,2546ccf6,9,14,1.5555555555555556,1.0,1.0
zfeorjum,2546ccf6,14,14,1.0,1.0,1.0
1r6yodve,2546ccf6,216,216,1.0,1.0,1.0
2anyuqd8,2546ccf6,14,14,1.0,1.0,1.0
wa9xd98o,2546ccf6,14,14,1.0,1.0,1.0
8d21w3yr,2546ccf6,13,13,1.0,1.0,1.0
oxvw1rhx,2546ccf6,14,14,1.0,1.0,1.0
fl73adm5,2546ccf6,6,15,2.3333333333333335,1.0,1.0
4j6cy1mk,2546ccf6,16,16,1.0,1.0,1.0
jx6lhkbi,2546ccf6,16,16,1.0,1.0,1.0
zelqv7az,2546ccf6,14,14,1.0,1.0,1.0
z8b26ynw,2546ccf6,11,14,1.2727272727272727,1.0,1.0
cfclud8z,2546ccf6,14,14,1.0,1.0,1.0
9evwb372,2546ccf6,10,14,1.4,1.0,1.0
ya0wv6pm,2546ccf6,13,14,1.0769230769230769,1.0,1.0
23iyreiv,2546ccf6,16,16,1.0,1.0,1.0
sp00glmz,2546ccf6,16,16,1.0,1.0,1.0
1qt2f29y,2546ccf6,16,16,1.0,1.0,1.0
clhkwrie,2546ccf6,14,14,1.0,1.0,1.0
mpzcivx9,2546ccf6,7,16,2.142857142857143,1.0,1.0
50nsp39w,2546ccf6,21,37,1.7142857142857142,1.0,1.0
8yhijukj,2546ccf6,5,5,1.0,1.0,1.0
mhskzwic,2546ccf6,14,14,1.0,1.0,1.0
z3die4q3,2546ccf6,8,15,1.75,1.0,1.0
8jwr3j6t,2546ccf6,21,21,1.0,1.0,1.0
7agy8y3l,2546ccf6,18,18,1.0,1.0,1.0
o1t1fb7j,2546ccf6,83,111,1.3012048192771084,0.9879518072289156,1.0
vbwguazj,2546ccf6,14,14,1.0,1.0,1.0
om1m73rv,2546ccf6,14,14,1.0,1.0,1.0
nrfiw9bx,2546ccf6,10,14,1.4,1.0,1.0
pz38obzd,2546ccf6,14,14,1.0,1.0,1.0
4wx63ymf,2546ccf6,13,16,1.2307692307692308,1.0,1.0
nfbzvhip,2546ccf6,16,16,1.0,1.0,1.0
ler5uq42,2546ccf6,20,20,1.0,1.0,1.0
t3l0if03,2546ccf6,10,15,1.5,1.0,1.0
nldu5ge3,2546ccf6,14,14,1.0,1.0,1.0
m63pxnwq,2546ccf6,13,16,1.2307692307692308,1.0,1.0
onnumbyy,2546ccf6,14,14,1.0,1.0,1.0
nqubyvew,2546ccf6,18,18,1.0,1.0,1.0
2w766g1z,2546ccf6,14,14,1.0,1.0,1.0
mr7lkk46,2546ccf6,14,14,1.0,1.0,1.0
f5ktzt2t,2546ccf6,10,20,1.9,1.0,1.0
kkeej6x5,2546ccf6,14,14,1.0,1.0,1.0
pcrxo3zp,2546ccf6,15,15,1.0,1.0,1.0
bcyhma9y,2546ccf6,2,2,1.0,1.0,1.0
byx9jkxm,2546ccf6,7,14,2.0,1.0,1.0
74l1qvc1,2546ccf6,17,17,1.0,1.0,1.0
cghxa2ie,2546ccf6,14,16,1.1428571428571428,1.0,1.0
3d2as981,2546ccf6,17,17,1.0,1.0,1.0
clucow7d,2546ccf6,12,18,1.5,1.0,1.0
bmlngyh3,2546ccf6,19,19,1.0,1.0,1.0
5hz183aa,2546ccf6,52,55,1.0576923076923077,1.0,1.0
61zahdh9,2546ccf6,20,20,1.0,1.0,1.0
ol9lky1i,2546ccf6,14,14,1.0,1.0,1.0
5nrjvc7q,2546ccf6,14,14,1.0,1.0,1.0
o5qropwk,2546ccf6,14,14,1.0,1.0,1.0
154uk6vm,2546ccf6,18,18,1.0,1.0,1.0
ym49wqbn,2546ccf6,17,19,1.1176470588235294,1.0,1.0
npr5bsi2,2546ccf6,16,16,1.0,1.0,1.0
pad0sufd,2546ccf6,8,15,1.75,1.0,1.0
emwp6wq7,2546ccf6,14,14,1.0,1.0,1.0
91fk0af9,2546ccf6,15,15,1.0,1.0,1.0
qothvfhf,2546ccf6,14,14,1.0,1.0,1.0
27d8totr,2546ccf6,14,14,1.0,1.0,1.0
fkx2gd88,2546ccf6,21,35,1.619047619047619,0.9523809523809523,0.9873015873015873
cp3b83py,2546ccf6,10,17,1.6,1.0,1.0
ikfbpugl,2546ccf6,12,14,1.1666666666666667,1.0,1.0
kmwiem6m,2546ccf6,8,15,1.75,1.0,1.0
6e5gb0yb,2546ccf6,9,20,2.111111111111111,1.0,1.0
pgtp756s,2546ccf6,16,16,1.0,1.0,1.0
dmft9d3y,2546ccf6,7,14,2.0,1.0,1.0
nvlsix5c,2546ccf6,24,24,1.0,1.0,1.0
bhpug29p,2546ccf6,16,16,1.0,1.0,1.0
aqmjput5,2546ccf6,95,317,2.8210526315789473,0.9578947368421052,1.0
l9krayds,2546ccf6,1,1,1.0,1.0,1.0
icf7bchs,2546ccf6,106,306,2.811320754716981,0.9339622641509434,0.9954456733897202
095bdwyc,2546ccf6,37,37,1.0,1.0,1.0
89u58v07,2546ccf6,14,14,1.0,1.0,1.0
phbjwkyw,2546ccf6,14,14,1.0,1.0,1.0
szbhlpfr,2546ccf6,27,27,1.0,1.0,1.0
sn10zd6g,2546ccf6,14,14,1.0,1.0,1.0
4s3cm7d8,2546ccf6,14,14,1.0,1.0,1.0
e2w81k0i,2546ccf6,14,14,1.0,1.0,1.0
hsm45iwx,2546ccf6,14,14,1.0,1.0,1.0
q04yitea,2546ccf6,14,14,1.0,1.0,1.0
qfsp3ery,2546ccf6,14,14,1.0,1.0,1.0
02333qfj,2546ccf6,14,14,1.0,1.0,1.0
44o5xnxe,2546ccf6,14,14,1.0,1.0,1.0
0ra11hiv,2546ccf6,20,20,1.0,1.0,1.0
y32zaw9c,2546ccf6,15,15,1.0,1.0,1.0
r2ck84r8,2546ccf6,12,15,1.25,1.0,1.0
hpl7jugr,2546ccf6,10,19,1.8,1.0,1.0
stbyxpx6,2546ccf6,17,17,1.0,1.0,1.0
r24jdhzg,2546ccf6,16,16,1.0,1.0,1.0
ske58akk,2546ccf6,14,14,1.0,1.0,1.0
ovhoesyy,2546ccf6,14,14,1.0,1.0,1.0
n2et79bd,2546ccf6,2,3,1.5,1.0,1.0
ism64anu,2546ccf6,14,14,1.0,1.0,1.0
plfupad7,2546ccf6,14,14,1.0,1.0,1.0
zvbewhqx,2546ccf6,14,14,1.0,1.0,1.0
8aknstxj,2546ccf6,14,14,1.0,1.0,1.0
c7z6erey,2546ccf6,16,16,1.0,1.0,1.0
f0wpo2hr,2546ccf6,17,17,1.0,1.0,1.0
qazkn1sw,2546ccf6,12,24,2.0,0.5,1.0
ew4oecfi,2546ccf6,16,16,1.0,1.0,1.0
mrwlcmno,2546ccf6,16,16,1.0,1.0,1.0
ni5df01j,2546ccf6,14,14,1.0,1.0,1.0
eyn3wygc,2546ccf6,26,26,1.0,1.0,1.0
wcau806y,2546ccf6,14,14,1.0,1.0,1.0
s03ed531,2546ccf6,18,18,1.0,1.0,1.0
2j8p9vyz,2546ccf6,14,18,1.2857142857142858,1.0,1.0
a589fsqz,2546ccf6,16,16,1.0,1.0,1.0
mlvcv31l,2546ccf6,10,17,1.6,1.0,1.0
o4kkkuj9,2546ccf6,14,14,1.0,1.0,1.0
k8txaw58,2546ccf6,14,14,1.0,1.0,1.0
d1vjrjhc,2546ccf6,16,16,1.0,1.0,1.0
qv0yh587,2546ccf6,5,9,1.8,1.0,1.0
t2eyvuxq,2546ccf6,14,14,1.0,1.0,1.0
bw2cwy0m,2546ccf6,16,16,1.0,1.0,1.0
kwy2bqjo,2546ccf6,15,15,1.0,1.0,1.0
uktb326q,2546ccf6,20,20,1.0,1.0,1.0
zj5uemkt,2546ccf6,14,14,1.0,1.0,1.0
3irnkhq8,2546ccf6,9,16,1.6666666666666667,1.0,1.0
4s9g1cze,2546ccf6,6,15,2.3333333333333335,1.0,1.0
v6jvgdvg,2546ccf6,14,14,1.0,1.0,1.0
l5sagbsh,2546ccf6,14,14,1.0,1.0,1.0
ljwskxcq,2546ccf6,6,19,2.6666666666666665,1.0,1.0
e0biso3r,2546ccf6,6,15,2.3333333333333335,1.0,1.0
a9gvtd1o,2546ccf6,10,14,1.4,1.0,1.0
f1ejz9fy,2546ccf6,8,15,1.875,1.0,1.0
vpxztp7b,2546ccf6,13,14,1.0769230769230769,1.0,1.0
6eyovdd2,2546ccf6,14,14,1.0,1.0,1.0
a6jpzpek,2546ccf6,14,14,1.0,1.0,1.0
41kp06jx,2546ccf6,19,19,1.0,1.0,1.0
a0w1xgxf,2546ccf6,10,17,1.6,1.0,1.0
lmtka1ev,2546ccf6,9,18,1.7777777777777777,1.0,1.0
zc26r1al,2546ccf6,16,16,1.0,1.0,1.0
648anokh,2546ccf6,14,14,1.0,1.0,1.0
tc5wgx8h,2546ccf6,21,21,1.0,1.0,1.0
8bgj1tsd,2546ccf6,16,16,1.0,1.0,1.0
mrypomny,2546ccf6,14,14,1.0,1.0,1.0
jeq3oy2g,2546ccf6,2,89,40.5,0.0,1.0
c7ac53of,2546ccf6,5,24,4.8,0.4,1.0
rjanlii9,2546ccf6,25,25,1.0,1.0,1.0
vr20hyge,2546ccf6,16,16,1.0,1.0,1.0
nhds6zsd,2546ccf6,14,14,1.0,1.0,1.0
j2dvablb,2546ccf6,14,14,1.0,1.0,1.0
904h81sn,2546ccf6,14,14,1.0,1.0,1.0
ce9qdbyh,2546ccf6,18,18,1.0,1.0,1.0
03ljcqhc,2546ccf6,14,14,1.0,1.0,1.0
nhds6zsd,1e0a9b12,12,12,1.0,1.0,1.0
vr20hyge,1e0a9b12,10,10,1.0,1.0,1.0
ce9qdbyh,1e0a9b12,10,10,1.0,1.0,1.0
j2dvablb,1e0a9b12,9,9,1.0,1.0,1.0
904h81sn,1e0a9b12,10,10,1.0,1.0,1.0
so5k1adg,1e0a9b12,10,10,1.0,1.0,1.0
sesf1qnx,1e0a9b12,10,10,1.0,1.0,1.0
xasfvnb7,1e0a9b12,10,10,1.0,1.0,1.0
41kp06jx,1e0a9b12,10,19,1.8,1.0,1.0
a0w1xgxf,1e0a9b12,10,10,1.0,1.0,1.0
lmtka1ev,1e0a9b12,5,9,1.8,1.0,1.0
6eyovdd2,1e0a9b12,5,9,1.8,1.0,1.0
f1ejz9fy,1e0a9b12,6,9,1.5,1.0,1.0
a9gvtd1o,1e0a9b12,10,10,1.0,1.0,1.0
e0biso3r,1e0a9b12,5,9,1.8,1.0,1.0
jeq3oy2g,1e0a9b12,10,10,1.0,1.0,1.0
mrypomny,1e0a9b12,10,10,1.0,1.0,1.0
rjanlii9,1e0a9b12,10,10,1.0,1.0,1.0
c7ac53of,1e0a9b12,28,28,1.0,1.0,1.0
tc5wgx8h,1e0a9b12,10,10,1.0,1.0,1.0
8bgj1tsd,1e0a9b12,9,9,1.0,1.0,1.0
648anokh,1e0a9b12,10,10,1.0,1.0,1.0
cdo2cmtp,1e0a9b12,9,9,1.0,1.0,1.0
uktb326q,1e0a9b12,13,13,1.0,1.0,1.0
kwy2bqjo,1e0a9b12,6,16,2.6666666666666665,1.0,1.0
bw2cwy0m,1e0a9b12,10,10,1.0,1.0,1.0
4s9g1cze,1e0a9b12,9,10,1.1111111111111112,1.0,1.0
3irnkhq8,1e0a9b12,8,14,1.625,1.0,1.0
ljwskxcq,1e0a9b12,10,10,1.0,1.0,1.0
v6jvgdvg,1e0a9b12,16,16,1.0,1.0,1.0
l5sagbsh,1e0a9b12,5,9,1.8,1.0,1.0
zj5uemkt,1e0a9b12,11,11,1.0,1.0,1.0
2j8p9vyz,1e0a9b12,5,9,1.8,1.0,1.0
6p8vl3lk,1e0a9b12,10,18,1.8,1.0,1.0
wcau806y,1e0a9b12,10,10,1.0,1.0,1.0
eyn3wygc,1e0a9b12,10,10,1.0,1.0,1.0
ni5df01j,1e0a9b12,9,9,1.0,1.0,1.0
ew4oecfi,1e0a9b12,10,16,1.6,1.0,1.0
mrwlcmno,1e0a9b12,14,14,1.0,1.0,1.0
qv0yh587,1e0a9b12,17,17,1.0,1.0,1.0
t2eyvuxq,1e0a9b12,10,10,1.0,1.0,1.0
o4kkkuj9,1e0a9b12,11,11,1.0,1.0,1.0
k8txaw58,1e0a9b12,9,28,3.111111111111111,1.0,1.0
mlvcv31l,1e0a9b12,10,10,1.0,1.0,1.0
d1vjrjhc,1e0a9b12,10,10,1.0,1.0,1.0
a589fsqz,1e0a9b12,11,11,1.0,1.0,1.0
ske58akk,1e0a9b12,5,9,1.8,1.0,1.0
3cc6zm51,1e0a9b12,11,11,1.0,1.0,1.0
stbyxpx6,1e0a9b12,5,9,1.8,1.0,1.0
r24jdhzg,1e0a9b12,10,10,1.0,1.0,1.0
hpl7jugr,1e0a9b12,9,10,1.1111111111111112,1.0,1.0
r2ck84r8,1e0a9b12,10,10,1.0,1.0,1.0
nze0azo1,1e0a9b12,10,10,1.0,1.0,1.0
f0wpo2hr,1e0a9b12,10,10,1.0,1.0,1.0
qazkn1sw,1e0a9b12,9,9,1.0,1.0,1.0
8aknstxj,1e0a9b12,10,10,1.0,1.0,1.0
c7z6erey,1e0a9b12,5,9,1.8,1.0,1.0
zvbewhqx,1e0a9b12,14,14,1.0,1.0,1.0
ism64anu,1e0a9b12,13,13,1.0,1.0,1.0
n2et79bd,1e0a9b12,5,9,1.8,1.0,1.0
plfupad7,1e0a9b12,10,10,1.0,1.0,1.0
e2w81k0i,1e0a9b12,10,10,1.0,1.0,1.0
4s3cm7d8,1e0a9b12,10,10,1.0,1.0,1.0
hsm45iwx,1e0a9b12,10,10,1.0,1.0,1.0
sn10zd6g,1e0a9b12,9,9,1.0,1.0,1.0
phbjwkyw,1e0a9b12,10,10,1.0,1.0,1.0
89u58v07,1e0a9b12,10,10,1.0,1.0,1.0
y32zaw9c,1e0a9b12,9,9,1.0,1.0,1.0
cuybsfwr,1e0a9b12,10,10,1.0,1.0,1.0
qkiu92kk,1e0a9b12,10,10,1.0,1.0,1.0
44o5xnxe,1e0a9b12,9,10,1.1111111111111112,1.0,1.0
ihnjt6k4,1e0a9b12,15,15,1.0,1.0,1.0
qfsp3ery,1e0a9b12,10,10,1.0,1.0,1.0
q04yitea,1e0a9b12,9,9,1.0,1.0,1.0
02333qfj,1e0a9b12,10,10,1.0,1.0,1.0
kmwiem6m,1e0a9b12,10,10,1.0,1.0,1.0
ikfbpugl,1e0a9b12,10,11,1.1,1.0,1.0
cp3b83py,1e0a9b12,12,12,1.0,1.0,1.0
qothvfhf,1e0a9b12,14,14,1.0,1.0,1.0
fkx2gd88,1e0a9b12,9,12,1.3333333333333333,1.0,1.0
27d8totr,1e0a9b12,10,10,1.0,1.0,1.0
icf7bchs,1e0a9b12,13,13,1.0,1.0,1.0
f5ohsl5h,1e0a9b12,1,1,1.0,1.0,1.0
aqmjput5,1e0a9b12,6,10,1.6666666666666667,1.0,1.0
l9krayds,1e0a9b12,9,9,1.0,1.0,1.0
dmft9d3y,1e0a9b12,11,11,1.0,1.0,1.0
6e5gb0yb,1e0a9b12,6,15,2.5,1.0,1.0
bmlngyh3,1e0a9b12,10,10,1.0,1.0,1.0
3d2as981,1e0a9b12,5,9,1.8,1.0,1.0
cghxa2ie,1e0a9b12,30,71,2.2,0.9666666666666667,0.9851851851851853
clucow7d,1e0a9b12,8,12,1.5,1.0,1.0
74l1qvc1,1e0a9b12,12,12,1.0,1.0,1.0
byx9jkxm,1e0a9b12,5,9,1.8,1.0,1.0
j2pjmr32,1e0a9b12,8,9,1.125,1.0,1.0
pad0sufd,1e0a9b12,10,10,1.0,1.0,1.0
emwp6wq7,1e0a9b12,10,10,1.0,1.0,1.0
npr5bsi2,1e0a9b12,13,13,1.0,1.0,1.0
154uk6vm,1e0a9b12,2,6,3.0,1.0,1.0
ym49wqbn,1e0a9b12,15,15,1.0,1.0,1.0
xeu3j3ki,1e0a9b12,10,10,1.0,1.0,1.0
5nrjvc7q,1e0a9b12,10,10,1.0,1.0,1.0
ol9lky1i,1e0a9b12,12,12,1.0,1.0,1.0
o5qropwk,1e0a9b12,10,10,1.0,1.0,1.0
5hz183aa,1e0a9b12,32,32,1.0,1.0,1.0
61zahdh9,1e0a9b12,10,10,1.0,1.0,1.0
onnumbyy,1e0a9b12,5,9,1.8,1.0,1.0
m63pxnwq,1e0a9b12,10,10,1.0,1.0,1.0
nldu5ge3,1e0a9b12,10,10,1.0,1.0,1.0
t3l0if03,1e0a9b12,10,10,1.0,1.0,1.0
nfbzvhip,1e0a9b12,9,9,1.0,1.0,1.0
4wx63ymf,1e0a9b12,10,10,1.0,1.0,1.0
ler5uq42,1e0a9b12,14,14,1.0,1.0,1.0
pcrxo3zp,1e0a9b12,9,10,1.1111111111111112,1.0,1.0
f5ktzt2t,1e0a9b12,7,14,1.8571428571428572,1.0,1.0
kkeej6x5,1e0a9b12,10,10,1.0,1.0,1.0
2w766g1z,1e0a9b12,10,10,1.0,1.0,1.0
mr7lkk46,1e0a9b12,9,10,1.1111111111111112,1.0,1.0
nqubyvew,1e0a9b12,10,11,1.1,1.0,1.0
vbwguazj,1e0a9b12,10,10,1.0,1.0,1.0
7agy8y3l,1e0a9b12,9,9,1.0,1.0,1.0
om1m73rv,1e0a9b12,29,30,1.0,1.0,1.0
z3die4q3,1e0a9b12,8,11,1.375,1.0,1.0
8yhijukj,1e0a9b12,11,11,1.0,1.0,1.0
50nsp39w,1e0a9b12,5,9,1.8,1.0,1.0
mhskzwic,1e0a9b12,9,9,1.0,1.0,1.0
pz38obzd,1e0a9b12,9,9,1.0,1.0,1.0
xklnx39q,1e0a9b12,9,12,1.3333333333333333,0.8888888888888888,0.9444444444444444
nrfiw9bx,1e0a9b12,27,41,1.3333333333333333,1.0,0.9865319865319866
cfclud8z,1e0a9b12,5,9,1.8,1.0,1.0
z8b26ynw,1e0a9b12,5,9,1.8,1.0,1.0
zelqv7az,1e0a9b12,10,10,1.0,1.0,1.0
jx6lhkbi,1e0a9b12,5,9,1.8,1.0,1.0
1qt2f29y,1e0a9b12,10,10,1.0,1.0,1.0
clhkwrie,1e0a9b12,9,9,1.0,1.0,1.0
mpzcivx9,1e0a9b12,10,10,1.0,1.0,1.0
ya0wv6pm,1e0a9b12,10,10,1.0,1.0,1.0
9evwb372,1e0a9b12,10,10,1.0,1.0,1.0
23iyreiv,1e0a9b12,11,11,1.0,1.0,1.0
cbvc5e3w,1e0a9b12,9,9,1.0,1.0,1.0
2anyuqd8,1e0a9b12,10,10,1.0,1.0,1.0
1r6yodve,1e0a9b12,9,9,1.0,1.0,1.0
hkj9daz7,1e0a9b12,5,9,1.8,1.0,1.0
zfeorjum,1e0a9b12,8,11,1.375,1.0,1.0
w12e497z,1e0a9b12,6,6,1.0,1.0,1.0
9ohxtpht,1e0a9b12,12,12,1.0,1.0,1.0
fl73adm5,1e0a9b12,8,12,1.375,1.0,1.0
4j6cy1mk,1e0a9b12,10,10,1.0,1.0,1.0
oxvw1rhx,1e0a9b12,11,11,1.0,1.0,1.0
8d21w3yr,1e0a9b12,10,10,1.0,1.0,1.0
wa9xd98o,1e0a9b12,9,9,1.0,1.0,1.0
idma9086,1e0a9b12,6,9,1.5,1.0,1.0
r99uy0qb,1e0a9b12,3,4,1.3333333333333333,1.0,1.0
b73rrttr,1e0a9b12,3,3,1.0,1.0,1.0
7nszfy43,1e0a9b12,13,13,1.0,1.0,1.0
0fy66fv2,1e0a9b12,7,7,1.0,1.0,1.0
yebzokh4,1e0a9b12,10,10,1.0,1.0,1.0
kavvl57w,1e0a9b12,5,19,2.6,1.0,0.923076923076923
8oohxrrz,1e0a9b12,6,10,1.6666666666666667,1.0,1.0
qfiy90jx,1e0a9b12,10,10,1.0,1.0,1.0
2d8q4qkc,1e0a9b12,5,9,1.8,1.0,1.0
g3vslpjv,1e0a9b12,10,10,1.0,1.0,1.0
c9sps7bl,1e0a9b12,10,10,1.0,1.0,1.0
o2ho0580,1e0a9b12,44,44,1.0,1.0,1.0
bx44xwzb,1e0a9b12,10,10,1.0,1.0,1.0
xji13cu2,1e0a9b12,10,10,1.0,1.0,1.0
jqeesfz7,1e0a9b12,10,10,1.0,1.0,1.0
8psac9uo,1e0a9b12,10,10,1.0,1.0,1.0
nx0vccp8,1e0a9b12,13,14,1.0769230769230769,1.0,1.0
kck1uue7,1e0a9b12,5,9,1.8,1.0,1.0
l0nln4b2,1e0a9b12,10,10,1.0,1.0,1.0
aypxap78,1e0a9b12,6,9,1.5,1.0,1.0
ascil7wf,1e0a9b12,6,9,1.5,1.0,1.0
qif0sa3r,1e0a9b12,5,9,1.8,1.0,1.0
8y2nd2sh,1e0a9b12,9,12,1.3333333333333333,1.0,1.0
cw4tyx7n,1e0a9b12,2,6,3.0,1.0,1.0
g7svteiz,1e0a9b12,10,10,1.0,1.0,1.0
c2lwacqc,1e0a9b12,9,9,1.0,1.0,1.0
mzi8f2hv,1e0a9b12,5,9,1.8,1.0,1.0
189iqcds,1e0a9b12,9,9,1.0,1.0,1.0
fgxp8fzz,1e0a9b12,9,9,1.0,1.0,1.0
hd5k29qy,1e0a9b12,10,10,1.0,1.0,1.0
72p6pxny,1e0a9b12,5,9,1.8,1.0,1.0
rhbgnqhz,1e0a9b12,10,10,1.0,1.0,1.0
gkse9wdn,1e0a9b12,11,11,1.0,1.0,1.0
ldo5smvx,1e0a9b12,10,11,1.1,1.0,1.0
qu0lm98m,1e0a9b12,10,10,1.0,1.0,1.0
jayyv6lz,1e0a9b12,26,27,1.0,1.0,1.0
yfyhejim,1e0a9b12,10,10,1.0,1.0,1.0
ei0ij8ms,1e0a9b12,10,10,1.0,1.0,1.0
0yfthc4y,1e0a9b12,10,10,1.0,1.0,1.0
2tkm21z6,1e0a9b12,10,10,1.0,1.0,1.0
3cc6zm51,96a8c0cd,48,48,1.0,1.0,1.0
ovhoesyy,96a8c0cd,28,136,4.75,0.9642857142857143,1.0
ske58akk,96a8c0cd,20,110,5.3,0.95,1.0
r24jdhzg,96a8c0cd,37,37,1.0,1.0,1.0
stbyxpx6,96a8c0cd,1,26,26.0,0.0,1.0
r2ck84r8,96a8c0cd,14,86,6.071428571428571,0.8571428571428571,1.0
nze0azo1,96a8c0cd,147,178,1.1904761904761905,0.9931972789115646,0.9972789115646258
hpl7jugr,96a8c0cd,2,41,20.5,1.0,1.0
qazkn1sw,96a8c0cd,12,27,2.25,0.5,1.0
f0wpo2hr,96a8c0cd,1,41,41.0,1.0,1.0
8aknstxj,96a8c0cd,62,62,1.0,1.0,1.0
c7z6erey,96a8c0cd,3,41,13.666666666666666,1.0,1.0
zvbewhqx,96a8c0cd,57,67,1.1754385964912282,1.0,1.0
plfupad7,96a8c0cd,65,76,1.123076923076923,1.0,1.0
ism64anu,96a8c0cd,38,42,1.105263157894737,1.0,1.0
hsm45iwx,96a8c0cd,4,45,11.25,1.0,1.0
4s3cm7d8,96a8c0cd,23,24,1.0,1.0,1.0
e2w81k0i,96a8c0cd,23,187,7.478260869565218,1.0,0.9951690821256038
sn10zd6g,96a8c0cd,68,213,3.0588235294117645,0.9705882352941176,1.0
phbjwkyw,96a8c0cd,9,188,20.666666666666668,0.8888888888888888,1.0
89u58v07,96a8c0cd,25,113,4.24,1.0,1.0
y32zaw9c,96a8c0cd,98,98,1.0,1.0,1.0
0ra11hiv,96a8c0cd,27,98,2.925925925925926,0.9629629629629629,0.9911319770474699
cuybsfwr,96a8c0cd,3,43,14.333333333333334,1.0,1.0
44o5xnxe,96a8c0cd,82,83,1.0121951219512195,1.0,1.0
qkiu92kk,96a8c0cd,59,61,1.0338983050847457,1.0,1.0
02333qfj,96a8c0cd,41,41,1.0,1.0,1.0
q04yitea,96a8c0cd,74,138,1.8243243243243243,1.0,1.0
qfsp3ery,96a8c0cd,41,41,1.0,1.0,1.0
kmwiem6m,96a8c0cd,1,41,41.0,1.0,1.0
ikfbpugl,96a8c0cd,8,37,4.625,1.0,1.0
d33m799j,96a8c0cd,3,3,1.0,1.0,1.0
cp3b83py,96a8c0cd,2,43,20.5,1.0,1.0
fkx2gd88,96a8c0cd,6,41,6.833333333333333,1.0,1.0
27d8totr,96a8c0cd,38,43,1.131578947368421,1.0,1.0
qothvfhf,96a8c0cd,54,54,1.0,1.0,1.0
icf7bchs,96a8c0cd,83,84,1.0120481927710843,1.0,1.0
aqmjput5,96a8c0cd,113,123,1.0884955752212389,1.0,1.0
nvlsix5c,96a8c0cd,49,100,1.8979591836734695,0.9795918367346939,0.9924812030075189
dmft9d3y,96a8c0cd,27,153,5.62962962962963,0.9629629629629629,1.0
6e5gb0yb,96a8c0cd,41,41,1.0,1.0,1.0
y8mzyzjc,96a8c0cd,103,139,1.3398058252427185,0.9902912621359223,1.0
bmlngyh3,96a8c0cd,34,609,16.705882352941178,0.8529411764705882,1.0
clucow7d,96a8c0cd,9,115,12.777777777777779,1.0,1.0
cghxa2ie,96a8c0cd,9,79,8.666666666666666,1.0,1.0
3d2as981,96a8c0cd,34,149,4.235294117647059,0.9705882352941176,1.0
byx9jkxm,96a8c0cd,11,132,12.0,1.0,1.0
emwp6wq7,96a8c0cd,8,83,9.625,1.0,1.0
pad0sufd,96a8c0cd,54,62,1.1481481481481481,1.0,1.0
xeu3j3ki,96a8c0cd,75,75,1.0,1.0,1.0
154uk6vm,96a8c0cd,84,84,1.0,1.0,1.0
ym49wqbn,96a8c0cd,18,135,7.444444444444445,1.0,1.0
npr5bsi2,96a8c0cd,45,45,1.0,1.0,1.0
ol9lky1i,96a8c0cd,43,72,1.6744186046511629,0.9767441860465116,1.0
5nrjvc7q,96a8c0cd,61,83,1.3442622950819672,1.0,1.0
61zahdh9,96a8c0cd,3,119,39.666666666666664,1.0,1.0
4stfwpke,96a8c0cd,7,65,9.0,0.8571428571428571,0.9866071428571429
vr20hyge,96a8c0cd,50,78,1.54,0.96,1.0
nhds6zsd,96a8c0cd,41,41,1.0,1.0,1.0
ce9qdbyh,96a8c0cd,48,71,1.4791666666666667,1.0,1.0
so5k1adg,96a8c0cd,61,61,1.0,1.0,1.0
904h81sn,96a8c0cd,73,81,1.1095890410958904,1.0,1.0
j2dvablb,96a8c0cd,34,41,1.2058823529411764,1.0,1.0
sesf1qnx,96a8c0cd,18,49,2.6666666666666665,0.9444444444444444,1.0
lmtka1ev,96a8c0cd,3,74,22.333333333333332,1.0,1.0
41kp06jx,96a8c0cd,10,70,7.0,1.0,1.0
a0w1xgxf,96a8c0cd,39,63,1.5384615384615385,0.9743589743589743,0.9924585218702865
6eyovdd2,96a8c0cd,100,227,2.23,0.99,1.0
a6jpzpek,96a8c0cd,3,3,1.0,1.0,1.0
vpxztp7b,96a8c0cd,41,41,1.0,1.0,1.0
f1ejz9fy,96a8c0cd,33,72,2.1515151515151514,0.9696969696969697,1.0
e0biso3r,96a8c0cd,58,93,1.5344827586206897,0.9827586206896551,1.0
a9gvtd1o,96a8c0cd,84,87,1.0238095238095237,1.0,1.0
c7ac53of,96a8c0cd,13,45,3.4615384615384617,0.9230769230769231,1.0
rjanlii9,96a8c0cd,158,159,1.0063291139240507,1.0,1.0
mrypomny,96a8c0cd,41,41,1.0,1.0,1.0
jeq3oy2g,96a8c0cd,14,14,1.0,1.0,1.0
8bgj1tsd,96a8c0cd,74,74,1.0,1.0,1.0
648anokh,96a8c0cd,19,41,2.1578947368421053,1.0,1.0
cdo2cmtp,96a8c0cd,40,41,1.025,1.0,1.0
uktb326q,96a8c0cd,60,69,1.15,1.0,1.0
kwy2bqjo,96a8c0cd,98,121,1.2346938775510203,1.0,1.0
bw2cwy0m,96a8c0cd,42,43,1.0238095238095237,1.0,1.0
ljwskxcq,96a8c0cd,47,95,2.0,0.9787234042553191,1.0
l5sagbsh,96a8c0cd,44,80,1.7045454545454546,1.0,1.0
v6jvgdvg,96a8c0cd,2,85,41.0,0.5,0.9333333333333333
4s9g1cze,96a8c0cd,5,53,10.4,1.0,1.0
zj5uemkt,96a8c0cd,44,44,1.0,1.0,1.0
2j8p9vyz,96a8c0cd,1,41,41.0,1.0,1.0
s03ed531,96a8c0cd,78,78,1.0,1.0,1.0
wcau806y,96a8c0cd,46,46,1.0,1.0,1.0
eyn3wygc,96a8c0cd,124,159,1.25,0.9919354838709677,1.0
ni5df01j,96a8c0cd,7,59,8.285714285714286,1.0,1.0
mrwlcmno,96a8c0cd,40,50,1.225,1.0,1.0
08vqizpx,96a8c0cd,123,123,1.0,1.0,1.0
ew4oecfi,96a8c0cd,5,46,8.8,1.0,1.0
t2eyvuxq,96a8c0cd,12,288,22.25,0.6666666666666666,0.9510941644562334
qv0yh587,96a8c0cd,2,2,1.0,1.0,1.0
d1vjrjhc,96a8c0cd,41,41,1.0,1.0,1.0
k8txaw58,96a8c0cd,42,47,1.119047619047619,1.0,1.0
o4kkkuj9,96a8c0cd,177,237,1.2881355932203389,0.9887005649717514,0.9970200085142613
mlvcv31l,96a8c0cd,17,41,2.411764705882353,1.0,1.0
r99uy0qb,96a8c0cd,2,26,12.5,0.0,1.0
idma9086,96a8c0cd,96,123,1.2708333333333333,1.0,1.0
0fy66fv2,96a8c0cd,60,60,1.0,1.0,1.0
b73rrttr,96a8c0cd,5,5,1.0,1.0,1.0
yebzokh4,96a8c0cd,68,68,1.0,1.0,1.0
qfiy90jx,96a8c0cd,19,95,4.7894736842105265,0.9473684210526315,1.0
8oohxrrz,96a8c0cd,2,42,20.5,1.0,1.0
x5id5i5q,96a8c0cd,109,109,1.0,1.0,1.0
g3vslpjv,96a8c0cd,30,109,3.533333333333333,0.9666666666666667,1.0
2d8q4qkc,96a8c0cd,8,168,20.375,0.875,1.0
bx44xwzb,96a8c0cd,172,172,1.0,1.0,1.0
o2ho0580,96a8c0cd,15,97,4.8,0.5333333333333333,0.9768115942028985
c9sps7bl,96a8c0cd,4,41,10.25,1.0,1.0
jqeesfz7,96a8c0cd,68,68,1.0,1.0,1.0
9pjr0waw,96a8c0cd,6,38,6.333333333333333,0.6666666666666666,1.0
kck1uue7,96a8c0cd,36,62,1.3888888888888888,1.0,0.9987922705314011
8psac9uo,96a8c0cd,148,265,1.6486486486486487,0.9932432432432432,0.9965349965349967
nx0vccp8,96a8c0cd,188,192,1.0212765957446808,1.0,1.0
aypxap78,96a8c0cd,34,41,1.2058823529411764,1.0,1.0
l0nln4b2,96a8c0cd,41,41,1.0,1.0,1.0
ascil7wf,96a8c0cd,16,105,6.25,1.0,1.0
8y2nd2sh,96a8c0cd,5,44,8.6,1.0,1.0
c2lwacqc,96a8c0cd,7,48,6.571428571428571,0.8571428571428571,0.961038961038961
g7svteiz,96a8c0cd,38,43,1.131578947368421,1.0,1.0
cw4tyx7n,96a8c0cd,44,46,1.0454545454545454,1.0,1.0
189iqcds,96a8c0cd,2,44,21.5,1.0,1.0
mzi8f2hv,96a8c0cd,39,59,1.5128205128205128,1.0,1.0
rhbgnqhz,96a8c0cd,2,47,23.5,1.0,1.0
72p6pxny,96a8c0cd,25,43,1.68,1.0,1.0
hd5k29qy,96a8c0cd,136,196,1.4411764705882353,0.9926470588235294,1.0
ldo5smvx,96a8c0cd,13,43,3.3076923076923075,1.0,1.0
jayyv6lz,96a8c0cd,37,37,1.0,1.0,1.0
qu0lm98m,96a8c0cd,64,152,2.375,0.984375,1.0
yfyhejim,96a8c0cd,7,111,14.571428571428571,0.8571428571428571,0.9746543778801843
0yfthc4y,96a8c0cd,73,86,1.1369863013698631,1.0,1.0
ei0ij8ms,96a8c0cd,41,108,2.5121951219512195,0.975609756097561,1.0
2tkm21z6,96a8c0cd,47,47,1.0,1.0,1.0
onnumbyy,96a8c0cd,107,114,1.0654205607476634,0.9906542056074766,1.0
m63pxnwq,96a8c0cd,6,60,10.0,1.0,1.0
t3l0if03,96a8c0cd,41,41,1.0,1.0,1.0
nldu5ge3,96a8c0cd,69,108,1.5507246376811594,0.9855072463768116,1.0
nfbzvhip,96a8c0cd,81,106,1.308641975308642,0.9876543209876543,1.0
4wx63ymf,96a8c0cd,69,118,1.608695652173913,0.9855072463768116,0.9960474308300394
bcyhma9y,96a8c0cd,1,1,1.0,1.0,1.0
kkeej6x5,96a8c0cd,41,41,1.0,1.0,1.0
f5ktzt2t,96a8c0cd,5,86,17.0,1.0,1.0
pcrxo3zp,96a8c0cd,2,85,40.0,1.0,1.0
mr7lkk46,96a8c0cd,42,172,3.6666666666666665,0.9761904761904762,0.9985994397759103
2w766g1z,96a8c0cd,41,41,1.0,1.0,1.0
nqubyvew,96a8c0cd,23,93,3.869565217391304,0.9565217391304348,0.9818840579710146
om1m73rv,96a8c0cd,18,206,11.277777777777779,0.9444444444444444,1.0
o1t1fb7j,96a8c0cd,57,61,1.0701754385964912,1.0,1.0
7agy8y3l,96a8c0cd,127,139,1.094488188976378,1.0,1.0
vbwguazj,96a8c0cd,42,43,1.0238095238095237,1.0,1.0
z3die4q3,96a8c0cd,3,41,13.666666666666666,1.0,1.0
8jwr3j6t,96a8c0cd,2,26,13.0,1.0,1.0
mhskzwic,96a8c0cd,88,98,1.1136363636363635,1.0,1.0
8yhijukj,96a8c0cd,10,56,4.9,1.0,1.0
50nsp39w,96a8c0cd,9,149,16.555555555555557,0.8888888888888888,1.0
pz38obzd,96a8c0cd,45,50,1.1111111111111112,1.0,1.0
nrfiw9bx,96a8c0cd,2,42,20.5,1.0,1.0
cfclud8z,96a8c0cd,68,195,2.7058823529411766,0.9558823529411765,0.9977941176470587
zelqv7az,96a8c0cd,45,45,1.0,1.0,1.0
z8b26ynw,96a8c0cd,20,95,4.75,1.0,1.0
jx6lhkbi,96a8c0cd,41,41,1.0,1.0,1.0
mpzcivx9,96a8c0cd,5,89,16.6,0.8,1.0
1qt2f29y,96a8c0cd,93,93,1.0,1.0,1.0
clhkwrie,96a8c0cd,38,56,1.394736842105263,1.0,1.0
sp00glmz,96a8c0cd,41,41,1.0,1.0,1.0
23iyreiv,96a8c0cd,21,148,7.0,1.0,1.0
9evwb372,96a8c0cd,8,26,3.25,1.0,1.0
ya0wv6pm,96a8c0cd,117,117,1.0,1.0,1.0
1r6yodve,96a8c0cd,44,44,1.0,1.0,1.0
2anyuqd8,96a8c0cd,149,149,1.0,1.0,1.0
hkj9daz7,96a8c0cd,22,41,1.8636363636363635,1.0,1.0
zfeorjum,96a8c0cd,7,59,8.285714285714286,0.8571428571428571,1.0
9ohxtpht,96a8c0cd,41,41,1.0,1.0,1.0
w12e497z,96a8c0cd,53,53,1.0,1.0,1.0
oxvw1rhx,96a8c0cd,11,104,8.0,0.9090909090909091,0.9623059866962307
fl73adm5,96a8c0cd,8,51,6.375,1.0,1.0
4j6cy1mk,96a8c0cd,42,43,1.0238095238095237,1.0,1.0
8d21w3yr,96a8c0cd,104,106,1.0192307692307692,1.0,1.0
ya0wv6pm,69889d6e,30,30,1.0,1.0,1.0
9evwb372,69889d6e,1,14,14.0,1.0,1.0
sp00glmz,69889d6e,44,44,1.0,1.0,1.0
mpzcivx9,69889d6e,1,14,14.0,1.0,1.0
clhkwrie,69889d6e,20,20,1.0,1.0,1.0
1qt2f29y,69889d6e,23,24,1.0,1.0,1.0
jx6lhkbi,69889d6e,32,32,1.0,1.0,1.0
z8b26ynw,69889d6e,29,29,1.0,1.0,1.0
zelqv7az,69889d6e,14,14,1.0,1.0,1.0
cfclud8z,69889d6e,41,41,1.0,1.0,1.0
wa9xd98o,69889d6e,36,37,1.0,1.0,1.0
8d21w3yr,69889d6e,28,28,1.0,1.0,1.0
4j6cy1mk,69889d6e,48,52,1.0833333333333333,1.0,1.0
fl73adm5,69889d6e,4,16,4.0,1.0,1.0
oxvw1rhx,69889d6e,30,30,1.0,1.0,1.0
w12e497z,69889d6e,4,4,1.0,1.0,1.0
9ohxtpht,69889d6e,14,14,1.0,1.0,1.0
zfeorjum,69889d6e,35,36,1.0,1.0,1.0
hkj9daz7,69889d6e,25,29,1.16,1.0,1.0
cbvc5e3w,69889d6e,35,35,1.0,1.0,1.0
0wk7vjg8,69889d6e,15,15,1.0,1.0,1.0
mr7lkk46,69889d6e,20,20,1.0,1.0,1.0
2w766g1z,69889d6e,30,31,1.0333333333333334,1.0,1.0
kkeej6x5,69889d6e,29,29,1.0,1.0,1.0
f5ktzt2t,69889d6e,2,14,7.0,1.0,1.0
bcyhma9y,69889d6e,20,20,1.0,1.0,1.0
ler5uq42,69889d6e,13,13,1.0,1.0,1.0
nfbzvhip,69889d6e,38,38,1.0,1.0,1.0
4wx63ymf,69889d6e,27,30,1.1111111111111112,1.0,1.0
nldu5ge3,69889d6e,14,14,1.0,1.0,1.0
t3l0if03,69889d6e,17,17,1.0,1.0,1.0
m63pxnwq,69889d6e,13,13,1.0,1.0,1.0
onnumbyy,69889d6e,26,27,1.0384615384615385,1.0,1.0
nrfiw9bx,69889d6e,5,18,3.2,1.0,1.0
xklnx39q,69889d6e,8,18,2.25,1.0,1.0
pz38obzd,69889d6e,14,14,1.0,1.0,1.0
mhskzwic,69889d6e,20,26,1.3,1.0,1.0
8yhijukj,69889d6e,18,18,1.0,1.0,1.0
50nsp39w,69889d6e,30,39,1.3,1.0,1.0
p445h6ow,69889d6e,11,87,7.181818181818182,0.9090909090909091,1.0
8jwr3j6t,69889d6e,2,14,7.0,1.0,1.0
z3die4q3,69889d6e,1,14,14.0,1.0,1.0
om1m73rv,69889d6e,40,40,1.0,1.0,1.0
vbwguazj,69889d6e,16,16,1.0,1.0,1.0
7agy8y3l,69889d6e,29,29,1.0,1.0,1.0
72p6pxny,69889d6e,21,65,3.0,0.9047619047619048,0.9863945578231293
rhbgnqhz,69889d6e,18,18,1.0,1.0,1.0
hd5k29qy,69889d6e,14,14,1.0,1.0,1.0
fgxp8fzz,69889d6e,16,16,1.0,1.0,1.0
189iqcds,69889d6e,2,15,7.5,1.0,1.0
g7svteiz,69889d6e,41,41,1.0,1.0,1.0
c2lwacqc,69889d6e,14,14,1.0,1.0,1.0
cw4tyx7n,69889d6e,21,21,1.0,1.0,1.0
2tkm21z6,69889d6e,14,14,1.0,1.0,1.0
0yfthc4y,69889d6e,17,17,1.0,1.0,1.0
ei0ij8ms,69889d6e,16,29,1.8125,1.0,1.0
jayyv6lz,69889d6e,13,14,1.0769230769230769,1.0,1.0
qu0lm98m,69889d6e,16,22,1.3125,1.0,1.0
ldo5smvx,69889d6e,14,14,1.0,1.0,1.0
bx44xwzb,69889d6e,14,14,1.0,1.0,1.0
o2ho0580,69889d6e,23,23,1.0,1.0,1.0
g3vslpjv,69889d6e,18,18,1.0,1.0,1.0
qfiy90jx,69889d6e,16,16,1.0,1.0,1.0
8oohxrrz,69889d6e,33,33,1.0,1.0,1.0
kavvl57w,69889d6e,29,29,1.0,1.0,1.0
yebzokh4,69889d6e,18,18,1.0,1.0,1.0
b73rrttr,69889d6e,9,10,1.1111111111111112,1.0,1.0
idma9086,69889d6e,14,15,1.0,1.0,1.0
r99uy0qb,69889d6e,17,17,1.0,1.0,1.0
8y2nd2sh,69889d6e,7,14,2.0,1.0,1.0
ascil7wf,69889d6e,21,26,1.2380952380952381,1.0,1.0
aypxap78,69889d6e,2,15,7.0,1.0,1.0
l0nln4b2,69889d6e,17,17,1.0,1.0,1.0
kck1uue7,69889d6e,8,14,1.75,1.0,1.0
8psac9uo,69889d6e,32,34,1.0625,1.0,1.0
nx0vccp8,69889d6e,14,14,1.0,1.0,1.0
jqeesfz7,69889d6e,32,32,1.0,1.0,1.0
zj5uemkt,69889d6e,14,14,1.0,1.0,1.0
ljwskxcq,69889d6e,29,29,1.0,1.0,1.0
l5sagbsh,69889d6e,14,14,1.0,1.0,1.0
4s9g1cze,69889d6e,10,14,1.4,1.0,1.0
3irnkhq8,69889d6e,1,15,15.0,1.0,1.0
kwy2bqjo,69889d6e,26,38,1.4230769230769231,1.0,1.0
uktb326q,69889d6e,14,14,1.0,1.0,1.0
a589fsqz,69889d6e,21,21,1.0,1.0,1.0
d1vjrjhc,69889d6e,28,28,1.0,1.0,1.0
k8txaw58,69889d6e,6,51,6.666666666666667,0.8333333333333334,0.927536231884058
o4kkkuj9,69889d6e,15,15,1.0,1.0,1.0
mlvcv31l,69889d6e,29,29,1.0,1.0,1.0
t2eyvuxq,69889d6e,15,34,2.066666666666667,1.0,1.0
qv0yh587,69889d6e,69,69,1.0,1.0,1.0
mrwlcmno,69889d6e,14,14,1.0,1.0,1.0
ew4oecfi,69889d6e,14,14,1.0,1.0,1.0
08vqizpx,69889d6e,50,50,1.0,1.0,1.0
eyn3wygc,69889d6e,28,28,1.0,1.0,1.0
ni5df01j,69889d6e,16,16,1.0,1.0,1.0
wcau806y,69889d6e,27,27,1.0,1.0,1.0
2j8p9vyz,69889d6e,10,22,2.1,1.0,1.0
s03ed531,69889d6e,20,20,1.0,1.0,1.0
xasfvnb7,69889d6e,18,18,1.0,1.0,1.0
904h81sn,69889d6e,14,14,1.0,1.0,1.0
so5k1adg,69889d6e,43,44,1.0,1.0,1.0
j2dvablb,69889d6e,1,14,14.0,1.0,1.0
03ljcqhc,69889d6e,1,81,53.0,0.0,0.7283950617283951
ce9qdbyh,69889d6e,14,14,1.0,1.0,1.0
nhds6zsd,69889d6e,14,14,1.0,1.0,1.0
vr20hyge,69889d6e,15,15,1.0,1.0,1.0
zc26r1al,69889d6e,14,14,1.0,1.0,1.0
648anokh,69889d6e,14,14,1.0,1.0,1.0
qqqzakmg,69889d6e,5,12,2.4,1.0,1.0
8bgj1tsd,69889d6e,13,13,1.0,1.0,1.0
tc5wgx8h,69889d6e,14,14,1.0,1.0,1.0
rjanlii9,69889d6e,15,27,1.8,1.0,1.0
c7ac53of,69889d6e,4,10,2.5,0.5,1.0
jeq3oy2g,69889d6e,3,17,5.333333333333333,1.0,1.0
mrypomny,69889d6e,14,14,1.0,1.0,1.0
a9gvtd1o,69889d6e,14,14,1.0,1.0,1.0
e0biso3r,69889d6e,14,14,1.0,1.0,1.0
vpxztp7b,69889d6e,16,16,1.0,1.0,1.0
f1ejz9fy,69889d6e,14,14,1.0,1.0,1.0
a6jpzpek,69889d6e,20,20,1.0,1.0,1.0
6eyovdd2,69889d6e,14,14,1.0,1.0,1.0
lmtka1ev,69889d6e,1,14,14.0,1.0,1.0
a0w1xgxf,69889d6e,11,25,2.272727272727273,1.0,1.0
41kp06jx,69889d6e,27,27,1.0,1.0,1.0
6e5gb0yb,69889d6e,1,14,14.0,1.0,1.0
bdfn1h0o,69889d6e,37,37,1.0,1.0,1.0
dmft9d3y,69889d6e,6,16,2.6666666666666665,1.0,1.0
l9krayds,69889d6e,20,20,1.0,1.0,1.0
bhpug29p,69889d6e,15,15,1.0,1.0,1.0
f5ohsl5h,69889d6e,7,36,5.0,1.0,1.0
icf7bchs,69889d6e,81,81,1.0,1.0,1.0
fkx2gd88,69889d6e,5,15,3.0,1.0,1.0
27d8totr,69889d6e,14,14,1.0,1.0,1.0
qothvfhf,69889d6e,12,12,1.0,1.0,1.0
91fk0af9,69889d6e,14,14,1.0,1.0,1.0
cp3b83py,69889d6e,14,14,1.0,1.0,1.0
ikfbpugl,69889d6e,1,12,12.0,0.0,1.0
d33m799j,69889d6e,3,15,5.0,0.0,1.0
kmwiem6m,69889d6e,1,14,14.0,1.0,1.0
61zahdh9,69889d6e,14,14,1.0,1.0,1.0
5hz183aa,69889d6e,15,19,1.2666666666666666,1.0,1.0
o5qropwk,69889d6e,14,14,1.0,1.0,1.0
5nrjvc7q,69889d6e,14,14,1.0,1.0,1.0
ol9lky1i,69889d6e,16,16,1.0,1.0,1.0
xeu3j3ki,69889d6e,18,18,1.0,1.0,1.0
npr5bsi2,69889d6e,14,14,1.0,1.0,1.0
ym49wqbn,69889d6e,63,63,1.0,1.0,1.0
emwp6wq7,69889d6e,24,39,1.625,1.0,1.0
pad0sufd,69889d6e,21,21,1.0,1.0,1.0
j2pjmr32,69889d6e,24,24,1.0,1.0,1.0
74l1qvc1,69889d6e,14,14,1.0,1.0,1.0
byx9jkxm,69889d6e,14,14,1.0,1.0,1.0
clucow7d,69889d6e,16,86,5.1875,0.9375,1.0
3d2as981,69889d6e,64,64,1.0,1.0,1.0
cghxa2ie,69889d6e,32,32,1.0,1.0,1.0
bmlngyh3,69889d6e,38,56,1.4210526315789473,1.0,1.0
plfupad7,69889d6e,13,14,1.0769230769230769,1.0,1.0
ism64anu,69889d6e,28,28,1.0,1.0,1.0
n2et79bd,69889d6e,28,29,1.0357142857142858,1.0,1.0
zvbewhqx,69889d6e,19,19,1.0,1.0,1.0
0hrc9vve,69889d6e,3,39,13.0,0.0,1.0
c7z6erey,69889d6e,14,14,1.0,1.0,1.0
8aknstxj,69889d6e,29,29,1.0,1.0,1.0
qazkn1sw,69889d6e,20,20,1.0,1.0,1.0
f0wpo2hr,69889d6e,14,14,1.0,1.0,1.0
hpl7jugr,69889d6e,1,14,14.0,1.0,1.0
r2ck84r8,69889d6e,13,28,2.1538461538461537,1.0,1.0
nze0azo1,69889d6e,28,28,1.0,1.0,1.0
r24jdhzg,69889d6e,15,15,1.0,1.0,1.0
stbyxpx6,69889d6e,9,14,1.5555555555555556,1.0,1.0
3cc6zm51,69889d6e,14,14,1.0,1.0,1.0
ovhoesyy,69889d6e,14,14,1.0,1.0,1.0
ske58akk,69889d6e,24,24,1.0,1.0,1.0
02333qfj,69889d6e,15,15,1.0,1.0,1.0
q04yitea,69889d6e,14,14,1.0,1.0,1.0
44o5xnxe,69889d6e,8,14,1.75,1.0,1.0
ihnjt6k4,69889d6e,17,17,1.0,1.0,1.0
qkiu92kk,69889d6e,14,14,1.0,1.0,1.0
cuybsfwr,69889d6e,29,29,1.0,1.0,1.0
0ra11hiv,69889d6e,18,18,1.0,1.0,1.0
y32zaw9c,69889d6e,14,14,1.0,1.0,1.0
89u58v07,69889d6e,14,14,1.0,1.0,1.0
szbhlpfr,69889d6e,15,28,1.8666666666666667,1.0,1.0
phbjwkyw,69889d6e,45,64,1.4222222222222223,1.0,1.0
sn10zd6g,69889d6e,14,14,1.0,1.0,1.0
hsm45iwx,69889d6e,26,26,1.0,1.0,1.0
e2w81k0i,69889d6e,13,16,1.2307692307692308,1.0,1.0
4s3cm7d8,69889d6e,4,4,1.0,1.0,1.0
lmtka1ev,6a1e5592,4,88,20.25,1.0,1.0
41kp06jx,6a1e5592,17,74,3.588235294117647,0.8823529411764706,1.0
a0w1xgxf,6a1e5592,44,55,1.2272727272727273,0.9545454545454546,1.0
6eyovdd2,6a1e5592,23,28,1.2173913043478262,1.0,1.0
a6jpzpek,6a1e5592,3,13,4.333333333333333,1.0,1.0
vpxztp7b,6a1e5592,25,83,2.92,0.96,1.0
f1ejz9fy,6a1e5592,26,80,2.576923076923077,1.0,1.0
a9gvtd1o,6a1e5592,80,118,1.3875,1.0,1.0
c7ac53of,6a1e5592,3,41,13.666666666666666,0.0,1.0
rjanlii9,6a1e5592,54,146,2.3518518518518516,1.0,1.0
mrypomny,6a1e5592,30,53,1.7,1.0,1.0
jeq3oy2g,6a1e5592,87,133,1.471264367816092,0.9655172413793104,1.0
tc5wgx8h,6a1e5592,40,61,1.5,0.975,1.0
qqqzakmg,6a1e5592,1,40,34.0,0.0,1.0
648anokh,6a1e5592,26,97,2.5384615384615383,1.0,1.0
zc26r1al,6a1e5592,112,112,1.0,1.0,1.0
4stfwpke,6a1e5592,22,126,4.409090909090909,0.9545454545454546,1.0
vr20hyge,6a1e5592,46,60,1.2608695652173914,1.0,1.0
nhds6zsd,6a1e5592,53,53,1.0,1.0,1.0
ce9qdbyh,6a1e5592,6,100,12.666666666666666,0.8333333333333334,0.9514767932489452
03ljcqhc,6a1e5592,25,96,3.72,1.0,1.0
904h81sn,6a1e5592,27,59,2.074074074074074,1.0,1.0
j2dvablb,6a1e5592,12,103,7.5,1.0,1.0
xasfvnb7,6a1e5592,16,83,3.625,1.0,1.0
sesf1qnx,6a1e5592,23,109,3.8260869565217392,0.9130434782608695,1.0
2j8p9vyz,6a1e5592,10,72,6.4,1.0,1.0
s03ed531,6a1e5592,66,66,1.0,1.0,1.0
ni5df01j,6a1e5592,43,99,2.2325581395348837,0.9767441860465116,1.0
eyn3wygc,6a1e5592,46,58,1.2173913043478262,1.0,1.0
mrwlcmno,6a1e5592,31,86,2.4193548387096775,1.0,1.0
ew4oecfi,6a1e5592,5,61,11.6,1.0,1.0
t2eyvuxq,6a1e5592,26,73,2.6923076923076925,1.0,1.0
qv0yh587,6a1e5592,50,50,1.0,1.0,1.0
d1vjrjhc,6a1e5592,26,108,2.8846153846153846,1.0,1.0
mlvcv31l,6a1e5592,32,91,2.59375,1.0,1.0
o4kkkuj9,6a1e5592,31,31,1.0,1.0,1.0
k8txaw58,6a1e5592,50,50,1.0,1.0,1.0
a589fsqz,6a1e5592,34,151,4.029411764705882,0.9411764705882353,1.0
cdo2cmtp,6a1e5592,50,50,1.0,1.0,1.0
uktb326q,6a1e5592,48,55,1.1458333333333333,0.9583333333333334,1.0
kwy2bqjo,6a1e5592,40,78,1.8,1.0,1.0
bw2cwy0m,6a1e5592,15,65,3.933333333333333,1.0,1.0
l5sagbsh,6a1e5592,8,85,9.5,1.0,1.0
v6jvgdvg,6a1e5592,31,54,1.6451612903225807,1.0,1.0
ljwskxcq,6a1e5592,10,121,9.2,0.8,1.0
3irnkhq8,6a1e5592,8,66,7.25,1.0,1.0
4s9g1cze,6a1e5592,12,187,9.583333333333334,0.9166666666666666,1.0
zj5uemkt,6a1e5592,26,72,2.423076923076923,1.0,1.0
hsm45iwx,6a1e5592,13,59,4.076923076923077,1.0,1.0
4s3cm7d8,6a1e5592,40,51,1.275,1.0,1.0
e2w81k0i,6a1e5592,21,73,3.0,1.0,1.0
sn10zd6g,6a1e5592,10,65,6.2,1.0,1.0
phbjwkyw,6a1e5592,16,63,3.5,1.0,1.0
095bdwyc,6a1e5592,58,58,1.0,1.0,1.0
89u58v07,6a1e5592,35,91,2.3714285714285714,1.0,1.0
y32zaw9c,6a1e5592,47,47,1.0,1.0,1.0
cuybsfwr,6a1e5592,13,107,7.153846153846154,1.0,1.0
qkiu92kk,6a1e5592,26,124,2.730769230769231,1.0,1.0
02333qfj,6a1e5592,26,106,3.076923076923077,1.0,1.0
q04yitea,6a1e5592,36,56,1.4722222222222223,0.9722222222222222,1.0
qfsp3ery,6a1e5592,27,60,2.074074074074074,1.0,1.0
3cc6zm51,6a1e5592,33,105,2.4242424242424243,1.0,1.0
ske58akk,6a1e5592,32,187,5.15625,0.96875,1.0
ovhoesyy,6a1e5592,23,61,2.347826086956522,1.0,1.0
r24jdhzg,6a1e5592,50,54,1.08,1.0,1.0
nze0azo1,6a1e5592,27,64,2.185185185185185,1.0,1.0
r2ck84r8,6a1e5592,15,50,3.3333333333333335,0.9333333333333333,1.0
qazkn1sw,6a1e5592,6,15,2.5,0.5,1.0
f0wpo2hr,6a1e5592,10,70,6.9,1.0,1.0
8aknstxj,6a1e5592,29,111,2.413793103448276,1.0,1.0
c7z6erey,6a1e5592,66,140,1.9848484848484849,1.0,1.0
0hrc9vve,6a1e5592,4,24,6.0,0.5,1.0
zvbewhqx,6a1e5592,22,76,3.227272727272727,1.0,1.0
plfupad7,6a1e5592,26,63,2.230769230769231,1.0,1.0
ism64anu,6a1e5592,13,76,5.0,1.0,1.0
bmlngyh3,6a1e5592,37,160,3.4054054054054053,0.9459459459459459,1.0
clucow7d,6a1e5592,6,118,12.5,1.0,1.0
cghxa2ie,6a1e5592,8,67,7.375,0.875,1.0
3d2as981,6a1e5592,26,95,3.1153846153846154,0.9615384615384616,0.9871794871794871
byx9jkxm,6a1e5592,22,84,3.0,0.9545454545454546,1.0
j2pjmr32,6a1e5592,53,75,1.320754716981132,1.0,1.0
emwp6wq7,6a1e5592,26,86,2.8846153846153846,1.0,1.0
pad0sufd,6a1e5592,26,85,2.8461538461538463,1.0,1.0
154uk6vm,6a1e5592,51,51,1.0,1.0,1.0
ym49wqbn,6a1e5592,51,146,2.392156862745098,1.0,1.0
npr5bsi2,6a1e5592,27,90,3.111111111111111,1.0,1.0
o5qropwk,6a1e5592,34,94,2.4705882352941178,1.0,1.0
5nrjvc7q,6a1e5592,31,62,2.0,1.0,1.0
61zahdh9,6a1e5592,14,54,3.7142857142857144,1.0,1.0
kmwiem6m,6a1e5592,7,107,10.571428571428571,1.0,1.0
ikfbpugl,6a1e5592,9,27,3.0,0.8888888888888888,1.0
cp3b83py,6a1e5592,17,85,4.352941176470588,1.0,1.0
27d8totr,6a1e5592,26,81,2.9615384615384617,1.0,1.0
fkx2gd88,6a1e5592,6,100,13.166666666666666,0.8333333333333334,1.0
qothvfhf,6a1e5592,50,50,1.0,1.0,1.0
icf7bchs,6a1e5592,48,60,1.25,0.9791666666666666,1.0
aqmjput5,6a1e5592,45,66,1.4,1.0,1.0
l9krayds,6a1e5592,47,64,1.3404255319148937,1.0,1.0
nvlsix5c,6a1e5592,27,27,1.0,1.0,1.0
f5ohsl5h,6a1e5592,8,115,10.375,1.0,1.0
bhpug29p,6a1e5592,46,117,1.9782608695652173,0.9565217391304348,1.0
dmft9d3y,6a1e5592,14,58,4.0,1.0,1.0
bdfn1h0o,6a1e5592,7,64,8.857142857142858,1.0,1.0
6e5gb0yb,6a1e5592,15,100,5.066666666666666,1.0,1.0
om1m73rv,6a1e5592,23,58,2.4347826086956523,1.0,1.0
o1t1fb7j,6a1e5592,32,71,1.9375,1.0,1.0
7agy8y3l,6a1e5592,29,80,2.2413793103448274,1.0,1.0
vbwguazj,6a1e5592,28,54,1.9285714285714286,1.0,1.0
z3die4q3,6a1e5592,10,94,8.8,0.9,1.0
8jwr3j6t,6a1e5592,21,65,2.857142857142857,1.0,1.0
p445h6ow,6a1e5592,35,123,2.7142857142857144,1.0,1.0
mhskzwic,6a1e5592,20,51,2.55,1.0,1.0
50nsp39w,6a1e5592,41,158,3.5609756097560976,0.975609756097561,1.0
8yhijukj,6a1e5592,39,100,2.1794871794871793,0.9743589743589743,1.0
pz38obzd,6a1e5592,17,83,3.764705882352941,1.0,1.0
xklnx39q,6a1e5592,7,99,10.857142857142858,1.0,0.9565217391304347
nrfiw9bx,6a1e5592,12,58,4.666666666666667,1.0,1.0
onnumbyy,6a1e5592,31,54,1.7096774193548387,0.967741935483871,1.0
m63pxnwq,6a1e5592,11,80,6.181818181818182,1.0,1.0
t3l0if03,6a1e5592,29,130,3.8620689655172415,0.8620689655172413,1.0
nldu5ge3,6a1e5592,28,53,1.8928571428571428,1.0,1.0
ler5uq42,6a1e5592,53,53,1.0,1.0,1.0
4wx63ymf,6a1e5592,18,68,3.4444444444444446,1.0,1.0
nfbzvhip,6a1e5592,47,47,1.0,1.0,1.0
bcyhma9y,6a1e5592,56,56,1.0,1.0,1.0
f5ktzt2t,6a1e5592,19,189,8.210526315789474,0.9473684210526315,1.0
kkeej6x5,6a1e5592,27,63,2.3333333333333335,1.0,1.0
pcrxo3zp,6a1e5592,23,90,3.8260869565217392,1.0,1.0
mr7lkk46,6a1e5592,51,65,1.2549019607843137,1.0,1.0
2w766g1z,6a1e5592,21,58,2.6666666666666665,1.0,1.0
nqubyvew,6a1e5592,29,116,3.413793103448276,0.9655172413793104,1.0
0wk7vjg8,6a1e5592,48,56,1.1666666666666667,1.0,1.0
2anyuqd8,6a1e5592,57,57,1.0,1.0,1.0
k0qq522n,6a1e5592,36,58,1.5277777777777777,1.0,1.0
hkj9daz7,6a1e5592,14,71,4.285714285714286,1.0,1.0
zfeorjum,6a1e5592,34,105,2.5,1.0,1.0
9ohxtpht,6a1e5592,26,63,2.1923076923076925,1.0,1.0
w12e497z,6a1e5592,28,62,2.2142857142857144,1.0,1.0
oxvw1rhx,6a1e5592,36,112,2.2777777777777777,1.0,1.0
4j6cy1mk,6a1e5592,26,75,2.6923076923076925,1.0,1.0
8d21w3yr,6a1e5592,13,64,4.615384615384615,1.0,1.0
wa9xd98o,6a1e5592,48,50,1.0416666666666667,1.0,1.0
zelqv7az,6a1e5592,28,69,2.1785714285714284,0.9642857142857143,1.0
z8b26ynw,6a1e5592,28,70,2.2857142857142856,1.0,1.0
jx6lhkbi,6a1e5592,19,78,4.0,1.0,1.0
mpzcivx9,6a1e5592,13,79,5.230769230769231,0.9230769230769231,1.0
1qt2f29y,6a1e5592,55,95,1.6363636363636365,1.0,1.0
clhkwrie,6a1e5592,51,51,1.0,1.0,1.0
sp00glmz,6a1e5592,56,56,1.0,1.0,1.0
23iyreiv,6a1e5592,22,77,3.0,1.0,1.0
9evwb372,6a1e5592,7,72,9.857142857142858,1.0,1.0
ya0wv6pm,6a1e5592,26,91,2.923076923076923,0.9615384615384616,1.0
jqeesfz7,6a1e5592,50,50,1.0,1.0,1.0
xji13cu2,6a1e5592,20,56,2.7,1.0,1.0
kck1uue7,6a1e5592,12,75,5.583333333333333,1.0,1.0
nx0vccp8,6a1e5592,64,65,1.015625,1.0,1.0
8psac9uo,6a1e5592,25,65,2.48,1.0,1.0
aypxap78,6a1e5592,13,82,4.769230769230769,1.0,1.0
l0nln4b2,6a1e5592,28,77,2.392857142857143,1.0,1.0
ascil7wf,6a1e5592,13,73,5.0,1.0,1.0
8y2nd2sh,6a1e5592,5,86,13.4,1.0,1.0
r99uy0qb,6a1e5592,3,27,8.0,0.6666666666666666,1.0
idma9086,6a1e5592,33,89,2.272727272727273,1.0,1.0
7nszfy43,6a1e5592,50,107,2.02,0.98,1.0
b73rrttr,6a1e5592,27,28,1.037037037037037,1.0,1.0
yebzokh4,6a1e5592,26,64,2.1538461538461537,1.0,1.0
kavvl57w,6a1e5592,8,70,8.125,1.0,1.0
qfiy90jx,6a1e5592,9,79,7.222222222222222,1.0,1.0
8oohxrrz,6a1e5592,7,66,8.571428571428571,0.8571428571428571,1.0
x5id5i5q,6a1e5592,27,72,2.6296296296296298,0.9629629629629629,1.0
g3vslpjv,6a1e5592,29,70,2.1379310344827585,1.0,1.0
2d8q4qkc,6a1e5592,7,81,9.857142857142858,1.0,1.0
bx44xwzb,6a1e5592,27,77,2.3703703703703702,1.0,1.0
o2ho0580,6a1e5592,52,62,1.1923076923076923,0.9807692307692307,1.0
c9sps7bl,6a1e5592,7,83,9.142857142857142,1.0,1.0
ldo5smvx,6a1e5592,8,66,7.375,1.0,1.0
jayyv6lz,6a1e5592,21,79,3.0952380952380953,0.9523809523809523,1.0
yfyhejim,6a1e5592,7,139,11.857142857142858,1.0,1.0
0yfthc4y,6a1e5592,38,95,1.9736842105263157,0.9736842105263158,1.0
ei0ij8ms,6a1e5592,12,70,5.416666666666667,1.0,1.0
2tkm21z6,6a1e5592,50,50,1.0,1.0,1.0
c2lwacqc,6a1e5592,34,83,2.1176470588235294,1.0,1.0
g7svteiz,6a1e5592,44,50,1.1363636363636365,1.0,1.0
cw4tyx7n,6a1e5592,4,26,6.0,0.75,1.0
189iqcds,6a1e5592,21,21,1.0,1.0,1.0
mzi8f2hv,6a1e5592,14,79,4.928571428571429,1.0,1.0
fgxp8fzz,6a1e5592,8,63,7.375,1.0,1.0
rhbgnqhz,6a1e5592,9,60,6.555555555555555,1.0,1.0
72p6pxny,6a1e5592,16,84,5.125,1.0,1.0
hd5k29qy,6a1e5592,26,72,2.423076923076923,1.0,1.0
yebzokh4,12eac192,70,70,1.0,1.0,1.0
idma9086,12eac192,25,25,1.0,1.0,1.0
r99uy0qb,12eac192,3,7,2.3333333333333335,1.0,1.0
b73rrttr,12eac192,4,4,1.0,1.0,1.0
0fy66fv2,12eac192,14,14,1.0,1.0,1.0
g3vslpjv,12eac192,14,18,1.2857142857142858,1.0,1.0
2d8q4qkc,12eac192,11,20,1.7272727272727273,1.0,1.0
bx44xwzb,12eac192,19,19,1.0,1.0,1.0
o2ho0580,12eac192,22,22,1.0,1.0,1.0
c9sps7bl,12eac192,12,19,1.5833333333333333,1.0,1.0
qfiy90jx,12eac192,23,23,1.0,1.0,1.0
8oohxrrz,12eac192,21,21,1.0,1.0,1.0
x5id5i5q,12eac192,47,47,1.0,1.0,1.0
kck1uue7,12eac192,1,4,3.0,1.0,1.0
nx0vccp8,12eac192,9,30,3.3333333333333335,0.8888888888888888,1.0
8psac9uo,12eac192,19,19,1.0,1.0,1.0
jqeesfz7,12eac192,19,19,1.0,1.0,1.0
qif0sa3r,12eac192,7,7,1.0,1.0,1.0
8y2nd2sh,12eac192,30,43,1.4,1.0,1.0
aypxap78,12eac192,19,19,1.0,1.0,1.0
l0nln4b2,12eac192,47,47,1.0,1.0,1.0
ascil7wf,12eac192,31,59,1.8387096774193548,1.0,1.0
g7svteiz,12eac192,60,60,1.0,1.0,1.0
cw4tyx7n,12eac192,13,13,1.0,1.0,1.0
72p6pxny,12eac192,41,58,1.4146341463414633,1.0,1.0
hd5k29qy,12eac192,32,37,1.125,1.0,1.0
gkse9wdn,12eac192,39,39,1.0,1.0,1.0
189iqcds,12eac192,16,19,1.1875,1.0,1.0
mzi8f2hv,12eac192,8,18,2.25,0.875,1.0
qu0lm98m,12eac192,28,51,1.8214285714285714,1.0,1.0
ldo5smvx,12eac192,19,20,1.0526315789473684,1.0,1.0
0yfthc4y,12eac192,32,32,1.0,1.0,1.0
ei0ij8ms,12eac192,45,64,1.4,1.0,1.0
2tkm21z6,12eac192,26,26,1.0,1.0,1.0
yfyhejim,12eac192,16,21,1.3125,1.0,1.0
t3l0if03,12eac192,19,19,1.0,1.0,1.0
ler5uq42,12eac192,5,5,1.0,1.0,1.0
4wx63ymf,12eac192,14,19,1.3571428571428572,1.0,1.0
nfbzvhip,12eac192,20,20,1.0,1.0,1.0
mr7lkk46,12eac192,30,41,1.3666666666666667,1.0,1.0
2w766g1z,12eac192,7,17,2.4285714285714284,0.8571428571428571,1.0
nqubyvew,12eac192,20,35,1.65,1.0,1.0
kkeej6x5,12eac192,16,19,1.1875,1.0,1.0
p445h6ow,12eac192,23,42,1.826086956521739,1.0,1.0
z3die4q3,12eac192,13,19,1.4615384615384615,1.0,1.0
mhskzwic,12eac192,13,19,1.4615384615384615,1.0,1.0
8yhijukj,12eac192,18,27,1.5,1.0,1.0
om1m73rv,12eac192,60,101,1.6833333333333333,1.0,1.0
7agy8y3l,12eac192,61,88,1.4098360655737705,1.0,1.0
nrfiw9bx,12eac192,12,19,1.5833333333333333,1.0,1.0
pz38obzd,12eac192,19,19,1.0,1.0,1.0
xklnx39q,12eac192,10,22,2.2,1.0,1.0
jx6lhkbi,12eac192,15,19,1.2666666666666666,1.0,1.0
z8b26ynw,12eac192,7,13,1.8571428571428572,1.0,1.0
zelqv7az,12eac192,12,14,1.1666666666666667,1.0,1.0
23iyreiv,12eac192,19,26,1.368421052631579,0.9473684210526315,1.0
ya0wv6pm,12eac192,38,38,1.0,1.0,1.0
mpzcivx9,12eac192,13,19,1.4615384615384615,1.0,1.0
1qt2f29y,12eac192,18,18,1.0,1.0,1.0
clhkwrie,12eac192,21,25,1.1904761904761905,1.0,1.0
sp00glmz,12eac192,49,50,1.0,1.0,1.0
hkj9daz7,12eac192,26,32,1.2307692307692308,1.0,1.0
zfeorjum,12eac192,20,45,2.25,1.0,1.0
w12e497z,12eac192,31,34,1.096774193548387,1.0,1.0
9ohxtpht,12eac192,28,28,1.0,1.0,1.0
1r6yodve,12eac192,36,36,1.0,1.0,1.0
cbvc5e3w,12eac192,20,20,1.0,1.0,1.0
4j6cy1mk,12eac192,26,26,1.0,1.0,1.0
oxvw1rhx,12eac192,52,53,1.0192307692307692,1.0,1.0
8d21w3yr,12eac192,33,33,1.0,1.0,1.0
hpl7jugr,12eac192,14,19,1.3571428571428572,1.0,1.0
nze0azo1,12eac192,18,18,1.0,1.0,1.0
3cc6zm51,12eac192,23,23,1.0,1.0,1.0
ske58akk,12eac192,9,20,2.111111111111111,1.0,1.0
ovhoesyy,12eac192,2,6,3.0,1.0,1.0
r24jdhzg,12eac192,67,67,1.0,1.0,1.0
stbyxpx6,12eac192,5,5,1.0,1.0,1.0
zvbewhqx,12eac192,14,22,1.5714285714285714,1.0,1.0
plfupad7,12eac192,19,19,1.0,1.0,1.0
n2et79bd,12eac192,1,1,1.0,1.0,1.0
ism64anu,12eac192,13,19,1.4615384615384615,1.0,1.0
qazkn1sw,12eac192,12,29,2.4166666666666665,0.8333333333333334,1.0
f0wpo2hr,12eac192,19,19,1.0,1.0,1.0
8aknstxj,12eac192,3,3,1.0,1.0,1.0
c7z6erey,12eac192,19,19,1.0,1.0,1.0
szbhlpfr,12eac192,29,29,1.0,1.0,1.0
phbjwkyw,12eac192,32,42,1.3125,1.0,1.0
89u58v07,12eac192,26,26,1.0,1.0,1.0
hsm45iwx,12eac192,9,15,1.6666666666666667,1.0,1.0
e2w81k0i,12eac192,11,25,2.090909090909091,1.0,1.0
4s3cm7d8,12eac192,42,42,1.0,1.0,1.0
sn10zd6g,12eac192,14,32,2.2857142857142856,1.0,1.0
44o5xnxe,12eac192,17,47,2.588235294117647,1.0,1.0
qfsp3ery,12eac192,24,24,1.0,1.0,1.0
q04yitea,12eac192,20,29,1.45,1.0,1.0
y32zaw9c,12eac192,97,97,1.0,1.0,1.0
cuybsfwr,12eac192,5,5,1.0,1.0,1.0
cp3b83py,12eac192,15,19,1.2666666666666666,1.0,1.0
27d8totr,12eac192,19,19,1.0,1.0,1.0
fkx2gd88,12eac192,12,20,1.5833333333333333,1.0,1.0
qothvfhf,12eac192,41,41,1.0,1.0,1.0
kmwiem6m,12eac192,19,19,1.0,1.0,1.0
d33m799j,12eac192,1,17,15.0,0.0,1.0
bdfn1h0o,12eac192,44,58,1.3181818181818181,1.0,1.0
dmft9d3y,12eac192,1,1,1.0,1.0,1.0
6e5gb0yb,12eac192,39,49,1.2307692307692308,1.0,1.0
icf7bchs,12eac192,112,115,1.0089285714285714,1.0,1.0
aqmjput5,12eac192,22,29,1.3181818181818181,1.0,1.0
l9krayds,12eac192,12,12,1.0,1.0,1.0
bhpug29p,12eac192,4,5,1.25,1.0,1.0
byx9jkxm,12eac192,23,47,2.0434782608695654,1.0,1.0
bmlngyh3,12eac192,16,16,1.0,1.0,1.0
clucow7d,12eac192,45,45,1.0,1.0,1.0
3d2as981,12eac192,7,7,1.0,1.0,1.0
cghxa2ie,12eac192,16,26,1.625,0.9375,1.0
o5qropwk,12eac192,7,10,1.4285714285714286,1.0,1.0
5nrjvc7q,12eac192,21,21,1.0,1.0,1.0
ol9lky1i,12eac192,16,16,1.0,1.0,1.0
61zahdh9,12eac192,34,39,1.1470588235294117,1.0,1.0
emwp6wq7,12eac192,79,96,1.1898734177215189,1.0,1.0
pad0sufd,12eac192,42,42,1.0,1.0,1.0
npr5bsi2,12eac192,2,2,1.0,1.0,1.0
154uk6vm,12eac192,25,25,1.0,1.0,1.0
ym49wqbn,12eac192,28,33,1.1785714285714286,1.0,1.0
vr20hyge,12eac192,2,2,1.0,1.0,1.0
03ljcqhc,12eac192,15,25,1.6666666666666667,1.0,1.0
904h81sn,12eac192,44,53,1.1136363636363635,1.0,1.0
j2dvablb,12eac192,15,16,1.0666666666666667,1.0,1.0
vpxztp7b,12eac192,19,19,1.0,1.0,1.0
f1ejz9fy,12eac192,21,27,1.2857142857142858,1.0,1.0
e0biso3r,12eac192,19,19,1.0,1.0,1.0
lmtka1ev,12eac192,13,20,1.4615384615384615,1.0,1.0
a0w1xgxf,12eac192,3,9,3.0,1.0,1.0
6eyovdd2,12eac192,43,45,1.0465116279069768,1.0,1.0
a6jpzpek,12eac192,4,4,1.0,1.0,1.0
648anokh,12eac192,19,19,1.0,1.0,1.0
zc26r1al,12eac192,44,46,1.0454545454545454,1.0,1.0
rjanlii9,12eac192,3,8,2.6666666666666665,1.0,1.0
c7ac53of,12eac192,3,24,8.0,1.0,1.0
mrypomny,12eac192,24,28,1.1666666666666667,1.0,1.0
tc5wgx8h,12eac192,19,19,1.0,1.0,1.0
bw2cwy0m,12eac192,11,11,1.0,1.0,1.0
kwy2bqjo,12eac192,25,25,1.0,1.0,1.0
cdo2cmtp,12eac192,33,33,1.0,1.0,1.0
l5sagbsh,12eac192,13,19,1.4615384615384615,1.0,1.0
v6jvgdvg,12eac192,7,7,1.0,1.0,1.0
ljwskxcq,12eac192,14,19,1.3571428571428572,1.0,1.0
3irnkhq8,12eac192,2,20,8.0,0.5,1.0
4s9g1cze,12eac192,21,25,1.1904761904761905,1.0,1.0
ni5df01j,12eac192,17,19,1.1176470588235294,1.0,1.0
eyn3wygc,12eac192,74,75,1.0135135135135136,1.0,1.0
mrwlcmno,12eac192,21,21,1.0,1.0,1.0
ew4oecfi,12eac192,26,38,1.4615384615384615,1.0,1.0
2j8p9vyz,12eac192,38,55,1.4210526315789473,1.0,1.0
s03ed531,12eac192,1,1,1.0,1.0,1.0
wcau806y,12eac192,2,2,1.0,1.0,1.0
o4kkkuj9,12eac192,61,61,1.0,1.0,1.0
k8txaw58,12eac192,23,41,1.7826086956521738,1.0,1.0
a589fsqz,12eac192,15,15,1.0,1.0,1.0
t2eyvuxq,12eac192,39,48,1.2307692307692308,1.0,1.0
qv0yh587,12eac192,27,27,1.0,1.0,1.0
mpzcivx9,1e32b0e9,12,54,4.5,1.0,1.0
clhkwrie,1e32b0e9,46,46,1.0,1.0,1.0
1qt2f29y,1e32b0e9,78,78,1.0,1.0,1.0
sp00glmz,1e32b0e9,46,46,1.0,1.0,1.0
23iyreiv,1e32b0e9,56,56,1.0,1.0,1.0
ya0wv6pm,1e32b0e9,54,54,1.0,1.0,1.0
cfclud8z,1e32b0e9,20,70,3.25,1.0,1.0
z8b26ynw,1e32b0e9,23,71,3.0434782608695654,1.0,1.0
zelqv7az,1e32b0e9,54,54,1.0,1.0,1.0
jx6lhkbi,1e32b0e9,19,58,2.9473684210526314,1.0,1.0
4j6cy1mk,1e32b0e9,34,68,1.911764705882353,0.9705882352941176,1.0
oxvw1rhx,1e32b0e9,78,134,1.6538461538461537,1.0,1.0
8d21w3yr,1e32b0e9,10,10,1.0,1.0,1.0
wa9xd98o,1e32b0e9,57,62,1.087719298245614,1.0,1.0
0wk7vjg8,1e32b0e9,20,54,2.7,1.0,1.0
1r6yodve,1e32b0e9,84,84,1.0,1.0,1.0
cbvc5e3w,1e32b0e9,124,124,1.0,1.0,1.0
k0qq522n,1e32b0e9,34,34,1.0,1.0,1.0
zfeorjum,1e32b0e9,25,90,3.48,1.0,1.0
hkj9daz7,1e32b0e9,20,105,4.7,0.95,0.9829545454545455
w12e497z,1e32b0e9,35,213,5.171428571428572,0.9714285714285714,0.9956416464891041
9ohxtpht,1e32b0e9,117,117,1.0,1.0,1.0
bcyhma9y,1e32b0e9,1,1,1.0,1.0,1.0
pcrxo3zp,1e32b0e9,14,57,4.0,0.9285714285714286,1.0
f5ktzt2t,1e32b0e9,36,131,3.4722222222222223,1.0,1.0
kkeej6x5,1e32b0e9,26,54,2.076923076923077,1.0,1.0
5vv1rrzw,1e32b0e9,56,56,1.0,1.0,1.0
mr7lkk46,1e32b0e9,37,86,2.189189189189189,1.0,1.0
2w766g1z,1e32b0e9,68,68,1.0,1.0,1.0
nqubyvew,1e32b0e9,99,163,1.6464646464646464,1.0,1.0
onnumbyy,1e32b0e9,50,64,1.26,1.0,1.0
m63pxnwq,1e32b0e9,13,66,4.846153846153846,1.0,1.0
nldu5ge3,1e32b0e9,13,54,4.153846153846154,1.0,1.0
t3l0if03,1e32b0e9,8,12,1.5,1.0,1.0
ler5uq42,1e32b0e9,2,2,1.0,1.0,1.0
nfbzvhip,1e32b0e9,129,130,1.0077519379844961,1.0,1.0
4wx63ymf,1e32b0e9,12,54,4.5,1.0,1.0
pz38obzd,1e32b0e9,37,109,2.918918918918919,1.0,1.0
xklnx39q,1e32b0e9,42,89,2.119047619047619,1.0,1.0
nrfiw9bx,1e32b0e9,15,56,3.6,1.0,1.0
om1m73rv,1e32b0e9,37,163,4.405405405405405,1.0,1.0
7agy8y3l,1e32b0e9,32,67,2.09375,1.0,1.0
z3die4q3,1e32b0e9,13,59,4.461538461538462,1.0,1.0
mhskzwic,1e32b0e9,22,54,2.4545454545454546,1.0,1.0
8yhijukj,1e32b0e9,4,27,6.25,0.75,1.0
50nsp39w,1e32b0e9,52,166,3.1346153846153846,1.0,1.0
189iqcds,1e32b0e9,54,54,1.0,1.0,1.0
mzi8f2hv,1e32b0e9,50,56,1.12,0.98,1.0
fgxp8fzz,1e32b0e9,6,49,8.0,1.0,1.0
72p6pxny,1e32b0e9,72,232,3.1666666666666665,0.9722222222222222,0.9930555555555556
rhbgnqhz,1e32b0e9,12,54,4.5,1.0,1.0
hd5k29qy,1e32b0e9,38,144,3.5,1.0,1.0
g7svteiz,1e32b0e9,80,178,2.1875,0.975,1.0
c2lwacqc,1e32b0e9,15,58,3.8666666666666667,1.0,1.0
cw4tyx7n,1e32b0e9,1,4,4.0,0.0,1.0
9wkeb5tu,1e32b0e9,12,54,4.5,1.0,1.0
yfyhejim,1e32b0e9,43,114,2.302325581395349,0.9534883720930233,1.0
0yfthc4y,1e32b0e9,54,54,1.0,1.0,1.0
ei0ij8ms,1e32b0e9,13,57,4.153846153846154,1.0,1.0
2tkm21z6,1e32b0e9,63,64,1.0158730158730158,1.0,1.0
ldo5smvx,1e32b0e9,1,1,1.0,1.0,1.0
jayyv6lz,1e32b0e9,120,184,1.4333333333333333,0.9916666666666667,1.0
qu0lm98m,1e32b0e9,36,54,1.5,1.0,1.0
qfiy90jx,1e32b0e9,24,54,2.25,1.0,1.0
8oohxrrz,1e32b0e9,12,55,4.5,1.0,1.0
x5id5i5q,1e32b0e9,79,129,1.5949367088607596,0.9873417721518988,1.0
g3vslpjv,1e32b0e9,42,73,1.7142857142857142,1.0,1.0
bx44xwzb,1e32b0e9,55,56,1.018181818181818,1.0,1.0
o2ho0580,1e32b0e9,2,2,1.0,1.0,1.0
c9sps7bl,1e32b0e9,14,60,4.142857142857143,1.0,1.0
idma9086,1e32b0e9,8,8,1.0,1.0,1.0
r99uy0qb,1e32b0e9,30,74,2.433333333333333,1.0,1.0
b73rrttr,1e32b0e9,16,16,1.0,1.0,1.0
0fy66fv2,1e32b0e9,23,23,1.0,1.0,1.0
yebzokh4,1e32b0e9,100,102,1.02,1.0,1.0
kavvl57w,1e32b0e9,12,54,4.5,1.0,1.0
aypxap78,1e32b0e9,12,55,4.5,1.0,1.0
l0nln4b2,1e32b0e9,54,54,1.0,1.0,1.0
ascil7wf,1e32b0e9,19,56,2.9473684210526314,1.0,1.0
8y2nd2sh,1e32b0e9,13,57,4.153846153846154,1.0,1.0
jqeesfz7,1e32b0e9,56,56,1.0,1.0,1.0
kck1uue7,1e32b0e9,15,58,3.8,1.0,1.0
8psac9uo,1e32b0e9,54,54,1.0,1.0,1.0
nx0vccp8,1e32b0e9,28,28,1.0,1.0,1.0
v6jvgdvg,1e32b0e9,103,103,1.0,1.0,1.0
l5sagbsh,1e32b0e9,14,57,4.0,1.0,1.0
4s9g1cze,1e32b0e9,19,86,4.526315789473684,1.0,1.0
3irnkhq8,1e32b0e9,18,60,3.3333333333333335,1.0,1.0
zj5uemkt,1e32b0e9,39,39,1.0,1.0,1.0
cdo2cmtp,1e32b0e9,54,54,1.0,1.0,1.0
uktb326q,1e32b0e9,67,67,1.0,1.0,1.0
bw2cwy0m,1e32b0e9,35,58,1.6571428571428573,1.0,1.0
kwy2bqjo,1e32b0e9,54,54,1.0,1.0,1.0
t2eyvuxq,1e32b0e9,50,66,1.32,1.0,1.0
qv0yh587,1e32b0e9,12,19,1.5833333333333333,0.9166666666666666,1.0
o4kkkuj9,1e32b0e9,54,54,1.0,1.0,1.0
k8txaw58,1e32b0e9,28,119,4.214285714285714,1.0,1.0
mlvcv31l,1e32b0e9,23,74,3.130434782608696,1.0,1.0
a589fsqz,1e32b0e9,24,54,2.25,1.0,1.0
2j8p9vyz,1e32b0e9,13,62,4.6923076923076925,1.0,1.0
s03ed531,1e32b0e9,62,62,1.0,1.0,1.0
wcau806y,1e32b0e9,45,55,1.2222222222222223,0.9777777777777777,1.0
eyn3wygc,1e32b0e9,54,54,1.0,1.0,1.0
ni5df01j,1e32b0e9,16,55,3.375,1.0,1.0
mrwlcmno,1e32b0e9,54,54,1.0,1.0,1.0
ew4oecfi,1e32b0e9,14,56,4.0,1.0,1.0
904h81sn,1e32b0e9,47,76,1.5319148936170213,1.0,1.0
so5k1adg,1e32b0e9,72,72,1.0,1.0,1.0
j2dvablb,1e32b0e9,13,54,4.153846153846154,1.0,1.0
xasfvnb7,1e32b0e9,10,11,1.1,1.0,1.0
sesf1qnx,1e32b0e9,26,77,2.730769230769231,0.9615384615384616,1.0
4stfwpke,1e32b0e9,51,121,2.3333333333333335,1.0,1.0
nhds6zsd,1e32b0e9,58,58,1.0,1.0,1.0
vr20hyge,1e32b0e9,28,28,1.0,1.0,1.0
rjanlii9,1e32b0e9,80,190,2.3625,1.0,1.0
c7ac53of,1e32b0e9,3,7,2.3333333333333335,1.0,1.0
mrypomny,1e32b0e9,55,56,1.018181818181818,1.0,1.0
tc5wgx8h,1e32b0e9,19,71,3.736842105263158,1.0,1.0
qqqzakmg,1e32b0e9,4,82,20.25,0.5,1.0
648anokh,1e32b0e9,17,58,3.2941176470588234,1.0,1.0
lmtka1ev,1e32b0e9,12,55,4.5,1.0,1.0
a0w1xgxf,1e32b0e9,91,92,1.010989010989011,1.0,1.0
41kp06jx,1e32b0e9,20,64,3.2,1.0,1.0
a6jpzpek,1e32b0e9,4,7,1.75,1.0,1.0
6eyovdd2,1e32b0e9,70,112,1.5142857142857142,0.9571428571428572,1.0
vpxztp7b,1e32b0e9,19,56,2.9473684210526314,0.9473684210526315,1.0
f1ejz9fy,1e32b0e9,53,122,2.2264150943396226,1.0,1.0
a9gvtd1o,1e32b0e9,54,54,1.0,1.0,1.0
e0biso3r,1e32b0e9,36,54,1.5,1.0,1.0
icf7bchs,1e32b0e9,45,161,3.3555555555555556,0.9777777777777777,1.0
l9krayds,1e32b0e9,45,199,3.577777777777778,0.9555555555555556,0.991304347826087
aqmjput5,1e32b0e9,58,180,2.8448275862068964,1.0,1.0
nvlsix5c,1e32b0e9,29,29,1.0,1.0,1.0
f5ohsl5h,1e32b0e9,15,63,4.0,1.0,1.0
dmft9d3y,1e32b0e9,33,103,3.0303030303030303,1.0,1.0
6e5gb0yb,1e32b0e9,39,54,1.3846153846153846,0.9487179487179487,1.0
kmwiem6m,1e32b0e9,12,55,4.5,1.0,1.0
d33m799j,1e32b0e9,2,67,29.0,0.0,1.0
cp3b83py,1e32b0e9,17,54,3.176470588235294,1.0,1.0
fkx2gd88,1e32b0e9,16,59,3.6875,1.0,1.0
27d8totr,1e32b0e9,13,54,4.153846153846154,1.0,1.0
91fk0af9,1e32b0e9,58,58,1.0,1.0,1.0
qothvfhf,1e32b0e9,59,60,1.0,1.0,1.0
emwp6wq7,1e32b0e9,54,112,2.037037037037037,1.0,1.0
pad0sufd,1e32b0e9,33,54,1.6363636363636365,1.0,1.0
xeu3j3ki,1e32b0e9,29,58,1.9655172413793103,1.0,1.0
npr5bsi2,1e32b0e9,54,54,1.0,1.0,1.0
ym49wqbn,1e32b0e9,190,286,1.4842105263157894,0.9947368421052631,1.0
154uk6vm,1e32b0e9,108,108,1.0,1.0,1.0
o5qropwk,1e32b0e9,5,8,1.6,1.0,1.0
5nrjvc7q,1e32b0e9,108,108,1.0,1.0,1.0
bmlngyh3,1e32b0e9,66,234,3.4393939393939394,0.9848484848484849,1.0
clucow7d,1e32b0e9,24,79,3.2083333333333335,1.0,1.0
3d2as981,1e32b0e9,28,105,3.6785714285714284,0.9642857142857143,1.0
cghxa2ie,1e32b0e9,32,87,2.625,1.0,1.0
byx9jkxm,1e32b0e9,12,54,4.5,1.0,1.0
qazkn1sw,1e32b0e9,6,19,3.1666666666666665,0.5,1.0
f0wpo2hr,1e32b0e9,14,63,4.357142857142857,1.0,1.0
c7z6erey,1e32b0e9,12,55,4.5,1.0,1.0
8aknstxj,1e32b0e9,21,61,2.761904761904762,1.0,1.0
zvbewhqx,1e32b0e9,35,69,1.9714285714285715,1.0,1.0
0hrc9vve,1e32b0e9,4,19,4.75,1.0,1.0
plfupad7,1e32b0e9,30,61,2.0,1.0,1.0
ism64anu,1e32b0e9,19,65,3.4210526315789473,1.0,1.0
n2et79bd,1e32b0e9,56,56,1.0,1.0,1.0
3cc6zm51,1e32b0e9,54,54,1.0,1.0,1.0
ovhoesyy,1e32b0e9,18,61,3.2222222222222223,1.0,1.0
ske58akk,1e32b0e9,14,57,4.0,1.0,1.0
r24jdhzg,1e32b0e9,83,83,1.0,1.0,1.0
stbyxpx6,1e32b0e9,21,61,2.761904761904762,1.0,1.0
r2ck84r8,1e32b0e9,13,54,4.153846153846154,1.0,1.0
nze0azo1,1e32b0e9,31,45,1.4516129032258065,1.0,1.0
y32zaw9c,1e32b0e9,55,56,1.018181818181818,1.0,1.0
cuybsfwr,1e32b0e9,47,72,1.4893617021276595,1.0,1.0
0ra11hiv,1e32b0e9,41,60,1.3414634146341464,1.0,1.0
44o5xnxe,1e32b0e9,17,56,3.176470588235294,1.0,1.0
02333qfj,1e32b0e9,54,54,1.0,1.0,1.0
qfsp3ery,1e32b0e9,6,21,3.1666666666666665,1.0,1.0
q04yitea,1e32b0e9,20,63,2.9,0.95,1.0
hsm45iwx,1e32b0e9,13,63,4.461538461538462,1.0,1.0
e2w81k0i,1e32b0e9,27,75,2.7037037037037037,1.0,1.0
4s3cm7d8,1e32b0e9,71,74,1.0422535211267605,0.9859154929577465,1.0
sn10zd6g,1e32b0e9,24,61,2.5,1.0,1.0
szbhlpfr,1e32b0e9,36,58,1.5833333333333333,1.0,1.0
phbjwkyw,1e32b0e9,42,56,1.3333333333333333,1.0,1.0
89u58v07,1e32b0e9,30,77,2.566666666666667,1.0,1.0
03ljcqhc,0b17323b,2,2,1.0,1.0,1.0
ce9qdbyh,0b17323b,2,2,1.0,1.0,1.0
904h81sn,0b17323b,2,2,1.0,1.0,1.0
so5k1adg,0b17323b,2,2,1.0,1.0,1.0
j2dvablb,0b17323b,2,2,1.0,1.0,1.0
xasfvnb7,0b17323b,7,7,1.0,1.0,1.0
sesf1qnx,0b17323b,2,2,1.0,1.0,1.0
nhds6zsd,0b17323b,2,2,1.0,1.0,1.0
rjanlii9,0b17323b,2,2,1.0,1.0,1.0
c7ac53of,0b17323b,3,3,1.0,1.0,1.0
jeq3oy2g,0b17323b,6,6,1.0,1.0,1.0
mrypomny,0b17323b,2,2,1.0,1.0,1.0
8bgj1tsd,0b17323b,2,2,1.0,1.0,1.0
tc5wgx8h,0b17323b,6,6,1.0,1.0,1.0
qqqzakmg,0b17323b,1,51,47.0,0.0,1.0
648anokh,0b17323b,2,2,1.0,1.0,1.0
lmtka1ev,0b17323b,2,2,1.0,1.0,1.0
a0w1xgxf,0b17323b,4,4,1.0,1.0,1.0
41kp06jx,0b17323b,2,2,1.0,1.0,1.0
a6jpzpek,0b17323b,11,11,1.0,1.0,1.0
6eyovdd2,0b17323b,2,2,1.0,1.0,1.0
vpxztp7b,0b17323b,2,2,1.0,1.0,1.0
f1ejz9fy,0b17323b,4,4,1.0,1.0,1.0
a9gvtd1o,0b17323b,2,2,1.0,1.0,1.0
e0biso3r,0b17323b,2,2,1.0,1.0,1.0
v6jvgdvg,0b17323b,6,6,1.0,1.0,1.0
l5sagbsh,0b17323b,2,2,1.0,1.0,1.0
ljwskxcq,0b17323b,2,2,1.0,1.0,1.0
3irnkhq8,0b17323b,2,2,1.0,1.0,1.0
4s9g1cze,0b17323b,2,2,1.0,1.0,1.0
zj5uemkt,0b17323b,2,2,1.0,1.0,1.0
cdo2cmtp,0b17323b,2,2,1.0,1.0,1.0
uktb326q,0b17323b,2,2,1.0,1.0,1.0
kwy2bqjo,0b17323b,4,4,1.0,1.0,1.0
bw2cwy0m,0b17323b,2,2,1.0,1.0,1.0
t2eyvuxq,0b17323b,2,2,1.0,1.0,1.0
qv0yh587,0b17323b,5,5,1.0,1.0,1.0
d1vjrjhc,0b17323b,2,2,1.0,1.0,1.0
mlvcv31l,0b17323b,2,2,1.0,1.0,1.0
o4kkkuj9,0b17323b,2,2,1.0,1.0,1.0
k8txaw58,0b17323b,2,2,1.0,1.0,1.0
a589fsqz,0b17323b,2,2,1.0,1.0,1.0
2j8p9vyz,0b17323b,2,2,1.0,1.0,1.0
s03ed531,0b17323b,2,2,1.0,1.0,1.0
wcau806y,0b17323b,2,2,1.0,1.0,1.0
ni5df01j,0b17323b,2,2,1.0,1.0,1.0
eyn3wygc,0b17323b,6,6,1.0,1.0,1.0
mrwlcmno,0b17323b,2,2,1.0,1.0,1.0
ew4oecfi,0b17323b,2,2,1.0,1.0,1.0
qazkn1sw,0b17323b,5,5,1.0,1.0,1.0
f0wpo2hr,0b17323b,2,2,1.0,1.0,1.0
c7z6erey,0b17323b,2,2,1.0,1.0,1.0
8aknstxj,0b17323b,2,2,1.0,1.0,1.0
zvbewhqx,0b17323b,2,2,1.0,1.0,1.0
0hrc9vve,0b17323b,2,11,5.5,0.0,1.0
plfupad7,0b17323b,2,2,1.0,1.0,1.0
n2et79bd,0b17323b,2,2,1.0,1.0,1.0
3cc6zm51,0b17323b,4,4,1.0,1.0,1.0
ske58akk,0b17323b,2,2,1.0,1.0,1.0
ovhoesyy,0b17323b,2,2,1.0,1.0,1.0
r24jdhzg,0b17323b,10,10,1.0,1.0,1.0
nze0azo1,0b17323b,2,2,1.0,1.0,1.0
r2ck84r8,0b17323b,2,2,1.0,1.0,1.0
y32zaw9c,0b17323b,2,2,1.0,1.0,1.0
cuybsfwr,0b17323b,6,6,1.0,1.0,1.0
0ra11hiv,0b17323b,2,2,1.0,1.0,1.0
44o5xnxe,0b17323b,2,2,1.0,1.0,1.0
qkiu92kk,0b17323b,2,2,1.0,1.0,1.0
02333qfj,0b17323b,2,2,1.0,1.0,1.0
qfsp3ery,0b17323b,2,2,1.0,1.0,1.0
q04yitea,0b17323b,2,2,1.0,1.0,1.0
hsm45iwx,0b17323b,2,2,1.0,1.0,1.0
e2w81k0i,0b17323b,2,2,1.0,1.0,1.0
4s3cm7d8,0b17323b,2,2,1.0,1.0,1.0
sn10zd6g,0b17323b,2,2,1.0,1.0,1.0
szbhlpfr,0b17323b,2,2,1.0,1.0,1.0
phbjwkyw,0b17323b,2,2,1.0,1.0,1.0
89u58v07,0b17323b,2,2,1.0,1.0,1.0
095bdwyc,0b17323b,7,7,1.0,1.0,1.0
l9krayds,0b17323b,15,15,1.0,1.0,1.0
aqmjput5,0b17323b,2,2,1.0,1.0,1.0
f5ohsl5h,0b17323b,2,2,1.0,1.0,1.0
dmft9d3y,0b17323b,2,2,1.0,1.0,1.0
6e5gb0yb,0b17323b,2,2,1.0,1.0,1.0
pgtp756s,0b17323b,4,4,1.0,1.0,1.0
kmwiem6m,0b17323b,2,2,1.0,1.0,1.0
ikfbpugl,0b17323b,2,2,1.0,1.0,1.0
d33m799j,0b17323b,1,24,23.0,0.0,1.0
cp3b83py,0b17323b,2,2,1.0,1.0,1.0
27d8totr,0b17323b,2,2,1.0,1.0,1.0
91fk0af9,0b17323b,2,2,1.0,1.0,1.0
qothvfhf,0b17323b,2,2,1.0,1.0,1.0
emwp6wq7,0b17323b,7,7,1.0,1.0,1.0
pad0sufd,0b17323b,2,2,1.0,1.0,1.0
xeu3j3ki,0b17323b,2,2,1.0,1.0,1.0
npr5bsi2,0b17323b,2,2,1.0,1.0,1.0
ym49wqbn,0b17323b,23,23,1.0,1.0,1.0
o5qropwk,0b17323b,2,2,1.0,1.0,1.0
5nrjvc7q,0b17323b,2,2,1.0,1.0,1.0
61zahdh9,0b17323b,3,3,1.0,1.0,1.0
y8mzyzjc,0b17323b,2,2,1.0,1.0,1.0
bmlngyh3,0b17323b,2,2,1.0,1.0,1.0
clucow7d,0b17323b,2,2,1.0,1.0,1.0
cghxa2ie,0b17323b,2,2,1.0,1.0,1.0
byx9jkxm,0b17323b,2,2,1.0,1.0,1.0
j2pjmr32,0b17323b,5,5,1.0,1.0,1.0
bcyhma9y,0b17323b,4,4,1.0,1.0,1.0
pcrxo3zp,0b17323b,2,2,1.0,1.0,1.0
f5ktzt2t,0b17323b,2,2,1.0,1.0,1.0
kkeej6x5,0b17323b,2,2,1.0,1.0,1.0
mr7lkk46,0b17323b,2,2,1.0,1.0,1.0
5vv1rrzw,0b17323b,4,4,1.0,1.0,1.0
2w766g1z,0b17323b,2,2,1.0,1.0,1.0
nqubyvew,0b17323b,4,4,1.0,1.0,1.0
m63pxnwq,0b17323b,2,2,1.0,1.0,1.0
nldu5ge3,0b17323b,2,2,1.0,1.0,1.0
t3l0if03,0b17323b,2,2,1.0,1.0,1.0
ler5uq42,0b17323b,5,5,1.0,1.0,1.0
4wx63ymf,0b17323b,2,2,1.0,1.0,1.0
nfbzvhip,0b17323b,2,2,1.0,1.0,1.0
pz38obzd,0b17323b,2,2,1.0,1.0,1.0
xklnx39q,0b17323b,2,2,1.0,1.0,1.0
nrfiw9bx,0b17323b,2,2,1.0,1.0,1.0
om1m73rv,0b17323b,2,2,1.0,1.0,1.0
vbwguazj,0b17323b,2,2,1.0,1.0,1.0
o1t1fb7j,0b17323b,2,2,1.0,1.0,1.0
7agy8y3l,0b17323b,2,2,1.0,1.0,1.0
8jwr3j6t,0b17323b,2,2,1.0,1.0,1.0
z3die4q3,0b17323b,2,2,1.0,1.0,1.0
mhskzwic,0b17323b,8,18,2.25,0.875,1.0
8yhijukj,0b17323b,2,2,1.0,1.0,1.0
mpzcivx9,0b17323b,2,2,1.0,1.0,1.0
clhkwrie,0b17323b,4,4,1.0,1.0,1.0
1qt2f29y,0b17323b,2,2,1.0,1.0,1.0
sp00glmz,0b17323b,2,2,1.0,1.0,1.0
23iyreiv,0b17323b,2,2,1.0,1.0,1.0
ya0wv6pm,0b17323b,10,10,1.0,1.0,1.0
9evwb372,0b17323b,2,2,1.0,1.0,1.0
cfclud8z,0b17323b,3,3,1.0,1.0,1.0
z8b26ynw,0b17323b,2,2,1.0,1.0,1.0
zelqv7az,0b17323b,2,2,1.0,1.0,1.0
jx6lhkbi,0b17323b,4,4,1.0,1.0,1.0
4j6cy1mk,0b17323b,2,2,1.0,1.0,1.0
fl73adm5,0b17323b,2,2,1.0,1.0,1.0
oxvw1rhx,0b17323b,2,2,1.0,1.0,1.0
8d21w3yr,0b17323b,2,2,1.0,1.0,1.0
wa9xd98o,0b17323b,2,2,1.0,1.0,1.0
2anyuqd8,0b17323b,2,2,1.0,1.0,1.0
1r6yodve,0b17323b,3,3,1.0,1.0,1.0
cbvc5e3w,0b17323b,2,2,1.0,1.0,1.0
zfeorjum,0b17323b,9,27,2.7777777777777777,0.8888888888888888,1.0
hkj9daz7,0b17323b,2,2,1.0,1.0,1.0
9ohxtpht,0b17323b,2,2,1.0,1.0,1.0
qfiy90jx,0b17323b,2,2,1.0,1.0,1.0
8oohxrrz,0b17323b,2,2,1.0,1.0,1.0
g3vslpjv,0b17323b,2,2,1.0,1.0,1.0
2d8q4qkc,0b17323b,6,6,1.0,1.0,1.0
bx44xwzb,0b17323b,5,5,1.0,1.0,1.0
o2ho0580,0b17323b,5,5,1.0,1.0,1.0
c9sps7bl,0b17323b,2,2,1.0,1.0,1.0
idma9086,0b17323b,2,2,1.0,1.0,1.0
r99uy0qb,0b17323b,2,2,1.0,1.0,1.0
7nszfy43,0b17323b,2,2,1.0,1.0,1.0
b73rrttr,0b17323b,11,11,1.0,1.0,1.0
yebzokh4,0b17323b,2,2,1.0,1.0,1.0
aypxap78,0b17323b,2,2,1.0,1.0,1.0
l0nln4b2,0b17323b,2,2,1.0,1.0,1.0
ascil7wf,0b17323b,2,2,1.0,1.0,1.0
8y2nd2sh,0b17323b,2,2,1.0,1.0,1.0
jqeesfz7,0b17323b,6,6,1.0,1.0,1.0
9pjr0waw,0b17323b,2,2,1.0,1.0,1.0
kck1uue7,0b17323b,2,2,1.0,1.0,1.0
nx0vccp8,0b17323b,2,2,1.0,1.0,1.0
8psac9uo,0b17323b,2,2,1.0,1.0,1.0
189iqcds,0b17323b,2,2,1.0,1.0,1.0
mzi8f2hv,0b17323b,2,2,1.0,1.0,1.0
fgxp8fzz,0b17323b,2,2,1.0,1.0,1.0
72p6pxny,0b17323b,14,14,1.0,1.0,1.0
rhbgnqhz,0b17323b,2,2,1.0,1.0,1.0
hd5k29qy,0b17323b,4,4,1.0,1.0,1.0
g7svteiz,0b17323b,2,2,1.0,1.0,1.0
c2lwacqc,0b17323b,2,2,1.0,1.0,1.0
cw4tyx7n,0b17323b,4,4,1.0,1.0,1.0
9wkeb5tu,0b17323b,4,4,1.0,1.0,1.0
yfyhejim,0b17323b,2,2,1.0,1.0,1.0
0yfthc4y,0b17323b,2,2,1.0,1.0,1.0
ei0ij8ms,0b17323b,2,2,1.0,1.0,1.0
2tkm21z6,0b17323b,2,2,1.0,1.0,1.0
ldo5smvx,0b17323b,2,2,1.0,1.0,1.0
jayyv6lz,0b17323b,10,10,1.0,1.0,1.0
qu0lm98m,0b17323b,6,6,1.0,1.0,1.0
fgxp8fzz,ca8f78db,45,80,1.7777777777777777,1.0,1.0
xgvto4mg,ca8f78db,74,74,1.0,1.0,1.0
mzi8f2hv,ca8f78db,56,81,1.4464285714285714,1.0,1.0
hd5k29qy,ca8f78db,73,73,1.0,1.0,1.0
72p6pxny,ca8f78db,47,76,1.6170212765957446,1.0,1.0
rhbgnqhz,ca8f78db,38,108,2.8157894736842106,1.0,1.0
cw4tyx7n,ca8f78db,1,1,1.0,1.0,1.0
g7svteiz,ca8f78db,47,74,1.574468085106383,1.0,1.0
c2lwacqc,ca8f78db,48,81,1.6875,1.0,1.0
yc52i3qf,ca8f78db,46,75,1.6304347826086956,1.0,1.0
yfyhejim,ca8f78db,51,83,1.6274509803921569,0.9215686274509803,1.0
2tkm21z6,ca8f78db,73,73,1.0,1.0,1.0
ei0ij8ms,ca8f78db,43,75,1.744186046511628,1.0,1.0
0yfthc4y,ca8f78db,80,1412,12.35,0.95,1.0
ldo5smvx,ca8f78db,46,80,1.7391304347826086,1.0,1.0
qu0lm98m,ca8f78db,50,75,1.5,0.98,1.0
jayyv6lz,ca8f78db,44,74,1.6818181818181819,0.9772727272727273,1.0
x5id5i5q,ca8f78db,56,82,1.4285714285714286,1.0,1.0
8oohxrrz,ca8f78db,44,73,1.6590909090909092,1.0,1.0
qfiy90jx,ca8f78db,69,73,1.0579710144927537,1.0,1.0
c9sps7bl,ca8f78db,44,84,1.8181818181818181,0.9772727272727273,1.0
o2ho0580,ca8f78db,86,151,1.686046511627907,0.8953488372093024,1.0
bx44xwzb,ca8f78db,58,73,1.2586206896551724,1.0,1.0
2d8q4qkc,ca8f78db,45,89,1.9555555555555555,1.0,1.0
g3vslpjv,ca8f78db,47,77,1.6382978723404256,1.0,1.0
b73rrttr,ca8f78db,4,5,1.0,1.0,1.0
7nszfy43,ca8f78db,88,92,1.0454545454545454,1.0,1.0
idma9086,ca8f78db,48,74,1.5416666666666667,1.0,1.0
r99uy0qb,ca8f78db,2,33,16.5,0.0,1.0
kavvl57w,ca8f78db,42,76,1.8095238095238095,1.0,1.0
yebzokh4,ca8f78db,76,76,1.0,1.0,1.0
ascil7wf,ca8f78db,75,75,1.0,1.0,1.0
l0nln4b2,ca8f78db,47,76,1.6170212765957446,1.0,1.0
aypxap78,ca8f78db,46,78,1.6956521739130435,1.0,1.0
8y2nd2sh,ca8f78db,45,79,1.7333333333333334,1.0,1.0
jqeesfz7,ca8f78db,90,90,1.0,1.0,1.0
8psac9uo,ca8f78db,66,83,1.2272727272727273,1.0,1.0
nx0vccp8,ca8f78db,72,74,1.0277777777777777,1.0,1.0
kck1uue7,ca8f78db,45,83,1.8444444444444446,1.0,1.0
9pjr0waw,ca8f78db,60,76,1.2666666666666666,1.0,1.0
sp00glmz,ca8f78db,52,81,1.5384615384615385,1.0,1.0
1qt2f29y,ca8f78db,73,73,1.0,1.0,1.0
clhkwrie,ca8f78db,73,77,1.0547945205479452,1.0,1.0
mpzcivx9,ca8f78db,43,74,1.7209302325581395,1.0,1.0
ya0wv6pm,ca8f78db,73,76,1.0273972602739727,1.0,1.0
9evwb372,ca8f78db,46,83,1.8043478260869565,1.0,1.0
23iyreiv,ca8f78db,54,98,1.7407407407407407,0.9629629629629629,1.0
z8b26ynw,ca8f78db,53,88,1.6603773584905661,1.0,1.0
zelqv7az,ca8f78db,45,77,1.711111111111111,1.0,1.0
cfclud8z,ca8f78db,50,77,1.54,1.0,1.0
jx6lhkbi,ca8f78db,46,88,1.9130434782608696,1.0,1.0
8d21w3yr,ca8f78db,78,78,1.0,1.0,1.0
fl73adm5,ca8f78db,42,74,1.7619047619047619,1.0,1.0
4j6cy1mk,ca8f78db,44,81,1.8409090909090908,1.0,1.0
oxvw1rhx,ca8f78db,52,85,1.6346153846153846,1.0,1.0
wa9xd98o,ca8f78db,48,77,1.6041666666666667,1.0,1.0
k0qq522n,ca8f78db,78,78,1.0,1.0,1.0
w12e497z,ca8f78db,613,2548,2.905383360522023,0.9412724306688418,1.0
9ohxtpht,ca8f78db,44,79,1.7954545454545454,1.0,1.0
hkj9daz7,ca8f78db,47,80,1.702127659574468,1.0,1.0
zfeorjum,ca8f78db,55,96,1.7272727272727273,0.9818181818181818,1.0
pcrxo3zp,ca8f78db,204,1143,5.083333333333333,0.9705882352941176,0.9989858012170386
kkeej6x5,ca8f78db,47,75,1.5957446808510638,1.0,1.0
f5ktzt2t,ca8f78db,55,89,1.6181818181818182,1.0,1.0
bcyhma9y,ca8f78db,86,86,1.0,1.0,1.0
nqubyvew,ca8f78db,44,84,1.9090909090909092,1.0,1.0
2w766g1z,ca8f78db,47,78,1.6595744680851063,1.0,1.0
5vv1rrzw,ca8f78db,76,77,1.013157894736842,1.0,1.0
mr7lkk46,ca8f78db,51,85,1.6666666666666667,1.0,1.0
m63pxnwq,ca8f78db,46,82,1.7826086956521738,1.0,1.0
onnumbyy,ca8f78db,7,7,1.0,1.0,1.0
nfbzvhip,ca8f78db,89,89,1.0,1.0,1.0
4wx63ymf,ca8f78db,45,79,1.7555555555555555,1.0,1.0
ler5uq42,ca8f78db,26,26,1.0,1.0,1.0
nldu5ge3,ca8f78db,44,76,1.7045454545454546,1.0,1.0
t3l0if03,ca8f78db,45,75,1.6666666666666667,1.0,1.0
xklnx39q,ca8f78db,49,84,1.7142857142857142,1.0,1.0
pz38obzd,ca8f78db,59,73,1.2372881355932204,1.0,1.0
nrfiw9bx,ca8f78db,43,77,1.7906976744186047,1.0,1.0
vbwguazj,ca8f78db,48,88,1.8333333333333333,1.0,1.0
o1t1fb7j,ca8f78db,47,78,1.6382978723404256,1.0,1.0
7agy8y3l,ca8f78db,73,73,1.0,1.0,1.0
om1m73rv,ca8f78db,45,78,1.7333333333333334,1.0,1.0
8yhijukj,ca8f78db,43,76,1.7674418604651163,1.0,1.0
mhskzwic,ca8f78db,44,73,1.6590909090909092,1.0,1.0
p445h6ow,ca8f78db,53,85,1.6037735849056605,1.0,1.0
8jwr3j6t,ca8f78db,56,122,2.1785714285714284,1.0,1.0
z3die4q3,ca8f78db,43,85,1.9767441860465116,1.0,1.0
f5ohsl5h,ca8f78db,46,93,2.0217391304347827,0.9782608695652174,1.0
nvlsix5c,ca8f78db,1,57,57.0,0.0,1.0
aqmjput5,ca8f78db,96,188,1.8854166666666667,0.9791666666666666,1.0
l9krayds,ca8f78db,63,138,2.111111111111111,0.9841269841269841,0.9932980599647266
6e5gb0yb,ca8f78db,50,99,1.98,1.0,1.0
dmft9d3y,ca8f78db,46,79,1.6521739130434783,1.0,1.0
kmwiem6m,ca8f78db,46,83,1.8043478260869565,1.0,1.0
qothvfhf,ca8f78db,80,80,1.0,1.0,1.0
91fk0af9,ca8f78db,87,87,1.0,1.0,1.0
fkx2gd88,ca8f78db,44,84,1.9090909090909092,1.0,1.0
27d8totr,ca8f78db,46,86,1.8695652173913044,1.0,1.0
cp3b83py,ca8f78db,43,89,2.0697674418604652,1.0,1.0
npr5bsi2,ca8f78db,69,76,1.1014492753623188,0.9855072463768116,0.9981884057971014
154uk6vm,ca8f78db,75,75,1.0,1.0,1.0
ym49wqbn,ca8f78db,55,77,1.4,1.0,1.0
xeu3j3ki,ca8f78db,44,76,1.7272727272727273,1.0,1.0
pad0sufd,ca8f78db,47,81,1.7234042553191489,1.0,1.0
emwp6wq7,ca8f78db,51,80,1.5686274509803921,1.0,1.0
5hz183aa,ca8f78db,6,112,13.666666666666666,0.8333333333333334,1.0
61zahdh9,ca8f78db,45,74,1.6444444444444444,1.0,1.0
5nrjvc7q,ca8f78db,73,73,1.0,1.0,1.0
ol9lky1i,ca8f78db,44,75,1.7045454545454546,1.0,1.0
o5qropwk,ca8f78db,77,77,1.0,1.0,1.0
3d2as981,ca8f78db,100,157,1.56,1.0,1.0
cghxa2ie,ca8f78db,43,74,1.7209302325581395,1.0,1.0
clucow7d,ca8f78db,43,83,1.930232558139535,1.0,1.0
bmlngyh3,ca8f78db,74,75,1.0135135135135136,1.0,1.0
74l1qvc1,ca8f78db,78,93,1.1794871794871795,0.9871794871794872,1.0
byx9jkxm,ca8f78db,52,112,2.1538461538461537,1.0,1.0
8aknstxj,ca8f78db,73,73,1.0,1.0,1.0
c7z6erey,ca8f78db,44,73,1.6590909090909092,1.0,1.0
f0wpo2hr,ca8f78db,43,83,1.930232558139535,1.0,1.0
qazkn1sw,ca8f78db,6,11,1.8333333333333333,0.6666666666666666,1.0
ism64anu,ca8f78db,45,82,1.8222222222222222,1.0,1.0
n2et79bd,ca8f78db,45,90,2.0,1.0,1.0
plfupad7,ca8f78db,72,75,1.0416666666666667,1.0,1.0
zvbewhqx,ca8f78db,47,75,1.5957446808510638,1.0,1.0
0hrc9vve,ca8f78db,9,210,22.666666666666668,0.0,1.0
stbyxpx6,ca8f78db,63,79,1.253968253968254,1.0,1.0
r24jdhzg,ca8f78db,60,74,1.2333333333333334,1.0,1.0
ovhoesyy,ca8f78db,66,86,1.2878787878787878,1.0,1.0
ske58akk,ca8f78db,45,77,1.711111111111111,0.9777777777777777,1.0
3cc6zm51,ca8f78db,77,77,1.0,1.0,1.0
hpl7jugr,ca8f78db,44,88,1.9772727272727273,1.0,1.0
r2ck84r8,ca8f78db,46,77,1.673913043478261,1.0,1.0
nze0azo1,ca8f78db,49,73,1.489795918367347,1.0,1.0
cuybsfwr,ca8f78db,50,76,1.52,1.0,1.0
0ra11hiv,ca8f78db,73,73,1.0,1.0,1.0
y32zaw9c,ca8f78db,79,80,1.0126582278481013,1.0,1.0
qkiu92kk,ca8f78db,79,79,1.0,1.0,1.0
44o5xnxe,ca8f78db,44,110,2.5,1.0,1.0
sn10zd6g,ca8f78db,48,83,1.7291666666666667,1.0,1.0
e2w81k0i,ca8f78db,43,86,1.930232558139535,1.0,1.0
4s3cm7d8,ca8f78db,73,73,1.0,1.0,1.0
hsm45iwx,ca8f78db,54,81,1.5,1.0,1.0
89u58v07,ca8f78db,46,75,1.6304347826086956,1.0,1.0
phbjwkyw,ca8f78db,46,73,1.5869565217391304,1.0,1.0
4s9g1cze,ca8f78db,45,82,1.8222222222222222,1.0,1.0
3irnkhq8,ca8f78db,50,78,1.56,1.0,1.0
ljwskxcq,ca8f78db,44,73,1.6590909090909092,1.0,1.0
l5sagbsh,ca8f78db,46,75,1.6304347826086956,1.0,1.0
v6jvgdvg,ca8f78db,75,75,1.0,1.0,1.0
zj5uemkt,ca8f78db,73,73,1.0,1.0,1.0
cdo2cmtp,ca8f78db,74,74,1.0,1.0,1.0
kwy2bqjo,ca8f78db,50,112,2.22,1.0,1.0
bw2cwy0m,ca8f78db,51,85,1.6666666666666667,1.0,1.0
uktb326q,ca8f78db,77,77,1.0,1.0,1.0
qv0yh587,ca8f78db,5,6,1.2,1.0,1.0
t2eyvuxq,ca8f78db,80,80,1.0,1.0,1.0
a589fsqz,ca8f78db,45,78,1.7333333333333334,1.0,1.0
k8txaw58,ca8f78db,47,82,1.7446808510638299,1.0,1.0
o4kkkuj9,ca8f78db,60,74,1.2333333333333334,1.0,1.0
mlvcv31l,ca8f78db,54,85,1.5740740740740742,1.0,1.0
d1vjrjhc,ca8f78db,77,77,1.0,1.0,1.0
wcau806y,ca8f78db,73,76,1.0410958904109588,1.0,1.0
s03ed531,ca8f78db,107,107,1.0,1.0,1.0
2j8p9vyz,ca8f78db,47,78,1.6595744680851063,1.0,1.0
ew4oecfi,ca8f78db,46,77,1.673913043478261,1.0,1.0
mrwlcmno,ca8f78db,73,73,1.0,1.0,1.0
eyn3wygc,ca8f78db,78,78,1.0,1.0,1.0
ni5df01j,ca8f78db,43,74,1.7209302325581395,1.0,1.0
j2dvablb,ca8f78db,43,76,1.7674418604651163,1.0,1.0
904h81sn,ca8f78db,45,73,1.6222222222222222,1.0,1.0
so5k1adg,ca8f78db,84,84,1.0,1.0,1.0
ce9qdbyh,ca8f78db,19,161,7.947368421052632,0.9473684210526315,0.9899749373433584
nhds6zsd,ca8f78db,63,76,1.2063492063492063,0.9841269841269841,1.0
tc5wgx8h,ca8f78db,43,81,1.8837209302325582,1.0,1.0
8bgj1tsd,ca8f78db,69,73,1.0579710144927537,1.0,1.0
mrypomny,ca8f78db,53,73,1.3773584905660377,1.0,1.0
rjanlii9,ca8f78db,49,79,1.6122448979591837,1.0,1.0
c7ac53of,ca8f78db,4,57,14.0,0.0,0.90625
zc26r1al,ca8f78db,83,83,1.0,1.0,1.0
648anokh,ca8f78db,44,73,1.6590909090909092,1.0,1.0
6eyovdd2,ca8f78db,50,78,1.56,0.98,1.0
a6jpzpek,ca8f78db,59,79,1.3389830508474576,1.0,1.0
41kp06jx,ca8f78db,50,81,1.62,1.0,1.0
a0w1xgxf,ca8f78db,45,79,1.7555555555555555,1.0,1.0
lmtka1ev,ca8f78db,43,90,2.0930232558139537,1.0,1.0
a9gvtd1o,ca8f78db,44,77,1.75,1.0,1.0
e0biso3r,ca8f78db,44,79,1.7954545454545454,1.0,1.0
f1ejz9fy,ca8f78db,51,128,2.411764705882353,0.9803921568627451,1.0
vpxztp7b,ca8f78db,45,79,1.7555555555555555,1.0,1.0
g3vslpjv,3ac3eb23,24,24,1.0,1.0,1.0
2d8q4qkc,3ac3eb23,26,26,1.0,1.0,1.0
o2ho0580,3ac3eb23,27,27,1.0,1.0,1.0
bx44xwzb,3ac3eb23,24,24,1.0,1.0,1.0
c9sps7bl,3ac3eb23,24,26,1.0833333333333333,1.0,1.0
qfiy90jx,3ac3eb23,24,24,1.0,1.0,1.0
8oohxrrz,3ac3eb23,26,26,1.0,1.0,1.0
yebzokh4,3ac3eb23,24,24,1.0,1.0,1.0
kavvl57w,3ac3eb23,26,26,1.0,1.0,1.0
idma9086,3ac3eb23,24,24,1.0,1.0,1.0
r99uy0qb,3ac3eb23,24,24,1.0,1.0,1.0
b73rrttr,3ac3eb23,15,15,1.0,1.0,1.0
qif0sa3r,3ac3eb23,24,24,1.0,1.0,1.0
8y2nd2sh,3ac3eb23,23,26,1.1304347826086956,0.9565217391304348,1.0
aypxap78,3ac3eb23,26,26,1.0,1.0,1.0
l0nln4b2,3ac3eb23,24,24,1.0,1.0,1.0
ascil7wf,3ac3eb23,24,24,1.0,1.0,1.0
9pjr0waw,3ac3eb23,27,27,1.0,1.0,1.0
kck1uue7,3ac3eb23,24,24,1.0,1.0,1.0
nx0vccp8,3ac3eb23,24,24,1.0,1.0,1.0
8psac9uo,3ac3eb23,24,30,1.25,1.0,1.0
jqeesfz7,3ac3eb23,39,39,1.0,1.0,1.0
xji13cu2,3ac3eb23,24,24,1.0,1.0,1.0
72p6pxny,3ac3eb23,24,24,1.0,1.0,1.0
rhbgnqhz,3ac3eb23,24,24,1.0,1.0,1.0
hd5k29qy,3ac3eb23,24,24,1.0,1.0,1.0
189iqcds,3ac3eb23,24,24,1.0,1.0,1.0
mzi8f2hv,3ac3eb23,24,24,1.0,1.0,1.0
fgxp8fzz,3ac3eb23,24,24,1.0,1.0,1.0
g7svteiz,3ac3eb23,24,24,1.0,1.0,1.0
c2lwacqc,3ac3eb23,24,24,1.0,1.0,1.0
0yfthc4y,3ac3eb23,26,26,1.0,1.0,1.0
ei0ij8ms,3ac3eb23,24,24,1.0,1.0,1.0
2tkm21z6,3ac3eb23,24,24,1.0,1.0,1.0
9wkeb5tu,3ac3eb23,24,24,1.0,1.0,1.0
yfyhejim,3ac3eb23,24,24,1.0,1.0,1.0
qu0lm98m,3ac3eb23,24,24,1.0,1.0,1.0
ldo5smvx,3ac3eb23,24,24,1.0,1.0,1.0
mr7lkk46,3ac3eb23,24,24,1.0,1.0,1.0
5vv1rrzw,3ac3eb23,24,24,1.0,1.0,1.0
2w766g1z,3ac3eb23,24,24,1.0,1.0,1.0
nqubyvew,3ac3eb23,33,33,1.0,1.0,1.0
bcyhma9y,3ac3eb23,29,29,1.0,1.0,1.0
pcrxo3zp,3ac3eb23,24,24,1.0,1.0,1.0
f5ktzt2t,3ac3eb23,26,26,1.0,1.0,1.0
kkeej6x5,3ac3eb23,24,24,1.0,1.0,1.0
nldu5ge3,3ac3eb23,24,24,1.0,1.0,1.0
t3l0if03,3ac3eb23,26,26,1.0,1.0,1.0
4wx63ymf,3ac3eb23,24,24,1.0,1.0,1.0
nfbzvhip,3ac3eb23,28,28,1.0,1.0,1.0
m63pxnwq,3ac3eb23,24,24,1.0,1.0,1.0
nrfiw9bx,3ac3eb23,26,26,1.0,1.0,1.0
xklnx39q,3ac3eb23,24,24,1.0,1.0,1.0
8jwr3j6t,3ac3eb23,26,26,1.0,1.0,1.0
z3die4q3,3ac3eb23,24,24,1.0,1.0,1.0
mhskzwic,3ac3eb23,24,24,1.0,1.0,1.0
8yhijukj,3ac3eb23,24,24,1.0,1.0,1.0
om1m73rv,3ac3eb23,24,24,1.0,1.0,1.0
vbwguazj,3ac3eb23,26,26,1.0,1.0,1.0
o1t1fb7j,3ac3eb23,24,24,1.0,1.0,1.0
7agy8y3l,3ac3eb23,24,24,1.0,1.0,1.0
ya0wv6pm,3ac3eb23,24,24,1.0,1.0,1.0
2ke9hbes,3ac3eb23,28,28,1.0,1.0,1.0
9evwb372,3ac3eb23,26,26,1.0,1.0,1.0
1qt2f29y,3ac3eb23,30,30,1.0,1.0,1.0
clhkwrie,3ac3eb23,26,26,1.0,1.0,1.0
sp00glmz,3ac3eb23,24,24,1.0,1.0,1.0
jx6lhkbi,3ac3eb23,26,26,1.0,1.0,1.0
cfclud8z,3ac3eb23,24,24,1.0,1.0,1.0
z8b26ynw,3ac3eb23,34,37,1.088235294117647,0.9705882352941176,1.0
zelqv7az,3ac3eb23,24,24,1.0,1.0,1.0
318gokyy,3ac3eb23,29,29,1.0,1.0,1.0
fl73adm5,3ac3eb23,26,26,1.0,1.0,1.0
4j6cy1mk,3ac3eb23,24,24,1.0,1.0,1.0
oxvw1rhx,3ac3eb23,39,44,1.1282051282051282,1.0,1.0
8d21w3yr,3ac3eb23,24,24,1.0,1.0,1.0
hkj9daz7,3ac3eb23,20,28,1.4,0.75,1.0
zfeorjum,3ac3eb23,26,26,1.0,1.0,1.0
w12e497z,3ac3eb23,5,5,1.0,1.0,1.0
9ohxtpht,3ac3eb23,24,24,1.0,1.0,1.0
0wk7vjg8,3ac3eb23,24,24,1.0,1.0,1.0
2anyuqd8,3ac3eb23,30,30,1.0,1.0,1.0
1r6yodve,3ac3eb23,33,33,1.0,1.0,1.0
k0qq522n,3ac3eb23,37,37,1.0,1.0,1.0
cbvc5e3w,3ac3eb23,26,26,1.0,1.0,1.0
zvbewhqx,3ac3eb23,26,26,1.0,1.0,1.0
0hrc9vve,3ac3eb23,1,15,14.0,0.0,1.0
plfupad7,3ac3eb23,23,28,1.2173913043478262,0.9565217391304348,1.0
n2et79bd,3ac3eb23,24,24,1.0,1.0,1.0
ism64anu,3ac3eb23,24,24,1.0,1.0,1.0
qazkn1sw,3ac3eb23,24,24,1.0,1.0,1.0
c7z6erey,3ac3eb23,26,26,1.0,1.0,1.0
hpl7jugr,3ac3eb23,24,24,1.0,1.0,1.0
nze0azo1,3ac3eb23,28,28,1.0,1.0,1.0
r2ck84r8,3ac3eb23,26,26,1.0,1.0,1.0
3cc6zm51,3ac3eb23,34,34,1.0,1.0,1.0
ske58akk,3ac3eb23,24,24,1.0,1.0,1.0
ovhoesyy,3ac3eb23,26,26,1.0,1.0,1.0
r24jdhzg,3ac3eb23,24,24,1.0,1.0,1.0
stbyxpx6,3ac3eb23,28,28,1.0,1.0,1.0
qkiu92kk,3ac3eb23,25,26,1.04,1.0,1.0
02333qfj,3ac3eb23,24,24,1.0,1.0,1.0
qfsp3ery,3ac3eb23,26,26,1.0,1.0,1.0
q04yitea,3ac3eb23,24,24,1.0,1.0,1.0
y32zaw9c,3ac3eb23,24,24,1.0,1.0,1.0
cuybsfwr,3ac3eb23,27,27,1.0,1.0,1.0
szbhlpfr,3ac3eb23,24,24,1.0,1.0,1.0
phbjwkyw,3ac3eb23,24,24,1.0,1.0,1.0
89u58v07,3ac3eb23,24,24,1.0,1.0,1.0
095bdwyc,3ac3eb23,27,27,1.0,1.0,1.0
hsm45iwx,3ac3eb23,24,24,1.0,1.0,1.0
e2w81k0i,3ac3eb23,24,24,1.0,1.0,1.0
4s3cm7d8,3ac3eb23,25,25,1.0,1.0,1.0
sn10zd6g,3ac3eb23,24,24,1.0,1.0,1.0
dmft9d3y,3ac3eb23,24,24,1.0,1.0,1.0
6e5gb0yb,3ac3eb23,24,24,1.0,1.0,1.0
pgtp756s,3ac3eb23,34,34,1.0,1.0,1.0
icf7bchs,3ac3eb23,29,29,1.0,1.0,1.0
aqmjput5,3ac3eb23,27,27,1.0,1.0,1.0
l9krayds,3ac3eb23,5,5,1.0,1.0,1.0
cp3b83py,3ac3eb23,26,26,1.0,1.0,1.0
27d8totr,3ac3eb23,24,24,1.0,1.0,1.0
fkx2gd88,3ac3eb23,28,28,1.0,1.0,1.0
91fk0af9,3ac3eb23,26,26,1.0,1.0,1.0
qothvfhf,3ac3eb23,24,24,1.0,1.0,1.0
kmwiem6m,3ac3eb23,26,26,1.0,1.0,1.0
d33m799j,3ac3eb23,27,27,1.0,1.0,1.0
o5qropwk,3ac3eb23,37,37,1.0,1.0,1.0
5nrjvc7q,3ac3eb23,26,26,1.0,1.0,1.0
ol9lky1i,3ac3eb23,30,30,1.0,1.0,1.0
61zahdh9,3ac3eb23,24,24,1.0,1.0,1.0
5hz183aa,3ac3eb23,1,10,9.0,1.0,1.0
emwp6wq7,3ac3eb23,28,28,1.0,1.0,1.0
pad0sufd,3ac3eb23,24,24,1.0,1.0,1.0
xeu3j3ki,3ac3eb23,24,24,1.0,1.0,1.0
npr5bsi2,3ac3eb23,32,32,1.0,1.0,1.0
154uk6vm,3ac3eb23,26,26,1.0,1.0,1.0
ym49wqbn,3ac3eb23,27,27,1.0,1.0,1.0
74l1qvc1,3ac3eb23,25,25,1.0,1.0,1.0
byx9jkxm,3ac3eb23,24,24,1.0,1.0,1.0
j2pjmr32,3ac3eb23,33,33,1.0,1.0,1.0
bmlngyh3,3ac3eb23,50,62,1.22,0.98,0.9969230769230769
clucow7d,3ac3eb23,24,24,1.0,1.0,1.0
3d2as981,3ac3eb23,26,26,1.0,1.0,1.0
cghxa2ie,3ac3eb23,24,24,1.0,1.0,1.0
ce9qdbyh,3ac3eb23,26,26,1.0,1.0,1.0
904h81sn,3ac3eb23,24,24,1.0,1.0,1.0
so5k1adg,3ac3eb23,24,24,1.0,1.0,1.0
j2dvablb,3ac3eb23,24,24,1.0,1.0,1.0
nhds6zsd,3ac3eb23,24,24,1.0,1.0,1.0
vr20hyge,3ac3eb23,24,24,1.0,1.0,1.0
qqqzakmg,3ac3eb23,1,1,1.0,1.0,1.0
648anokh,3ac3eb23,27,29,1.0740740740740742,1.0,1.0
rjanlii9,3ac3eb23,28,28,1.0,1.0,1.0
c7ac53of,3ac3eb23,5,20,4.0,1.0,1.0
jeq3oy2g,3ac3eb23,28,28,1.0,1.0,1.0
mrypomny,3ac3eb23,24,24,1.0,1.0,1.0
tc5wgx8h,3ac3eb23,26,26,1.0,1.0,1.0
8bgj1tsd,3ac3eb23,24,24,1.0,1.0,1.0
vpxztp7b,3ac3eb23,24,24,1.0,1.0,1.0
f1ejz9fy,3ac3eb23,24,24,1.0,1.0,1.0
a9gvtd1o,3ac3eb23,24,24,1.0,1.0,1.0
e0biso3r,3ac3eb23,24,24,1.0,1.0,1.0
lmtka1ev,3ac3eb23,24,24,1.0,1.0,1.0
41kp06jx,3ac3eb23,29,29,1.0,1.0,1.0
6eyovdd2,3ac3eb23,29,30,1.0344827586206897,1.0,1.0
a6jpzpek,3ac3eb23,26,26,1.0,1.0,1.0
zj5uemkt,3ac3eb23,25,25,1.0,1.0,1.0
v6jvgdvg,3ac3eb23,46,46,1.0,1.0,1.0
l5sagbsh,3ac3eb23,26,30,1.1538461538461537,1.0,1.0
ljwskxcq,3ac3eb23,27,28,1.037037037037037,1.0,1.0
3irnkhq8,3ac3eb23,26,26,1.0,1.0,1.0
4s9g1cze,3ac3eb23,35,35,1.0,1.0,1.0
uktb326q,3ac3eb23,24,24,1.0,1.0,1.0
kwy2bqjo,3ac3eb23,26,26,1.0,1.0,1.0
bw2cwy0m,3ac3eb23,24,24,1.0,1.0,1.0
cdo2cmtp,3ac3eb23,24,24,1.0,1.0,1.0
d1vjrjhc,3ac3eb23,24,24,1.0,1.0,1.0
mlvcv31l,3ac3eb23,24,24,1.0,1.0,1.0
o4kkkuj9,3ac3eb23,26,26,1.0,1.0,1.0
k8txaw58,3ac3eb23,24,24,1.0,1.0,1.0
a589fsqz,3ac3eb23,28,28,1.0,1.0,1.0
t2eyvuxq,3ac3eb23,26,26,1.0,1.0,1.0
qv0yh587,3ac3eb23,24,24,1.0,1.0,1.0
ni5df01j,3ac3eb23,24,24,1.0,1.0,1.0
eyn3wygc,3ac3eb23,30,30,1.0,1.0,1.0
mrwlcmno,3ac3eb23,28,28,1.0,1.0,1.0
ew4oecfi,3ac3eb23,26,26,1.0,1.0,1.0
08vqizpx,3ac3eb23,34,34,1.0,1.0,1.0
2j8p9vyz,3ac3eb23,30,30,1.0,1.0,1.0
6p8vl3lk,3ac3eb23,26,26,1.0,1.0,1.0
s03ed531,3ac3eb23,24,24,1.0,1.0,1.0
89u58v07,5168d44c,5,28,5.4,1.0,1.0
szbhlpfr,5168d44c,52,60,1.1538461538461537,1.0,1.0
phbjwkyw,5168d44c,3,10,3.3333333333333335,1.0,1.0
sn10zd6g,5168d44c,2,17,8.0,1.0,1.0
hsm45iwx,5168d44c,2,16,6.5,1.0,1.0
e2w81k0i,5168d44c,3,10,3.3333333333333335,1.0,1.0
4s3cm7d8,5168d44c,27,34,1.2592592592592593,1.0,1.0
02333qfj,5168d44c,10,10,1.0,1.0,1.0
qfsp3ery,5168d44c,10,10,1.0,1.0,1.0
q04yitea,5168d44c,10,17,1.7,1.0,1.0
44o5xnxe,5168d44c,8,14,1.75,1.0,1.0
qkiu92kk,5168d44c,10,10,1.0,1.0,1.0
cuybsfwr,5168d44c,16,16,1.0,1.0,1.0
0ra11hiv,5168d44c,30,30,1.0,1.0,1.0
y32zaw9c,5168d44c,10,10,1.0,1.0,1.0
hpl7jugr,5168d44c,2,10,5.0,1.0,1.0
r2ck84r8,5168d44c,2,10,5.0,1.0,1.0
nze0azo1,5168d44c,10,10,1.0,1.0,1.0
r24jdhzg,5168d44c,26,26,1.0,1.0,1.0
stbyxpx6,5168d44c,9,10,1.1111111111111112,1.0,1.0
3cc6zm51,5168d44c,12,12,1.0,1.0,1.0
ovhoesyy,5168d44c,2,17,8.0,1.0,1.0
ske58akk,5168d44c,10,10,1.0,1.0,1.0
plfupad7,5168d44c,9,10,1.1111111111111112,1.0,1.0
ism64anu,5168d44c,10,10,1.0,1.0,1.0
zvbewhqx,5168d44c,30,30,1.0,1.0,1.0
c7z6erey,5168d44c,2,10,5.0,1.0,1.0
8aknstxj,5168d44c,2,12,6.0,1.0,1.0
qazkn1sw,5168d44c,29,30,1.0,1.0,1.0
f0wpo2hr,5168d44c,10,10,1.0,1.0,1.0
74l1qvc1,5168d44c,18,34,1.8333333333333333,1.0,1.0
byx9jkxm,5168d44c,4,11,2.75,1.0,1.0
clucow7d,5168d44c,19,34,1.736842105263158,1.0,1.0
3d2as981,5168d44c,7,10,1.4285714285714286,1.0,1.0
cghxa2ie,5168d44c,11,11,1.0,1.0,1.0
y8mzyzjc,5168d44c,10,10,1.0,1.0,1.0
bmlngyh3,5168d44c,10,10,1.0,1.0,1.0
61zahdh9,5168d44c,10,10,1.0,1.0,1.0
5hz183aa,5168d44c,14,14,1.0,1.0,1.0
o5qropwk,5168d44c,10,10,1.0,1.0,1.0
5nrjvc7q,5168d44c,10,10,1.0,1.0,1.0
xeu3j3ki,5168d44c,2,16,8.0,1.0,1.0
npr5bsi2,5168d44c,10,10,1.0,1.0,1.0
ym49wqbn,5168d44c,8,25,3.125,1.0,1.0
emwp6wq7,5168d44c,10,10,1.0,1.0,1.0
pad0sufd,5168d44c,10,10,1.0,1.0,1.0
fkx2gd88,5168d44c,2,11,5.5,1.0,1.0
27d8totr,5168d44c,10,10,1.0,1.0,1.0
qothvfhf,5168d44c,10,10,1.0,1.0,1.0
cp3b83py,5168d44c,10,10,1.0,1.0,1.0
ikfbpugl,5168d44c,6,21,3.5,1.0,1.0
d33m799j,5168d44c,5,5,1.0,1.0,1.0
kmwiem6m,5168d44c,2,10,5.0,1.0,1.0
pgtp756s,5168d44c,16,16,1.0,1.0,1.0
6e5gb0yb,5168d44c,2,11,5.5,1.0,1.0
dmft9d3y,5168d44c,2,12,6.0,1.0,1.0
l9krayds,5168d44c,9,10,1.1111111111111112,1.0,1.0
aqmjput5,5168d44c,8,10,1.25,1.0,1.0
nvlsix5c,5168d44c,10,10,1.0,1.0,1.0
icf7bchs,5168d44c,17,17,1.0,1.0,1.0
a9gvtd1o,5168d44c,4,21,5.25,1.0,1.0
e0biso3r,5168d44c,10,10,1.0,1.0,1.0
vpxztp7b,5168d44c,11,11,1.0,1.0,1.0
f1ejz9fy,5168d44c,10,10,1.0,1.0,1.0
a6jpzpek,5168d44c,3,5,1.6666666666666667,1.0,1.0
6eyovdd2,5168d44c,10,10,1.0,1.0,1.0
lmtka1ev,5168d44c,2,10,5.0,1.0,1.0
a0w1xgxf,5168d44c,6,26,4.333333333333333,1.0,1.0
41kp06jx,5168d44c,9,10,1.1111111111111112,1.0,1.0
648anokh,5168d44c,6,10,1.6666666666666667,1.0,1.0
tc5wgx8h,5168d44c,15,15,1.0,1.0,1.0
rjanlii9,5168d44c,9,16,1.7777777777777777,1.0,1.0
c7ac53of,5168d44c,21,21,1.0,1.0,1.0
jeq3oy2g,5168d44c,10,10,1.0,1.0,1.0
mrypomny,5168d44c,10,10,1.0,1.0,1.0
nhds6zsd,5168d44c,10,10,1.0,1.0,1.0
vr20hyge,5168d44c,24,24,1.0,1.0,1.0
xasfvnb7,5168d44c,10,10,1.0,1.0,1.0
sesf1qnx,5168d44c,9,25,2.7777777777777777,1.0,1.0
904h81sn,5168d44c,10,10,1.0,1.0,1.0
j2dvablb,5168d44c,2,11,5.5,1.0,1.0
ce9qdbyh,5168d44c,10,10,1.0,1.0,1.0
mrwlcmno,5168d44c,10,10,1.0,1.0,1.0
ew4oecfi,5168d44c,2,12,6.0,1.0,1.0
eyn3wygc,5168d44c,10,10,1.0,1.0,1.0
ni5df01j,5168d44c,10,10,1.0,1.0,1.0
wcau806y,5168d44c,18,18,1.0,1.0,1.0
6p8vl3lk,5168d44c,10,10,1.0,1.0,1.0
2j8p9vyz,5168d44c,2,10,5.0,1.0,1.0
s03ed531,5168d44c,36,36,1.0,1.0,1.0
a589fsqz,5168d44c,10,10,1.0,1.0,1.0
d1vjrjhc,5168d44c,10,10,1.0,1.0,1.0
k8txaw58,5168d44c,10,10,1.0,1.0,1.0
o4kkkuj9,5168d44c,16,16,1.0,1.0,1.0
mlvcv31l,5168d44c,3,10,3.3333333333333335,1.0,1.0
t2eyvuxq,5168d44c,36,36,1.0,1.0,1.0
qv0yh587,5168d44c,9,9,1.0,1.0,1.0
kwy2bqjo,5168d44c,2,10,5.0,1.0,1.0
bw2cwy0m,5168d44c,10,10,1.0,1.0,1.0
uktb326q,5168d44c,20,20,1.0,1.0,1.0
cdo2cmtp,5168d44c,10,10,1.0,1.0,1.0
zj5uemkt,5168d44c,10,10,1.0,1.0,1.0
ljwskxcq,5168d44c,3,11,3.6666666666666665,1.0,1.0
l5sagbsh,5168d44c,3,10,3.3333333333333335,1.0,1.0
v6jvgdvg,5168d44c,11,11,1.0,1.0,1.0
4s9g1cze,5168d44c,4,28,7.0,1.0,1.0
3irnkhq8,5168d44c,5,34,6.8,1.0,1.0
kck1uue7,5168d44c,2,10,5.0,1.0,1.0
8psac9uo,5168d44c,10,10,1.0,1.0,1.0
nx0vccp8,5168d44c,10,10,1.0,1.0,1.0
jqeesfz7,5168d44c,26,26,1.0,1.0,1.0
ascil7wf,5168d44c,10,10,1.0,1.0,1.0
aypxap78,5168d44c,43,43,1.0,1.0,1.0
l0nln4b2,5168d44c,10,10,1.0,1.0,1.0
kavvl57w,5168d44c,3,10,3.3333333333333335,1.0,1.0
yebzokh4,5168d44c,10,10,1.0,1.0,1.0
7nszfy43,5168d44c,10,10,1.0,1.0,1.0
0fy66fv2,5168d44c,10,10,1.0,1.0,1.0
idma9086,5168d44c,28,35,1.25,1.0,1.0
r99uy0qb,5168d44c,3,3,1.0,1.0,1.0
o2ho0580,5168d44c,20,20,1.0,1.0,1.0
bx44xwzb,5168d44c,10,10,1.0,1.0,1.0
c9sps7bl,5168d44c,2,10,5.0,1.0,1.0
g3vslpjv,5168d44c,3,10,3.3333333333333335,1.0,1.0
2d8q4qkc,5168d44c,2,10,5.0,1.0,1.0
qfiy90jx,5168d44c,10,10,1.0,1.0,1.0
8oohxrrz,5168d44c,2,11,5.0,1.0,1.0
qu0lm98m,5168d44c,8,27,3.375,1.0,1.0
jayyv6lz,5168d44c,7,10,1.4285714285714286,1.0,1.0
2tkm21z6,5168d44c,12,12,1.0,1.0,1.0
0yfthc4y,5168d44c,10,10,1.0,1.0,1.0
ei0ij8ms,5168d44c,2,10,5.0,1.0,1.0
yfyhejim,5168d44c,2,10,5.0,1.0,1.0
g7svteiz,5168d44c,10,10,1.0,1.0,1.0
c2lwacqc,5168d44c,10,10,1.0,1.0,1.0
cw4tyx7n,5168d44c,8,10,1.25,1.0,1.0
gkse9wdn,5168d44c,10,10,1.0,1.0,1.0
72p6pxny,5168d44c,10,10,1.0,1.0,1.0
rhbgnqhz,5168d44c,3,11,3.6666666666666665,1.0,1.0
hd5k29qy,5168d44c,4,28,7.0,1.0,1.0
xgvto4mg,5168d44c,74,74,1.0,1.0,1.0
fgxp8fzz,5168d44c,2,13,5.0,1.0,1.0
189iqcds,5168d44c,11,11,1.0,1.0,1.0
mzi8f2hv,5168d44c,2,11,5.5,1.0,1.0
mhskzwic,5168d44c,12,20,1.6666666666666667,1.0,1.0
8yhijukj,5168d44c,6,10,1.6666666666666667,1.0,1.0
50nsp39w,5168d44c,5,26,5.2,1.0,1.0
p445h6ow,5168d44c,36,36,1.0,1.0,1.0
8jwr3j6t,5168d44c,10,10,1.0,1.0,1.0
om1m73rv,5168d44c,4,27,6.75,1.0,1.0
vbwguazj,5168d44c,10,10,1.0,1.0,1.0
o1t1fb7j,5168d44c,35,35,1.0,1.0,1.0
7agy8y3l,5168d44c,10,10,1.0,1.0,1.0
nrfiw9bx,5168d44c,3,12,4.0,1.0,1.0
xklnx39q,5168d44c,26,26,1.0,1.0,1.0
pz38obzd,5168d44c,10,10,1.0,1.0,1.0
ler5uq42,5168d44c,15,15,1.0,1.0,1.0
nfbzvhip,5168d44c,42,45,1.0714285714285714,1.0,1.0
4wx63ymf,5168d44c,3,10,3.3333333333333335,1.0,1.0
nldu5ge3,5168d44c,10,10,1.0,1.0,1.0
t3l0if03,5168d44c,4,10,2.5,1.0,1.0
m63pxnwq,5168d44c,10,10,1.0,1.0,1.0
nqubyvew,5168d44c,10,10,1.0,1.0,1.0
mr7lkk46,5168d44c,10,10,1.0,1.0,1.0
2w766g1z,5168d44c,10,10,1.0,1.0,1.0
pcrxo3zp,5168d44c,2,11,5.0,1.0,1.0
kkeej6x5,5168d44c,10,10,1.0,1.0,1.0
f5ktzt2t,5168d44c,3,12,4.0,1.0,1.0
bcyhma9y,5168d44c,12,12,1.0,1.0,1.0
w12e497z,5168d44c,18,19,1.0555555555555556,1.0,1.0
9ohxtpht,5168d44c,6,11,1.8333333333333333,1.0,1.0
zfeorjum,5168d44c,4,32,8.0,1.0,1.0
hkj9daz7,5168d44c,5,10,2.0,1.0,1.0
2anyuqd8,5168d44c,10,10,1.0,1.0,1.0
1r6yodve,5168d44c,17,17,1.0,1.0,1.0
k0qq522n,5168d44c,34,38,1.1176470588235294,1.0,1.0
cbvc5e3w,5168d44c,10,10,1.0,1.0,1.0
0wk7vjg8,5168d44c,11,12,1.0909090909090908,1.0,1.0
4j6cy1mk,5168d44c,10,10,1.0,1.0,1.0
fl73adm5,5168d44c,2,11,5.5,1.0,1.0
oxvw1rhx,5168d44c,16,16,1.0,1.0,1.0
jx6lhkbi,5168d44c,6,10,1.6666666666666667,1.0,1.0
z8b26ynw,5168d44c,2,10,5.0,1.0,1.0
zelqv7az,5168d44c,10,10,1.0,1.0,1.0
cfclud8z,5168d44c,10,10,1.0,1.0,1.0
ya0wv6pm,5168d44c,10,10,1.0,1.0,1.0
9evwb372,5168d44c,5,14,2.6,1.0,1.0
sp00glmz,5168d44c,10,10,1.0,1.0,1.0
mpzcivx9,5168d44c,3,10,3.3333333333333335,1.0,1.0
clhkwrie,5168d44c,21,21,1.0,1.0,1.0
1qt2f29y,5168d44c,7,7,1.0,1.0,1.0
ldo5smvx,a3df8b1e,11,13,1.1818181818181819,1.0,1.0
qu0lm98m,a3df8b1e,10,10,1.0,1.0,1.0
jayyv6lz,a3df8b1e,17,17,1.0,1.0,1.0
yfyhejim,a3df8b1e,11,11,1.0,1.0,1.0
2tkm21z6,a3df8b1e,13,13,1.0,1.0,1.0
0yfthc4y,a3df8b1e,9,9,1.0,1.0,1.0
ei0ij8ms,a3df8b1e,9,9,1.0,1.0,1.0
c2lwacqc,a3df8b1e,9,9,1.0,1.0,1.0
g7svteiz,a3df8b1e,9,9,1.0,1.0,1.0
cw4tyx7n,a3df8b1e,10,10,1.0,1.0,1.0
fgxp8fzz,a3df8b1e,10,10,1.0,1.0,1.0
189iqcds,a3df8b1e,9,9,1.0,1.0,1.0
mzi8f2hv,a3df8b1e,11,11,1.0,1.0,1.0
rhbgnqhz,a3df8b1e,9,9,1.0,1.0,1.0
72p6pxny,a3df8b1e,11,11,1.0,1.0,1.0
hd5k29qy,a3df8b1e,9,9,1.0,1.0,1.0
jqeesfz7,a3df8b1e,9,9,1.0,1.0,1.0
xji13cu2,a3df8b1e,9,9,1.0,1.0,1.0
kck1uue7,a3df8b1e,11,11,1.0,1.0,1.0
8psac9uo,a3df8b1e,10,10,1.0,1.0,1.0
nx0vccp8,a3df8b1e,9,9,1.0,1.0,1.0
9pjr0waw,a3df8b1e,13,13,1.0,1.0,1.0
ascil7wf,a3df8b1e,10,10,1.0,1.0,1.0
aypxap78,a3df8b1e,9,9,1.0,1.0,1.0
l0nln4b2,a3df8b1e,9,9,1.0,1.0,1.0
8y2nd2sh,a3df8b1e,9,13,1.4444444444444444,1.0,1.0
b73rrttr,a3df8b1e,36,36,1.0,1.0,1.0
7nszfy43,a3df8b1e,14,18,1.2857142857142858,0.9285714285714286,1.0
r99uy0qb,a3df8b1e,12,15,1.25,1.0,1.0
idma9086,a3df8b1e,9,9,1.0,1.0,1.0
kavvl57w,a3df8b1e,9,9,1.0,1.0,1.0
yebzokh4,a3df8b1e,10,10,1.0,1.0,1.0
x5id5i5q,a3df8b1e,29,29,1.0,1.0,1.0
qfiy90jx,a3df8b1e,11,11,1.0,1.0,1.0
8oohxrrz,a3df8b1e,11,14,1.2727272727272727,1.0,1.0
o2ho0580,a3df8b1e,10,10,1.0,1.0,1.0
bx44xwzb,a3df8b1e,10,10,1.0,1.0,1.0
c9sps7bl,a3df8b1e,9,9,1.0,1.0,1.0
g3vslpjv,a3df8b1e,9,9,1.0,1.0,1.0
2d8q4qkc,a3df8b1e,9,9,1.0,1.0,1.0
1r6yodve,a3df8b1e,10,10,1.0,1.0,1.0
k0qq522n,a3df8b1e,9,9,1.0,1.0,1.0
cbvc5e3w,a3df8b1e,24,24,1.0,1.0,1.0
0wk7vjg8,a3df8b1e,10,10,1.0,1.0,1.0
9ohxtpht,a3df8b1e,10,13,1.3,0.9,1.0
w12e497z,a3df8b1e,1,1,1.0,1.0,1.0
hkj9daz7,a3df8b1e,9,11,1.2222222222222223,1.0,1.0
zfeorjum,a3df8b1e,9,9,1.0,1.0,1.0
8d21w3yr,a3df8b1e,18,18,1.0,1.0,1.0
gckdkq1t,a3df8b1e,10,10,1.0,1.0,1.0
oxvw1rhx,a3df8b1e,9,9,1.0,1.0,1.0
fl73adm5,a3df8b1e,8,27,3.375,0.875,1.0
4j6cy1mk,a3df8b1e,20,20,1.0,1.0,1.0
zelqv7az,a3df8b1e,11,11,1.0,1.0,1.0
z8b26ynw,a3df8b1e,9,9,1.0,1.0,1.0
cfclud8z,a3df8b1e,10,10,1.0,1.0,1.0
jx6lhkbi,a3df8b1e,9,9,1.0,1.0,1.0
sp00glmz,a3df8b1e,14,28,2.0,0.9285714285714286,1.0
mpzcivx9,a3df8b1e,10,10,1.0,1.0,1.0
1qt2f29y,a3df8b1e,10,10,1.0,1.0,1.0
clhkwrie,a3df8b1e,9,9,1.0,1.0,1.0
23iyreiv,a3df8b1e,9,11,1.2222222222222223,1.0,1.0
9evwb372,a3df8b1e,9,9,1.0,1.0,1.0
2ke9hbes,a3df8b1e,9,9,1.0,1.0,1.0
ya0wv6pm,a3df8b1e,10,16,1.4,1.0,1.0
om1m73rv,a3df8b1e,11,11,1.0,1.0,1.0
7agy8y3l,a3df8b1e,9,9,1.0,1.0,1.0
vbwguazj,a3df8b1e,9,9,1.0,1.0,1.0
mhskzwic,a3df8b1e,9,9,1.0,1.0,1.0
8yhijukj,a3df8b1e,11,14,1.2727272727272727,1.0,1.0
50nsp39w,a3df8b1e,9,9,1.0,1.0,1.0
z3die4q3,a3df8b1e,9,9,1.0,1.0,1.0
8jwr3j6t,a3df8b1e,9,15,1.6666666666666667,1.0,1.0
pz38obzd,a3df8b1e,12,12,1.0,1.0,1.0
xklnx39q,a3df8b1e,19,19,1.0,1.0,1.0
nrfiw9bx,a3df8b1e,9,9,1.0,1.0,1.0
m63pxnwq,a3df8b1e,9,15,1.6666666666666667,1.0,1.0
onnumbyy,a3df8b1e,10,10,1.0,1.0,1.0
ler5uq42,a3df8b1e,9,9,1.0,1.0,1.0
nfbzvhip,a3df8b1e,9,9,1.0,1.0,1.0
4wx63ymf,a3df8b1e,10,10,1.0,1.0,1.0
t3l0if03,a3df8b1e,13,13,1.0,1.0,1.0
nldu5ge3,a3df8b1e,9,9,1.0,1.0,1.0
f5ktzt2t,a3df8b1e,9,9,1.0,1.0,1.0
kkeej6x5,a3df8b1e,9,9,1.0,1.0,1.0
pcrxo3zp,a3df8b1e,9,9,1.0,1.0,1.0
bcyhma9y,a3df8b1e,18,18,1.0,1.0,1.0
mr7lkk46,a3df8b1e,9,9,1.0,1.0,1.0
2w766g1z,a3df8b1e,9,9,1.0,1.0,1.0
clucow7d,a3df8b1e,15,22,1.4666666666666666,0.9333333333333333,1.0
cghxa2ie,a3df8b1e,8,12,1.5,0.875,1.0
3d2as981,a3df8b1e,9,9,1.0,1.0,1.0
bmlngyh3,a3df8b1e,10,10,1.0,1.0,1.0
j2pjmr32,a3df8b1e,10,10,1.0,1.0,1.0
byx9jkxm,a3df8b1e,9,9,1.0,1.0,1.0
154uk6vm,a3df8b1e,31,31,1.0,1.0,1.0
ym49wqbn,a3df8b1e,12,12,1.0,1.0,1.0
npr5bsi2,a3df8b1e,9,9,1.0,1.0,1.0
emwp6wq7,a3df8b1e,9,9,1.0,1.0,1.0
pad0sufd,a3df8b1e,11,11,1.0,1.0,1.0
61zahdh9,a3df8b1e,9,9,1.0,1.0,1.0
5hz183aa,a3df8b1e,27,27,1.0,1.0,1.0
o5qropwk,a3df8b1e,30,30,1.0,1.0,1.0
ol9lky1i,a3df8b1e,9,9,1.0,1.0,1.0
5nrjvc7q,a3df8b1e,8,13,1.625,0.875,1.0
d33m799j,a3df8b1e,10,10,1.0,1.0,1.0
kmwiem6m,a3df8b1e,9,9,1.0,1.0,1.0
fkx2gd88,a3df8b1e,8,22,2.75,1.0,1.0
27d8totr,a3df8b1e,10,10,1.0,1.0,1.0
91fk0af9,a3df8b1e,10,10,1.0,1.0,1.0
qothvfhf,a3df8b1e,9,9,1.0,1.0,1.0
cp3b83py,a3df8b1e,12,12,1.0,1.0,1.0
aqmjput5,a3df8b1e,10,10,1.0,1.0,1.0
l9krayds,a3df8b1e,18,18,1.0,1.0,1.0
f5ohsl5h,a3df8b1e,9,9,1.0,1.0,1.0
bhpug29p,a3df8b1e,9,9,1.0,1.0,1.0
icf7bchs,a3df8b1e,10,10,1.0,1.0,1.0
pgtp756s,a3df8b1e,18,18,1.0,1.0,1.0
6e5gb0yb,a3df8b1e,11,11,1.0,1.0,1.0
dmft9d3y,a3df8b1e,9,15,1.6666666666666667,1.0,1.0
bdfn1h0o,a3df8b1e,9,9,1.0,1.0,1.0
sn10zd6g,a3df8b1e,9,9,1.0,1.0,1.0
hsm45iwx,a3df8b1e,11,11,1.0,1.0,1.0
4s3cm7d8,a3df8b1e,9,9,1.0,1.0,1.0
e2w81k0i,a3df8b1e,9,13,1.4444444444444444,1.0,1.0
095bdwyc,a3df8b1e,9,9,1.0,1.0,1.0
89u58v07,a3df8b1e,9,9,1.0,1.0,1.0
szbhlpfr,a3df8b1e,10,12,1.2,1.0,1.0
phbjwkyw,a3df8b1e,9,9,1.0,1.0,1.0
0ra11hiv,a3df8b1e,10,10,1.0,1.0,1.0
cuybsfwr,a3df8b1e,12,41,3.3333333333333335,0.8333333333333334,1.0
y32zaw9c,a3df8b1e,11,11,1.0,1.0,1.0
02333qfj,a3df8b1e,11,11,1.0,1.0,1.0
q04yitea,a3df8b1e,9,9,1.0,1.0,1.0
qfsp3ery,a3df8b1e,11,11,1.0,1.0,1.0
ihnjt6k4,a3df8b1e,62,64,1.032258064516129,1.0,1.0
44o5xnxe,a3df8b1e,9,9,1.0,1.0,1.0
qkiu92kk,a3df8b1e,9,9,1.0,1.0,1.0
r24jdhzg,a3df8b1e,11,11,1.0,1.0,1.0
stbyxpx6,a3df8b1e,9,9,1.0,1.0,1.0
3cc6zm51,a3df8b1e,13,13,1.0,1.0,1.0
ovhoesyy,a3df8b1e,10,10,1.0,1.0,1.0
ske58akk,a3df8b1e,9,9,1.0,1.0,1.0
r2ck84r8,a3df8b1e,10,10,1.0,1.0,1.0
nze0azo1,a3df8b1e,18,18,1.0,1.0,1.0
8aknstxj,a3df8b1e,9,9,1.0,1.0,1.0
qazkn1sw,a3df8b1e,9,9,1.0,1.0,1.0
f0wpo2hr,a3df8b1e,12,12,1.0,1.0,1.0
plfupad7,a3df8b1e,9,9,1.0,1.0,1.0
ism64anu,a3df8b1e,11,11,1.0,1.0,1.0
n2et79bd,a3df8b1e,9,9,1.0,1.0,1.0
0hrc9vve,a3df8b1e,11,11,1.0,1.0,1.0
zvbewhqx,a3df8b1e,9,9,1.0,1.0,1.0
2j8p9vyz,a3df8b1e,9,9,1.0,1.0,1.0
s03ed531,a3df8b1e,9,9,1.0,1.0,1.0
mrwlcmno,a3df8b1e,9,9,1.0,1.0,1.0
ew4oecfi,a3df8b1e,9,9,1.0,1.0,1.0
eyn3wygc,a3df8b1e,9,9,1.0,1.0,1.0
ni5df01j,a3df8b1e,9,9,1.0,1.0,1.0
t2eyvuxq,a3df8b1e,9,9,1.0,1.0,1.0
qv0yh587,a3df8b1e,1,1,1.0,1.0,1.0
a589fsqz,a3df8b1e,9,9,1.0,1.0,1.0
7o2tmcr2,a3df8b1e,21,23,1.0952380952380953,1.0,1.0
d1vjrjhc,a3df8b1e,9,9,1.0,1.0,1.0
o4kkkuj9,a3df8b1e,9,9,1.0,1.0,1.0
k8txaw58,a3df8b1e,9,9,1.0,1.0,1.0
mlvcv31l,a3df8b1e,9,11,1.2222222222222223,1.0,1.0
cdo2cmtp,a3df8b1e,20,20,1.0,1.0,1.0
kwy2bqjo,a3df8b1e,9,9,1.0,1.0,1.0
bw2cwy0m,a3df8b1e,9,9,1.0,1.0,1.0
uktb326q,a3df8b1e,14,14,1.0,1.0,1.0
ljwskxcq,a3df8b1e,9,9,1.0,1.0,1.0
l5sagbsh,a3df8b1e,9,9,1.0,1.0,1.0
v6jvgdvg,a3df8b1e,56,56,1.0,1.0,1.0
4s9g1cze,a3df8b1e,9,9,1.0,1.0,1.0
3irnkhq8,a3df8b1e,9,14,1.2222222222222223,1.0,1.0
zj5uemkt,a3df8b1e,10,10,1.0,1.0,1.0
6eyovdd2,a3df8b1e,9,9,1.0,1.0,1.0
a6jpzpek,a3df8b1e,13,13,1.0,1.0,1.0
lmtka1ev,a3df8b1e,11,11,1.0,1.0,1.0
41kp06jx,a3df8b1e,11,11,1.0,1.0,1.0
a0w1xgxf,a3df8b1e,10,30,2.8,0.9,1.0
e0biso3r,a3df8b1e,9,9,1.0,1.0,1.0
a9gvtd1o,a3df8b1e,7,20,2.5714285714285716,1.0,1.0
vpxztp7b,a3df8b1e,11,11,1.0,1.0,1.0
f1ejz9fy,a3df8b1e,10,10,1.0,1.0,1.0
tc5wgx8h,a3df8b1e,9,9,1.0,1.0,1.0
8bgj1tsd,a3df8b1e,9,9,1.0,1.0,1.0
c7ac53of,a3df8b1e,4,13,3.25,1.0,1.0
rjanlii9,a3df8b1e,11,11,1.0,1.0,1.0
mrypomny,a3df8b1e,9,9,1.0,1.0,1.0
jeq3oy2g,a3df8b1e,10,10,1.0,1.0,1.0
zc26r1al,a3df8b1e,12,12,1.0,1.0,1.0
648anokh,a3df8b1e,9,9,1.0,1.0,1.0
4stfwpke,a3df8b1e,11,11,1.0,1.0,1.0
vr20hyge,a3df8b1e,9,9,1.0,1.0,1.0
nhds6zsd,a3df8b1e,9,9,1.0,1.0,1.0
so5k1adg,a3df8b1e,9,9,1.0,1.0,1.0
904h81sn,a3df8b1e,9,9,1.0,1.0,1.0
j2dvablb,a3df8b1e,9,9,1.0,1.0,1.0
ce9qdbyh,a3df8b1e,10,10,1.0,1.0,1.0
03ljcqhc,a3df8b1e,9,11,1.2222222222222223,1.0,1.0
xasfvnb7,a3df8b1e,11,11,1.0,1.0,1.0
sesf1qnx,a3df8b1e,8,9,1.125,0.875,1.0
dmft9d3y,9ddd00f0,90,147,1.6333333333333333,0.9777777777777777,1.0
6e5gb0yb,9ddd00f0,51,142,2.7254901960784315,0.9607843137254902,1.0
icf7bchs,9ddd00f0,140,245,1.7357142857142858,1.0,1.0
bhpug29p,9ddd00f0,52,218,3.75,0.9615384615384616,0.9925431711145998
l9krayds,9ddd00f0,160,302,1.85,1.0,1.0
aqmjput5,9ddd00f0,79,266,3.240506329113924,0.9367088607594937,1.0
cp3b83py,9ddd00f0,18,188,8.5,1.0,1.0
qothvfhf,9ddd00f0,155,155,1.0,1.0,1.0
91fk0af9,9ddd00f0,135,135,1.0,1.0,1.0
27d8totr,9ddd00f0,50,154,2.96,1.0,1.0
kmwiem6m,9ddd00f0,13,149,10.384615384615385,1.0,1.0
o5qropwk,9ddd00f0,78,141,1.7692307692307692,1.0,1.0
61zahdh9,9ddd00f0,21,162,7.380952380952381,1.0,1.0
pad0sufd,9ddd00f0,29,164,5.413793103448276,1.0,1.0
emwp6wq7,9ddd00f0,43,172,3.697674418604651,1.0,1.0
ym49wqbn,9ddd00f0,114,139,1.1842105263157894,1.0,1.0
xeu3j3ki,9ddd00f0,22,162,7.136363636363637,1.0,1.0
74l1qvc1,9ddd00f0,22,37,1.6818181818181819,0.9545454545454546,1.0
byx9jkxm,9ddd00f0,21,146,6.571428571428571,1.0,1.0
bmlngyh3,9ddd00f0,128,155,1.2109375,1.0,1.0
3d2as981,9ddd00f0,23,179,6.913043478260869,1.0,1.0
cghxa2ie,9ddd00f0,15,151,9.2,1.0,1.0
clucow7d,9ddd00f0,18,192,8.5,1.0,1.0
zvbewhqx,9ddd00f0,68,160,2.264705882352941,1.0,1.0
0hrc9vve,9ddd00f0,196,257,1.3112244897959184,0.9897959183673469,1.0
ism64anu,9ddd00f0,18,162,8.5,1.0,1.0
plfupad7,9ddd00f0,31,154,4.451612903225806,1.0,1.0
f0wpo2hr,9ddd00f0,27,210,6.444444444444445,0.9629629629629629,0.978339947089947
qazkn1sw,9ddd00f0,9,15,1.6666666666666667,0.7777777777777778,1.0
c7z6erey,9ddd00f0,48,145,2.9375,1.0,1.0
8aknstxj,9ddd00f0,27,168,5.666666666666667,1.0,1.0
hpl7jugr,9ddd00f0,9,172,15.0,1.0,1.0
nze0azo1,9ddd00f0,33,167,4.636363636363637,1.0,1.0
r2ck84r8,9ddd00f0,42,143,3.261904761904762,0.9285714285714286,1.0
ske58akk,9ddd00f0,39,249,5.897435897435898,0.9743589743589743,1.0
ovhoesyy,9ddd00f0,11,167,12.363636363636363,1.0,1.0
3cc6zm51,9ddd00f0,235,281,1.1659574468085105,1.0,1.0
stbyxpx6,9ddd00f0,53,153,2.7358490566037736,0.9811320754716981,1.0
r24jdhzg,9ddd00f0,118,155,1.2881355932203389,1.0,1.0
44o5xnxe,9ddd00f0,33,139,4.090909090909091,1.0,1.0
qfsp3ery,9ddd00f0,150,150,1.0,1.0,1.0
q04yitea,9ddd00f0,90,138,1.5,0.9777777777777777,1.0
y32zaw9c,9ddd00f0,133,135,1.0150375939849625,1.0,1.0
cuybsfwr,9ddd00f0,69,69,1.0,1.0,1.0
0ra11hiv,9ddd00f0,273,334,1.1758241758241759,0.9963369963369964,1.0
phbjwkyw,9ddd00f0,50,159,3.02,1.0,1.0
89u58v07,9ddd00f0,30,173,5.433333333333334,1.0,1.0
e2w81k0i,9ddd00f0,34,151,4.323529411764706,1.0,1.0
4s3cm7d8,9ddd00f0,12,43,3.4166666666666665,1.0,1.0
hsm45iwx,9ddd00f0,21,170,7.714285714285714,1.0,1.0
sn10zd6g,9ddd00f0,37,153,3.972972972972973,1.0,1.0
zj5uemkt,9ddd00f0,36,162,4.194444444444445,1.0,1.0
3irnkhq8,9ddd00f0,23,155,6.130434782608695,1.0,1.0
v6jvgdvg,9ddd00f0,153,153,1.0,1.0,1.0
l5sagbsh,9ddd00f0,15,145,9.0,1.0,1.0
ljwskxcq,9ddd00f0,11,157,12.363636363636363,1.0,1.0
uktb326q,9ddd00f0,144,156,1.0833333333333333,1.0,1.0
kwy2bqjo,9ddd00f0,135,135,1.0,1.0,1.0
bw2cwy0m,9ddd00f0,58,164,2.603448275862069,0.9827586206896551,1.0
cdo2cmtp,9ddd00f0,140,140,1.0,1.0,1.0
mlvcv31l,9ddd00f0,21,171,7.476190476190476,1.0,1.0
k8txaw58,9ddd00f0,10,159,13.5,1.0,1.0
o4kkkuj9,9ddd00f0,98,144,1.4387755102040816,1.0,1.0
a589fsqz,9ddd00f0,21,193,7.619047619047619,1.0,1.0
qv0yh587,9ddd00f0,7,7,1.0,1.0,1.0
t2eyvuxq,9ddd00f0,49,178,3.3469387755102042,1.0,1.0
ni5df01j,9ddd00f0,26,146,5.423076923076923,1.0,1.0
eyn3wygc,9ddd00f0,88,153,1.6590909090909092,1.0,1.0
ew4oecfi,9ddd00f0,9,155,15.0,1.0,1.0
mrwlcmno,9ddd00f0,143,143,1.0,1.0,1.0
s03ed531,9ddd00f0,158,158,1.0,1.0,1.0
2j8p9vyz,9ddd00f0,38,240,6.026315789473684,1.0,1.0
wcau806y,9ddd00f0,129,140,1.0852713178294573,0.9922480620155039,1.0
sesf1qnx,9ddd00f0,22,146,6.136363636363637,1.0,1.0
ce9qdbyh,9ddd00f0,22,139,6.181818181818182,1.0,1.0
j2dvablb,9ddd00f0,29,158,5.068965517241379,1.0,1.0
904h81sn,9ddd00f0,23,173,6.6521739130434785,1.0,1.0
nhds6zsd,9ddd00f0,151,153,1.0132450331125828,1.0,1.0
vr20hyge,9ddd00f0,30,30,1.0,1.0,1.0
4stfwpke,9ddd00f0,77,226,2.6493506493506493,0.974025974025974,1.0
648anokh,9ddd00f0,15,145,9.266666666666667,1.0,1.0
zc26r1al,9ddd00f0,144,144,1.0,1.0,1.0
jeq3oy2g,9ddd00f0,110,181,1.6090909090909091,1.0,1.0
mrypomny,9ddd00f0,72,153,2.125,1.0,1.0
rjanlii9,9ddd00f0,22,162,7.2727272727272725,1.0,1.0
c7ac53of,9ddd00f0,28,28,1.0,1.0,1.0
8bgj1tsd,9ddd00f0,32,171,4.96875,1.0,1.0
tc5wgx8h,9ddd00f0,24,160,6.291666666666667,1.0,1.0
f1ejz9fy,9ddd00f0,52,774,13.923076923076923,0.9615384615384616,1.0
vpxztp7b,9ddd00f0,27,177,5.962962962962963,1.0,1.0
a9gvtd1o,9ddd00f0,24,231,7.875,0.9583333333333334,0.9951550387596898
e0biso3r,9ddd00f0,13,154,10.384615384615385,0.9230769230769231,1.0
41kp06jx,9ddd00f0,40,148,3.575,1.0,1.0
lmtka1ev,9ddd00f0,17,169,9.058823529411764,0.9411764705882353,1.0
a6jpzpek,9ddd00f0,4,4,1.0,1.0,1.0
6eyovdd2,9ddd00f0,50,143,2.76,1.0,1.0
hd5k29qy,9ddd00f0,18,159,8.5,1.0,1.0
72p6pxny,9ddd00f0,58,171,2.9482758620689653,0.9482758620689655,1.0
rhbgnqhz,9ddd00f0,18,158,8.5,1.0,1.0
gkse9wdn,9ddd00f0,158,158,1.0,1.0,1.0
mzi8f2hv,9ddd00f0,20,170,7.65,1.0,1.0
189iqcds,9ddd00f0,20,166,7.0,1.0,1.0
fgxp8fzz,9ddd00f0,21,168,7.380952380952381,1.0,1.0
g7svteiz,9ddd00f0,98,137,1.3979591836734695,1.0,1.0
c2lwacqc,9ddd00f0,31,168,5.0,1.0,1.0
ei0ij8ms,9ddd00f0,12,150,11.25,1.0,1.0
0yfthc4y,9ddd00f0,32,193,5.0,1.0,1.0
2tkm21z6,9ddd00f0,137,137,1.0,1.0,1.0
yfyhejim,9ddd00f0,13,154,10.384615384615385,1.0,1.0
jayyv6lz,9ddd00f0,19,161,8.157894736842104,1.0,1.0
qu0lm98m,9ddd00f0,52,144,2.7115384615384617,0.9807692307692307,1.0
ldo5smvx,9ddd00f0,1,1,1.0,1.0,1.0
2d8q4qkc,9ddd00f0,16,177,9.5625,0.9375,1.0
g3vslpjv,9ddd00f0,33,110,3.212121212121212,1.0,1.0
c9sps7bl,9ddd00f0,16,161,8.875,0.9375,1.0
bx44xwzb,9ddd00f0,50,142,2.8,1.0,1.0
o2ho0580,9ddd00f0,241,275,1.1410788381742738,0.991701244813278,1.0
8oohxrrz,9ddd00f0,32,151,4.28125,1.0,1.0
qfiy90jx,9ddd00f0,12,147,11.416666666666666,1.0,1.0
x5id5i5q,9ddd00f0,137,137,1.0,1.0,1.0
yebzokh4,9ddd00f0,135,135,1.0,1.0,1.0
kavvl57w,9ddd00f0,19,164,8.157894736842104,1.0,1.0
idma9086,9ddd00f0,20,161,7.65,1.0,1.0
r99uy0qb,9ddd00f0,7,35,4.714285714285714,0.5714285714285714,1.0
b73rrttr,9ddd00f0,10,10,1.0,1.0,1.0
8y2nd2sh,9ddd00f0,12,152,11.583333333333334,1.0,1.0
l0nln4b2,9ddd00f0,24,189,6.916666666666667,1.0,1.0
aypxap78,9ddd00f0,19,167,8.105263157894736,1.0,1.0
ascil7wf,9ddd00f0,26,179,5.961538461538462,1.0,1.0
nx0vccp8,9ddd00f0,65,138,2.1076923076923078,0.9538461538461539,1.0
8psac9uo,9ddd00f0,109,173,1.5137614678899083,0.9908256880733946,0.9955368212248946
kck1uue7,9ddd00f0,21,158,6.761904761904762,1.0,1.0
jqeesfz7,9ddd00f0,136,136,1.0,1.0,1.0
ya0wv6pm,9ddd00f0,136,137,1.0073529411764706,1.0,1.0
9evwb372,9ddd00f0,20,176,7.75,1.0,1.0
23iyreiv,9ddd00f0,19,142,7.157894736842105,1.0,1.0
clhkwrie,9ddd00f0,153,153,1.0,1.0,1.0
1qt2f29y,9ddd00f0,79,144,1.7974683544303798,0.9873417721518988,1.0
mpzcivx9,9ddd00f0,22,157,6.5,1.0,1.0
sp00glmz,9ddd00f0,153,153,1.0,1.0,1.0
jx6lhkbi,9ddd00f0,9,133,14.333333333333334,1.0,1.0
cfclud8z,9ddd00f0,10,147,13.7,1.0,1.0
z8b26ynw,9ddd00f0,19,182,8.263157894736842,1.0,1.0
zelqv7az,9ddd00f0,37,149,3.864864864864865,1.0,1.0
wa9xd98o,9ddd00f0,20,179,7.7,1.0,1.0
4j6cy1mk,9ddd00f0,26,187,6.038461538461538,0.9615384615384616,1.0
fl73adm5,9ddd00f0,11,172,12.909090909090908,1.0,1.0
oxvw1rhx,9ddd00f0,136,137,1.0073529411764706,1.0,1.0
8d21w3yr,9ddd00f0,96,269,2.7395833333333335,1.0,1.0
zfeorjum,9ddd00f0,80,184,2.225,0.95,1.0
hkj9daz7,9ddd00f0,18,173,8.5,1.0,1.0
w12e497z,9ddd00f0,17,129,7.235294117647059,0.9411764705882353,1.0
9ohxtpht,9ddd00f0,65,175,2.5846153846153848,1.0,1.0
2anyuqd8,9ddd00f0,147,147,1.0,1.0,1.0
1r6yodve,9ddd00f0,242,242,1.0,1.0,1.0
2w766g1z,9ddd00f0,9,114,11.666666666666666,0.8888888888888888,0.9649122807017544
mr7lkk46,9ddd00f0,28,235,6.714285714285714,0.9642857142857143,1.0
nqubyvew,9ddd00f0,51,173,2.9019607843137254,0.9803921568627451,0.9950980392156863
bcyhma9y,9ddd00f0,21,43,1.8571428571428572,1.0,1.0
pcrxo3zp,9ddd00f0,21,146,6.476190476190476,1.0,1.0
kkeej6x5,9ddd00f0,44,153,3.4318181818181817,1.0,1.0
f5ktzt2t,9ddd00f0,13,190,12.076923076923077,1.0,1.0
nldu5ge3,9ddd00f0,19,162,8.157894736842104,1.0,1.0
4wx63ymf,9ddd00f0,22,179,7.2727272727272725,1.0,1.0
onnumbyy,9ddd00f0,130,139,1.0615384615384615,1.0,0.9974358974358976
m63pxnwq,9ddd00f0,19,174,8.210526315789474,1.0,1.0
nrfiw9bx,9ddd00f0,16,147,8.4375,1.0,1.0
xklnx39q,9ddd00f0,21,142,6.619047619047619,0.9047619047619048,1.0
pz38obzd,9ddd00f0,32,136,4.25,1.0,1.0
8jwr3j6t,9ddd00f0,1,1,1.0,1.0,1.0
p445h6ow,9ddd00f0,10,78,7.5,1.0,1.0
z3die4q3,9ddd00f0,12,165,11.583333333333334,1.0,1.0
50nsp39w,9ddd00f0,39,373,6.487179487179487,0.9487179487179487,1.0
8yhijukj,9ddd00f0,3,95,29.0,0.3333333333333333,1.0
mhskzwic,9ddd00f0,41,137,3.292682926829268,0.975609756097561,1.0
vbwguazj,9ddd00f0,41,137,3.341463414634146,1.0,1.0
7agy8y3l,9ddd00f0,27,158,5.7407407407407405,0.9629629629629629,0.9814814814814815
om1m73rv,9ddd00f0,88,144,1.6022727272727273,1.0,1.0
74l1qvc1,d43fd935,18,18,1.0,1.0,1.0
byx9jkxm,d43fd935,3,7,2.3333333333333335,1.0,1.0
j2pjmr32,d43fd935,24,24,1.0,1.0,1.0
bmlngyh3,d43fd935,7,7,1.0,1.0,1.0
3d2as981,d43fd935,3,7,2.3333333333333335,1.0,1.0
cghxa2ie,d43fd935,3,7,2.3333333333333335,1.0,1.0
clucow7d,d43fd935,5,17,3.4,1.0,1.0
5nrjvc7q,d43fd935,7,7,1.0,1.0,1.0
ol9lky1i,d43fd935,3,7,2.3333333333333335,1.0,1.0
o5qropwk,d43fd935,20,20,1.0,1.0,1.0
5hz183aa,d43fd935,37,37,1.0,1.0,1.0
61zahdh9,d43fd935,3,7,2.3333333333333335,1.0,1.0
pad0sufd,d43fd935,3,7,2.3333333333333335,1.0,1.0
emwp6wq7,d43fd935,3,7,2.3333333333333335,1.0,1.0
npr5bsi2,d43fd935,14,14,1.0,1.0,1.0
154uk6vm,d43fd935,9,9,1.0,1.0,1.0
ym49wqbn,d43fd935,3,7,2.3333333333333335,1.0,1.0
xeu3j3ki,d43fd935,7,7,1.0,1.0,1.0
cp3b83py,d43fd935,3,7,2.3333333333333335,1.0,1.0
qothvfhf,d43fd935,7,7,1.0,1.0,1.0
fkx2gd88,d43fd935,3,7,2.3333333333333335,1.0,1.0
27d8totr,d43fd935,3,9,2.6666666666666665,1.0,1.0
kmwiem6m,d43fd935,3,7,2.3333333333333335,1.0,1.0
d33m799j,d43fd935,13,13,1.0,1.0,1.0
ikfbpugl,d43fd935,5,29,5.6,0.8,0.9047619047619048
bdfn1h0o,d43fd935,3,7,2.3333333333333335,1.0,1.0
dmft9d3y,d43fd935,3,7,2.3333333333333335,1.0,1.0
6e5gb0yb,d43fd935,3,7,2.3333333333333335,1.0,1.0
icf7bchs,d43fd935,20,25,1.25,1.0,1.0
f5ohsl5h,d43fd935,3,7,2.3333333333333335,1.0,1.0
aqmjput5,d43fd935,3,9,3.0,1.0,1.0
l9krayds,d43fd935,20,20,1.0,1.0,1.0
phbjwkyw,d43fd935,3,7,2.3333333333333335,1.0,1.0
szbhlpfr,d43fd935,3,7,2.3333333333333335,1.0,1.0
89u58v07,d43fd935,3,7,2.3333333333333335,1.0,1.0
095bdwyc,d43fd935,8,8,1.0,1.0,1.0
e2w81k0i,d43fd935,3,7,2.3333333333333335,1.0,1.0
4s3cm7d8,d43fd935,3,7,2.3333333333333335,1.0,1.0
hsm45iwx,d43fd935,7,7,1.0,1.0,1.0
sn10zd6g,d43fd935,3,7,2.3333333333333335,1.0,1.0
qkiu92kk,d43fd935,7,7,1.0,1.0,1.0
44o5xnxe,d43fd935,3,7,2.3333333333333335,1.0,1.0
qfsp3ery,d43fd935,7,7,1.0,1.0,1.0
q04yitea,d43fd935,3,7,2.3333333333333335,1.0,1.0
02333qfj,d43fd935,3,7,2.3333333333333335,1.0,1.0
y32zaw9c,d43fd935,7,7,1.0,1.0,1.0
cuybsfwr,d43fd935,7,7,1.0,1.0,1.0
r2ck84r8,d43fd935,3,7,2.3333333333333335,1.0,1.0
nze0azo1,d43fd935,3,7,2.3333333333333335,1.0,1.0
ovhoesyy,d43fd935,4,7,1.75,0.75,1.0
ske58akk,d43fd935,3,7,2.3333333333333335,1.0,1.0
3cc6zm51,d43fd935,7,7,1.0,1.0,1.0
r24jdhzg,d43fd935,4,7,1.75,1.0,1.0
zvbewhqx,d43fd935,3,7,2.3333333333333335,1.0,1.0
ism64anu,d43fd935,7,7,1.0,1.0,1.0
n2et79bd,d43fd935,7,12,1.7142857142857142,1.0,1.0
plfupad7,d43fd935,3,7,2.3333333333333335,1.0,1.0
f0wpo2hr,d43fd935,5,12,2.4,1.0,1.0
qazkn1sw,d43fd935,10,32,3.2,0.7,0.9692307692307693
8aknstxj,d43fd935,3,7,2.3333333333333335,1.0,1.0
c7z6erey,d43fd935,3,7,2.3333333333333335,1.0,1.0
eyn3wygc,d43fd935,7,7,1.0,1.0,1.0
ni5df01j,d43fd935,3,7,2.3333333333333335,1.0,1.0
ew4oecfi,d43fd935,3,7,2.3333333333333335,1.0,1.0
mrwlcmno,d43fd935,7,7,1.0,1.0,1.0
s03ed531,d43fd935,7,7,1.0,1.0,1.0
2j8p9vyz,d43fd935,3,7,2.3333333333333335,1.0,1.0
wcau806y,d43fd935,7,7,1.0,1.0,1.0
o4kkkuj9,d43fd935,7,7,1.0,1.0,1.0
k8txaw58,d43fd935,29,29,1.0,1.0,1.0
mlvcv31l,d43fd935,3,7,2.3333333333333335,1.0,1.0
d1vjrjhc,d43fd935,3,7,2.3333333333333335,1.0,1.0
a589fsqz,d43fd935,3,7,2.3333333333333335,1.0,1.0
qv0yh587,d43fd935,24,24,1.0,1.0,1.0
t2eyvuxq,d43fd935,3,7,2.3333333333333335,1.0,1.0
uktb326q,d43fd935,7,7,1.0,1.0,1.0
bw2cwy0m,d43fd935,7,7,1.0,1.0,1.0
kwy2bqjo,d43fd935,4,8,2.0,1.0,1.0
cdo2cmtp,d43fd935,3,7,2.3333333333333335,1.0,1.0
zj5uemkt,d43fd935,7,7,1.0,1.0,1.0
4s9g1cze,d43fd935,3,7,2.3333333333333335,1.0,1.0
3irnkhq8,d43fd935,8,18,2.25,1.0,1.0
ljwskxcq,d43fd935,3,7,2.3333333333333335,1.0,1.0
v6jvgdvg,d43fd935,7,7,1.0,1.0,1.0
f1ejz9fy,d43fd935,3,7,2.3333333333333335,1.0,1.0
vpxztp7b,d43fd935,3,7,2.3333333333333335,1.0,1.0
a9gvtd1o,d43fd935,7,7,1.0,1.0,1.0
e0biso3r,d43fd935,3,7,2.3333333333333335,1.0,1.0
41kp06jx,d43fd935,3,7,2.3333333333333335,1.0,1.0
lmtka1ev,d43fd935,3,7,2.3333333333333335,1.0,1.0
6eyovdd2,d43fd935,3,7,2.3333333333333335,1.0,1.0
a6jpzpek,d43fd935,5,10,2.0,1.0,1.0
qqqzakmg,d43fd935,2,28,12.0,0.0,1.0
648anokh,d43fd935,3,7,2.3333333333333335,1.0,1.0
zc26r1al,d43fd935,7,7,1.0,1.0,1.0
mrypomny,d43fd935,3,7,2.3333333333333335,1.0,1.0
rjanlii9,d43fd935,6,10,1.6666666666666667,1.0,1.0
c7ac53of,d43fd935,3,19,6.333333333333333,1.0,1.0
tc5wgx8h,d43fd935,3,7,2.3333333333333335,1.0,1.0
8bgj1tsd,d43fd935,7,7,1.0,1.0,1.0
nhds6zsd,d43fd935,7,7,1.0,1.0,1.0
vr20hyge,d43fd935,7,7,1.0,1.0,1.0
4stfwpke,d43fd935,7,13,1.8571428571428572,1.0,1.0
sesf1qnx,d43fd935,5,38,5.4,1.0,0.935483870967742
j2dvablb,d43fd935,3,7,2.3333333333333335,1.0,1.0
904h81sn,d43fd935,3,7,2.3333333333333335,1.0,1.0
jayyv6lz,d43fd935,21,21,1.0,1.0,1.0
qu0lm98m,d43fd935,3,7,2.3333333333333335,1.0,1.0
ei0ij8ms,d43fd935,3,7,2.3333333333333335,1.0,1.0
0yfthc4y,d43fd935,7,7,1.0,1.0,1.0
2tkm21z6,d43fd935,7,7,1.0,1.0,1.0
yfyhejim,d43fd935,3,7,2.3333333333333335,1.0,1.0
cw4tyx7n,d43fd935,3,7,2.3333333333333335,1.0,1.0
g7svteiz,d43fd935,31,31,1.0,1.0,1.0
c2lwacqc,d43fd935,3,7,2.3333333333333335,1.0,1.0
hd5k29qy,d43fd935,7,7,1.0,1.0,1.0
72p6pxny,d43fd935,3,7,2.3333333333333335,1.0,1.0
rhbgnqhz,d43fd935,3,7,2.3333333333333335,1.0,1.0
gkse9wdn,d43fd935,7,7,1.0,1.0,1.0
mzi8f2hv,d43fd935,3,7,2.3333333333333335,1.0,1.0
189iqcds,d43fd935,4,8,2.0,1.0,1.0
fgxp8fzz,d43fd935,3,7,2.3333333333333335,1.0,1.0
xgvto4mg,d43fd935,7,7,1.0,1.0,1.0
9pjr0waw,d43fd935,3,7,2.3333333333333335,1.0,1.0
8psac9uo,d43fd935,7,7,1.0,1.0,1.0
nx0vccp8,d43fd935,7,7,1.0,1.0,1.0
kck1uue7,d43fd935,3,7,2.3333333333333335,1.0,1.0
jqeesfz7,d43fd935,7,7,1.0,1.0,1.0
qif0sa3r,d43fd935,3,7,2.3333333333333335,1.0,1.0
8y2nd2sh,d43fd935,3,7,2.3333333333333335,1.0,1.0
l0nln4b2,d43fd935,7,7,1.0,1.0,1.0
aypxap78,d43fd935,3,7,2.3333333333333335,1.0,1.0
ascil7wf,d43fd935,3,7,2.3333333333333335,1.0,1.0
yebzokh4,d43fd935,7,7,1.0,1.0,1.0
kavvl57w,d43fd935,3,7,2.3333333333333335,1.0,1.0
idma9086,d43fd935,7,7,1.0,1.0,1.0
r99uy0qb,d43fd935,3,7,2.3333333333333335,1.0,1.0
b73rrttr,d43fd935,4,4,1.0,1.0,1.0
7nszfy43,d43fd935,19,19,1.0,1.0,1.0
0fy66fv2,d43fd935,25,25,1.0,1.0,1.0
2d8q4qkc,d43fd935,4,9,2.25,1.0,1.0
g3vslpjv,d43fd935,3,7,2.3333333333333335,1.0,1.0
c9sps7bl,d43fd935,3,7,2.3333333333333335,1.0,1.0
bx44xwzb,d43fd935,7,7,1.0,1.0,1.0
o2ho0580,d43fd935,13,13,1.0,1.0,1.0
8oohxrrz,d43fd935,3,7,2.3333333333333335,1.0,1.0
qfiy90jx,d43fd935,7,7,1.0,1.0,1.0
x5id5i5q,d43fd935,7,7,1.0,1.0,1.0
hkj9daz7,d43fd935,3,7,2.3333333333333335,1.0,1.0
zfeorjum,d43fd935,3,7,2.3333333333333335,1.0,1.0
w12e497z,d43fd935,10,13,1.3,1.0,1.0
9ohxtpht,d43fd935,3,7,2.3333333333333335,1.0,1.0
k0qq522n,d43fd935,7,7,1.0,1.0,1.0
2anyuqd8,d43fd935,7,7,1.0,1.0,1.0
1r6yodve,d43fd935,20,20,1.0,1.0,1.0
wa9xd98o,d43fd935,4,8,2.0,1.0,1.0
4j6cy1mk,d43fd935,3,7,2.3333333333333335,1.0,1.0
oxvw1rhx,d43fd935,7,7,1.0,1.0,1.0
8d21w3yr,d43fd935,7,7,1.0,1.0,1.0
jx6lhkbi,d43fd935,3,7,2.3333333333333335,1.0,1.0
cfclud8z,d43fd935,5,11,2.2,1.0,1.0
z8b26ynw,d43fd935,5,11,2.2,1.0,1.0
zelqv7az,d43fd935,7,7,1.0,1.0,1.0
ya0wv6pm,d43fd935,6,10,1.1666666666666667,1.0,1.0
9evwb372,d43fd935,3,7,2.3333333333333335,1.0,1.0
23iyreiv,d43fd935,3,7,2.3333333333333335,1.0,1.0
1qt2f29y,d43fd935,9,9,1.0,1.0,1.0
clhkwrie,d43fd935,3,7,2.3333333333333335,1.0,1.0
mpzcivx9,d43fd935,3,7,2.3333333333333335,1.0,1.0
sp00glmz,d43fd935,7,7,1.0,1.0,1.0
p445h6ow,d43fd935,10,19,1.8,1.0,1.0
8jwr3j6t,d43fd935,3,7,2.3333333333333335,1.0,1.0
z3die4q3,d43fd935,3,7,2.3333333333333335,1.0,1.0
8yhijukj,d43fd935,3,8,2.6666666666666665,1.0,1.0
mhskzwic,d43fd935,3,7,2.3333333333333335,1.0,1.0
vbwguazj,d43fd935,5,14,2.6,1.0,1.0
7agy8y3l,d43fd935,3,7,2.3333333333333335,1.0,1.0
o1t1fb7j,d43fd935,7,7,1.0,1.0,1.0
om1m73rv,d43fd935,3,7,2.3333333333333335,1.0,1.0
nrfiw9bx,d43fd935,3,7,2.3333333333333335,1.0,1.0
pz38obzd,d43fd935,3,7,2.3333333333333335,1.0,1.0
xklnx39q,d43fd935,3,7,2.3333333333333335,1.0,1.0
nldu5ge3,d43fd935,3,7,2.3333333333333335,1.0,1.0
t3l0if03,d43fd935,3,7,2.3333333333333335,1.0,1.0
nfbzvhip,d43fd935,7,7,1.0,1.0,1.0
4wx63ymf,d43fd935,3,7,2.3333333333333335,1.0,1.0
ler5uq42,d43fd935,7,7,1.0,1.0,1.0
m63pxnwq,d43fd935,3,7,2.3333333333333335,1.0,1.0
2w766g1z,d43fd935,3,7,2.3333333333333335,1.0,1.0
mr7lkk46,d43fd935,3,7,2.3333333333333335,1.0,1.0
nqubyvew,d43fd935,3,7,2.3333333333333335,1.0,1.0
pcrxo3zp,d43fd935,3,8,2.6666666666666665,1.0,1.0
f5ktzt2t,d43fd935,3,7,2.3333333333333335,1.0,1.0
kkeej6x5,d43fd935,7,7,1.0,1.0,1.0
c9sps7bl,0e671a1a,5,24,4.8,1.0,1.0
bx44xwzb,0e671a1a,43,43,1.0,1.0,1.0
o2ho0580,0e671a1a,21,21,1.0,1.0,1.0
2d8q4qkc,0e671a1a,6,33,4.833333333333333,1.0,1.0
g3vslpjv,0e671a1a,10,60,5.7,0.9,0.9833333333333334
8oohxrrz,0e671a1a,20,160,7.85,0.95,0.9866666666666667
qfiy90jx,0e671a1a,8,61,7.625,1.0,1.0
yebzokh4,0e671a1a,27,77,2.7037037037037037,0.9629629629629629,0.9876543209876543
0fy66fv2,0e671a1a,4,4,1.0,1.0,1.0
7nszfy43,0e671a1a,6,28,4.666666666666667,1.0,1.0
b73rrttr,0e671a1a,25,31,1.24,1.0,1.0
r99uy0qb,0e671a1a,3,23,7.333333333333333,1.0,1.0
idma9086,0e671a1a,17,84,4.529411764705882,0.9411764705882353,1.0
8y2nd2sh,0e671a1a,4,28,6.75,1.0,1.0
qif0sa3r,0e671a1a,30,96,3.2,1.0,1.0
ascil7wf,0e671a1a,4,46,10.75,1.0,1.0
l0nln4b2,0e671a1a,27,27,1.0,1.0,1.0
aypxap78,0e671a1a,9,72,8.0,0.8888888888888888,1.0
nx0vccp8,0e671a1a,26,37,1.3846153846153846,1.0,1.0
8psac9uo,0e671a1a,32,92,2.78125,0.96875,1.0
kck1uue7,0e671a1a,7,30,4.285714285714286,0.8571428571428571,1.0
9pjr0waw,0e671a1a,3,22,7.333333333333333,0.3333333333333333,1.0
jqeesfz7,0e671a1a,73,73,1.0,1.0,1.0
gkse9wdn,0e671a1a,86,86,1.0,1.0,1.0
hd5k29qy,0e671a1a,2,22,11.0,1.0,1.0
rhbgnqhz,0e671a1a,12,71,5.916666666666667,1.0,1.0
72p6pxny,0e671a1a,16,100,6.125,0.8125,1.0
fgxp8fzz,0e671a1a,2,23,11.0,1.0,1.0
mzi8f2hv,0e671a1a,6,45,6.833333333333333,0.8333333333333334,1.0
189iqcds,0e671a1a,29,29,1.0,1.0,1.0
cw4tyx7n,0e671a1a,2,3,1.0,1.0,1.0
c2lwacqc,0e671a1a,6,26,4.333333333333333,1.0,1.0
g7svteiz,0e671a1a,15,43,2.8666666666666667,1.0,1.0
yc52i3qf,0e671a1a,37,37,1.0,1.0,1.0
2tkm21z6,0e671a1a,21,21,1.0,1.0,1.0
ei0ij8ms,0e671a1a,10,114,11.2,0.9,1.0
0yfthc4y,0e671a1a,63,63,1.0,1.0,1.0
yfyhejim,0e671a1a,7,65,8.285714285714286,1.0,1.0
9wkeb5tu,0e671a1a,2,22,11.0,1.0,1.0
jayyv6lz,0e671a1a,64,64,1.0,1.0,1.0
qu0lm98m,0e671a1a,10,107,10.5,0.9,1.0
ldo5smvx,0e671a1a,12,45,3.6666666666666665,1.0,1.0
nqubyvew,0e671a1a,2,22,11.0,1.0,1.0
2w766g1z,0e671a1a,5,46,9.2,1.0,1.0
mr7lkk46,0e671a1a,9,40,4.333333333333333,0.8888888888888888,0.9629629629629629
kkeej6x5,0e671a1a,4,24,6.0,1.0,1.0
f5ktzt2t,0e671a1a,6,27,4.5,1.0,1.0
pcrxo3zp,0e671a1a,4,25,6.0,1.0,1.0
bcyhma9y,0e671a1a,27,27,1.0,1.0,1.0
4wx63ymf,0e671a1a,8,23,2.75,1.0,1.0
nfbzvhip,0e671a1a,21,21,1.0,1.0,1.0
ler5uq42,0e671a1a,49,49,1.0,1.0,1.0
t3l0if03,0e671a1a,6,58,9.5,1.0,1.0
nldu5ge3,0e671a1a,10,48,4.3,1.0,1.0
m63pxnwq,0e671a1a,6,52,8.166666666666666,1.0,1.0
onnumbyy,0e671a1a,30,34,1.1333333333333333,0.9666666666666667,1.0
nrfiw9bx,0e671a1a,5,55,8.6,0.8,1.0
xklnx39q,0e671a1a,9,202,17.666666666666668,0.7777777777777778,0.9175858198846704
pz38obzd,0e671a1a,5,49,9.2,1.0,1.0
50nsp39w,0e671a1a,14,83,5.857142857142857,0.8571428571428571,1.0
8yhijukj,0e671a1a,35,77,2.2,1.0,1.0
mhskzwic,0e671a1a,9,21,2.3333333333333335,1.0,1.0
z3die4q3,0e671a1a,2,23,11.0,1.0,1.0
8jwr3j6t,0e671a1a,17,94,5.529411764705882,1.0,1.0
p445h6ow,0e671a1a,11,73,6.181818181818182,0.9090909090909091,0.9780564263322884
7agy8y3l,0e671a1a,26,71,2.730769230769231,1.0,1.0
o1t1fb7j,0e671a1a,38,43,1.105263157894737,1.0,1.0
vbwguazj,0e671a1a,8,24,3.0,1.0,1.0
om1m73rv,0e671a1a,4,24,6.0,0.75,1.0
9evwb372,0e671a1a,3,22,7.333333333333333,1.0,1.0
23iyreiv,0e671a1a,7,46,6.285714285714286,1.0,1.0
sp00glmz,0e671a1a,32,79,2.375,1.0,1.0
1qt2f29y,0e671a1a,12,35,2.9166666666666665,1.0,1.0
clhkwrie,0e671a1a,9,54,6.0,0.8888888888888888,1.0
mpzcivx9,0e671a1a,2,22,11.0,1.0,1.0
jx6lhkbi,0e671a1a,8,31,3.75,0.875,1.0
zelqv7az,0e671a1a,14,22,1.5714285714285714,1.0,1.0
z8b26ynw,0e671a1a,2,22,11.0,1.0,1.0
cfclud8z,0e671a1a,9,80,8.88888888888889,0.8888888888888888,1.0
8d21w3yr,0e671a1a,28,78,2.7142857142857144,1.0,1.0
oxvw1rhx,0e671a1a,53,53,1.0,1.0,1.0
4j6cy1mk,0e671a1a,13,51,3.8461538461538463,0.8461538461538461,1.0
9ohxtpht,0e671a1a,2,22,11.0,1.0,1.0
w12e497z,0e671a1a,3,3,1.0,1.0,1.0
hkj9daz7,0e671a1a,2,23,11.0,1.0,1.0
zfeorjum,0e671a1a,11,21,1.9090909090909092,0.9090909090909091,1.0
1r6yodve,0e671a1a,3,3,1.0,1.0,1.0
0wk7vjg8,0e671a1a,3,23,7.333333333333333,1.0,1.0
plfupad7,0e671a1a,41,115,2.707317073170732,0.926829268292683,1.0
zvbewhqx,0e671a1a,11,66,6.0,1.0,1.0
8aknstxj,0e671a1a,5,55,10.0,1.0,1.0
c7z6erey,0e671a1a,2,22,11.0,1.0,1.0
f0wpo2hr,0e671a1a,2,32,11.5,1.0,1.0
qazkn1sw,0e671a1a,56,69,1.2321428571428572,0.9821428571428571,1.0
nze0azo1,0e671a1a,3,33,11.0,1.0,1.0
r2ck84r8,0e671a1a,23,56,2.391304347826087,0.8695652173913043,1.0
hpl7jugr,0e671a1a,2,22,11.0,1.0,1.0
stbyxpx6,0e671a1a,14,46,3.2857142857142856,1.0,1.0
r24jdhzg,0e671a1a,14,23,1.6428571428571428,1.0,1.0
ske58akk,0e671a1a,21,97,4.619047619047619,1.0,1.0
ovhoesyy,0e671a1a,3,22,7.333333333333333,1.0,1.0
3cc6zm51,0e671a1a,21,21,1.0,1.0,1.0
q04yitea,0e671a1a,9,73,7.888888888888889,1.0,1.0
qfsp3ery,0e671a1a,77,135,1.7402597402597402,1.0,1.0
02333qfj,0e671a1a,43,43,1.0,1.0,1.0
qkiu92kk,0e671a1a,21,21,1.0,1.0,1.0
44o5xnxe,0e671a1a,21,21,1.0,1.0,1.0
0ra11hiv,0e671a1a,21,21,1.0,1.0,1.0
cuybsfwr,0e671a1a,5,50,10.0,1.0,1.0
y32zaw9c,0e671a1a,62,63,1.0161290322580645,1.0,1.0
89u58v07,0e671a1a,2,22,11.0,1.0,1.0
phbjwkyw,0e671a1a,3,29,9.666666666666666,1.0,1.0
szbhlpfr,0e671a1a,3,24,8.0,1.0,1.0
sn10zd6g,0e671a1a,9,76,7.777777777777778,1.0,1.0
4s3cm7d8,0e671a1a,8,31,3.75,1.0,1.0
e2w81k0i,0e671a1a,2,22,11.0,1.0,1.0
hsm45iwx,0e671a1a,6,75,11.0,1.0,1.0
6e5gb0yb,0e671a1a,22,22,1.0,1.0,1.0
dmft9d3y,0e671a1a,6,23,3.8333333333333335,1.0,1.0
f5ohsl5h,0e671a1a,3,22,7.333333333333333,1.0,1.0
nvlsix5c,0e671a1a,6,33,5.5,1.0,1.0
aqmjput5,0e671a1a,37,130,3.3783783783783785,0.8648648648648649,1.0
l9krayds,0e671a1a,3,25,8.333333333333334,0.6666666666666666,1.0
icf7bchs,0e671a1a,24,25,1.0416666666666667,1.0,1.0
91fk0af9,0e671a1a,70,71,1.0,1.0,1.0
27d8totr,0e671a1a,6,30,5.0,1.0,1.0
fkx2gd88,0e671a1a,4,22,5.5,1.0,1.0
cp3b83py,0e671a1a,7,50,6.285714285714286,1.0,1.0
d33m799j,0e671a1a,1,15,13.0,0.0,1.0
ikfbpugl,0e671a1a,13,90,5.846153846153846,0.8461538461538461,1.0
kmwiem6m,0e671a1a,3,24,8.0,1.0,1.0
5hz183aa,0e671a1a,54,54,1.0,1.0,1.0
61zahdh9,0e671a1a,5,67,11.0,1.0,1.0
ol9lky1i,0e671a1a,4,36,8.25,1.0,1.0
5nrjvc7q,0e671a1a,29,124,4.172413793103448,1.0,1.0
o5qropwk,0e671a1a,7,22,3.142857142857143,1.0,1.0
154uk6vm,0e671a1a,7,40,5.571428571428571,1.0,1.0
ym49wqbn,0e671a1a,15,64,3.933333333333333,0.8666666666666667,1.0
npr5bsi2,0e671a1a,23,23,1.0,1.0,1.0
xeu3j3ki,0e671a1a,9,57,6.333333333333333,1.0,1.0
pad0sufd,0e671a1a,29,29,1.0,1.0,1.0
emwp6wq7,0e671a1a,9,27,3.0,1.0,1.0
j2pjmr32,0e671a1a,12,77,5.416666666666667,0.9166666666666666,1.0
byx9jkxm,0e671a1a,2,22,11.0,1.0,1.0
74l1qvc1,0e671a1a,32,72,2.1875,1.0,1.0
cghxa2ie,0e671a1a,5,28,5.6,0.8,1.0
3d2as981,0e671a1a,12,85,6.583333333333333,1.0,1.0
clucow7d,0e671a1a,5,22,4.4,1.0,1.0
bmlngyh3,0e671a1a,9,141,15.555555555555555,0.8888888888888888,1.0
sesf1qnx,0e671a1a,11,33,3.0,1.0,1.0
j2dvablb,0e671a1a,10,71,6.5,1.0,1.0
so5k1adg,0e671a1a,93,94,1.0,1.0,1.0
ce9qdbyh,0e671a1a,6,22,3.6666666666666665,1.0,1.0
03ljcqhc,0e671a1a,5,29,5.8,1.0,1.0
vr20hyge,0e671a1a,46,46,1.0,1.0,1.0
nhds6zsd,0e671a1a,16,22,1.375,1.0,1.0
zc26r1al,0e671a1a,41,41,1.0,1.0,1.0
648anokh,0e671a1a,2,22,11.0,1.0,1.0
qqqzakmg,0e671a1a,12,124,10.25,0.8333333333333334,1.0
tc5wgx8h,0e671a1a,15,94,6.266666666666667,1.0,1.0
mrypomny,0e671a1a,6,22,3.6666666666666665,1.0,1.0
jeq3oy2g,0e671a1a,12,33,2.75,0.9166666666666666,1.0
c7ac53of,0e671a1a,3,17,5.666666666666667,0.3333333333333333,1.0
rjanlii9,0e671a1a,12,96,7.916666666666667,1.0,1.0
e0biso3r,0e671a1a,3,22,7.333333333333333,1.0,1.0
a9gvtd1o,0e671a1a,2,23,11.0,1.0,1.0
f1ejz9fy,0e671a1a,10,91,9.0,1.0,1.0
vpxztp7b,0e671a1a,14,23,1.6428571428571428,1.0,1.0
6eyovdd2,0e671a1a,18,50,2.611111111111111,1.0,0.9973544973544973
a6jpzpek,0e671a1a,3,20,6.666666666666667,1.0,1.0
41kp06jx,0e671a1a,4,30,7.5,1.0,1.0
a0w1xgxf,0e671a1a,9,52,5.777777777777778,0.8888888888888888,1.0
lmtka1ev,0e671a1a,2,22,11.0,1.0,1.0
zj5uemkt,0e671a1a,21,21,1.0,1.0,1.0
3irnkhq8,0e671a1a,6,67,11.166666666666666,1.0,1.0
4s9g1cze,0e671a1a,5,52,9.8,1.0,1.0
l5sagbsh,0e671a1a,2,22,11.0,1.0,1.0
v6jvgdvg,0e671a1a,51,70,1.3137254901960784,1.0,1.0
ljwskxcq,0e671a1a,11,76,6.818181818181818,1.0,1.0
bw2cwy0m,0e671a1a,10,48,4.8,1.0,1.0
kwy2bqjo,0e671a1a,51,69,1.3529411764705883,1.0,1.0
uktb326q,0e671a1a,14,22,1.5714285714285714,1.0,1.0
cdo2cmtp,0e671a1a,8,24,2.875,1.0,1.0
a589fsqz,0e671a1a,10,44,3.7,0.9,0.9833333333333334
mlvcv31l,0e671a1a,7,66,9.428571428571429,1.0,1.0
k8txaw58,0e671a1a,43,43,1.0,1.0,1.0
o4kkkuj9,0e671a1a,45,45,1.0,1.0,1.0
d1vjrjhc,0e671a1a,12,38,3.0833333333333335,1.0,1.0
qv0yh587,0e671a1a,12,13,1.0833333333333333,1.0,1.0
t2eyvuxq,0e671a1a,5,37,7.4,1.0,1.0
08vqizpx,0e671a1a,43,43,1.0,1.0,1.0
ew4oecfi,0e671a1a,4,25,6.0,1.0,1.0
mrwlcmno,0e671a1a,21,21,1.0,1.0,1.0
ni5df01j,0e671a1a,6,56,9.333333333333334,1.0,1.0
eyn3wygc,0e671a1a,8,58,6.875,1.0,1.0
wcau806y,0e671a1a,10,23,2.3,0.9,1.0
s03ed531,0e671a1a,66,66,1.0,1.0,1.0
2j8p9vyz,0e671a1a,7,72,9.857142857142858,1.0,1.0
ldo5smvx,1b60fb0c,9,17,1.8888888888888888,1.0,1.0
qu0lm98m,1b60fb0c,42,49,1.119047619047619,1.0,1.0
jayyv6lz,1b60fb0c,9,9,1.0,1.0,1.0
9wkeb5tu,1b60fb0c,18,18,1.0,1.0,1.0
yfyhejim,1b60fb0c,3,10,3.3333333333333335,1.0,1.0
2tkm21z6,1b60fb0c,11,11,1.0,1.0,1.0
0yfthc4y,1b60fb0c,18,18,1.0,1.0,1.0
ei0ij8ms,1b60fb0c,8,22,2.75,1.0,1.0
g7svteiz,1b60fb0c,28,28,1.0,1.0,1.0
c2lwacqc,1b60fb0c,23,48,1.9565217391304348,1.0,1.0
cw4tyx7n,1b60fb0c,10,18,1.7,0.9,0.9888888888888889
fgxp8fzz,1b60fb0c,6,15,2.5,1.0,1.0
189iqcds,1b60fb0c,11,11,1.0,1.0,1.0
mzi8f2hv,1b60fb0c,10,21,2.1,1.0,1.0
gkse9wdn,1b60fb0c,18,18,1.0,1.0,1.0
72p6pxny,1b60fb0c,7,28,3.7142857142857144,1.0,1.0
rhbgnqhz,1b60fb0c,24,27,1.0833333333333333,1.0,1.0
hd5k29qy,1b60fb0c,28,28,1.0,1.0,1.0
jqeesfz7,1b60fb0c,17,17,1.0,1.0,1.0
xji13cu2,1b60fb0c,20,21,1.0,1.0,1.0
kck1uue7,1b60fb0c,35,44,1.2571428571428571,0.9714285714285714,1.0
8psac9uo,1b60fb0c,21,21,1.0,1.0,1.0
nx0vccp8,1b60fb0c,17,17,1.0,1.0,1.0
9pjr0waw,1b60fb0c,11,11,1.0,1.0,1.0
ascil7wf,1b60fb0c,18,18,1.0,1.0,1.0
aypxap78,1b60fb0c,6,10,1.6666666666666667,1.0,1.0
l0nln4b2,1b60fb0c,9,9,1.0,1.0,1.0
8y2nd2sh,1b60fb0c,17,32,1.8823529411764706,1.0,1.0
b73rrttr,1b60fb0c,14,14,1.0,1.0,1.0
idma9086,1b60fb0c,24,31,1.2916666666666667,1.0,1.0
4kl3i3tv,1b60fb0c,20,20,1.0,1.0,1.0
r99uy0qb,1b60fb0c,13,18,1.3846153846153846,1.0,1.0
kavvl57w,1b60fb0c,16,19,1.1875,1.0,1.0
yebzokh4,1b60fb0c,11,11,1.0,1.0,1.0
x5id5i5q,1b60fb0c,28,28,1.0,1.0,1.0
qfiy90jx,1b60fb0c,5,9,1.8,1.0,1.0
8oohxrrz,1b60fb0c,11,14,1.2727272727272727,1.0,1.0
o2ho0580,1b60fb0c,4,21,5.25,0.5,1.0
bx44xwzb,1b60fb0c,10,10,1.0,1.0,1.0
c9sps7bl,1b60fb0c,3,10,3.3333333333333335,1.0,1.0
g3vslpjv,1b60fb0c,11,15,1.3636363636363635,1.0,1.0
2d8q4qkc,1b60fb0c,4,14,3.5,1.0,1.0
2anyuqd8,1b60fb0c,9,9,1.0,1.0,1.0
1r6yodve,1b60fb0c,39,39,1.0,1.0,1.0
cbvc5e3w,1b60fb0c,11,11,1.0,1.0,1.0
w12e497z,1b60fb0c,25,42,1.68,1.0,1.0
9ohxtpht,1b60fb0c,20,20,1.0,1.0,1.0
zfeorjum,1b60fb0c,12,19,1.5833333333333333,1.0,1.0
hkj9daz7,1b60fb0c,10,18,1.8,1.0,1.0
8d21w3yr,1b60fb0c,21,21,1.0,1.0,1.0
gckdkq1t,1b60fb0c,42,44,1.0476190476190477,1.0,1.0
318gokyy,1b60fb0c,5,9,1.8,1.0,1.0
4j6cy1mk,1b60fb0c,14,14,1.0,1.0,1.0
oxvw1rhx,1b60fb0c,27,27,1.0,1.0,1.0
z8b26ynw,1b60fb0c,13,19,1.3846153846153846,1.0,1.0
zelqv7az,1b60fb0c,17,17,1.0,1.0,1.0
cfclud8z,1b60fb0c,16,19,1.1875,1.0,1.0
jx6lhkbi,1b60fb0c,9,9,1.0,1.0,1.0
sp00glmz,1b60fb0c,17,28,1.5294117647058822,1.0,1.0
mpzcivx9,1b60fb0c,4,9,2.25,1.0,1.0
clhkwrie,1b60fb0c,31,41,1.2903225806451613,1.0,1.0
1qt2f29y,1b60fb0c,17,17,1.0,1.0,1.0
23iyreiv,1b60fb0c,15,15,1.0,1.0,1.0
ya0wv6pm,1b60fb0c,9,9,1.0,1.0,1.0
9evwb372,1b60fb0c,14,14,1.0,1.0,1.0
2ke9hbes,1b60fb0c,22,22,1.0,1.0,1.0
om1m73rv,1b60fb0c,22,33,1.5,1.0,1.0
vbwguazj,1b60fb0c,13,13,1.0,1.0,1.0
7agy8y3l,1b60fb0c,12,12,1.0,1.0,1.0
mhskzwic,1b60fb0c,6,9,1.5,1.0,1.0
8yhijukj,1b60fb0c,9,9,1.0,1.0,1.0
z3die4q3,1b60fb0c,4,9,2.25,1.0,1.0
xklnx39q,1b60fb0c,6,15,2.5,1.0,1.0
pz38obzd,1b60fb0c,25,25,1.0,1.0,1.0
nrfiw9bx,1b60fb0c,8,34,3.75,1.0,1.0
m63pxnwq,1b60fb0c,23,25,1.0869565217391304,1.0,1.0
onnumbyy,1b60fb0c,21,21,1.0,1.0,1.0
ler5uq42,1b60fb0c,12,12,1.0,1.0,1.0
nfbzvhip,1b60fb0c,36,37,1.0277777777777777,1.0,1.0
4wx63ymf,1b60fb0c,9,9,1.0,1.0,1.0
nldu5ge3,1b60fb0c,18,18,1.0,1.0,1.0
t3l0if03,1b60fb0c,3,9,2.6666666666666665,1.0,1.0
pcrxo3zp,1b60fb0c,4,32,4.75,1.0,1.0
kkeej6x5,1b60fb0c,21,24,1.1428571428571428,1.0,1.0
f5ktzt2t,1b60fb0c,14,42,2.5,1.0,1.0
nqubyvew,1b60fb0c,21,21,1.0,1.0,1.0
5vv1rrzw,1b60fb0c,23,23,1.0,1.0,1.0
mr7lkk46,1b60fb0c,23,35,1.434782608695652,1.0,1.0
2w766g1z,1b60fb0c,8,11,1.375,1.0,1.0
clucow7d,1b60fb0c,6,9,1.5,1.0,1.0
3d2as981,1b60fb0c,46,59,1.2608695652173914,0.9782608695652174,1.0
cghxa2ie,1b60fb0c,19,24,1.263157894736842,1.0,1.0
y8mzyzjc,1b60fb0c,28,28,1.0,1.0,1.0
bmlngyh3,1b60fb0c,22,22,1.0,1.0,1.0
npr5bsi2,1b60fb0c,8,8,1.0,1.0,1.0
ym49wqbn,1b60fb0c,100,100,1.0,1.0,1.0
154uk6vm,1b60fb0c,28,28,1.0,1.0,1.0
emwp6wq7,1b60fb0c,30,55,1.5666666666666667,1.0,1.0
pad0sufd,1b60fb0c,41,52,1.2439024390243902,1.0,1.0
61zahdh9,1b60fb0c,20,23,1.15,1.0,1.0
5hz183aa,1b60fb0c,3,3,1.0,1.0,1.0
o5qropwk,1b60fb0c,37,39,1.054054054054054,1.0,1.0
5nrjvc7q,1b60fb0c,17,33,1.7647058823529411,1.0,1.0
ol9lky1i,1b60fb0c,23,23,1.0,1.0,1.0
ikfbpugl,1b60fb0c,6,31,5.0,1.0,1.0
kmwiem6m,1b60fb0c,19,31,1.5789473684210527,1.0,1.0
5pds9j1d,1b60fb0c,27,27,1.0,1.0,1.0
fkx2gd88,1b60fb0c,14,25,1.7857142857142858,1.0,1.0
27d8totr,1b60fb0c,27,27,1.0,1.0,1.0
qothvfhf,1b60fb0c,9,9,1.0,1.0,1.0
91fk0af9,1b60fb0c,19,19,1.0,1.0,1.0
cp3b83py,1b60fb0c,9,9,1.0,1.0,1.0
l9krayds,1b60fb0c,3,3,1.0,1.0,1.0
aqmjput5,1b60fb0c,27,50,1.7037037037037037,1.0,1.0
f5ohsl5h,1b60fb0c,5,13,2.2,1.0,1.0
pgtp756s,1b60fb0c,23,23,1.0,1.0,1.0
6e5gb0yb,1b60fb0c,8,9,1.125,1.0,1.0
dmft9d3y,1b60fb0c,14,39,2.5714285714285716,0.9285714285714286,1.0
sn10zd6g,1b60fb0c,9,9,1.0,1.0,1.0
hsm45iwx,1b60fb0c,16,37,2.125,1.0,1.0
e2w81k0i,1b60fb0c,28,34,1.2142857142857142,1.0,1.0
4s3cm7d8,1b60fb0c,22,22,1.0,1.0,1.0
89u58v07,1b60fb0c,29,29,1.0,1.0,1.0
phbjwkyw,1b60fb0c,21,31,1.4761904761904763,1.0,1.0
cuybsfwr,1b60fb0c,7,20,2.7142857142857144,1.0,1.0
y32zaw9c,1b60fb0c,15,15,1.0,1.0,1.0
02333qfj,1b60fb0c,21,21,1.0,1.0,1.0
qfsp3ery,1b60fb0c,8,11,1.375,1.0,1.0
q04yitea,1b60fb0c,27,27,1.0,1.0,1.0
44o5xnxe,1b60fb0c,13,13,1.0,1.0,1.0
qkiu92kk,1b60fb0c,15,15,1.0,1.0,1.0
r24jdhzg,1b60fb0c,13,13,1.0,1.0,1.0
stbyxpx6,1b60fb0c,14,15,1.0714285714285714,1.0,1.0
3cc6zm51,1b60fb0c,20,20,1.0,1.0,1.0
ovhoesyy,1b60fb0c,9,9,1.0,1.0,1.0
ske58akk,1b60fb0c,15,15,1.0,1.0,1.0
hpl7jugr,1b60fb0c,3,10,3.3333333333333335,1.0,1.0
r2ck84r8,1b60fb0c,12,13,1.0833333333333333,1.0,1.0
nze0azo1,1b60fb0c,28,39,1.2857142857142858,1.0,1.0
c7z6erey,1b60fb0c,9,9,1.0,1.0,1.0
8aknstxj,1b60fb0c,4,6,1.5,1.0,1.0
qazkn1sw,1b60fb0c,30,30,1.0,1.0,1.0
f0wpo2hr,1b60fb0c,8,15,1.875,1.0,1.0
plfupad7,1b60fb0c,17,17,1.0,1.0,1.0
ism64anu,1b60fb0c,26,43,1.5769230769230769,1.0,1.0
zvbewhqx,1b60fb0c,29,29,1.0,1.0,1.0
0hrc9vve,1b60fb0c,4,17,4.25,0.75,1.0
wcau806y,1b60fb0c,9,9,1.0,1.0,1.0
2j8p9vyz,1b60fb0c,14,21,1.5,1.0,1.0
s03ed531,1b60fb0c,48,48,1.0,1.0,1.0
mrwlcmno,1b60fb0c,9,9,1.0,1.0,1.0
ew4oecfi,1b60fb0c,20,20,1.0,1.0,1.0
eyn3wygc,1b60fb0c,9,9,1.0,1.0,1.0
ni5df01j,1b60fb0c,28,28,1.0,1.0,1.0
t2eyvuxq,1b60fb0c,13,13,1.0,1.0,1.0
qv0yh587,1b60fb0c,8,8,1.0,1.0,1.0
a589fsqz,1b60fb0c,9,9,1.0,1.0,1.0
d1vjrjhc,1b60fb0c,20,26,1.25,1.0,1.0
k8txaw58,1b60fb0c,7,21,3.0,1.0,1.0
o4kkkuj9,1b60fb0c,37,38,1.027027027027027,1.0,1.0
mlvcv31l,1b60fb0c,13,36,2.5384615384615383,1.0,1.0
kwy2bqjo,1b60fb0c,19,34,1.5789473684210527,1.0,1.0
bw2cwy0m,1b60fb0c,17,17,1.0,1.0,1.0
ljwskxcq,1b60fb0c,5,20,3.6,1.0,1.0
v6jvgdvg,1b60fb0c,6,6,1.0,1.0,1.0
l5sagbsh,1b60fb0c,27,27,1.0,1.0,1.0
4s9g1cze,1b60fb0c,13,13,1.0,1.0,1.0
3irnkhq8,1b60fb0c,13,25,1.6153846153846154,1.0,1.0
zj5uemkt,1b60fb0c,18,18,1.0,1.0,1.0
a6jpzpek,1b60fb0c,23,23,1.0,1.0,1.0
6eyovdd2,1b60fb0c,13,23,1.7692307692307692,1.0,1.0
lmtka1ev,1b60fb0c,3,10,3.3333333333333335,1.0,1.0
a0w1xgxf,1b60fb0c,33,33,1.0,1.0,1.0
41kp06jx,1b60fb0c,11,11,1.0,1.0,1.0
a9gvtd1o,1b60fb0c,20,20,1.0,1.0,1.0
e0biso3r,1b60fb0c,15,41,2.533333333333333,1.0,1.0
vpxztp7b,1b60fb0c,43,43,1.0,1.0,1.0
f1ejz9fy,1b60fb0c,25,50,1.84,1.0,1.0
tc5wgx8h,1b60fb0c,33,33,1.0,1.0,1.0
rjanlii9,1b60fb0c,24,27,1.125,1.0,1.0
c7ac53of,1b60fb0c,3,3,1.0,1.0,1.0
jeq3oy2g,1b60fb0c,1,14,13.0,1.0,1.0
mrypomny,1b60fb0c,9,9,1.0,1.0,1.0
zc26r1al,1b60fb0c,23,23,1.0,1.0,1.0
648anokh,1b60fb0c,14,21,1.5,1.0,1.0
nhds6zsd,1b60fb0c,13,13,1.0,1.0,1.0
vr20hyge,1b60fb0c,11,11,1.0,1.0,1.0
904h81sn,1b60fb0c,20,23,1.15,1.0,1.0
so5k1adg,1b60fb0c,17,17,1.0,1.0,1.0
j2dvablb,1b60fb0c,4,9,2.25,1.0,1.0
ce9qdbyh,1b60fb0c,10,10,1.0,1.0,1.0
sesf1qnx,1b60fb0c,15,21,1.4,1.0,1.0
j2dvablb,fe9372f3,55,112,2.0,0.9818181818181818,0.9971291866028708
904h81sn,fe9372f3,77,77,1.0,1.0,1.0
so5k1adg,fe9372f3,106,106,1.0,1.0,1.0
4stfwpke,fe9372f3,57,127,2.0350877192982457,0.9824561403508771,0.996588693957115
nhds6zsd,fe9372f3,77,77,1.0,1.0,1.0
vr20hyge,fe9372f3,4,4,1.0,1.0,1.0
tc5wgx8h,fe9372f3,72,72,1.0,1.0,1.0
jeq3oy2g,fe9372f3,1,37,37.0,0.0,0.5675675675675675
mrypomny,fe9372f3,73,73,1.0,1.0,1.0
rjanlii9,fe9372f3,59,73,1.2372881355932204,1.0,1.0
c7ac53of,fe9372f3,5,21,4.2,0.8,1.0
648anokh,fe9372f3,51,95,1.8235294117647058,0.9803921568627451,1.0
a6jpzpek,fe9372f3,4,10,2.5,1.0,1.0
6eyovdd2,fe9372f3,80,84,1.05,1.0,1.0
41kp06jx,fe9372f3,89,89,1.0,1.0,1.0
lmtka1ev,fe9372f3,75,76,1.0133333333333334,1.0,1.0
a9gvtd1o,fe9372f3,75,75,1.0,1.0,1.0
e0biso3r,fe9372f3,55,146,2.581818181818182,0.9636363636363636,1.0
f1ejz9fy,fe9372f3,81,81,1.0,1.0,1.0
vpxztp7b,fe9372f3,73,73,1.0,1.0,1.0
3irnkhq8,fe9372f3,51,91,1.7843137254901962,1.0,1.0
v6jvgdvg,fe9372f3,39,39,1.0,1.0,1.0
l5sagbsh,fe9372f3,73,73,1.0,1.0,1.0
zj5uemkt,fe9372f3,73,73,1.0,1.0,1.0
bw2cwy0m,fe9372f3,83,95,1.144578313253012,1.0,1.0
kwy2bqjo,fe9372f3,73,73,1.0,1.0,1.0
uktb326q,fe9372f3,86,86,1.0,1.0,1.0
t2eyvuxq,fe9372f3,79,79,1.0,1.0,1.0
a589fsqz,fe9372f3,94,103,1.0957446808510638,1.0,1.0
mlvcv31l,fe9372f3,68,146,2.0,0.9852941176470589,0.9938725490196078
o4kkkuj9,fe9372f3,79,79,1.0,1.0,1.0
k8txaw58,fe9372f3,73,73,1.0,1.0,1.0
d1vjrjhc,fe9372f3,76,76,1.0,1.0,1.0
wcau806y,fe9372f3,35,35,1.0,1.0,1.0
s03ed531,fe9372f3,108,108,1.0,1.0,1.0
2j8p9vyz,fe9372f3,57,93,1.631578947368421,1.0,1.0
ew4oecfi,fe9372f3,62,82,1.3225806451612903,1.0,1.0
mrwlcmno,fe9372f3,75,75,1.0,1.0,1.0
ni5df01j,fe9372f3,48,85,1.7708333333333333,1.0,1.0
eyn3wygc,fe9372f3,79,79,1.0,1.0,1.0
c7z6erey,fe9372f3,73,73,1.0,1.0,1.0
8aknstxj,fe9372f3,38,38,1.0,1.0,1.0
f0wpo2hr,fe9372f3,74,78,1.054054054054054,1.0,1.0
qazkn1sw,fe9372f3,81,83,1.0246913580246915,1.0,1.0
ism64anu,fe9372f3,56,98,1.75,1.0,1.0
plfupad7,fe9372f3,73,75,1.0273972602739727,1.0,1.0
zvbewhqx,fe9372f3,77,98,1.2727272727272727,0.987012987012987,1.0
0hrc9vve,fe9372f3,2,54,26.5,0.0,0.9347826086956521
stbyxpx6,fe9372f3,66,156,2.090909090909091,1.0,1.0
ovhoesyy,fe9372f3,70,83,1.1857142857142857,0.9857142857142858,1.0
3cc6zm51,fe9372f3,66,95,1.4393939393939394,0.9848484848484849,0.9994949494949495
hpl7jugr,fe9372f3,65,73,1.123076923076923,1.0,1.0
nze0azo1,fe9372f3,73,73,1.0,1.0,1.0
r2ck84r8,fe9372f3,79,87,1.1012658227848102,1.0,1.0
y32zaw9c,fe9372f3,82,87,1.0609756097560976,1.0,1.0
qfsp3ery,fe9372f3,79,79,1.0,1.0,1.0
q04yitea,fe9372f3,77,77,1.0,1.0,1.0
02333qfj,fe9372f3,73,73,1.0,1.0,1.0
44o5xnxe,fe9372f3,73,73,1.0,1.0,1.0
sn10zd6g,fe9372f3,73,73,1.0,1.0,1.0
e2w81k0i,fe9372f3,57,107,1.719298245614035,1.0,1.0
4s3cm7d8,fe9372f3,72,92,1.25,1.0,1.0
hsm45iwx,fe9372f3,54,94,1.7222222222222223,1.0,1.0
89u58v07,fe9372f3,77,84,1.0909090909090908,0.987012987012987,1.0
phbjwkyw,fe9372f3,78,79,1.0128205128205128,1.0,1.0
szbhlpfr,fe9372f3,75,75,1.0,1.0,1.0
icf7bchs,fe9372f3,87,87,1.0,1.0,1.0
6e5gb0yb,fe9372f3,76,78,1.0263157894736843,1.0,1.0
dmft9d3y,fe9372f3,79,96,1.2151898734177216,1.0,1.0
d33m799j,fe9372f3,5,53,10.0,0.0,1.0
kmwiem6m,fe9372f3,79,79,1.0,1.0,1.0
qothvfhf,fe9372f3,89,89,1.0,1.0,1.0
27d8totr,fe9372f3,69,123,1.7681159420289856,0.9855072463768116,1.0
fkx2gd88,fe9372f3,36,195,5.027777777777778,0.9166666666666666,0.9952380952380953
cp3b83py,fe9372f3,59,142,2.1864406779661016,1.0,1.0
npr5bsi2,fe9372f3,78,92,1.1794871794871795,1.0,1.0
ym49wqbn,fe9372f3,76,76,1.0,1.0,1.0
154uk6vm,fe9372f3,65,90,1.3846153846153846,1.0,1.0
xeu3j3ki,fe9372f3,75,75,1.0,1.0,1.0
pad0sufd,fe9372f3,56,110,1.7321428571428572,1.0,1.0
emwp6wq7,fe9372f3,78,78,1.0,1.0,1.0
5hz183aa,fe9372f3,66,107,1.5606060606060606,1.0,1.0
61zahdh9,fe9372f3,73,73,1.0,1.0,1.0
5nrjvc7q,fe9372f3,73,73,1.0,1.0,1.0
ol9lky1i,fe9372f3,75,88,1.1733333333333333,0.9866666666666667,1.0
o5qropwk,fe9372f3,72,75,1.0416666666666667,1.0,1.0
cghxa2ie,fe9372f3,75,81,1.08,1.0,1.0
clucow7d,fe9372f3,125,149,1.152,0.992,1.0
bmlngyh3,fe9372f3,76,83,1.0921052631578947,0.9868421052631579,1.0
y8mzyzjc,fe9372f3,75,75,1.0,1.0,1.0
74l1qvc1,fe9372f3,55,124,2.018181818181818,1.0,1.0
byx9jkxm,fe9372f3,73,73,1.0,1.0,1.0
pcrxo3zp,fe9372f3,56,118,1.9285714285714286,0.9821428571428571,1.0
f5ktzt2t,fe9372f3,69,205,2.753623188405797,0.9420289855072463,0.9982608695652173
kkeej6x5,fe9372f3,49,85,1.7346938775510203,1.0,1.0
nqubyvew,fe9372f3,67,166,2.4328358208955225,0.9552238805970149,0.9871359315952207
2w766g1z,fe9372f3,74,76,1.027027027027027,1.0,1.0
mr7lkk46,fe9372f3,64,77,1.203125,0.984375,1.0
m63pxnwq,fe9372f3,76,77,1.013157894736842,1.0,1.0
4wx63ymf,fe9372f3,67,81,1.208955223880597,1.0,1.0
nfbzvhip,fe9372f3,136,185,1.3161764705882353,0.9926470588235294,1.0
ler5uq42,fe9372f3,1,1,1.0,1.0,1.0
nldu5ge3,fe9372f3,110,110,1.0,1.0,1.0
t3l0if03,fe9372f3,78,91,1.1666666666666667,1.0,1.0
pz38obzd,fe9372f3,73,73,1.0,1.0,1.0
xklnx39q,fe9372f3,54,133,2.3518518518518516,0.9629629629629629,0.9964726631393298
nrfiw9bx,fe9372f3,48,85,1.7708333333333333,1.0,1.0
vbwguazj,fe9372f3,77,77,1.0,1.0,1.0
7agy8y3l,fe9372f3,77,77,1.0,1.0,1.0
o1t1fb7j,fe9372f3,73,73,1.0,1.0,1.0
om1m73rv,fe9372f3,67,91,1.3432835820895523,0.9850746268656716,0.9970149253731343
8yhijukj,fe9372f3,1,27,26.0,0.0,1.0
mhskzwic,fe9372f3,73,73,1.0,1.0,1.0
8jwr3j6t,fe9372f3,20,24,1.2,0.95,1.0
z3die4q3,fe9372f3,52,126,2.3076923076923075,0.9807692307692307,1.0
sp00glmz,fe9372f3,78,78,1.0,1.0,1.0
clhkwrie,fe9372f3,31,31,1.0,1.0,1.0
1qt2f29y,fe9372f3,93,95,1.021505376344086,1.0,1.0
mpzcivx9,fe9372f3,52,89,1.7115384615384615,1.0,1.0
ya0wv6pm,fe9372f3,77,93,1.155844155844156,1.0,1.0
9evwb372,fe9372f3,66,117,1.7727272727272727,0.9848484848484849,1.0
23iyreiv,fe9372f3,81,83,1.0246913580246915,1.0,1.0
z8b26ynw,fe9372f3,54,110,1.9444444444444444,1.0,1.0
zelqv7az,fe9372f3,73,87,1.1917808219178083,1.0,1.0
cfclud8z,fe9372f3,52,121,2.1153846153846154,1.0,1.0
jx6lhkbi,fe9372f3,7,92,12.857142857142858,0.14285714285714285,1.0
8d21w3yr,fe9372f3,77,78,1.0129870129870129,1.0,1.0
4j6cy1mk,fe9372f3,77,93,1.2077922077922079,0.987012987012987,1.0
fl73adm5,fe9372f3,54,94,1.7222222222222223,1.0,1.0
wa9xd98o,fe9372f3,68,101,1.4411764705882353,1.0,1.0
k0qq522n,fe9372f3,83,83,1.0,1.0,1.0
1r6yodve,fe9372f3,95,95,1.0,1.0,1.0
w12e497z,fe9372f3,8,10,1.25,1.0,1.0
9ohxtpht,fe9372f3,75,75,1.0,1.0,1.0
zfeorjum,fe9372f3,55,131,2.272727272727273,0.9454545454545454,0.9954545454545455
hkj9daz7,fe9372f3,51,92,1.803921568627451,1.0,1.0
x5id5i5q,fe9372f3,73,73,1.0,1.0,1.0
8oohxrrz,fe9372f3,74,75,1.0135135135135136,0.9864864864864865,1.0
qfiy90jx,fe9372f3,75,75,1.0,1.0,1.0
c9sps7bl,fe9372f3,37,181,4.891891891891892,0.8378378378378378,1.0
bx44xwzb,fe9372f3,71,137,1.8450704225352113,0.971830985915493,1.0
o2ho0580,fe9372f3,57,57,1.0,1.0,1.0
2d8q4qkc,fe9372f3,68,82,1.2058823529411764,1.0,1.0
g3vslpjv,fe9372f3,75,96,1.24,0.9866666666666667,0.9974603174603175
b73rrttr,fe9372f3,12,13,1.0833333333333333,1.0,1.0
0fy66fv2,fe9372f3,6,6,1.0,1.0,1.0
4kl3i3tv,fe9372f3,47,53,1.127659574468085,1.0,1.0
idma9086,fe9372f3,82,82,1.0,1.0,1.0
r99uy0qb,fe9372f3,2,30,13.0,0.0,1.0
kavvl57w,fe9372f3,75,75,1.0,1.0,1.0
yebzokh4,fe9372f3,75,75,1.0,1.0,1.0
ascil7wf,fe9372f3,54,110,2.0,0.9629629629629629,1.0
l0nln4b2,fe9372f3,75,75,1.0,1.0,1.0
aypxap78,fe9372f3,77,80,1.0389610389610389,1.0,1.0
8y2nd2sh,fe9372f3,46,223,4.434782608695652,0.9347826086956522,0.9958592132505176
jqeesfz7,fe9372f3,96,96,1.0,1.0,1.0
nx0vccp8,fe9372f3,73,73,1.0,1.0,1.0
8psac9uo,fe9372f3,91,102,1.120879120879121,1.0,1.0
kck1uue7,fe9372f3,69,170,2.3333333333333335,1.0,0.997584541062802
9pjr0waw,fe9372f3,1,19,19.0,0.0,1.0
fgxp8fzz,fe9372f3,64,216,2.9375,0.96875,0.9922447763929618
mzi8f2hv,fe9372f3,53,100,1.7169811320754718,1.0,1.0
189iqcds,fe9372f3,77,77,1.0,1.0,1.0
hd5k29qy,fe9372f3,86,86,1.0,1.0,1.0
72p6pxny,fe9372f3,78,78,1.0,1.0,1.0
rhbgnqhz,fe9372f3,75,75,1.0,1.0,1.0
cw4tyx7n,fe9372f3,77,83,1.077922077922078,1.0,1.0
g7svteiz,fe9372f3,74,74,1.0,1.0,1.0
c2lwacqc,fe9372f3,76,78,1.0263157894736843,0.9868421052631579,1.0
yc52i3qf,fe9372f3,78,78,1.0,1.0,1.0
yfyhejim,fe9372f3,96,153,1.5833333333333333,0.9791666666666666,1.0
2tkm21z6,fe9372f3,81,81,1.0,1.0,1.0
ei0ij8ms,fe9372f3,89,153,1.696629213483146,0.9887640449438202,1.0
0yfthc4y,fe9372f3,78,120,1.4743589743589745,0.9871794871794872,1.0
ldo5smvx,fe9372f3,78,121,1.5384615384615385,0.9871794871794872,1.0
jayyv6lz,fe9372f3,59,98,1.6610169491525424,0.9661016949152542,1.0
qu0lm98m,fe9372f3,59,151,2.4745762711864407,0.9491525423728814,1.0
ldo5smvx,1caeab9d,6,28,4.0,1.0,1.0
jayyv6lz,1caeab9d,18,23,1.2777777777777777,0.9444444444444444,1.0
qu0lm98m,1caeab9d,18,63,3.1666666666666665,0.9444444444444444,1.0
yfyhejim,1caeab9d,15,50,3.2,1.0,1.0
2tkm21z6,1caeab9d,53,53,1.0,1.0,1.0
ei0ij8ms,1caeab9d,14,50,3.2857142857142856,1.0,1.0
0yfthc4y,1caeab9d,16,21,1.3125,1.0,1.0
cw4tyx7n,1caeab9d,26,30,1.1538461538461537,1.0,1.0
c2lwacqc,1caeab9d,23,23,1.0,1.0,1.0
g7svteiz,1caeab9d,75,75,1.0,1.0,1.0
fgxp8fzz,1caeab9d,7,32,4.571428571428571,0.8571428571428571,1.0
mzi8f2hv,1caeab9d,28,110,3.607142857142857,0.9642857142857143,1.0
189iqcds,1caeab9d,16,21,1.3125,1.0,1.0
hd5k29qy,1caeab9d,23,61,2.5217391304347827,0.9565217391304348,1.0
rhbgnqhz,1caeab9d,9,56,5.666666666666667,0.8888888888888888,1.0
72p6pxny,1caeab9d,34,63,1.8235294117647058,1.0,1.0
xji13cu2,1caeab9d,12,29,2.4166666666666665,1.0,1.0
jqeesfz7,1caeab9d,20,20,1.0,1.0,1.0
nx0vccp8,1caeab9d,49,49,1.0,1.0,1.0
8psac9uo,1caeab9d,18,20,1.1111111111111112,1.0,1.0
kck1uue7,1caeab9d,19,52,2.526315789473684,0.9473684210526315,1.0
ascil7wf,1caeab9d,17,37,2.0,1.0,1.0
aypxap78,1caeab9d,15,15,1.0,1.0,1.0
8y2nd2sh,1caeab9d,8,43,5.25,0.875,1.0
qif0sa3r,1caeab9d,20,20,1.0,1.0,1.0
b73rrttr,1caeab9d,3,3,1.0,1.0,1.0
r99uy0qb,1caeab9d,3,7,2.3333333333333335,1.0,1.0
4kl3i3tv,1caeab9d,11,54,4.636363636363637,1.0,1.0
idma9086,1caeab9d,18,45,2.5,1.0,1.0
kavvl57w,1caeab9d,13,43,3.230769230769231,0.8461538461538461,1.0
yebzokh4,1caeab9d,37,37,1.0,1.0,1.0
x5id5i5q,1caeab9d,22,22,1.0,1.0,1.0
8oohxrrz,1caeab9d,14,34,2.2142857142857144,1.0,1.0
qfiy90jx,1caeab9d,16,22,1.375,1.0,1.0
c9sps7bl,1caeab9d,7,22,3.142857142857143,1.0,1.0
bx44xwzb,1caeab9d,20,20,1.0,1.0,1.0
g3vslpjv,1caeab9d,53,83,1.5471698113207548,1.0,1.0
cbvc5e3w,1caeab9d,15,15,1.0,1.0,1.0
1r6yodve,1caeab9d,15,15,1.0,1.0,1.0
2anyuqd8,1caeab9d,52,52,1.0,1.0,1.0
0wk7vjg8,1caeab9d,20,20,1.0,1.0,1.0
9ohxtpht,1caeab9d,16,46,2.75,1.0,1.0
w12e497z,1caeab9d,11,17,1.5454545454545454,1.0,1.0
zfeorjum,1caeab9d,24,47,1.875,1.0,1.0
gckdkq1t,1caeab9d,75,76,1.0133333333333334,1.0,1.0
8d21w3yr,1caeab9d,26,27,1.0384615384615385,1.0,1.0
oxvw1rhx,1caeab9d,24,24,1.0,1.0,1.0
4j6cy1mk,1caeab9d,22,22,1.0,1.0,1.0
fl73adm5,1caeab9d,6,24,3.6666666666666665,0.8333333333333334,1.0
wa9xd98o,1caeab9d,6,27,4.5,1.0,1.0
z8b26ynw,1caeab9d,16,56,3.3125,0.9375,1.0
cfclud8z,1caeab9d,7,21,3.0,1.0,1.0
sp00glmz,1caeab9d,33,33,1.0,1.0,1.0
clhkwrie,1caeab9d,40,55,1.35,1.0,1.0
1qt2f29y,1caeab9d,33,52,1.5757575757575757,1.0,1.0
mpzcivx9,1caeab9d,6,22,3.6666666666666665,1.0,1.0
9evwb372,1caeab9d,7,22,3.0,0.8571428571428571,1.0
ya0wv6pm,1caeab9d,40,40,1.0,1.0,1.0
23iyreiv,1caeab9d,29,35,1.206896551724138,1.0,1.0
7agy8y3l,1caeab9d,41,81,1.975609756097561,1.0,1.0
o1t1fb7j,1caeab9d,1,1,1.0,1.0,1.0
vbwguazj,1caeab9d,22,22,1.0,1.0,1.0
om1m73rv,1caeab9d,33,81,2.3333333333333335,0.9696969696969697,1.0
50nsp39w,1caeab9d,20,50,2.45,1.0,1.0
8yhijukj,1caeab9d,10,30,2.8,0.9,1.0
mhskzwic,1caeab9d,16,40,2.5,1.0,1.0
z3die4q3,1caeab9d,6,22,3.6666666666666665,1.0,1.0
8jwr3j6t,1caeab9d,15,24,1.6,1.0,1.0
pz38obzd,1caeab9d,28,28,1.0,1.0,1.0
xklnx39q,1caeab9d,24,71,2.6666666666666665,0.9166666666666666,0.9916666666666667
nrfiw9bx,1caeab9d,20,50,2.45,0.95,1.0
m63pxnwq,1caeab9d,15,21,1.4,1.0,1.0
4wx63ymf,1caeab9d,7,21,3.0,1.0,1.0
ler5uq42,1caeab9d,37,37,1.0,1.0,1.0
t3l0if03,1caeab9d,12,36,2.5833333333333335,1.0,1.0
nldu5ge3,1caeab9d,27,32,1.1851851851851851,1.0,1.0
f5ktzt2t,1caeab9d,6,25,3.8333333333333335,1.0,1.0
kkeej6x5,1caeab9d,13,40,3.076923076923077,1.0,1.0
pcrxo3zp,1caeab9d,5,26,5.0,0.8,1.0
2w766g1z,1caeab9d,37,37,1.0,1.0,1.0
mr7lkk46,1caeab9d,29,41,1.3448275862068966,1.0,1.0
5vv1rrzw,1caeab9d,20,21,1.05,1.0,1.0
cghxa2ie,1caeab9d,13,22,1.6923076923076923,1.0,1.0
clucow7d,1caeab9d,19,46,2.3684210526315788,1.0,1.0
bmlngyh3,1caeab9d,24,127,4.875,1.0,1.0
j2pjmr32,1caeab9d,37,37,1.0,1.0,1.0
byx9jkxm,1caeab9d,6,27,4.333333333333333,1.0,1.0
ym49wqbn,1caeab9d,19,113,4.315789473684211,0.8421052631578947,1.0
npr5bsi2,1caeab9d,41,41,1.0,1.0,1.0
xeu3j3ki,1caeab9d,18,44,2.388888888888889,0.9444444444444444,1.0
pad0sufd,1caeab9d,24,57,2.2916666666666665,0.9583333333333334,1.0
emwp6wq7,1caeab9d,36,63,1.7222222222222223,0.9166666666666666,1.0
5hz183aa,1caeab9d,5,9,1.8,1.0,1.0
61zahdh9,1caeab9d,15,54,3.533333333333333,0.9333333333333333,1.0
ol9lky1i,1caeab9d,15,32,1.9333333333333333,1.0,1.0
5nrjvc7q,1caeab9d,34,50,1.4705882352941178,1.0,1.0
o5qropwk,1caeab9d,50,50,1.0,1.0,1.0
d33m799j,1caeab9d,3,15,5.0,1.0,1.0
ikfbpugl,1caeab9d,31,66,1.967741935483871,0.967741935483871,1.0
kmwiem6m,1caeab9d,7,21,3.0,1.0,1.0
qothvfhf,1caeab9d,38,38,1.0,1.0,1.0
27d8totr,1caeab9d,20,20,1.0,1.0,1.0
fkx2gd88,1caeab9d,9,28,3.0,1.0,1.0
cp3b83py,1caeab9d,6,22,3.6666666666666665,1.0,1.0
nvlsix5c,1caeab9d,26,26,1.0,1.0,1.0
l9krayds,1caeab9d,4,22,5.5,1.0,1.0
aqmjput5,1caeab9d,21,48,2.238095238095238,0.9047619047619048,1.0
icf7bchs,1caeab9d,15,15,1.0,1.0,1.0
6e5gb0yb,1caeab9d,9,29,2.7777777777777777,1.0,1.0
pgtp756s,1caeab9d,36,36,1.0,1.0,1.0
dmft9d3y,1caeab9d,7,21,2.857142857142857,0.7142857142857143,1.0
sn10zd6g,1caeab9d,5,31,5.6,1.0,1.0
4s3cm7d8,1caeab9d,48,48,1.0,1.0,1.0
hsm45iwx,1caeab9d,23,23,1.0,1.0,1.0
89u58v07,1caeab9d,8,28,2.875,0.875,1.0
phbjwkyw,1caeab9d,19,35,1.8421052631578947,0.9473684210526315,1.0
cuybsfwr,1caeab9d,53,54,1.0188679245283019,1.0,1.0
y32zaw9c,1caeab9d,20,20,1.0,1.0,1.0
q04yitea,1caeab9d,27,46,1.6296296296296295,1.0,1.0
qfsp3ery,1caeab9d,18,27,1.5,1.0,1.0
qkiu92kk,1caeab9d,16,21,1.3125,1.0,1.0
44o5xnxe,1caeab9d,7,22,3.0,0.8571428571428571,1.0
stbyxpx6,1caeab9d,24,44,1.7916666666666667,0.9583333333333334,1.0
r24jdhzg,1caeab9d,29,29,1.0,1.0,1.0
ske58akk,1caeab9d,26,76,2.8461538461538463,0.9615384615384616,1.0
3cc6zm51,1caeab9d,23,23,1.0,1.0,1.0
nze0azo1,1caeab9d,39,48,1.205128205128205,1.0,1.0
r2ck84r8,1caeab9d,7,24,3.142857142857143,1.0,1.0
c7z6erey,1caeab9d,16,49,3.0,1.0,1.0
8aknstxj,1caeab9d,17,27,1.588235294117647,1.0,1.0
f0wpo2hr,1caeab9d,20,20,1.0,1.0,1.0
qazkn1sw,1caeab9d,3,3,1.0,1.0,1.0
ism64anu,1caeab9d,7,27,3.4285714285714284,1.0,1.0
plfupad7,1caeab9d,19,25,1.3157894736842106,0.9473684210526315,1.0
0hrc9vve,1caeab9d,2,14,5.5,0.0,1.0
zvbewhqx,1caeab9d,31,42,1.3225806451612903,1.0,1.0
wcau806y,1caeab9d,3,3,1.0,1.0,1.0
s03ed531,1caeab9d,42,42,1.0,1.0,1.0
6p8vl3lk,1caeab9d,14,51,3.0714285714285716,0.9285714285714286,1.0
2j8p9vyz,1caeab9d,18,52,2.8333333333333335,0.9444444444444444,1.0
ew4oecfi,1caeab9d,13,45,3.3846153846153846,0.9230769230769231,1.0
mrwlcmno,1caeab9d,20,20,1.0,1.0,1.0
ni5df01j,1caeab9d,25,50,1.88,1.0,1.0
eyn3wygc,1caeab9d,22,22,1.0,1.0,1.0
1xogp17t,1caeab9d,21,23,1.0476190476190477,1.0,1.0
qv0yh587,1caeab9d,28,28,1.0,1.0,1.0
t2eyvuxq,1caeab9d,61,61,1.0,1.0,1.0
a589fsqz,1caeab9d,18,34,1.8333333333333333,1.0,1.0
mlvcv31l,1caeab9d,7,21,3.0,1.0,1.0
o4kkkuj9,1caeab9d,46,46,1.0,1.0,1.0
k8txaw58,1caeab9d,20,20,1.0,1.0,1.0
d1vjrjhc,1caeab9d,25,25,1.0,1.0,1.0
cdo2cmtp,1caeab9d,24,24,1.0,1.0,1.0
bw2cwy0m,1caeab9d,59,82,1.3898305084745763,1.0,1.0
kwy2bqjo,1caeab9d,20,20,1.0,1.0,1.0
uktb326q,1caeab9d,32,33,1.03125,1.0,1.0
3irnkhq8,1caeab9d,11,30,2.4545454545454546,1.0,1.0
4s9g1cze,1caeab9d,11,60,4.636363636363637,0.9090909090909091,1.0
v6jvgdvg,1caeab9d,40,40,1.0,1.0,1.0
l5sagbsh,1caeab9d,16,22,1.3125,1.0,1.0
ljwskxcq,1caeab9d,11,58,4.454545454545454,0.9090909090909091,1.0
zj5uemkt,1caeab9d,20,20,1.0,1.0,1.0
a6jpzpek,1caeab9d,49,96,1.9183673469387754,1.0,1.0
6eyovdd2,1caeab9d,38,73,1.9210526315789473,0.9473684210526315,1.0
a0w1xgxf,1caeab9d,8,31,3.5,1.0,1.0
41kp06jx,1caeab9d,26,53,1.8461538461538463,1.0,1.0
lmtka1ev,1caeab9d,6,26,4.0,1.0,1.0
e0biso3r,1caeab9d,8,32,3.625,1.0,1.0
a9gvtd1o,1caeab9d,42,68,1.5714285714285714,0.9761904761904762,1.0
f1ejz9fy,1caeab9d,13,25,1.8461538461538463,1.0,1.0
vpxztp7b,1caeab9d,13,31,2.3846153846153846,1.0,1.0
8bgj1tsd,1caeab9d,22,42,1.9090909090909092,1.0,1.0
tc5wgx8h,1caeab9d,57,57,1.0,1.0,1.0
mrypomny,1caeab9d,10,21,2.1,1.0,1.0
jeq3oy2g,1caeab9d,33,33,1.0,1.0,1.0
c7ac53of,1caeab9d,27,27,1.0,1.0,1.0
rjanlii9,1caeab9d,21,63,2.8095238095238093,0.9523809523809523,1.0
zc26r1al,1caeab9d,68,68,1.0,1.0,1.0
648anokh,1caeab9d,7,24,3.4285714285714284,1.0,1.0
vr20hyge,1caeab9d,2,2,1.0,1.0,1.0
nhds6zsd,1caeab9d,20,20,1.0,1.0,1.0
j2dvablb,1caeab9d,7,21,3.0,0.8571428571428571,1.0
so5k1adg,1caeab9d,15,15,1.0,1.0,1.0
904h81sn,1caeab9d,22,51,2.1363636363636362,0.9545454545454546,1.0
03ljcqhc,1caeab9d,11,69,6.0,1.0,1.0
sesf1qnx,1caeab9d,12,85,6.166666666666667,0.8333333333333334,1.0
zc26r1al,3befdf3e,70,70,1.0,1.0,1.0
qqqzakmg,3befdf3e,3,36,11.333333333333334,1.0,1.0
648anokh,3befdf3e,25,69,2.76,1.0,1.0
tc5wgx8h,3befdf3e,64,89,1.390625,1.0,1.0
8bgj1tsd,3befdf3e,22,69,3.1363636363636362,1.0,1.0
mrypomny,3befdf3e,17,69,4.0588235294117645,1.0,1.0
jeq3oy2g,3befdf3e,75,75,1.0,1.0,1.0
c7ac53of,3befdf3e,4,37,9.25,1.0,1.0
rjanlii9,3befdf3e,29,70,2.3793103448275863,1.0,1.0
e0biso3r,3befdf3e,41,69,1.6829268292682926,1.0,1.0
a9gvtd1o,3befdf3e,12,69,5.75,1.0,1.0
f1ejz9fy,3befdf3e,39,81,2.076923076923077,1.0,1.0
vpxztp7b,3befdf3e,12,69,5.75,1.0,1.0
6eyovdd2,3befdf3e,8,44,5.5,1.0,1.0
a6jpzpek,3befdf3e,2,18,7.5,1.0,1.0
41kp06jx,3befdf3e,42,71,1.6904761904761905,1.0,1.0
a0w1xgxf,3befdf3e,18,82,4.277777777777778,1.0,1.0
lmtka1ev,3befdf3e,13,75,5.615384615384615,1.0,1.0
sesf1qnx,3befdf3e,52,69,1.3269230769230769,1.0,1.0
xasfvnb7,3befdf3e,1,1,1.0,1.0,1.0
j2dvablb,3befdf3e,15,82,5.466666666666667,1.0,1.0
so5k1adg,3befdf3e,81,81,1.0,1.0,1.0
904h81sn,3befdf3e,41,69,1.6829268292682926,1.0,1.0
ce9qdbyh,3befdf3e,77,77,1.0,1.0,1.0
03ljcqhc,3befdf3e,16,78,4.8125,1.0,1.0
nhds6zsd,3befdf3e,69,69,1.0,1.0,1.0
4stfwpke,3befdf3e,12,69,5.75,1.0,1.0
7o2tmcr2,3befdf3e,47,53,1.127659574468085,1.0,1.0
a589fsqz,3befdf3e,16,74,4.375,1.0,1.0
mlvcv31l,3befdf3e,35,111,3.0285714285714285,1.0,1.0
o4kkkuj9,3befdf3e,49,71,1.4285714285714286,1.0,1.0
k8txaw58,3befdf3e,68,69,1.0147058823529411,1.0,1.0
d1vjrjhc,3befdf3e,25,100,3.72,0.92,1.0
qv0yh587,3befdf3e,69,69,1.0,1.0,1.0
t2eyvuxq,3befdf3e,19,72,3.6315789473684212,1.0,1.0
ew4oecfi,3befdf3e,12,69,5.75,1.0,1.0
mrwlcmno,3befdf3e,69,69,1.0,1.0,1.0
ni5df01j,3befdf3e,27,69,2.5555555555555554,1.0,1.0
eyn3wygc,3befdf3e,70,71,1.0142857142857142,1.0,1.0
wcau806y,3befdf3e,111,111,1.0,1.0,1.0
s03ed531,3befdf3e,54,54,1.0,1.0,1.0
2j8p9vyz,3befdf3e,16,70,4.3125,1.0,1.0
6p8vl3lk,3befdf3e,46,65,1.4130434782608696,1.0,1.0
zj5uemkt,3befdf3e,49,77,1.510204081632653,1.0,1.0
3irnkhq8,3befdf3e,14,75,5.214285714285714,1.0,1.0
4s9g1cze,3befdf3e,12,70,5.75,1.0,1.0
v6jvgdvg,3befdf3e,53,53,1.0,1.0,1.0
l5sagbsh,3befdf3e,13,69,5.3076923076923075,1.0,1.0
ljwskxcq,3befdf3e,14,73,5.142857142857143,1.0,1.0
bw2cwy0m,3befdf3e,70,70,1.0,1.0,1.0
kwy2bqjo,3befdf3e,51,69,1.3529411764705883,1.0,1.0
uktb326q,3befdf3e,67,76,1.1343283582089552,1.0,1.0
cdo2cmtp,3befdf3e,69,69,1.0,1.0,1.0
q04yitea,3befdf3e,41,71,1.6829268292682926,0.975609756097561,1.0
qfsp3ery,3befdf3e,16,69,4.3125,1.0,1.0
02333qfj,3befdf3e,14,81,5.642857142857143,1.0,1.0
44o5xnxe,3befdf3e,20,70,3.5,1.0,1.0
y32zaw9c,3befdf3e,69,69,1.0,1.0,1.0
phbjwkyw,3befdf3e,20,69,3.45,1.0,1.0
szbhlpfr,3befdf3e,58,133,2.293103448275862,1.0,1.0
sn10zd6g,3befdf3e,12,70,5.75,1.0,1.0
4s3cm7d8,3befdf3e,51,62,1.2156862745098038,1.0,1.0
e2w81k0i,3befdf3e,12,69,5.75,1.0,1.0
hsm45iwx,3befdf3e,69,69,1.0,1.0,1.0
n2et79bd,3befdf3e,3,6,2.0,0.6666666666666666,1.0
ism64anu,3befdf3e,14,75,5.214285714285714,1.0,1.0
plfupad7,3befdf3e,52,69,1.3269230769230769,0.9615384615384616,1.0
0hrc9vve,3befdf3e,6,26,4.0,1.0,1.0
zvbewhqx,3befdf3e,69,69,1.0,1.0,1.0
8aknstxj,3befdf3e,14,73,5.214285714285714,1.0,1.0
c7z6erey,3befdf3e,12,69,5.75,1.0,1.0
f0wpo2hr,3befdf3e,13,72,5.461538461538462,1.0,1.0
qazkn1sw,3befdf3e,10,15,1.5,0.9,1.0
nze0azo1,3befdf3e,21,86,3.9047619047619047,0.9523809523809523,1.0
r2ck84r8,3befdf3e,21,71,3.3333333333333335,0.8571428571428571,1.0
stbyxpx6,3befdf3e,26,74,2.6538461538461537,0.9615384615384616,1.0
r24jdhzg,3befdf3e,80,81,1.0125,1.0,1.0
ske58akk,3befdf3e,12,69,5.75,1.0,1.0
ovhoesyy,3befdf3e,12,71,5.833333333333333,1.0,1.0
3cc6zm51,3befdf3e,73,73,1.0,1.0,1.0
61zahdh9,3befdf3e,39,69,1.7692307692307692,1.0,1.0
ol9lky1i,3befdf3e,23,71,3.0434782608695654,1.0,1.0
5nrjvc7q,3befdf3e,71,71,1.0,1.0,1.0
o5qropwk,3befdf3e,71,71,1.0,1.0,1.0
ym49wqbn,3befdf3e,20,74,3.7,1.0,1.0
npr5bsi2,3befdf3e,69,69,1.0,1.0,1.0
pad0sufd,3befdf3e,51,69,1.3529411764705883,1.0,1.0
emwp6wq7,3befdf3e,67,114,1.6865671641791045,1.0,1.0
j2pjmr32,3befdf3e,14,16,1.1428571428571428,1.0,1.0
byx9jkxm,3befdf3e,12,70,5.75,1.0,1.0
74l1qvc1,3befdf3e,77,77,1.0,1.0,1.0
cghxa2ie,3befdf3e,22,85,3.8636363636363638,0.9545454545454546,1.0
3d2as981,3befdf3e,72,87,1.1944444444444444,1.0,1.0
bmlngyh3,3befdf3e,68,87,1.2647058823529411,1.0,1.0
6e5gb0yb,3befdf3e,23,121,4.956521739130435,1.0,1.0
dmft9d3y,3befdf3e,17,71,4.0588235294117645,1.0,1.0
nvlsix5c,3befdf3e,76,76,1.0,1.0,1.0
f5ohsl5h,3befdf3e,13,76,5.769230769230769,1.0,1.0
aqmjput5,3befdf3e,42,69,1.6428571428571428,1.0,1.0
91fk0af9,3befdf3e,50,72,1.42,1.0,1.0
qothvfhf,3befdf3e,69,69,1.0,1.0,1.0
27d8totr,3befdf3e,22,71,3.227272727272727,1.0,1.0
fkx2gd88,3befdf3e,16,74,4.5625,1.0,1.0
cp3b83py,3befdf3e,14,72,5.142857142857143,1.0,1.0
kmwiem6m,3befdf3e,12,69,5.75,1.0,1.0
nrfiw9bx,3befdf3e,13,79,5.923076923076923,1.0,1.0
pz38obzd,3befdf3e,15,71,4.6,1.0,1.0
xklnx39q,3befdf3e,19,80,4.157894736842105,1.0,1.0
8yhijukj,3befdf3e,27,88,3.1481481481481484,1.0,1.0
mhskzwic,3befdf3e,21,71,3.2857142857142856,1.0,1.0
z3die4q3,3befdf3e,13,75,5.769230769230769,1.0,1.0
7agy8y3l,3befdf3e,39,81,2.076923076923077,1.0,1.0
vbwguazj,3befdf3e,44,69,1.5681818181818181,1.0,1.0
om1m73rv,3befdf3e,16,69,4.3125,1.0,1.0
nqubyvew,3befdf3e,61,104,1.7049180327868851,0.9836065573770492,1.0
mr7lkk46,3befdf3e,22,77,3.409090909090909,1.0,1.0
5vv1rrzw,3befdf3e,71,71,1.0,1.0,1.0
f5ktzt2t,3befdf3e,20,79,3.8,1.0,1.0
kkeej6x5,3befdf3e,12,69,5.75,1.0,1.0
pcrxo3zp,3befdf3e,14,71,5.071428571428571,1.0,1.0
bcyhma9y,3befdf3e,77,77,1.0,1.0,1.0
4wx63ymf,3befdf3e,13,73,5.3076923076923075,1.0,1.0
ler5uq42,3befdf3e,83,83,1.0,1.0,1.0
t3l0if03,3befdf3e,18,67,3.7222222222222223,1.0,1.0
nldu5ge3,3befdf3e,9,46,4.888888888888889,1.0,1.0
nsu6cwh4,3befdf3e,69,69,1.0,1.0,1.0
m63pxnwq,3befdf3e,22,114,5.136363636363637,1.0,1.0
onnumbyy,3befdf3e,71,71,1.0,1.0,1.0
8d21w3yr,3befdf3e,68,69,1.0147058823529411,1.0,1.0
oxvw1rhx,3befdf3e,71,71,1.0,1.0,1.0
4j6cy1mk,3befdf3e,59,69,1.1694915254237288,1.0,1.0
9ohxtpht,3befdf3e,73,73,1.0,1.0,1.0
w12e497z,3befdf3e,15,29,1.8,1.0,1.0
hkj9daz7,3befdf3e,13,76,5.538461538461538,1.0,1.0
zfeorjum,3befdf3e,43,69,1.6046511627906976,1.0,1.0
1r6yodve,3befdf3e,69,69,1.0,1.0,1.0
2anyuqd8,3befdf3e,74,74,1.0,1.0,1.0
9evwb372,3befdf3e,16,70,4.375,1.0,1.0
ya0wv6pm,3befdf3e,71,71,1.0,1.0,1.0
23iyreiv,3befdf3e,14,61,4.357142857142857,1.0,1.0
sp00glmz,3befdf3e,69,69,1.0,1.0,1.0
clhkwrie,3befdf3e,48,65,1.3541666666666667,1.0,1.0
mpzcivx9,3befdf3e,17,73,4.294117647058823,1.0,1.0
jx6lhkbi,3befdf3e,20,69,3.45,1.0,1.0
zelqv7az,3befdf3e,17,69,4.0588235294117645,1.0,1.0
z8b26ynw,3befdf3e,16,70,4.3125,1.0,1.0
cfclud8z,3befdf3e,35,69,1.9714285714285715,1.0,1.0
8y2nd2sh,3befdf3e,13,73,5.3076923076923075,1.0,1.0
ascil7wf,3befdf3e,57,192,3.0526315789473686,1.0,1.0
l0nln4b2,3befdf3e,69,69,1.0,1.0,1.0
aypxap78,3befdf3e,55,118,2.0727272727272728,1.0,1.0
nx0vccp8,3befdf3e,162,162,1.0,1.0,1.0
kck1uue7,3befdf3e,14,69,4.928571428571429,1.0,1.0
9pjr0waw,3befdf3e,13,69,5.3076923076923075,1.0,1.0
xji13cu2,3befdf3e,16,69,4.3125,1.0,1.0
jqeesfz7,3befdf3e,74,74,1.0,1.0,1.0
c9sps7bl,3befdf3e,15,75,4.933333333333334,1.0,1.0
bx44xwzb,3befdf3e,43,69,1.6046511627906976,1.0,1.0
o2ho0580,3befdf3e,5,22,4.2,1.0,1.0
2d8q4qkc,3befdf3e,12,69,5.75,1.0,1.0
g3vslpjv,3befdf3e,30,74,2.3333333333333335,1.0,1.0
x5id5i5q,3befdf3e,86,86,1.0,1.0,1.0
8oohxrrz,3befdf3e,16,69,4.3125,1.0,1.0
qfiy90jx,3befdf3e,27,77,2.8518518518518516,1.0,1.0
kavvl57w,3befdf3e,14,70,5.0,1.0,1.0
0fy66fv2,3befdf3e,91,91,1.0,1.0,1.0
b73rrttr,3befdf3e,9,10,1.0,1.0,1.0
r99uy0qb,3befdf3e,22,123,5.363636363636363,1.0,1.0
idma9086,3befdf3e,31,70,2.2580645161290325,1.0,1.0
2tkm21z6,3befdf3e,69,69,1.0,1.0,1.0
ei0ij8ms,3befdf3e,16,71,4.3125,1.0,1.0
0yfthc4y,3befdf3e,43,71,1.6511627906976745,1.0,1.0
yfyhejim,3befdf3e,12,73,5.75,1.0,1.0
9wkeb5tu,3befdf3e,28,69,2.4642857142857144,1.0,1.0
jayyv6lz,3befdf3e,43,69,1.6046511627906976,1.0,1.0
qu0lm98m,3befdf3e,17,71,4.176470588235294,1.0,1.0
ldo5smvx,3befdf3e,14,76,5.214285714285714,1.0,1.0
hd5k29qy,3befdf3e,20,70,3.45,1.0,1.0
rhbgnqhz,3befdf3e,16,73,4.4375,1.0,1.0
72p6pxny,3befdf3e,51,184,3.5294117647058822,0.9803921568627451,1.0
fgxp8fzz,3befdf3e,16,79,4.6875,1.0,1.0
mzi8f2hv,3befdf3e,27,76,2.7777777777777777,1.0,1.0
189iqcds,3befdf3e,12,72,5.833333333333333,1.0,1.0
cw4tyx7n,3befdf3e,1,7,6.0,0.0,1.0
c2lwacqc,3befdf3e,31,75,2.3870967741935485,1.0,1.0
g7svteiz,3befdf3e,28,69,2.4642857142857144,0.9642857142857143,1.0
c2lwacqc,1f0c79e5,30,30,1.0,1.0,1.0
g7svteiz,1f0c79e5,66,66,1.0,1.0,1.0
cw4tyx7n,1f0c79e5,1,1,1.0,1.0,1.0
xgvto4mg,1f0c79e5,15,15,1.0,1.0,1.0
fgxp8fzz,1f0c79e5,35,35,1.0,1.0,1.0
189iqcds,1f0c79e5,25,25,1.0,1.0,1.0
mzi8f2hv,1f0c79e5,30,56,1.8666666666666667,1.0,1.0
gkse9wdn,1f0c79e5,52,52,1.0,1.0,1.0
rhbgnqhz,1f0c79e5,16,44,2.625,1.0,1.0
72p6pxny,1f0c79e5,57,126,2.175438596491228,1.0,1.0
hd5k29qy,1f0c79e5,49,49,1.0,1.0,1.0
ldo5smvx,1f0c79e5,9,23,2.5555555555555554,1.0,1.0
qu0lm98m,1f0c79e5,42,60,1.4285714285714286,0.9523809523809523,1.0
jayyv6lz,1f0c79e5,24,24,1.0,1.0,1.0
yfyhejim,1f0c79e5,5,30,4.6,1.0,1.0
2tkm21z6,1f0c79e5,42,42,1.0,1.0,1.0
0yfthc4y,1f0c79e5,41,42,1.024390243902439,1.0,1.0
ei0ij8ms,1f0c79e5,10,49,3.7,1.0,1.0
0fy66fv2,1f0c79e5,17,17,1.0,1.0,1.0
b73rrttr,1f0c79e5,21,21,1.0,1.0,1.0
r99uy0qb,1f0c79e5,46,46,1.0,1.0,1.0
idma9086,1f0c79e5,27,27,1.0,1.0,1.0
kavvl57w,1f0c79e5,8,30,3.375,1.0,1.0
yebzokh4,1f0c79e5,34,34,1.0,1.0,1.0
x5id5i5q,1f0c79e5,37,37,1.0,1.0,1.0
qfiy90jx,1f0c79e5,27,27,1.0,1.0,1.0
8oohxrrz,1f0c79e5,24,35,1.4583333333333333,1.0,1.0
o2ho0580,1f0c79e5,6,19,3.1666666666666665,0.8333333333333334,1.0
bx44xwzb,1f0c79e5,73,73,1.0,1.0,1.0
c9sps7bl,1f0c79e5,8,25,3.125,1.0,1.0
g3vslpjv,1f0c79e5,20,20,1.0,1.0,1.0
2d8q4qkc,1f0c79e5,34,35,1.0294117647058822,1.0,1.0
jqeesfz7,1f0c79e5,34,34,1.0,1.0,1.0
kck1uue7,1f0c79e5,25,33,1.32,0.96,1.0
nx0vccp8,1f0c79e5,74,76,1.027027027027027,1.0,1.0
8psac9uo,1f0c79e5,110,120,1.0909090909090908,0.990909090909091,1.0
ascil7wf,1f0c79e5,76,76,1.0,1.0,1.0
aypxap78,1f0c79e5,80,81,1.0125,1.0,1.0
l0nln4b2,1f0c79e5,54,55,1.0,1.0,1.0
8y2nd2sh,1f0c79e5,21,52,2.4285714285714284,1.0,1.0
qif0sa3r,1f0c79e5,41,41,1.0,1.0,1.0
zelqv7az,1f0c79e5,9,23,2.5555555555555554,1.0,1.0
z8b26ynw,1f0c79e5,44,48,1.0909090909090908,1.0,1.0
cfclud8z,1f0c79e5,24,32,1.3333333333333333,1.0,1.0
jx6lhkbi,1f0c79e5,41,41,1.0,1.0,1.0
sp00glmz,1f0c79e5,101,101,1.0,1.0,1.0
mpzcivx9,1f0c79e5,31,64,2.064516129032258,1.0,1.0
clhkwrie,1f0c79e5,20,20,1.0,1.0,1.0
1qt2f29y,1f0c79e5,43,56,1.2790697674418605,1.0,1.0
23iyreiv,1f0c79e5,19,19,1.0,1.0,1.0
9evwb372,1f0c79e5,6,23,3.8333333333333335,0.8333333333333334,1.0
ya0wv6pm,1f0c79e5,19,19,1.0,1.0,1.0
1r6yodve,1f0c79e5,60,60,1.0,1.0,1.0
2anyuqd8,1f0c79e5,39,39,1.0,1.0,1.0
k0qq522n,1f0c79e5,37,37,1.0,1.0,1.0
cbvc5e3w,1f0c79e5,24,24,1.0,1.0,1.0
9ohxtpht,1f0c79e5,44,44,1.0,1.0,1.0
w12e497z,1f0c79e5,4,4,1.0,1.0,1.0
zfeorjum,1f0c79e5,26,29,1.1153846153846154,1.0,1.0
hkj9daz7,1f0c79e5,19,24,1.263157894736842,1.0,1.0
8d21w3yr,1f0c79e5,43,43,1.0,1.0,1.0
318gokyy,1f0c79e5,17,17,1.0,1.0,1.0
oxvw1rhx,1f0c79e5,46,46,1.0,1.0,1.0
4j6cy1mk,1f0c79e5,44,59,1.3409090909090908,1.0,1.0
fl73adm5,1f0c79e5,4,27,6.0,0.75,1.0
m63pxnwq,1f0c79e5,23,23,1.0,1.0,1.0
onnumbyy,1f0c79e5,21,21,1.0,1.0,1.0
ler5uq42,1f0c79e5,15,15,1.0,1.0,1.0
4wx63ymf,1f0c79e5,10,42,3.9,1.0,1.0
nfbzvhip,1f0c79e5,76,76,1.0,1.0,1.0
t3l0if03,1f0c79e5,29,29,1.0,1.0,1.0
nldu5ge3,1f0c79e5,17,17,1.0,1.0,1.0
kkeej6x5,1f0c79e5,43,43,1.0,1.0,1.0
f5ktzt2t,1f0c79e5,14,38,2.5,1.0,1.0
pcrxo3zp,1f0c79e5,25,25,1.0,1.0,1.0
bcyhma9y,1f0c79e5,38,38,1.0,1.0,1.0
mr7lkk46,1f0c79e5,43,43,1.0,1.0,1.0
2w766g1z,1f0c79e5,57,61,1.0701754385964912,1.0,1.0
om1m73rv,1f0c79e5,59,59,1.0,1.0,1.0
7agy8y3l,1f0c79e5,30,33,1.1,0.9666666666666667,1.0
o1t1fb7j,1f0c79e5,62,62,1.0,1.0,1.0
vbwguazj,1f0c79e5,42,42,1.0,1.0,1.0
mhskzwic,1f0c79e5,56,58,1.0178571428571428,1.0,1.0
50nsp39w,1f0c79e5,54,58,1.0555555555555556,1.0,1.0
8yhijukj,1f0c79e5,1,14,14.0,1.0,1.0
z3die4q3,1f0c79e5,23,23,1.0,1.0,1.0
8jwr3j6t,1f0c79e5,43,43,1.0,1.0,1.0
p445h6ow,1f0c79e5,19,23,1.2105263157894737,0.9473684210526315,1.0
xklnx39q,1f0c79e5,16,19,1.1875,0.9375,1.0
pz38obzd,1f0c79e5,17,43,2.5294117647058822,1.0,1.0
nrfiw9bx,1f0c79e5,34,70,1.8823529411764706,1.0,1.0
ikfbpugl,1f0c79e5,25,34,1.36,0.96,1.0
d33m799j,1f0c79e5,2,4,2.0,1.0,1.0
kmwiem6m,1f0c79e5,23,23,1.0,1.0,1.0
27d8totr,1f0c79e5,23,23,1.0,1.0,1.0
fkx2gd88,1f0c79e5,17,45,2.6470588235294117,1.0,1.0
qothvfhf,1f0c79e5,28,28,1.0,1.0,1.0
cp3b83py,1f0c79e5,14,25,1.7857142857142858,1.0,1.0
l9krayds,1f0c79e5,22,22,1.0,1.0,1.0
aqmjput5,1f0c79e5,28,28,1.0,1.0,1.0
icf7bchs,1f0c79e5,27,27,1.0,1.0,1.0
6e5gb0yb,1f0c79e5,40,42,1.05,1.0,1.0
dmft9d3y,1f0c79e5,15,45,2.933333333333333,1.0,1.0
clucow7d,1f0c79e5,9,36,3.7777777777777777,1.0,1.0
cghxa2ie,1f0c79e5,56,108,1.6785714285714286,1.0,1.0
3d2as981,1f0c79e5,71,73,1.0140845070422535,1.0,1.0
bmlngyh3,1f0c79e5,1,26,16.0,1.0,1.0
j2pjmr32,1f0c79e5,4,4,1.0,1.0,1.0
byx9jkxm,1f0c79e5,114,122,1.0701754385964912,1.0,1.0
ym49wqbn,1f0c79e5,137,150,1.072992700729927,1.0,1.0
npr5bsi2,1f0c79e5,20,20,1.0,1.0,1.0
emwp6wq7,1f0c79e5,29,29,1.0,1.0,1.0
pad0sufd,1f0c79e5,46,46,1.0,1.0,1.0
5hz183aa,1f0c79e5,20,25,1.25,1.0,1.0
o5qropwk,1f0c79e5,32,32,1.0,1.0,1.0
5nrjvc7q,1f0c79e5,28,28,1.0,1.0,1.0
r24jdhzg,1f0c79e5,37,38,1.027027027027027,1.0,1.0
stbyxpx6,1f0c79e5,10,24,2.3,1.0,1.0
3cc6zm51,1f0c79e5,91,91,1.0,1.0,1.0
ske58akk,1f0c79e5,19,47,2.473684210526316,1.0,1.0
ovhoesyy,1f0c79e5,58,62,1.0689655172413792,1.0,1.0
nze0azo1,1f0c79e5,20,20,1.0,1.0,1.0
r2ck84r8,1f0c79e5,20,70,3.45,1.0,1.0
hpl7jugr,1f0c79e5,21,23,1.0952380952380953,1.0,1.0
c7z6erey,1f0c79e5,87,87,1.0,1.0,1.0
8aknstxj,1f0c79e5,26,26,1.0,1.0,1.0
qazkn1sw,1f0c79e5,4,16,3.5,0.75,1.0
f0wpo2hr,1f0c79e5,81,81,1.0,1.0,1.0
plfupad7,1f0c79e5,44,45,1.0227272727272727,1.0,1.0
n2et79bd,1f0c79e5,1,4,4.0,1.0,1.0
ism64anu,1f0c79e5,14,28,1.8571428571428572,1.0,1.0
0hrc9vve,1f0c79e5,20,21,1.0,1.0,1.0
zvbewhqx,1f0c79e5,23,24,1.0,1.0,1.0
sn10zd6g,1f0c79e5,50,50,1.0,1.0,1.0
hsm45iwx,1f0c79e5,46,46,1.0,1.0,1.0
4s3cm7d8,1f0c79e5,23,23,1.0,1.0,1.0
e2w81k0i,1f0c79e5,25,31,1.24,1.0,1.0
89u58v07,1f0c79e5,34,34,1.0,1.0,1.0
szbhlpfr,1f0c79e5,42,42,1.0,1.0,1.0
phbjwkyw,1f0c79e5,39,64,1.5384615384615385,1.0,1.0
0ra11hiv,1f0c79e5,27,27,1.0,1.0,1.0
cuybsfwr,1f0c79e5,45,50,1.0666666666666667,1.0,1.0
y32zaw9c,1f0c79e5,70,70,1.0,1.0,1.0
q04yitea,1f0c79e5,11,14,1.2727272727272727,1.0,1.0
qfsp3ery,1f0c79e5,67,67,1.0,1.0,1.0
44o5xnxe,1f0c79e5,21,23,1.0952380952380953,1.0,1.0
cdo2cmtp,1f0c79e5,38,38,1.0,1.0,1.0
bw2cwy0m,1f0c79e5,19,20,1.0,1.0,1.0
kwy2bqjo,1f0c79e5,19,19,1.0,1.0,1.0
uktb326q,1f0c79e5,20,22,1.1,1.0,1.0
v6jvgdvg,1f0c79e5,16,16,1.0,1.0,1.0
l5sagbsh,1f0c79e5,23,23,1.0,1.0,1.0
ljwskxcq,1f0c79e5,25,135,5.04,0.92,1.0
3irnkhq8,1f0c79e5,8,23,2.875,1.0,1.0
4s9g1cze,1f0c79e5,12,56,4.0,1.0,1.0
zj5uemkt,1f0c79e5,40,40,1.0,1.0,1.0
wcau806y,1f0c79e5,7,7,1.0,1.0,1.0
6p8vl3lk,1f0c79e5,32,37,1.15625,1.0,1.0
2j8p9vyz,1f0c79e5,14,44,3.0,1.0,1.0
s03ed531,1f0c79e5,20,20,1.0,1.0,1.0
mrwlcmno,1f0c79e5,87,87,1.0,1.0,1.0
ew4oecfi,1f0c79e5,48,148,2.875,1.0,1.0
ni5df01j,1f0c79e5,28,28,1.0,1.0,1.0
eyn3wygc,1f0c79e5,41,41,1.0,1.0,1.0
t2eyvuxq,1f0c79e5,41,41,1.0,1.0,1.0
qv0yh587,1f0c79e5,26,26,1.0,1.0,1.0
a589fsqz,1f0c79e5,51,54,1.0588235294117647,1.0,1.0
d1vjrjhc,1f0c79e5,17,17,1.0,1.0,1.0
mlvcv31l,1f0c79e5,37,37,1.0,1.0,1.0
k8txaw58,1f0c79e5,26,26,1.0,1.0,1.0
o4kkkuj9,1f0c79e5,85,85,1.0,1.0,1.0
vr20hyge,1f0c79e5,9,9,1.0,1.0,1.0
nhds6zsd,1f0c79e5,54,54,1.0,1.0,1.0
904h81sn,1f0c79e5,23,23,1.0,1.0,1.0
j2dvablb,1f0c79e5,23,23,1.0,1.0,1.0
xasfvnb7,1f0c79e5,46,46,1.0,1.0,1.0
sesf1qnx,1f0c79e5,33,69,1.9393939393939394,0.9696969696969697,1.0
a6jpzpek,1f0c79e5,25,25,1.0,1.0,1.0
6eyovdd2,1f0c79e5,33,33,1.0,1.0,1.0
lmtka1ev,1f0c79e5,22,23,1.0454545454545454,1.0,1.0
a0w1xgxf,1f0c79e5,16,16,1.0,1.0,1.0
41kp06jx,1f0c79e5,25,33,1.28,1.0,1.0
e0biso3r,1f0c79e5,19,59,3.0526315789473686,0.9473684210526315,1.0
a9gvtd1o,1f0c79e5,75,81,1.08,1.0,1.0
vpxztp7b,1f0c79e5,52,73,1.4038461538461537,1.0,1.0
f1ejz9fy,1f0c79e5,40,64,1.475,1.0,1.0
8bgj1tsd,1f0c79e5,10,66,6.1,0.9,1.0
tc5wgx8h,1f0c79e5,34,34,1.0,1.0,1.0
c7ac53of,1f0c79e5,12,12,1.0,1.0,1.0
rjanlii9,1f0c79e5,23,35,1.5217391304347827,1.0,1.0
mrypomny,1f0c79e5,27,27,1.0,1.0,1.0
jeq3oy2g,1f0c79e5,13,18,1.3846153846153846,1.0,1.0
648anokh,1f0c79e5,11,23,2.090909090909091,1.0,1.0
qqqzakmg,1f0c79e5,8,27,3.125,1.0,1.0
2tkm21z6,c8f0f002,8,8,1.0,1.0,1.0
0yfthc4y,c8f0f002,19,19,1.0,1.0,1.0
ei0ij8ms,c8f0f002,3,8,2.6666666666666665,1.0,1.0
yfyhejim,c8f0f002,4,8,2.0,0.75,1.0
qu0lm98m,c8f0f002,3,8,2.6666666666666665,1.0,1.0
jayyv6lz,c8f0f002,8,8,1.0,1.0,1.0
ldo5smvx,c8f0f002,3,8,2.6666666666666665,1.0,1.0
72p6pxny,c8f0f002,6,8,1.3333333333333333,1.0,1.0
rhbgnqhz,c8f0f002,6,8,1.3333333333333333,1.0,1.0
hd5k29qy,c8f0f002,9,9,1.0,1.0,1.0
fgxp8fzz,c8f0f002,3,8,2.6666666666666665,1.0,1.0
189iqcds,c8f0f002,8,8,1.0,1.0,1.0
mzi8f2hv,c8f0f002,8,8,1.0,1.0,1.0
g7svteiz,c8f0f002,8,8,1.0,1.0,1.0
cw4tyx7n,c8f0f002,4,8,2.0,1.0,1.0
8y2nd2sh,c8f0f002,4,8,2.0,1.0,1.0
ascil7wf,c8f0f002,8,8,1.0,1.0,1.0
aypxap78,c8f0f002,8,8,1.0,1.0,1.0
l0nln4b2,c8f0f002,8,8,1.0,1.0,1.0
kck1uue7,c8f0f002,4,8,2.0,1.0,1.0
nx0vccp8,c8f0f002,8,8,1.0,1.0,1.0
8psac9uo,c8f0f002,8,8,1.0,1.0,1.0
9pjr0waw,c8f0f002,8,8,1.0,1.0,1.0
jqeesfz7,c8f0f002,8,8,1.0,1.0,1.0
xji13cu2,c8f0f002,6,8,1.3333333333333333,1.0,1.0
o2ho0580,c8f0f002,15,15,1.0,1.0,1.0
bx44xwzb,c8f0f002,8,8,1.0,1.0,1.0
c9sps7bl,c8f0f002,2,9,4.0,1.0,1.0
g3vslpjv,c8f0f002,15,17,1.1333333333333333,0.9333333333333333,1.0
2d8q4qkc,c8f0f002,3,8,2.6666666666666665,1.0,1.0
qfiy90jx,c8f0f002,3,8,2.6666666666666665,1.0,1.0
8oohxrrz,c8f0f002,8,10,1.25,1.0,1.0
kavvl57w,c8f0f002,2,10,4.0,1.0,1.0
yebzokh4,c8f0f002,8,8,1.0,1.0,1.0
7nszfy43,c8f0f002,8,8,1.0,1.0,1.0
b73rrttr,c8f0f002,8,8,1.0,1.0,1.0
0fy66fv2,c8f0f002,15,15,1.0,1.0,1.0
idma9086,c8f0f002,8,8,1.0,1.0,1.0
r99uy0qb,c8f0f002,10,18,1.8,1.0,1.0
8d21w3yr,c8f0f002,3,8,2.6666666666666665,1.0,1.0
318gokyy,c8f0f002,8,8,1.0,1.0,1.0
4j6cy1mk,c8f0f002,8,8,1.0,1.0,1.0
oxvw1rhx,c8f0f002,8,8,1.0,1.0,1.0
w12e497z,c8f0f002,15,15,1.0,1.0,1.0
9ohxtpht,c8f0f002,8,8,1.0,1.0,1.0
zfeorjum,c8f0f002,3,8,2.6666666666666665,1.0,1.0
hkj9daz7,c8f0f002,3,8,2.6666666666666665,1.0,1.0
1r6yodve,c8f0f002,15,15,1.0,1.0,1.0
cbvc5e3w,c8f0f002,8,8,1.0,1.0,1.0
ya0wv6pm,c8f0f002,8,8,1.0,1.0,1.0
9evwb372,c8f0f002,3,8,2.6666666666666665,1.0,1.0
sp00glmz,c8f0f002,8,8,1.0,1.0,1.0
mpzcivx9,c8f0f002,4,8,2.0,1.0,1.0
clhkwrie,c8f0f002,8,8,1.0,1.0,1.0
1qt2f29y,c8f0f002,12,12,1.0,1.0,1.0
jx6lhkbi,c8f0f002,8,8,1.0,1.0,1.0
z8b26ynw,c8f0f002,3,8,2.6666666666666665,1.0,1.0
zelqv7az,c8f0f002,3,8,2.6666666666666665,1.0,1.0
cfclud8z,c8f0f002,8,8,1.0,1.0,1.0
nrfiw9bx,c8f0f002,3,8,2.6666666666666665,1.0,1.0
pz38obzd,c8f0f002,8,8,1.0,1.0,1.0
xklnx39q,c8f0f002,5,8,1.6,1.0,1.0
mhskzwic,c8f0f002,6,8,1.3333333333333333,1.0,1.0
50nsp39w,c8f0f002,8,8,1.0,1.0,1.0
8yhijukj,c8f0f002,3,8,2.6666666666666665,1.0,1.0
8jwr3j6t,c8f0f002,8,8,1.0,1.0,1.0
p445h6ow,c8f0f002,8,8,1.0,1.0,1.0
z3die4q3,c8f0f002,3,8,2.6666666666666665,1.0,1.0
om1m73rv,c8f0f002,3,8,2.6666666666666665,1.0,1.0
vbwguazj,c8f0f002,8,8,1.0,1.0,1.0
7agy8y3l,c8f0f002,8,8,1.0,1.0,1.0
nqubyvew,c8f0f002,8,11,1.25,1.0,1.0
mr7lkk46,c8f0f002,8,8,1.0,1.0,1.0
2w766g1z,c8f0f002,8,8,1.0,1.0,1.0
pcrxo3zp,c8f0f002,3,8,2.6666666666666665,1.0,1.0
f5ktzt2t,c8f0f002,3,8,2.6666666666666665,1.0,1.0
kkeej6x5,c8f0f002,8,8,1.0,1.0,1.0
ler5uq42,c8f0f002,8,8,1.0,1.0,1.0
4wx63ymf,c8f0f002,2,9,4.0,1.0,1.0
nfbzvhip,c8f0f002,8,8,1.0,1.0,1.0
nldu5ge3,c8f0f002,8,8,1.0,1.0,1.0
t3l0if03,c8f0f002,3,8,2.6666666666666665,1.0,1.0
m63pxnwq,c8f0f002,3,8,2.6666666666666665,1.0,1.0
61zahdh9,c8f0f002,8,8,1.0,1.0,1.0
5hz183aa,c8f0f002,22,23,1.0454545454545454,1.0,1.0
o5qropwk,c8f0f002,8,8,1.0,1.0,1.0
5nrjvc7q,c8f0f002,8,8,1.0,1.0,1.0
ol9lky1i,c8f0f002,8,8,1.0,1.0,1.0
xeu3j3ki,c8f0f002,8,8,1.0,1.0,1.0
npr5bsi2,c8f0f002,8,8,1.0,1.0,1.0
ym49wqbn,c8f0f002,3,8,2.6666666666666665,1.0,1.0
154uk6vm,c8f0f002,3,8,2.6666666666666665,1.0,1.0
emwp6wq7,c8f0f002,3,8,2.6666666666666665,1.0,1.0
pad0sufd,c8f0f002,8,8,1.0,1.0,1.0
j2pjmr32,c8f0f002,19,23,1.105263157894737,1.0,0.9894736842105264
byx9jkxm,c8f0f002,8,8,1.0,1.0,1.0
clucow7d,c8f0f002,2,10,4.0,1.0,1.0
3d2as981,c8f0f002,8,8,1.0,1.0,1.0
cghxa2ie,c8f0f002,3,8,2.6666666666666665,1.0,1.0
bmlngyh3,c8f0f002,8,8,1.0,1.0,1.0
6e5gb0yb,c8f0f002,3,10,3.3333333333333335,1.0,1.0
pgtp756s,c8f0f002,9,9,1.0,1.0,1.0
bdfn1h0o,c8f0f002,15,15,1.0,1.0,1.0
dmft9d3y,c8f0f002,7,8,1.1428571428571428,1.0,1.0
l9krayds,c8f0f002,3,8,2.6666666666666665,1.0,1.0
aqmjput5,c8f0f002,15,15,1.0,1.0,1.0
icf7bchs,c8f0f002,15,15,1.0,1.0,1.0
27d8totr,c8f0f002,8,8,1.0,1.0,1.0
qothvfhf,c8f0f002,8,8,1.0,1.0,1.0
cp3b83py,c8f0f002,3,8,2.6666666666666665,1.0,1.0
ikfbpugl,c8f0f002,4,8,2.0,1.0,1.0
kmwiem6m,c8f0f002,2,9,4.0,1.0,1.0
5pds9j1d,c8f0f002,8,8,1.0,1.0,1.0
02333qfj,c8f0f002,8,8,1.0,1.0,1.0
qfsp3ery,c8f0f002,8,8,1.0,1.0,1.0
q04yitea,c8f0f002,8,8,1.0,1.0,1.0
44o5xnxe,c8f0f002,8,8,1.0,1.0,1.0
qkiu92kk,c8f0f002,8,8,1.0,1.0,1.0
cuybsfwr,c8f0f002,8,8,1.0,1.0,1.0
0ra11hiv,c8f0f002,8,8,1.0,1.0,1.0
y32zaw9c,c8f0f002,8,8,1.0,1.0,1.0
89u58v07,c8f0f002,8,8,1.0,1.0,1.0
095bdwyc,c8f0f002,8,8,1.0,1.0,1.0
szbhlpfr,c8f0f002,3,8,2.6666666666666665,1.0,1.0
phbjwkyw,c8f0f002,3,8,2.6666666666666665,1.0,1.0
sn10zd6g,c8f0f002,4,9,2.25,1.0,1.0
hsm45iwx,c8f0f002,3,8,2.6666666666666665,1.0,1.0
e2w81k0i,c8f0f002,3,8,2.6666666666666665,1.0,1.0
4s3cm7d8,c8f0f002,8,8,1.0,1.0,1.0
plfupad7,c8f0f002,8,8,1.0,1.0,1.0
n2et79bd,c8f0f002,3,9,2.6666666666666665,1.0,1.0
ism64anu,c8f0f002,3,8,2.6666666666666665,1.0,1.0
zvbewhqx,c8f0f002,8,8,1.0,1.0,1.0
0hrc9vve,c8f0f002,15,15,1.0,1.0,1.0
c7z6erey,c8f0f002,8,8,1.0,1.0,1.0
8aknstxj,c8f0f002,4,8,2.0,1.0,1.0
qazkn1sw,c8f0f002,26,26,1.0,1.0,1.0
f0wpo2hr,c8f0f002,8,8,1.0,1.0,1.0
hpl7jugr,c8f0f002,2,10,4.0,1.0,1.0
nze0azo1,c8f0f002,3,8,2.6666666666666665,1.0,1.0
r2ck84r8,c8f0f002,8,8,1.0,1.0,1.0
r24jdhzg,c8f0f002,8,8,1.0,1.0,1.0
stbyxpx6,c8f0f002,6,8,1.3333333333333333,1.0,1.0
3cc6zm51,c8f0f002,8,8,1.0,1.0,1.0
ske58akk,c8f0f002,8,8,1.0,1.0,1.0
ovhoesyy,c8f0f002,3,8,2.6666666666666665,1.0,1.0
a589fsqz,c8f0f002,6,8,1.3333333333333333,1.0,1.0
d1vjrjhc,c8f0f002,8,8,1.0,1.0,1.0
mlvcv31l,c8f0f002,2,10,4.0,1.0,1.0
o4kkkuj9,c8f0f002,8,8,1.0,1.0,1.0
k8txaw58,c8f0f002,3,8,2.6666666666666665,1.0,1.0
t2eyvuxq,c8f0f002,8,8,1.0,1.0,1.0
qv0yh587,c8f0f002,1,1,1.0,1.0,1.0
mrwlcmno,c8f0f002,8,8,1.0,1.0,1.0
ew4oecfi,c8f0f002,3,8,2.6666666666666665,1.0,1.0
eyn3wygc,c8f0f002,8,8,1.0,1.0,1.0
wcau806y,c8f0f002,8,8,1.0,1.0,1.0
2j8p9vyz,c8f0f002,3,8,2.6666666666666665,1.0,1.0
s03ed531,c8f0f002,8,8,1.0,1.0,1.0
zj5uemkt,c8f0f002,8,8,1.0,1.0,1.0
l5sagbsh,c8f0f002,3,8,2.6666666666666665,1.0,1.0
v6jvgdvg,c8f0f002,8,8,1.0,1.0,1.0
ljwskxcq,c8f0f002,8,8,1.0,1.0,1.0
4s9g1cze,c8f0f002,3,9,2.6666666666666665,1.0,1.0
bw2cwy0m,c8f0f002,8,8,1.0,1.0,1.0
kwy2bqjo,c8f0f002,3,8,2.6666666666666665,1.0,1.0
uktb326q,c8f0f002,15,15,1.0,1.0,1.0
648anokh,c8f0f002,8,8,1.0,1.0,1.0
8bgj1tsd,c8f0f002,8,8,1.0,1.0,1.0
tc5wgx8h,c8f0f002,8,8,1.0,1.0,1.0
rjanlii9,c8f0f002,8,8,1.0,1.0,1.0
c7ac53of,c8f0f002,6,6,1.0,1.0,1.0
jeq3oy2g,c8f0f002,8,8,1.0,1.0,1.0
mrypomny,c8f0f002,8,8,1.0,1.0,1.0
a9gvtd1o,c8f0f002,8,8,1.0,1.0,1.0
e0biso3r,c8f0f002,8,8,1.0,1.0,1.0
vpxztp7b,c8f0f002,8,8,1.0,1.0,1.0
f1ejz9fy,c8f0f002,3,8,2.6666666666666665,1.0,1.0
a6jpzpek,c8f0f002,3,3,1.0,1.0,1.0
6eyovdd2,c8f0f002,3,8,2.6666666666666665,1.0,1.0
lmtka1ev,c8f0f002,3,8,2.6666666666666665,1.0,1.0
a0w1xgxf,c8f0f002,3,8,2.6666666666666665,1.0,1.0
41kp06jx,c8f0f002,8,8,1.0,1.0,1.0
sesf1qnx,c8f0f002,2,10,4.0,1.0,1.0
904h81sn,c8f0f002,8,8,1.0,1.0,1.0
so5k1adg,c8f0f002,16,16,1.0,1.0,1.0
j2dvablb,c8f0f002,3,8,2.6666666666666665,1.0,1.0
03ljcqhc,c8f0f002,5,8,1.6,1.0,1.0
ce9qdbyh,c8f0f002,8,8,1.0,1.0,1.0
vr20hyge,c8f0f002,8,8,1.0,1.0,1.0
idma9086,6d58a25d,2,42,21.0,1.0,1.0
4kl3i3tv,6d58a25d,45,217,4.488888888888889,0.8666666666666667,1.0
r99uy0qb,6d58a25d,7,78,9.428571428571429,0.8571428571428571,1.0
b73rrttr,6d58a25d,49,50,1.0204081632653061,1.0,1.0
7nszfy43,6d58a25d,11,49,4.090909090909091,0.8181818181818182,1.0
0fy66fv2,6d58a25d,12,12,1.0,1.0,1.0
yebzokh4,6d58a25d,11,67,5.090909090909091,1.0,1.0
kavvl57w,6d58a25d,2,42,21.0,1.0,1.0
qfiy90jx,6d58a25d,10,52,5.2,1.0,1.0
8oohxrrz,6d58a25d,14,70,4.642857142857143,0.8571428571428571,1.0
x5id5i5q,6d58a25d,25,68,2.72,1.0,1.0
g3vslpjv,6d58a25d,5,71,14.0,0.6,1.0
2d8q4qkc,6d58a25d,2,52,20.5,0.5,1.0
bx44xwzb,6d58a25d,3,64,18.666666666666668,0.6666666666666666,1.0
o2ho0580,6d58a25d,37,37,1.0,1.0,1.0
c9sps7bl,6d58a25d,6,87,11.666666666666666,0.6666666666666666,1.0
jqeesfz7,6d58a25d,42,42,1.0,1.0,1.0
9pjr0waw,6d58a25d,9,42,4.333333333333333,1.0,1.0
kck1uue7,6d58a25d,3,46,14.666666666666666,1.0,1.0
8psac9uo,6d58a25d,22,62,2.409090909090909,0.9545454545454546,1.0
nx0vccp8,6d58a25d,37,38,1.027027027027027,1.0,1.0
aypxap78,6d58a25d,3,47,13.666666666666666,0.6666666666666666,1.0
l0nln4b2,6d58a25d,6,41,6.833333333333333,1.0,1.0
ascil7wf,6d58a25d,5,43,7.8,1.0,1.0
8y2nd2sh,6d58a25d,3,45,13.666666666666666,1.0,1.0
yc52i3qf,6d58a25d,2,41,20.0,1.0,1.0
g7svteiz,6d58a25d,6,91,15.166666666666666,0.8333333333333334,1.0
c2lwacqc,6d58a25d,7,72,7.285714285714286,0.8571428571428571,1.0
cw4tyx7n,6d58a25d,10,54,4.5,1.0,1.0
189iqcds,6d58a25d,4,54,12.75,1.0,1.0
mzi8f2hv,6d58a25d,2,41,20.5,1.0,1.0
fgxp8fzz,6d58a25d,2,49,21.0,1.0,1.0
72p6pxny,6d58a25d,7,43,6.0,1.0,1.0
rhbgnqhz,6d58a25d,3,70,18.666666666666668,1.0,1.0
ldo5smvx,6d58a25d,2,75,22.0,1.0,1.0
jayyv6lz,6d58a25d,4,42,10.5,0.75,1.0
qu0lm98m,6d58a25d,3,56,14.666666666666666,1.0,1.0
yfyhejim,6d58a25d,6,65,10.833333333333334,0.8333333333333334,1.0
0yfthc4y,6d58a25d,37,38,1.027027027027027,1.0,1.0
ei0ij8ms,6d58a25d,3,47,15.0,1.0,1.0
2tkm21z6,6d58a25d,38,38,1.0,1.0,1.0
onnumbyy,6d58a25d,11,39,3.5454545454545454,0.7272727272727273,1.0
m63pxnwq,6d58a25d,10,75,7.1,1.0,1.0
nldu5ge3,6d58a25d,7,46,6.571428571428571,1.0,1.0
t3l0if03,6d58a25d,11,104,8.272727272727273,0.9090909090909091,1.0
nfbzvhip,6d58a25d,41,41,1.0,1.0,1.0
4wx63ymf,6d58a25d,4,48,10.5,1.0,1.0
bcyhma9y,6d58a25d,31,31,1.0,1.0,1.0
pcrxo3zp,6d58a25d,9,119,13.0,0.6666666666666666,1.0
f5ktzt2t,6d58a25d,4,45,10.75,0.75,1.0
kkeej6x5,6d58a25d,10,40,4.0,1.0,1.0
mr7lkk46,6d58a25d,9,47,4.555555555555555,1.0,1.0
2w766g1z,6d58a25d,4,47,10.25,1.0,1.0
om1m73rv,6d58a25d,7,75,10.571428571428571,0.8571428571428571,1.0
vbwguazj,6d58a25d,3,42,14.0,1.0,1.0
7agy8y3l,6d58a25d,11,42,3.8181818181818183,0.9090909090909091,1.0
8jwr3j6t,6d58a25d,10,114,11.2,0.8,1.0
z3die4q3,6d58a25d,3,42,14.0,1.0,1.0
mhskzwic,6d58a25d,32,124,3.71875,0.9375,1.0
8yhijukj,6d58a25d,4,52,12.0,0.75,1.0
pz38obzd,6d58a25d,3,43,13.666666666666666,0.6666666666666666,1.0
xklnx39q,6d58a25d,7,124,16.142857142857142,0.8571428571428571,1.0
nrfiw9bx,6d58a25d,4,45,10.25,1.0,1.0
cfclud8z,6d58a25d,4,41,10.25,1.0,1.0
z8b26ynw,6d58a25d,8,103,11.875,0.875,1.0
zelqv7az,6d58a25d,4,42,10.5,1.0,1.0
jx6lhkbi,6d58a25d,5,53,9.2,1.0,1.0
mpzcivx9,6d58a25d,3,41,13.666666666666666,0.6666666666666666,1.0
sp00glmz,6d58a25d,43,43,1.0,1.0,1.0
ya0wv6pm,6d58a25d,37,38,1.027027027027027,1.0,1.0
9evwb372,6d58a25d,3,48,15.333333333333334,1.0,1.0
1r6yodve,6d58a25d,34,34,1.0,1.0,1.0
cbvc5e3w,6d58a25d,40,40,1.0,1.0,1.0
zfeorjum,6d58a25d,8,54,6.75,0.875,1.0
hkj9daz7,6d58a25d,4,48,11.5,1.0,1.0
w12e497z,6d58a25d,42,42,1.0,1.0,1.0
9ohxtpht,6d58a25d,4,44,11.0,1.0,1.0
4j6cy1mk,6d58a25d,6,42,7.0,0.8333333333333334,1.0
fl73adm5,6d58a25d,3,51,16.666666666666668,1.0,1.0
oxvw1rhx,6d58a25d,38,38,1.0,1.0,1.0
8d21w3yr,6d58a25d,6,48,7.833333333333333,0.8333333333333334,1.0
3cc6zm51,6d58a25d,27,58,2.1481481481481484,0.9629629629629629,1.0
ovhoesyy,6d58a25d,4,42,10.5,0.75,1.0
ske58akk,6d58a25d,6,59,9.0,1.0,1.0
r24jdhzg,6d58a25d,5,53,9.0,1.0,1.0
stbyxpx6,6d58a25d,6,48,8.0,1.0,1.0
hpl7jugr,6d58a25d,3,46,13.666666666666666,0.6666666666666666,1.0
r2ck84r8,6d58a25d,25,44,1.76,1.0,1.0
nze0azo1,6d58a25d,9,43,4.333333333333333,1.0,1.0
qazkn1sw,6d58a25d,9,14,1.5555555555555556,0.5555555555555556,1.0
f0wpo2hr,6d58a25d,4,48,11.5,1.0,1.0
c7z6erey,6d58a25d,3,49,13.666666666666666,0.6666666666666666,1.0
zvbewhqx,6d58a25d,6,67,7.5,0.6666666666666666,1.0
plfupad7,6d58a25d,13,42,3.0,0.9230769230769231,1.0
ism64anu,6d58a25d,3,50,14.0,1.0,1.0
n2et79bd,6d58a25d,3,42,14.0,1.0,1.0
hsm45iwx,6d58a25d,9,52,5.777777777777778,1.0,1.0
e2w81k0i,6d58a25d,2,41,20.0,1.0,1.0
4s3cm7d8,6d58a25d,12,39,3.25,1.0,1.0
sn10zd6g,6d58a25d,6,90,14.833333333333334,0.6666666666666666,1.0
szbhlpfr,6d58a25d,5,53,10.4,0.8,1.0
phbjwkyw,6d58a25d,14,53,3.2857142857142856,1.0,1.0
89u58v07,6d58a25d,4,46,11.5,1.0,1.0
y32zaw9c,6d58a25d,38,38,1.0,1.0,1.0
cuybsfwr,6d58a25d,5,129,21.4,0.6,1.0
44o5xnxe,6d58a25d,9,40,4.444444444444445,1.0,1.0
02333qfj,6d58a25d,7,45,6.428571428571429,1.0,1.0
qfsp3ery,6d58a25d,6,107,16.0,0.5,1.0
q04yitea,6d58a25d,7,45,6.428571428571429,1.0,1.0
kmwiem6m,6d58a25d,2,44,20.5,1.0,1.0
5pds9j1d,6d58a25d,40,40,1.0,1.0,1.0
ikfbpugl,6d58a25d,23,177,7.217391304347826,0.9565217391304348,1.0
cp3b83py,6d58a25d,3,46,14.0,1.0,1.0
27d8totr,6d58a25d,5,44,8.4,0.8,1.0
qothvfhf,6d58a25d,40,40,1.0,1.0,1.0
l9krayds,6d58a25d,2,97,39.5,0.0,1.0
aqmjput5,6d58a25d,32,73,2.1875,0.9375,1.0
f5ohsl5h,6d58a25d,4,58,14.0,0.75,1.0
dmft9d3y,6d58a25d,21,44,1.9047619047619047,1.0,1.0
pgtp756s,6d58a25d,42,42,1.0,1.0,1.0
6e5gb0yb,6d58a25d,4,60,14.5,1.0,1.0
bmlngyh3,6d58a25d,16,281,15.25,0.8125,1.0
clucow7d,6d58a25d,5,43,8.2,1.0,1.0
3d2as981,6d58a25d,3,47,13.666666666666666,0.6666666666666666,1.0
cghxa2ie,6d58a25d,5,52,9.8,1.0,1.0
byx9jkxm,6d58a25d,3,42,14.0,1.0,1.0
emwp6wq7,6d58a25d,3,48,14.0,1.0,1.0
pad0sufd,6d58a25d,3,51,14.0,1.0,1.0
xeu3j3ki,6d58a25d,7,41,5.857142857142857,0.8571428571428571,1.0
npr5bsi2,6d58a25d,3,42,14.0,1.0,1.0
ym49wqbn,6d58a25d,5,58,11.6,1.0,1.0
154uk6vm,6d58a25d,1,118,107.0,1.0,1.0
o5qropwk,6d58a25d,8,53,6.25,1.0,1.0
5nrjvc7q,6d58a25d,8,45,5.625,1.0,1.0
61zahdh9,6d58a25d,4,56,13.5,0.75,1.0
5hz183aa,6d58a25d,28,77,2.5357142857142856,1.0,1.0
nhds6zsd,6d58a25d,10,54,5.1,0.9,1.0
vr20hyge,6d58a25d,10,42,3.9,0.9,1.0
ce9qdbyh,6d58a25d,2,42,21.0,1.0,1.0
904h81sn,6d58a25d,2,42,21.0,1.0,1.0
j2dvablb,6d58a25d,5,52,10.2,1.0,1.0
xasfvnb7,6d58a25d,34,40,1.1764705882352942,1.0,1.0
lmtka1ev,6d58a25d,2,48,21.0,1.0,1.0
a0w1xgxf,6d58a25d,3,48,14.666666666666666,1.0,1.0
41kp06jx,6d58a25d,5,54,10.4,1.0,1.0
a6jpzpek,6d58a25d,8,52,6.375,1.0,1.0
6eyovdd2,6d58a25d,8,49,5.75,1.0,1.0
vpxztp7b,6d58a25d,10,103,10.1,0.9,1.0
f1ejz9fy,6d58a25d,4,42,10.5,1.0,1.0
a9gvtd1o,6d58a25d,4,49,9.75,1.0,1.0
e0biso3r,6d58a25d,3,50,14.666666666666666,1.0,1.0
rjanlii9,6d58a25d,8,47,5.625,0.875,1.0
jeq3oy2g,6d58a25d,2,18,9.0,0.0,1.0
mrypomny,6d58a25d,21,38,1.8095238095238095,1.0,1.0
8bgj1tsd,6d58a25d,12,145,11.916666666666666,0.9166666666666666,1.0
tc5wgx8h,6d58a25d,7,64,9.0,0.8571428571428571,1.0
qqqzakmg,6d58a25d,3,38,12.333333333333334,0.3333333333333333,1.0
648anokh,6d58a25d,4,70,11.25,0.75,1.0
zc26r1al,6d58a25d,40,40,1.0,1.0,1.0
bw2cwy0m,6d58a25d,5,44,8.0,0.8,1.0
kwy2bqjo,6d58a25d,4,44,10.5,1.0,1.0
ljwskxcq,6d58a25d,6,47,6.666666666666667,1.0,1.0
l5sagbsh,6d58a25d,2,50,21.0,1.0,1.0
v6jvgdvg,6d58a25d,38,38,1.0,1.0,1.0
4s9g1cze,6d58a25d,4,54,13.25,1.0,1.0
3irnkhq8,6d58a25d,7,49,6.285714285714286,0.8571428571428571,1.0
zj5uemkt,6d58a25d,6,41,6.833333333333333,0.8333333333333334,1.0
6p8vl3lk,6d58a25d,24,185,6.791666666666667,0.9583333333333334,1.0
2j8p9vyz,6d58a25d,5,44,8.0,1.0,1.0
s03ed531,6d58a25d,43,43,1.0,1.0,1.0
wcau806y,6d58a25d,4,43,10.5,1.0,1.0
eyn3wygc,6d58a25d,4,64,10.75,1.0,1.0
mrwlcmno,6d58a25d,39,39,1.0,1.0,1.0
ew4oecfi,6d58a25d,3,42,14.0,1.0,1.0
t2eyvuxq,6d58a25d,26,80,2.9615384615384617,0.9615384615384616,1.0
qv0yh587,6d58a25d,4,7,1.75,0.5,1.0
d1vjrjhc,6d58a25d,5,53,10.6,1.0,1.0
o4kkkuj9,6d58a25d,2,42,21.0,1.0,1.0
k8txaw58,6d58a25d,3,46,14.0,1.0,1.0
mlvcv31l,6d58a25d,2,42,21.0,1.0,1.0
a589fsqz,6d58a25d,5,53,10.0,1.0,1.0
f5ktzt2t,73251a56,22,68,3.0454545454545454,1.0,1.0
kkeej6x5,73251a56,36,55,1.5277777777777777,1.0,1.0
pcrxo3zp,73251a56,17,37,2.1176470588235294,1.0,1.0
nqubyvew,73251a56,32,76,2.21875,1.0,1.0
mr7lkk46,73251a56,57,82,1.4035087719298245,0.9824561403508771,1.0
2w766g1z,73251a56,14,31,2.0714285714285716,1.0,1.0
onnumbyy,73251a56,56,58,1.0357142857142858,0.9821428571428571,1.0
ler5uq42,73251a56,70,70,1.0,1.0,1.0
nfbzvhip,73251a56,153,191,1.2287581699346406,1.0,1.0
4wx63ymf,73251a56,39,64,1.6153846153846154,1.0,1.0
t3l0if03,73251a56,13,60,4.3076923076923075,0.9230769230769231,1.0
pz38obzd,73251a56,38,60,1.5263157894736843,1.0,1.0
xklnx39q,73251a56,24,61,2.4166666666666665,1.0,1.0
nrfiw9bx,73251a56,40,77,1.925,0.975,1.0
om1m73rv,73251a56,68,122,1.7794117647058822,1.0,1.0
7agy8y3l,73251a56,61,70,1.1147540983606556,1.0,1.0
vbwguazj,73251a56,42,55,1.3095238095238095,1.0,1.0
mhskzwic,73251a56,42,57,1.3571428571428572,1.0,1.0
8yhijukj,73251a56,36,51,1.4166666666666667,1.0,1.0
z3die4q3,73251a56,81,142,1.7530864197530864,1.0,1.0
p445h6ow,73251a56,78,169,2.0256410256410255,0.9743589743589743,0.9937965260545906
8jwr3j6t,73251a56,3,3,1.0,1.0,1.0
sp00glmz,73251a56,16,16,1.0,1.0,1.0
mpzcivx9,73251a56,46,136,2.717391304347826,1.0,1.0
1qt2f29y,73251a56,42,58,1.380952380952381,0.9761904761904762,1.0
clhkwrie,73251a56,51,62,1.2156862745098038,1.0,1.0
23iyreiv,73251a56,33,74,2.242424242424242,1.0,1.0
9evwb372,73251a56,57,93,1.631578947368421,1.0,1.0
ya0wv6pm,73251a56,58,151,2.3275862068965516,0.9827586206896551,1.0
zelqv7az,73251a56,46,59,1.2826086956521738,1.0,1.0
z8b26ynw,73251a56,35,65,1.6857142857142857,1.0,1.0
cfclud8z,73251a56,36,58,1.6111111111111112,1.0,1.0
jx6lhkbi,73251a56,13,49,3.3846153846153846,1.0,1.0
oxvw1rhx,73251a56,68,68,1.0,1.0,1.0
fl73adm5,73251a56,46,136,2.869565217391304,1.0,1.0
4j6cy1mk,73251a56,46,65,1.3695652173913044,1.0,1.0
2anyuqd8,73251a56,61,61,1.0,1.0,1.0
cbvc5e3w,73251a56,39,39,1.0,1.0,1.0
k0qq522n,73251a56,55,55,1.0,1.0,1.0
0wk7vjg8,73251a56,1,1,1.0,1.0,1.0
9ohxtpht,73251a56,34,68,1.9705882352941178,1.0,1.0
w12e497z,73251a56,193,1218,4.067357512953368,0.9844559585492227,1.0
hkj9daz7,73251a56,28,59,2.0357142857142856,1.0,1.0
x5id5i5q,73251a56,60,60,1.0,1.0,1.0
qfiy90jx,73251a56,68,83,1.2205882352941178,1.0,1.0
8oohxrrz,73251a56,44,81,1.7272727272727273,0.9772727272727273,1.0
bx44xwzb,73251a56,65,65,1.0,1.0,1.0
o2ho0580,73251a56,8,248,26.0,0.375,1.0
c9sps7bl,73251a56,29,67,2.0689655172413794,1.0,1.0
g3vslpjv,73251a56,40,65,1.625,1.0,1.0
2d8q4qkc,73251a56,53,121,2.2452830188679247,1.0,1.0
0fy66fv2,73251a56,15,15,1.0,1.0,1.0
b73rrttr,73251a56,65,65,1.0,1.0,1.0
7nszfy43,73251a56,37,37,1.0,1.0,1.0
r99uy0qb,73251a56,5,9,1.8,1.0,1.0
idma9086,73251a56,41,60,1.4634146341463414,1.0,1.0
4kl3i3tv,73251a56,49,132,2.5918367346938775,0.9795918367346939,0.9902818270165209
yebzokh4,73251a56,115,115,1.0,1.0,1.0
ascil7wf,73251a56,51,64,1.2549019607843137,1.0,1.0
aypxap78,73251a56,41,74,1.6097560975609757,1.0,1.0
l0nln4b2,73251a56,59,59,1.0,1.0,1.0
8y2nd2sh,73251a56,37,100,2.5945945945945947,1.0,1.0
jqeesfz7,73251a56,62,62,1.0,1.0,1.0
xji13cu2,73251a56,15,19,1.2666666666666666,1.0,1.0
kck1uue7,73251a56,46,71,1.5217391304347827,0.9782608695652174,1.0
8psac9uo,73251a56,78,83,1.064102564102564,0.9871794871794872,1.0
nx0vccp8,73251a56,98,98,1.0,1.0,1.0
fgxp8fzz,73251a56,8,35,4.0,1.0,1.0
189iqcds,73251a56,53,68,1.2830188679245282,1.0,1.0
mzi8f2hv,73251a56,33,57,1.7272727272727273,1.0,1.0
rhbgnqhz,73251a56,8,48,5.25,1.0,1.0
72p6pxny,73251a56,135,313,2.1925925925925926,0.9777777777777777,1.0
hd5k29qy,73251a56,24,60,2.4166666666666665,1.0,1.0
c2lwacqc,73251a56,64,64,1.0,1.0,1.0
g7svteiz,73251a56,52,65,1.25,1.0,1.0
cw4tyx7n,73251a56,2,24,12.0,0.0,1.0
yc52i3qf,73251a56,1,14,13.0,0.0,1.0
9wkeb5tu,73251a56,88,141,1.5568181818181819,0.9886363636363636,0.9943181818181818
yfyhejim,73251a56,61,203,3.1311475409836067,0.9672131147540983,0.9967213114754098
2tkm21z6,73251a56,55,56,1.018181818181818,1.0,1.0
0yfthc4y,73251a56,49,64,1.3061224489795917,1.0,1.0
ei0ij8ms,73251a56,113,202,1.7345132743362832,0.9823008849557522,1.0
ldo5smvx,73251a56,2,7,3.5,1.0,1.0
jayyv6lz,73251a56,40,64,1.475,1.0,1.0
qu0lm98m,73251a56,56,137,2.267857142857143,0.9821428571428571,1.0
so5k1adg,73251a56,104,104,1.0,1.0,1.0
904h81sn,73251a56,83,151,1.7349397590361446,0.9879518072289156,0.9939759036144579
j2dvablb,73251a56,52,61,1.1730769230769231,1.0,1.0
03ljcqhc,73251a56,5,17,3.4,1.0,1.0
sesf1qnx,73251a56,43,62,1.372093023255814,1.0,1.0
4stfwpke,73251a56,27,39,1.4444444444444444,1.0,1.0
vr20hyge,73251a56,23,23,1.0,1.0,1.0
nhds6zsd,73251a56,62,63,1.0161290322580645,1.0,1.0
tc5wgx8h,73251a56,57,75,1.3157894736842106,1.0,1.0
rjanlii9,73251a56,32,114,3.5625,1.0,1.0
mrypomny,73251a56,70,82,1.1714285714285715,1.0,1.0
zc26r1al,73251a56,119,119,1.0,1.0,1.0
648anokh,73251a56,33,59,1.7878787878787878,1.0,1.0
6eyovdd2,73251a56,61,92,1.5081967213114753,1.0,1.0
a6jpzpek,73251a56,30,57,1.9,1.0,1.0
41kp06jx,73251a56,98,123,1.2551020408163265,1.0,1.0
a0w1xgxf,73251a56,3,39,13.0,0.0,1.0
e0biso3r,73251a56,46,61,1.3043478260869565,1.0,1.0
a9gvtd1o,73251a56,43,95,2.046511627906977,1.0,1.0
vpxztp7b,73251a56,38,58,1.5,1.0,1.0
f1ejz9fy,73251a56,34,62,1.7941176470588236,1.0,1.0
ljwskxcq,73251a56,23,72,2.9130434782608696,1.0,1.0
l5sagbsh,73251a56,19,56,2.8947368421052633,1.0,1.0
v6jvgdvg,73251a56,47,66,1.3404255319148937,1.0,0.9905437352245863
4s9g1cze,73251a56,2,8,4.0,1.0,1.0
3irnkhq8,73251a56,14,20,1.4285714285714286,1.0,1.0
zj5uemkt,73251a56,13,13,1.0,1.0,1.0
cdo2cmtp,73251a56,57,57,1.0,1.0,1.0
bw2cwy0m,73251a56,56,64,1.1428571428571428,1.0,1.0
kwy2bqjo,73251a56,62,81,1.2741935483870968,1.0,1.0
t2eyvuxq,73251a56,58,112,1.6379310344827587,1.0,0.9922711058263971
qv0yh587,73251a56,471,473,1.0042462845010616,1.0,1.0
a589fsqz,73251a56,34,57,1.6764705882352942,1.0,1.0
d1vjrjhc,73251a56,55,55,1.0,1.0,1.0
o4kkkuj9,73251a56,88,115,1.3068181818181819,1.0,1.0
k8txaw58,73251a56,24,63,2.4166666666666665,1.0,1.0
mlvcv31l,73251a56,46,78,1.5434782608695652,1.0,1.0
wcau806y,73251a56,3,3,1.0,1.0,1.0
2j8p9vyz,73251a56,43,101,2.3255813953488373,1.0,1.0
mrwlcmno,73251a56,118,118,1.0,1.0,1.0
08vqizpx,73251a56,120,120,1.0,1.0,1.0
ew4oecfi,73251a56,49,64,1.3061224489795917,1.0,1.0
eyn3wygc,73251a56,63,63,1.0,1.0,1.0
ni5df01j,73251a56,48,62,1.2916666666666667,1.0,1.0
8aknstxj,73251a56,57,58,1.0175438596491229,1.0,1.0
c7z6erey,73251a56,40,57,1.425,1.0,1.0
qazkn1sw,73251a56,11,23,2.090909090909091,0.7272727272727273,1.0
f0wpo2hr,73251a56,64,122,1.828125,1.0,1.0
plfupad7,73251a56,58,66,1.1379310344827587,1.0,1.0
ism64anu,73251a56,34,77,2.0588235294117645,0.9411764705882353,1.0
0hrc9vve,73251a56,3,58,18.666666666666668,0.0,1.0
zvbewhqx,73251a56,35,89,2.4571428571428573,1.0,1.0
r24jdhzg,73251a56,115,165,1.4,0.991304347826087,1.0
stbyxpx6,73251a56,27,58,2.111111111111111,1.0,1.0
3cc6zm51,73251a56,61,61,1.0,1.0,1.0
ovhoesyy,73251a56,37,63,1.5675675675675675,1.0,1.0
ske58akk,73251a56,53,77,1.3584905660377358,1.0,1.0
r2ck84r8,73251a56,43,66,1.5348837209302326,1.0,1.0
nze0azo1,73251a56,41,60,1.4634146341463414,1.0,1.0
hpl7jugr,73251a56,36,65,1.7777777777777777,1.0,1.0
0ra11hiv,73251a56,2,2,1.0,1.0,1.0
y32zaw9c,73251a56,59,59,1.0,1.0,1.0
q04yitea,73251a56,13,22,1.6153846153846154,1.0,1.0
qfsp3ery,73251a56,51,60,1.1764705882352942,1.0,1.0
44o5xnxe,73251a56,31,80,2.5483870967741935,1.0,1.0
sn10zd6g,73251a56,46,62,1.3478260869565217,1.0,1.0
hsm45iwx,73251a56,57,58,1.0175438596491229,1.0,1.0
4s3cm7d8,73251a56,15,23,1.5333333333333334,1.0,1.0
e2w81k0i,73251a56,38,94,2.3947368421052633,0.9736842105263158,1.0
89u58v07,73251a56,16,64,3.75,1.0,1.0
szbhlpfr,73251a56,4,6,1.5,0.75,1.0
phbjwkyw,73251a56,58,83,1.3448275862068966,1.0,1.0
aqmjput5,73251a56,46,66,1.434782608695652,1.0,1.0
l9krayds,73251a56,38,67,1.763157894736842,1.0,1.0
icf7bchs,73251a56,218,285,1.3073394495412844,0.9908256880733946,1.0
6e5gb0yb,73251a56,20,65,2.85,1.0,1.0
dmft9d3y,73251a56,29,69,2.2413793103448274,1.0,1.0
ikfbpugl,73251a56,15,65,4.066666666666666,0.9333333333333333,1.0
d33m799j,73251a56,2,59,29.0,0.0,1.0
kmwiem6m,73251a56,36,57,1.5555555555555556,1.0,1.0
fkx2gd88,73251a56,29,58,1.9655172413793103,0.9655172413793104,1.0
27d8totr,73251a56,56,56,1.0,1.0,1.0
91fk0af9,73251a56,10,10,1.0,1.0,1.0
qothvfhf,73251a56,62,62,1.0,1.0,1.0
cp3b83py,73251a56,41,56,1.3658536585365855,1.0,1.0
xeu3j3ki,73251a56,24,24,1.0,1.0,1.0
154uk6vm,73251a56,31,64,2.032258064516129,1.0,1.0
ym49wqbn,73251a56,92,140,1.4782608695652173,1.0,1.0
emwp6wq7,73251a56,45,59,1.288888888888889,1.0,1.0
pad0sufd,73251a56,62,62,1.0,1.0,1.0
61zahdh9,73251a56,35,61,1.6571428571428573,1.0,1.0
5hz183aa,73251a56,50,71,1.36,1.0,1.0
o5qropwk,73251a56,55,56,1.018181818181818,1.0,1.0
ol9lky1i,73251a56,42,71,1.5238095238095237,1.0,1.0
5nrjvc7q,73251a56,40,62,1.55,1.0,1.0
clucow7d,73251a56,82,130,1.475609756097561,1.0,1.0
cghxa2ie,73251a56,51,73,1.392156862745098,1.0,1.0
3d2as981,73251a56,110,152,1.3454545454545455,1.0,1.0
y8mzyzjc,73251a56,37,57,1.5135135135135136,1.0,1.0
bmlngyh3,73251a56,98,128,1.2653061224489797,1.0,1.0
byx9jkxm,73251a56,29,61,1.9310344827586208,1.0,1.0
74l1qvc1,73251a56,58,58,1.0,1.0,1.0
2anyuqd8,0a938d79,76,76,1.0,1.0,1.0
1r6yodve,0a938d79,2,2,1.0,1.0,1.0
wz0zoo1d,0a938d79,24,152,6.083333333333333,0.9166666666666666,1.0
hkj9daz7,0a938d79,7,71,9.142857142857142,1.0,1.0
zfeorjum,0a938d79,12,93,7.25,0.9166666666666666,1.0
w12e497z,0a938d79,2,2,1.0,1.0,1.0
9ohxtpht,0a938d79,27,87,3.2222222222222223,0.9259259259259259,1.0
fl73adm5,0a938d79,6,64,10.5,1.0,1.0
4j6cy1mk,0a938d79,5,53,10.6,1.0,1.0
oxvw1rhx,0a938d79,31,80,2.225806451612903,1.0,1.0
gckdkq1t,0a938d79,13,75,5.384615384615385,1.0,1.0
8d21w3yr,0a938d79,38,137,3.5526315789473686,0.9736842105263158,1.0
wa9xd98o,0a938d79,8,76,9.375,1.0,1.0
cfclud8z,0a938d79,11,61,5.181818181818182,1.0,1.0
z8b26ynw,0a938d79,13,103,7.3076923076923075,1.0,0.9832775919732442
zelqv7az,0a938d79,9,79,7.555555555555555,1.0,1.0
jx6lhkbi,0a938d79,7,57,8.142857142857142,1.0,1.0
1qt2f29y,0a938d79,37,234,6.27027027027027,0.918918918918919,1.0
clhkwrie,0a938d79,35,328,9.342857142857143,0.9714285714285714,1.0
mpzcivx9,0a938d79,6,57,9.5,1.0,1.0
ya0wv6pm,0a938d79,53,53,1.0,1.0,1.0
9evwb372,0a938d79,9,124,13.444444444444445,0.7777777777777778,1.0
vbwguazj,0a938d79,8,65,7.625,1.0,1.0
7agy8y3l,0a938d79,16,169,9.875,0.875,0.970108695652174
om1m73rv,0a938d79,8,84,10.125,1.0,1.0
p445h6ow,0a938d79,10,121,10.0,0.8,0.9157952069716775
8jwr3j6t,0a938d79,7,63,9.0,1.0,1.0
z3die4q3,0a938d79,5,53,10.6,1.0,1.0
8yhijukj,0a938d79,6,57,9.5,1.0,1.0
50nsp39w,0a938d79,8,63,7.875,0.875,1.0
mhskzwic,0a938d79,8,53,6.625,1.0,1.0
pz38obzd,0a938d79,7,55,7.857142857142857,0.8571428571428571,1.0
xklnx39q,0a938d79,9,187,17.333333333333332,0.6666666666666666,0.9101683501683502
nrfiw9bx,0a938d79,8,70,8.75,0.875,0.9545454545454546
onnumbyy,0a938d79,11,67,5.545454545454546,0.7272727272727273,0.985645933014354
m63pxnwq,0a938d79,5,53,10.6,1.0,1.0
nldu5ge3,0a938d79,6,55,9.166666666666666,1.0,1.0
nsu6cwh4,0a938d79,26,182,5.653846153846154,0.8461538461538461,0.9912280701754386
t3l0if03,0a938d79,11,115,9.909090909090908,0.8181818181818182,1.0
nfbzvhip,0a938d79,10,63,6.3,1.0,1.0
4wx63ymf,0a938d79,8,93,10.875,1.0,1.0
ler5uq42,0a938d79,76,76,1.0,1.0,1.0
bcyhma9y,0a938d79,31,232,5.451612903225806,0.967741935483871,0.9806849860613301
pcrxo3zp,0a938d79,9,73,7.666666666666667,0.7777777777777778,0.9876543209876544
f5ktzt2t,0a938d79,14,112,7.428571428571429,0.8571428571428571,0.9697802197802198
kkeej6x5,0a938d79,9,57,6.333333333333333,1.0,1.0
2w766g1z,0a938d79,5,53,10.6,1.0,1.0
mr7lkk46,0a938d79,22,81,3.409090909090909,0.9545454545454546,1.0
nqubyvew,0a938d79,19,198,9.263157894736842,0.8421052631578947,0.9741477677934675
ldo5smvx,0a938d79,19,159,8.263157894736842,0.9473684210526315,1.0
qu0lm98m,0a938d79,7,53,7.571428571428571,1.0,1.0
jayyv6lz,0a938d79,8,53,6.625,0.75,1.0
yfyhejim,0a938d79,9,91,10.11111111111111,0.6666666666666666,1.0
ei0ij8ms,0a938d79,17,169,9.823529411764707,1.0,1.0
0yfthc4y,0a938d79,14,81,5.571428571428571,0.9285714285714286,0.9841269841269842
2tkm21z6,0a938d79,53,53,1.0,1.0,1.0
yc52i3qf,0a938d79,10,61,5.9,1.0,1.0
cw4tyx7n,0a938d79,1,1,1.0,1.0,1.0
g7svteiz,0a938d79,9,77,8.555555555555555,1.0,1.0
c2lwacqc,0a938d79,8,114,13.625,0.875,1.0
mzi8f2hv,0a938d79,11,59,5.363636363636363,0.9090909090909091,1.0
189iqcds,0a938d79,5,54,10.8,1.0,1.0
fgxp8fzz,0a938d79,5,58,10.8,1.0,1.0
xgvto4mg,0a938d79,57,57,1.0,1.0,1.0
hd5k29qy,0a938d79,21,170,7.857142857142857,0.9047619047619048,0.9968253968253968
72p6pxny,0a938d79,10,116,11.3,0.9,1.0
rhbgnqhz,0a938d79,7,65,9.142857142857142,0.8571428571428571,1.0
gkse9wdn,0a938d79,66,66,1.0,1.0,1.0
jqeesfz7,0a938d79,54,54,1.0,1.0,1.0
9pjr0waw,0a938d79,3,27,9.0,1.0,1.0
8psac9uo,0a938d79,17,66,3.823529411764706,1.0,1.0
nx0vccp8,0a938d79,13,65,5.0,1.0,1.0
kck1uue7,0a938d79,4,102,23.0,0.75,0.7633928571428571
l0nln4b2,0a938d79,7,75,10.714285714285714,1.0,1.0
aypxap78,0a938d79,25,70,2.8,0.96,1.0
ascil7wf,0a938d79,16,125,7.25,1.0,1.0
8y2nd2sh,0a938d79,15,88,5.533333333333333,1.0,1.0
idma9086,0a938d79,9,80,8.777777777777779,1.0,1.0
r99uy0qb,0a938d79,5,54,10.8,1.0,1.0
b73rrttr,0a938d79,53,55,1.0377358490566038,1.0,1.0
7nszfy43,0a938d79,12,95,7.0,0.9166666666666666,0.9692982456140351
yebzokh4,0a938d79,5,53,10.6,1.0,1.0
kavvl57w,0a938d79,6,53,8.833333333333334,0.8333333333333334,1.0
8oohxrrz,0a938d79,14,74,5.285714285714286,0.9285714285714286,1.0
qfiy90jx,0a938d79,5,53,10.6,1.0,1.0
2d8q4qkc,0a938d79,5,53,10.6,1.0,1.0
g3vslpjv,0a938d79,12,120,9.083333333333334,0.75,1.0
c9sps7bl,0a938d79,10,73,6.0,0.8,1.0
bx44xwzb,0a938d79,15,72,4.533333333333333,0.9333333333333333,1.0
s03ed531,0a938d79,64,64,1.0,1.0,1.0
2j8p9vyz,0a938d79,5,53,10.6,1.0,1.0
6p8vl3lk,0a938d79,8,71,8.25,1.0,1.0
wcau806y,0a938d79,6,54,9.0,1.0,1.0
eyn3wygc,0a938d79,6,54,9.0,1.0,1.0
ni5df01j,0a938d79,10,88,8.8,0.9,1.0
ew4oecfi,0a938d79,5,54,10.8,1.0,1.0
qv0yh587,0a938d79,23,23,1.0,1.0,1.0
t2eyvuxq,0a938d79,15,151,9.133333333333333,0.8666666666666667,0.9695652173913044
1xogp17t,0a938d79,1,18,17.0,0.0,1.0
o4kkkuj9,0a938d79,10,85,7.9,1.0,1.0
k8txaw58,0a938d79,5,53,10.6,1.0,1.0
mlvcv31l,0a938d79,8,69,8.375,1.0,0.9632352941176471
d1vjrjhc,0a938d79,9,82,9.11111111111111,1.0,1.0
a589fsqz,0a938d79,8,75,9.375,1.0,1.0
cdo2cmtp,0a938d79,53,53,1.0,1.0,1.0
uktb326q,0a938d79,42,56,1.3333333333333333,1.0,1.0
bw2cwy0m,0a938d79,33,84,2.393939393939394,1.0,1.0
kwy2bqjo,0a938d79,8,64,7.875,1.0,1.0
4s9g1cze,0a938d79,5,53,10.6,1.0,1.0
3irnkhq8,0a938d79,11,81,7.363636363636363,0.9090909090909091,1.0
ljwskxcq,0a938d79,10,112,10.0,1.0,1.0
v6jvgdvg,0a938d79,10,71,7.1,1.0,1.0
l5sagbsh,0a938d79,36,66,1.75,1.0,1.0
zj5uemkt,0a938d79,5,53,10.6,1.0,1.0
41kp06jx,0a938d79,16,86,4.4375,0.9375,1.0
a0w1xgxf,0a938d79,121,127,1.0495867768595042,1.0,1.0
a6jpzpek,0a938d79,16,72,4.5,0.9375,1.0
f1ejz9fy,0a938d79,11,102,8.272727272727273,0.9090909090909091,0.9717868338557994
vpxztp7b,0a938d79,17,100,5.529411764705882,0.8823529411764706,1.0
a9gvtd1o,0a938d79,10,119,10.4,1.0,1.0
e0biso3r,0a938d79,6,65,10.0,1.0,1.0
jeq3oy2g,0a938d79,14,96,6.571428571428571,1.0,1.0
mrypomny,0a938d79,37,53,1.4324324324324325,1.0,1.0
rjanlii9,0a938d79,20,96,4.8,1.0,1.0
c7ac53of,0a938d79,4,70,17.5,0.25,1.0
tc5wgx8h,0a938d79,16,129,8.0625,0.9375,1.0
648anokh,0a938d79,5,53,10.6,1.0,1.0
4stfwpke,0a938d79,5,54,10.8,1.0,1.0
nhds6zsd,0a938d79,53,54,1.0188679245283019,1.0,1.0
vr20hyge,0a938d79,14,77,5.214285714285714,0.8571428571428571,0.9906832298136646
03ljcqhc,0a938d79,7,63,9.0,1.0,1.0
ce9qdbyh,0a938d79,13,70,5.230769230769231,1.0,1.0
j2dvablb,0a938d79,6,64,10.666666666666666,1.0,1.0
904h81sn,0a938d79,5,53,10.6,1.0,1.0
sesf1qnx,0a938d79,14,133,7.428571428571429,0.8571428571428571,0.944277420692515
xasfvnb7,0a938d79,55,55,1.0,1.0,1.0
bmlngyh3,0a938d79,79,764,9.341772151898734,0.8987341772151899,0.9907063400734287
3d2as981,0a938d79,7,75,10.714285714285714,1.0,1.0
cghxa2ie,0a938d79,6,63,10.0,1.0,1.0
clucow7d,0a938d79,14,144,9.642857142857142,0.9285714285714286,1.0
74l1qvc1,0a938d79,3,23,5.0,1.0,1.0
byx9jkxm,0a938d79,7,53,7.571428571428571,1.0,1.0
j2pjmr32,0a938d79,44,55,1.25,1.0,1.0
pad0sufd,0a938d79,5,55,11.0,1.0,1.0
emwp6wq7,0a938d79,13,89,6.846153846153846,1.0,1.0
npr5bsi2,0a938d79,16,68,4.1875,0.875,1.0
154uk6vm,0a938d79,55,55,1.0,1.0,1.0
ym49wqbn,0a938d79,6,63,10.5,1.0,1.0
5nrjvc7q,0a938d79,14,140,10.0,1.0,1.0
ol9lky1i,0a938d79,7,57,8.142857142857142,1.0,1.0
o5qropwk,0a938d79,14,79,5.357142857142857,1.0,1.0
5hz183aa,0a938d79,98,243,2.4591836734693877,0.9897959183673469,1.0
61zahdh9,0a938d79,24,91,3.5833333333333335,0.9166666666666666,0.9765625
kmwiem6m,0a938d79,8,76,9.5,1.0,1.0
ikfbpugl,0a938d79,7,75,9.857142857142858,1.0,1.0
cp3b83py,0a938d79,8,98,11.5,0.75,0.9807692307692308
qothvfhf,0a938d79,53,53,1.0,1.0,1.0
fkx2gd88,0a938d79,11,127,10.636363636363637,1.0,1.0
27d8totr,0a938d79,9,67,6.666666666666667,1.0,1.0
icf7bchs,0a938d79,11,56,5.090909090909091,0.8181818181818182,1.0
nvlsix5c,0a938d79,8,78,9.625,0.875,1.0
f5ohsl5h,0a938d79,6,75,11.166666666666666,1.0,1.0
aqmjput5,0a938d79,5,65,11.0,1.0,1.0
l9krayds,0a938d79,10,67,6.3,1.0,1.0
dmft9d3y,0a938d79,19,91,4.631578947368421,0.8421052631578947,1.0
pgtp756s,0a938d79,31,31,1.0,1.0,1.0
6e5gb0yb,0a938d79,10,60,5.8,1.0,1.0
e2w81k0i,0a938d79,5,53,10.6,1.0,1.0
4s3cm7d8,0a938d79,96,281,2.8958333333333335,0.9895833333333334,1.0
hsm45iwx,0a938d79,14,80,4.642857142857143,1.0,1.0
sn10zd6g,0a938d79,8,77,9.625,1.0,1.0
phbjwkyw,0a938d79,10,65,6.4,1.0,1.0
szbhlpfr,0a938d79,6,67,11.166666666666666,1.0,1.0
89u58v07,0a938d79,6,55,9.166666666666666,1.0,1.0
y32zaw9c,0a938d79,45,54,1.2,1.0,1.0
cuybsfwr,0a938d79,26,228,8.5,0.8846153846153846,0.9846153846153847
0ra11hiv,0a938d79,9,63,7.0,1.0,1.0
qkiu92kk,0a938d79,12,61,5.083333333333333,1.0,1.0
44o5xnxe,0a938d79,8,53,6.625,1.0,1.0
qfsp3ery,0a938d79,31,125,3.774193548387097,0.9032258064516129,1.0
q04yitea,0a938d79,7,57,8.142857142857142,1.0,1.0
02333qfj,0a938d79,20,238,11.3,1.0,1.0
ovhoesyy,0a938d79,6,53,8.833333333333334,0.8333333333333334,1.0
ske58akk,0a938d79,11,70,6.0,1.0,1.0
3cc6zm51,0a938d79,55,55,1.0,1.0,1.0
r24jdhzg,0a938d79,22,58,2.6363636363636362,1.0,1.0
hpl7jugr,0a938d79,5,53,10.6,1.0,1.0
r2ck84r8,0a938d79,39,53,1.358974358974359,0.9487179487179487,1.0
nze0azo1,0a938d79,7,53,7.571428571428571,1.0,1.0
f0wpo2hr,0a938d79,19,275,12.052631578947368,0.5789473684210527,0.9776560044178243
qazkn1sw,0a938d79,73,155,2.095890410958904,0.9315068493150684,0.9946035699460357
8aknstxj,0a938d79,21,92,4.0476190476190474,1.0,1.0
c7z6erey,0a938d79,5,53,10.6,1.0,1.0
zvbewhqx,0a938d79,7,62,8.714285714285714,1.0,1.0
0hrc9vve,0a938d79,11,57,5.181818181818182,0.7272727272727273,1.0
ism64anu,0a938d79,7,72,9.285714285714286,1.0,1.0
n2et79bd,0a938d79,5,53,10.6,1.0,1.0
plfupad7,0a938d79,12,77,5.583333333333333,0.9166666666666666,1.0
8d21w3yr,c0f76784,13,14,1.0769230769230769,1.0,1.0
318gokyy,c0f76784,5,19,3.8,1.0,1.0
oxvw1rhx,c0f76784,3,14,4.666666666666667,1.0,1.0
4j6cy1mk,c0f76784,14,15,1.0714285714285714,1.0,1.0
fl73adm5,c0f76784,4,15,3.5,1.0,1.0
1r6yodve,c0f76784,52,52,1.0,1.0,1.0
k0qq522n,c0f76784,6,7,1.1666666666666667,1.0,1.0
9ohxtpht,c0f76784,3,14,4.666666666666667,1.0,1.0
w12e497z,c0f76784,3,36,12.0,1.0,1.0
zfeorjum,c0f76784,3,14,4.666666666666667,1.0,1.0
hkj9daz7,c0f76784,3,14,4.666666666666667,1.0,1.0
sp00glmz,c0f76784,14,14,1.0,1.0,1.0
mpzcivx9,c0f76784,3,17,4.666666666666667,1.0,1.0
clhkwrie,c0f76784,14,14,1.0,1.0,1.0
1qt2f29y,c0f76784,13,14,1.0769230769230769,1.0,1.0
23iyreiv,c0f76784,3,15,4.666666666666667,1.0,1.0
9evwb372,c0f76784,6,14,2.3333333333333335,1.0,1.0
ya0wv6pm,c0f76784,14,14,1.0,1.0,1.0
zelqv7az,c0f76784,3,14,4.666666666666667,1.0,1.0
z8b26ynw,c0f76784,3,14,4.666666666666667,1.0,1.0
cfclud8z,c0f76784,6,14,2.3333333333333335,1.0,1.0
jx6lhkbi,c0f76784,3,15,4.666666666666667,1.0,1.0
xklnx39q,c0f76784,9,17,1.8888888888888888,0.8888888888888888,1.0
pz38obzd,c0f76784,14,14,1.0,1.0,1.0
nrfiw9bx,c0f76784,3,14,4.666666666666667,1.0,1.0
om1m73rv,c0f76784,3,14,4.666666666666667,1.0,1.0
o1t1fb7j,c0f76784,14,14,1.0,1.0,1.0
7agy8y3l,c0f76784,14,14,1.0,1.0,1.0
vbwguazj,c0f76784,3,14,4.666666666666667,1.0,1.0
mhskzwic,c0f76784,4,14,3.5,1.0,1.0
8yhijukj,c0f76784,14,14,1.0,1.0,1.0
50nsp39w,c0f76784,4,24,5.75,1.0,1.0
z3die4q3,c0f76784,3,14,4.666666666666667,1.0,1.0
8jwr3j6t,c0f76784,14,14,1.0,1.0,1.0
kkeej6x5,c0f76784,14,14,1.0,1.0,1.0
f5ktzt2t,c0f76784,4,17,3.5,1.0,1.0
pcrxo3zp,c0f76784,3,14,4.666666666666667,1.0,1.0
bcyhma9y,c0f76784,25,25,1.0,1.0,1.0
5vv1rrzw,c0f76784,14,14,1.0,1.0,1.0
mr7lkk46,c0f76784,3,15,4.666666666666667,1.0,1.0
2w766g1z,c0f76784,4,14,3.5,1.0,1.0
m63pxnwq,c0f76784,3,14,4.666666666666667,1.0,1.0
onnumbyy,c0f76784,14,14,1.0,1.0,1.0
ler5uq42,c0f76784,16,16,1.0,1.0,1.0
nfbzvhip,c0f76784,14,14,1.0,1.0,1.0
t3l0if03,c0f76784,3,14,4.666666666666667,1.0,1.0
nldu5ge3,c0f76784,3,14,4.666666666666667,1.0,1.0
9wkeb5tu,c0f76784,3,14,4.666666666666667,1.0,1.0
yfyhejim,c0f76784,3,16,4.666666666666667,1.0,1.0
2tkm21z6,c0f76784,14,14,1.0,1.0,1.0
0yfthc4y,c0f76784,4,14,3.5,1.0,1.0
ei0ij8ms,c0f76784,3,14,4.666666666666667,1.0,1.0
ldo5smvx,c0f76784,3,15,4.666666666666667,1.0,1.0
qu0lm98m,c0f76784,3,14,4.666666666666667,1.0,1.0
jayyv6lz,c0f76784,19,19,1.0,1.0,1.0
fgxp8fzz,c0f76784,4,18,4.0,1.0,1.0
189iqcds,c0f76784,14,14,1.0,1.0,1.0
mzi8f2hv,c0f76784,4,16,3.5,1.0,1.0
rhbgnqhz,c0f76784,6,14,2.3333333333333335,1.0,1.0
72p6pxny,c0f76784,3,14,4.666666666666667,1.0,1.0
hd5k29qy,c0f76784,3,14,4.666666666666667,1.0,1.0
c2lwacqc,c0f76784,3,14,4.666666666666667,1.0,1.0
g7svteiz,c0f76784,6,16,2.3333333333333335,1.0,1.0
cw4tyx7n,c0f76784,2,2,1.0,1.0,1.0
ascil7wf,c0f76784,6,14,2.3333333333333335,1.0,1.0
aypxap78,c0f76784,3,17,4.666666666666667,1.0,1.0
l0nln4b2,c0f76784,14,14,1.0,1.0,1.0
8y2nd2sh,c0f76784,3,14,4.666666666666667,1.0,1.0
jqeesfz7,c0f76784,16,16,1.0,1.0,1.0
kck1uue7,c0f76784,3,14,4.666666666666667,1.0,1.0
8psac9uo,c0f76784,14,14,1.0,1.0,1.0
nx0vccp8,c0f76784,14,14,1.0,1.0,1.0
9pjr0waw,c0f76784,14,14,1.0,1.0,1.0
x5id5i5q,c0f76784,46,46,1.0,1.0,1.0
qfiy90jx,c0f76784,11,14,1.2727272727272727,1.0,1.0
8oohxrrz,c0f76784,3,14,4.666666666666667,1.0,1.0
o2ho0580,c0f76784,35,89,2.3714285714285714,0.9714285714285714,0.9979591836734695
bx44xwzb,c0f76784,14,14,1.0,1.0,1.0
c9sps7bl,c0f76784,3,14,4.666666666666667,1.0,1.0
g3vslpjv,c0f76784,3,14,4.666666666666667,1.0,1.0
2d8q4qkc,c0f76784,4,23,5.75,1.0,1.0
0fy66fv2,c0f76784,30,30,1.0,1.0,1.0
b73rrttr,c0f76784,14,14,1.0,1.0,1.0
idma9086,c0f76784,4,14,3.5,1.0,1.0
kavvl57w,c0f76784,4,20,4.5,1.0,1.0
yebzokh4,c0f76784,14,14,1.0,1.0,1.0
t2eyvuxq,c0f76784,3,14,4.666666666666667,1.0,1.0
qv0yh587,c0f76784,15,15,1.0,1.0,1.0
a589fsqz,c0f76784,3,16,4.666666666666667,1.0,1.0
d1vjrjhc,c0f76784,3,14,4.666666666666667,1.0,1.0
k8txaw58,c0f76784,24,24,1.0,1.0,1.0
o4kkkuj9,c0f76784,14,14,1.0,1.0,1.0
mlvcv31l,c0f76784,3,14,4.666666666666667,1.0,1.0
wcau806y,c0f76784,10,14,1.4,1.0,1.0
2j8p9vyz,c0f76784,4,14,3.5,1.0,1.0
s03ed531,c0f76784,17,17,1.0,1.0,1.0
mrwlcmno,c0f76784,14,14,1.0,1.0,1.0
ew4oecfi,c0f76784,3,14,4.666666666666667,1.0,1.0
eyn3wygc,c0f76784,14,14,1.0,1.0,1.0
ni5df01j,c0f76784,3,14,4.666666666666667,1.0,1.0
ljwskxcq,c0f76784,3,14,4.666666666666667,1.0,1.0
l5sagbsh,c0f76784,3,14,4.666666666666667,1.0,1.0
v6jvgdvg,c0f76784,14,14,1.0,1.0,1.0
4s9g1cze,c0f76784,4,17,4.25,0.75,1.0
3irnkhq8,c0f76784,4,15,3.75,1.0,1.0
zj5uemkt,c0f76784,14,14,1.0,1.0,1.0
cdo2cmtp,c0f76784,14,14,1.0,1.0,1.0
kwy2bqjo,c0f76784,3,14,4.666666666666667,1.0,1.0
bw2cwy0m,c0f76784,14,14,1.0,1.0,1.0
uktb326q,c0f76784,8,40,5.0,1.0,1.0
tc5wgx8h,c0f76784,3,14,4.666666666666667,1.0,1.0
c7ac53of,c0f76784,3,10,3.3333333333333335,1.0,1.0
rjanlii9,c0f76784,3,15,4.666666666666667,1.0,1.0
mrypomny,c0f76784,14,14,1.0,1.0,1.0
jeq3oy2g,c0f76784,4,17,4.0,1.0,1.0
648anokh,c0f76784,14,14,1.0,1.0,1.0
a6jpzpek,c0f76784,4,14,3.5,1.0,1.0
6eyovdd2,c0f76784,4,18,4.5,1.0,1.0
lmtka1ev,c0f76784,3,14,4.666666666666667,1.0,1.0
a0w1xgxf,c0f76784,14,14,1.0,1.0,1.0
41kp06jx,c0f76784,3,14,4.666666666666667,1.0,1.0
e0biso3r,c0f76784,3,14,4.666666666666667,1.0,1.0
a9gvtd1o,c0f76784,3,14,4.666666666666667,1.0,1.0
vpxztp7b,c0f76784,8,16,2.0,1.0,1.0
f1ejz9fy,c0f76784,3,15,4.666666666666667,1.0,1.0
so5k1adg,c0f76784,14,14,1.0,1.0,1.0
904h81sn,c0f76784,6,16,2.3333333333333335,1.0,1.0
j2dvablb,c0f76784,4,15,3.5,1.0,1.0
ce9qdbyh,c0f76784,6,14,2.3333333333333335,1.0,1.0
xasfvnb7,c0f76784,3,14,4.666666666666667,1.0,1.0
sesf1qnx,c0f76784,5,18,3.6,1.0,1.0
vr20hyge,c0f76784,15,15,1.0,1.0,1.0
nhds6zsd,c0f76784,14,14,1.0,1.0,1.0
ym49wqbn,c0f76784,4,10,2.25,1.0,1.0
154uk6vm,c0f76784,5,24,4.8,1.0,1.0
npr5bsi2,c0f76784,15,15,1.0,1.0,1.0
emwp6wq7,c0f76784,3,14,4.666666666666667,1.0,1.0
pad0sufd,c0f76784,7,15,2.142857142857143,1.0,1.0
61zahdh9,c0f76784,4,15,3.5,1.0,1.0
o5qropwk,c0f76784,14,14,1.0,1.0,1.0
5nrjvc7q,c0f76784,14,14,1.0,1.0,1.0
clucow7d,c0f76784,13,106,5.846153846153846,1.0,1.0
cghxa2ie,c0f76784,3,16,4.666666666666667,1.0,1.0
3d2as981,c0f76784,3,15,4.666666666666667,1.0,1.0
bmlngyh3,c0f76784,3,14,4.666666666666667,1.0,1.0
j2pjmr32,c0f76784,20,50,2.5,1.0,1.0
byx9jkxm,c0f76784,3,14,4.666666666666667,1.0,1.0
74l1qvc1,c0f76784,27,36,1.3333333333333333,1.0,1.0
l9krayds,c0f76784,16,16,1.0,1.0,1.0
aqmjput5,c0f76784,12,72,5.916666666666667,0.9166666666666666,1.0
f5ohsl5h,c0f76784,3,14,4.666666666666667,1.0,1.0
icf7bchs,c0f76784,87,98,1.1264367816091954,1.0,1.0
pgtp756s,c0f76784,16,18,1.125,1.0,1.0
6e5gb0yb,c0f76784,3,14,4.666666666666667,1.0,1.0
dmft9d3y,c0f76784,7,14,2.0,1.0,1.0
ikfbpugl,c0f76784,11,40,3.5454545454545454,0.9090909090909091,1.0
d33m799j,c0f76784,18,53,2.888888888888889,1.0,1.0
kmwiem6m,c0f76784,3,14,4.666666666666667,1.0,1.0
fkx2gd88,c0f76784,3,14,4.666666666666667,1.0,1.0
27d8totr,c0f76784,14,14,1.0,1.0,1.0
qothvfhf,c0f76784,14,14,1.0,1.0,1.0
91fk0af9,c0f76784,14,14,1.0,1.0,1.0
cp3b83py,c0f76784,3,14,4.666666666666667,1.0,1.0
0ra11hiv,c0f76784,8,18,2.0,1.0,1.0
cuybsfwr,c0f76784,6,14,2.3333333333333335,1.0,1.0
y32zaw9c,c0f76784,14,14,1.0,1.0,1.0
02333qfj,c0f76784,3,14,4.666666666666667,1.0,1.0
q04yitea,c0f76784,3,14,4.666666666666667,1.0,1.0
qfsp3ery,c0f76784,14,14,1.0,1.0,1.0
ihnjt6k4,c0f76784,40,40,1.0,1.0,1.0
44o5xnxe,c0f76784,3,14,4.666666666666667,1.0,1.0
qkiu92kk,c0f76784,6,14,2.3333333333333335,1.0,1.0
sn10zd6g,c0f76784,3,14,4.666666666666667,1.0,1.0
hsm45iwx,c0f76784,3,15,4.666666666666667,1.0,1.0
4s3cm7d8,c0f76784,3,14,4.666666666666667,1.0,1.0
e2w81k0i,c0f76784,3,14,4.666666666666667,1.0,1.0
89u58v07,c0f76784,9,14,1.5555555555555556,1.0,1.0
szbhlpfr,c0f76784,6,14,2.3333333333333335,1.0,1.0
phbjwkyw,c0f76784,3,14,4.666666666666667,1.0,1.0
c7z6erey,c0f76784,3,14,4.666666666666667,1.0,1.0
8aknstxj,c0f76784,14,14,1.0,1.0,1.0
qazkn1sw,c0f76784,62,62,1.0,1.0,1.0
f0wpo2hr,c0f76784,6,14,2.3333333333333335,1.0,1.0
plfupad7,c0f76784,11,14,1.2727272727272727,1.0,1.0
ism64anu,c0f76784,5,16,3.2,1.0,1.0
0hrc9vve,c0f76784,20,53,2.6,0.95,1.0
zvbewhqx,c0f76784,3,14,4.666666666666667,1.0,1.0
r24jdhzg,c0f76784,14,14,1.0,1.0,1.0
3cc6zm51,c0f76784,14,14,1.0,1.0,1.0
ovhoesyy,c0f76784,8,14,1.75,1.0,1.0
ske58akk,c0f76784,3,16,4.666666666666667,1.0,1.0
r2ck84r8,c0f76784,14,14,1.0,1.0,1.0
nze0azo1,c0f76784,3,14,4.666666666666667,1.0,1.0
hpl7jugr,c0f76784,3,14,4.666666666666667,1.0,1.0
y32zaw9c,42a15761,11,11,1.0,1.0,1.0
0ra11hiv,42a15761,7,7,1.0,1.0,1.0
44o5xnxe,42a15761,14,21,1.5,1.0,1.0
02333qfj,42a15761,10,10,1.0,1.0,1.0
q04yitea,42a15761,8,8,1.0,1.0,1.0
hsm45iwx,42a15761,8,8,1.0,1.0,1.0
e2w81k0i,42a15761,9,9,1.0,1.0,1.0
4s3cm7d8,42a15761,4,4,1.0,1.0,1.0
sn10zd6g,42a15761,23,39,1.6956521739130435,1.0,1.0
szbhlpfr,42a15761,12,49,3.9166666666666665,0.5833333333333334,1.0
phbjwkyw,42a15761,1,1,1.0,1.0,1.0
89u58v07,42a15761,13,13,1.0,1.0,1.0
qazkn1sw,42a15761,11,32,2.909090909090909,0.2727272727272727,1.0
f0wpo2hr,42a15761,41,269,5.414634146341464,0.926829268292683,0.9982009359353815
c7z6erey,42a15761,8,8,1.0,1.0,1.0
0hrc9vve,42a15761,11,61,5.545454545454546,0.7272727272727273,1.0
plfupad7,42a15761,22,22,1.0,1.0,1.0
ism64anu,42a15761,25,82,3.16,0.92,0.9896296296296296
ovhoesyy,42a15761,12,20,1.6666666666666667,1.0,1.0
ske58akk,42a15761,8,8,1.0,1.0,1.0
r24jdhzg,42a15761,8,8,1.0,1.0,1.0
hpl7jugr,42a15761,8,8,1.0,1.0,1.0
r2ck84r8,42a15761,9,37,4.111111111111111,0.8888888888888888,1.0
nze0azo1,42a15761,10,10,1.0,1.0,1.0
emwp6wq7,42a15761,8,8,1.0,1.0,1.0
pad0sufd,42a15761,8,8,1.0,1.0,1.0
xeu3j3ki,42a15761,8,8,1.0,1.0,1.0
npr5bsi2,42a15761,35,35,1.0,1.0,1.0
ym49wqbn,42a15761,25,64,2.4,0.96,1.0
5nrjvc7q,42a15761,31,31,1.0,1.0,1.0
61zahdh9,42a15761,8,9,1.125,1.0,1.0
5hz183aa,42a15761,60,170,2.6333333333333333,0.9666666666666667,1.0
bmlngyh3,42a15761,13,21,1.6153846153846154,1.0,1.0
clucow7d,42a15761,24,49,1.9166666666666667,1.0,1.0
3d2as981,42a15761,17,17,1.0,1.0,1.0
cghxa2ie,42a15761,11,11,1.0,1.0,1.0
byx9jkxm,42a15761,15,34,2.2,0.9333333333333333,1.0
j2pjmr32,42a15761,46,218,4.326086956521739,0.8695652173913043,1.0
l9krayds,42a15761,25,295,8.28,0.96,0.9853942652329749
aqmjput5,42a15761,26,228,7.1923076923076925,1.0,1.0
bdfn1h0o,42a15761,24,24,1.0,1.0,1.0
dmft9d3y,42a15761,8,8,1.0,1.0,1.0
6e5gb0yb,42a15761,8,8,1.0,1.0,1.0
kmwiem6m,42a15761,9,9,1.0,1.0,1.0
ikfbpugl,42a15761,6,6,1.0,1.0,1.0
d33m799j,42a15761,5,24,4.8,0.6,1.0
cp3b83py,42a15761,8,8,1.0,1.0,1.0
fkx2gd88,42a15761,8,8,1.0,1.0,1.0
qothvfhf,42a15761,30,30,1.0,1.0,1.0
rjanlii9,42a15761,65,65,1.0,1.0,1.0
c7ac53of,42a15761,3,32,10.666666666666666,0.3333333333333333,1.0
jeq3oy2g,42a15761,8,17,2.125,0.875,1.0
mrypomny,42a15761,8,8,1.0,1.0,1.0
8bgj1tsd,42a15761,8,8,1.0,1.0,1.0
tc5wgx8h,42a15761,8,8,1.0,1.0,1.0
648anokh,42a15761,10,10,1.0,1.0,1.0
qqqzakmg,42a15761,59,371,5.8474576271186445,1.0,0.9950564971751411
zc26r1al,42a15761,8,8,1.0,1.0,1.0
lmtka1ev,42a15761,8,8,1.0,1.0,1.0
a0w1xgxf,42a15761,8,8,1.0,1.0,1.0
41kp06jx,42a15761,35,478,10.885714285714286,0.7714285714285715,1.0
a6jpzpek,42a15761,1,1,1.0,1.0,1.0
6eyovdd2,42a15761,7,7,1.0,1.0,1.0
vpxztp7b,42a15761,28,38,1.3571428571428572,0.9642857142857143,1.0
f1ejz9fy,42a15761,10,18,1.6,1.0,1.0
a9gvtd1o,42a15761,17,39,2.176470588235294,1.0,1.0
e0biso3r,42a15761,8,8,1.0,1.0,1.0
ce9qdbyh,42a15761,1,1,1.0,1.0,1.0
904h81sn,42a15761,8,8,1.0,1.0,1.0
so5k1adg,42a15761,39,39,1.0,1.0,1.0
j2dvablb,42a15761,9,9,1.0,1.0,1.0
nhds6zsd,42a15761,8,8,1.0,1.0,1.0
vr20hyge,42a15761,1,1,1.0,1.0,1.0
t2eyvuxq,42a15761,9,9,1.0,1.0,1.0
qv0yh587,42a15761,16,16,1.0,1.0,1.0
d1vjrjhc,42a15761,9,9,1.0,1.0,1.0
k8txaw58,42a15761,20,49,2.3,0.95,1.0
o4kkkuj9,42a15761,18,18,1.0,1.0,1.0
mlvcv31l,42a15761,4,4,1.0,1.0,1.0
a589fsqz,42a15761,8,8,1.0,1.0,1.0
2j8p9vyz,42a15761,8,8,1.0,1.0,1.0
s03ed531,42a15761,12,12,1.0,1.0,1.0
wcau806y,42a15761,1,1,1.0,1.0,1.0
eyn3wygc,42a15761,21,21,1.0,1.0,1.0
ni5df01j,42a15761,30,39,1.3,1.0,1.0
mrwlcmno,42a15761,11,11,1.0,1.0,1.0
ew4oecfi,42a15761,8,8,1.0,1.0,1.0
ljwskxcq,42a15761,10,10,1.0,1.0,1.0
l5sagbsh,42a15761,8,8,1.0,1.0,1.0
cdo2cmtp,42a15761,8,8,1.0,1.0,1.0
uktb326q,42a15761,12,12,1.0,1.0,1.0
kwy2bqjo,42a15761,8,8,1.0,1.0,1.0
bw2cwy0m,42a15761,32,32,1.0,1.0,1.0
aypxap78,42a15761,8,8,1.0,1.0,1.0
l0nln4b2,42a15761,30,30,1.0,1.0,1.0
ascil7wf,42a15761,10,11,1.0,1.0,1.0
8y2nd2sh,42a15761,23,52,2.130434782608696,0.9565217391304348,1.0
jqeesfz7,42a15761,10,10,1.0,1.0,1.0
kck1uue7,42a15761,8,8,1.0,1.0,1.0
8psac9uo,42a15761,8,8,1.0,1.0,1.0
nx0vccp8,42a15761,10,10,1.0,1.0,1.0
qfiy90jx,42a15761,8,8,1.0,1.0,1.0
8oohxrrz,42a15761,14,14,1.0,1.0,1.0
g3vslpjv,42a15761,8,8,1.0,1.0,1.0
2d8q4qkc,42a15761,8,8,1.0,1.0,1.0
o2ho0580,42a15761,21,86,4.0476190476190474,0.8095238095238095,1.0
bx44xwzb,42a15761,8,8,1.0,1.0,1.0
c9sps7bl,42a15761,8,8,1.0,1.0,1.0
idma9086,42a15761,13,27,2.076923076923077,1.0,1.0
r99uy0qb,42a15761,3,8,2.6666666666666665,0.3333333333333333,1.0
b73rrttr,42a15761,5,5,1.0,1.0,1.0
yebzokh4,42a15761,9,9,1.0,1.0,1.0
yfyhejim,42a15761,15,15,1.0,1.0,1.0
0yfthc4y,42a15761,25,25,1.0,1.0,1.0
ei0ij8ms,42a15761,8,8,1.0,1.0,1.0
2tkm21z6,42a15761,14,14,1.0,1.0,1.0
qu0lm98m,42a15761,8,8,1.0,1.0,1.0
jayyv6lz,42a15761,9,9,1.0,1.0,1.0
mzi8f2hv,42a15761,9,9,1.0,1.0,1.0
xgvto4mg,42a15761,8,8,1.0,1.0,1.0
fgxp8fzz,42a15761,18,40,2.1666666666666665,1.0,1.0
72p6pxny,42a15761,26,41,1.5769230769230769,0.9230769230769231,1.0
hd5k29qy,42a15761,8,8,1.0,1.0,1.0
g7svteiz,42a15761,8,8,1.0,1.0,1.0
cw4tyx7n,42a15761,2,7,3.5,0.5,1.0
xklnx39q,42a15761,32,44,1.375,1.0,1.0
pz38obzd,42a15761,10,10,1.0,1.0,1.0
nrfiw9bx,42a15761,8,8,1.0,1.0,1.0
om1m73rv,42a15761,38,38,1.0,1.0,1.0
vbwguazj,42a15761,9,9,1.0,1.0,1.0
7agy8y3l,42a15761,12,13,1.0833333333333333,1.0,1.0
p445h6ow,42a15761,8,8,1.0,1.0,1.0
8jwr3j6t,42a15761,8,8,1.0,1.0,1.0
z3die4q3,42a15761,8,8,1.0,1.0,1.0
mhskzwic,42a15761,8,8,1.0,1.0,1.0
8yhijukj,42a15761,5,5,1.0,1.0,1.0
50nsp39w,42a15761,9,9,1.0,1.0,1.0
bcyhma9y,42a15761,11,11,1.0,1.0,1.0
pcrxo3zp,42a15761,8,8,1.0,1.0,1.0
kkeej6x5,42a15761,9,9,1.0,1.0,1.0
f5ktzt2t,42a15761,10,14,1.4,1.0,1.0
2w766g1z,42a15761,31,31,1.0,1.0,1.0
nqubyvew,42a15761,8,8,1.0,1.0,1.0
onnumbyy,42a15761,2,2,1.0,1.0,1.0
m63pxnwq,42a15761,8,8,1.0,1.0,1.0
nldu5ge3,42a15761,8,8,1.0,1.0,1.0
t3l0if03,42a15761,10,10,1.0,1.0,1.0
ler5uq42,42a15761,9,9,1.0,1.0,1.0
nfbzvhip,42a15761,13,14,1.0769230769230769,1.0,1.0
4wx63ymf,42a15761,8,8,1.0,1.0,1.0
4j6cy1mk,42a15761,34,34,1.0,1.0,1.0
oxvw1rhx,42a15761,8,8,1.0,1.0,1.0
8d21w3yr,42a15761,6,6,1.0,1.0,1.0
2anyuqd8,42a15761,10,10,1.0,1.0,1.0
1r6yodve,42a15761,182,182,1.0,1.0,1.0
zfeorjum,42a15761,8,8,1.0,1.0,1.0
hkj9daz7,42a15761,8,8,1.0,1.0,1.0
w12e497z,42a15761,66,405,5.515151515151516,1.0,1.0
9ohxtpht,42a15761,8,8,1.0,1.0,1.0
mpzcivx9,42a15761,9,9,1.0,1.0,1.0
clhkwrie,42a15761,36,42,1.1666666666666667,0.9722222222222222,1.0
1qt2f29y,42a15761,10,10,1.0,1.0,1.0
sp00glmz,42a15761,2,2,1.0,1.0,1.0
23iyreiv,42a15761,8,8,1.0,1.0,1.0
ya0wv6pm,42a15761,21,21,1.0,1.0,1.0
9evwb372,42a15761,8,8,1.0,1.0,1.0
cfclud8z,42a15761,8,8,1.0,1.0,1.0
z8b26ynw,42a15761,8,8,1.0,1.0,1.0
zelqv7az,42a15761,39,188,4.769230769230769,1.0,1.0
8oohxrrz,82819916,28,28,1.0,1.0,1.0
qfiy90jx,82819916,28,28,1.0,1.0,1.0
2d8q4qkc,82819916,24,28,1.1666666666666667,1.0,1.0
g3vslpjv,82819916,27,28,1.037037037037037,1.0,1.0
c9sps7bl,82819916,25,31,1.24,1.0,1.0
bx44xwzb,82819916,30,30,1.0,1.0,1.0
o2ho0580,82819916,23,23,1.0,1.0,1.0
4kl3i3tv,82819916,20,20,1.0,1.0,1.0
idma9086,82819916,33,34,1.0303030303030303,1.0,1.0
r99uy0qb,82819916,4,18,4.5,1.0,1.0
b73rrttr,82819916,5,5,1.0,1.0,1.0
yebzokh4,82819916,28,28,1.0,1.0,1.0
kavvl57w,82819916,25,28,1.12,1.0,1.0
l0nln4b2,82819916,28,28,1.0,1.0,1.0
aypxap78,82819916,30,30,1.0,1.0,1.0
ascil7wf,82819916,34,35,1.0294117647058822,1.0,1.0
8y2nd2sh,82819916,51,53,1.0392156862745099,1.0,1.0
xji13cu2,82819916,30,30,1.0,1.0,1.0
jqeesfz7,82819916,48,48,1.0,1.0,1.0
9pjr0waw,82819916,30,30,1.0,1.0,1.0
8psac9uo,82819916,27,28,1.037037037037037,1.0,1.0
kck1uue7,82819916,24,32,1.3333333333333333,1.0,1.0
mzi8f2hv,82819916,48,101,2.1041666666666665,1.0,1.0
189iqcds,82819916,28,28,1.0,1.0,1.0
fgxp8fzz,82819916,30,30,1.0,1.0,1.0
xgvto4mg,82819916,28,28,1.0,1.0,1.0
hd5k29qy,82819916,29,31,1.0689655172413792,1.0,1.0
72p6pxny,82819916,77,84,1.077922077922078,1.0,1.0
rhbgnqhz,82819916,28,28,1.0,1.0,1.0
cw4tyx7n,82819916,1,6,6.0,0.0,1.0
g7svteiz,82819916,28,28,1.0,1.0,1.0
c2lwacqc,82819916,24,28,1.1666666666666667,1.0,1.0
yfyhejim,82819916,24,28,1.1666666666666667,1.0,1.0
ei0ij8ms,82819916,24,28,1.1666666666666667,1.0,1.0
0yfthc4y,82819916,28,28,1.0,1.0,1.0
2tkm21z6,82819916,28,28,1.0,1.0,1.0
ldo5smvx,82819916,30,37,1.1666666666666667,1.0,1.0
jayyv6lz,82819916,30,32,1.0666666666666667,1.0,1.0
qu0lm98m,82819916,24,28,1.1666666666666667,1.0,1.0
f5ktzt2t,82819916,25,29,1.16,1.0,1.0
kkeej6x5,82819916,27,32,1.1851851851851851,1.0,1.0
2w766g1z,82819916,28,28,1.0,1.0,1.0
mr7lkk46,82819916,24,28,1.1666666666666667,1.0,1.0
onnumbyy,82819916,55,72,1.309090909090909,0.9636363636363636,1.0
m63pxnwq,82819916,28,28,1.0,1.0,1.0
nldu5ge3,82819916,28,28,1.0,1.0,1.0
t3l0if03,82819916,24,28,1.1666666666666667,1.0,1.0
4wx63ymf,82819916,26,28,1.0769230769230769,1.0,1.0
nfbzvhip,82819916,30,30,1.0,1.0,1.0
ler5uq42,82819916,32,32,1.0,1.0,1.0
pz38obzd,82819916,32,32,1.0,1.0,1.0
xklnx39q,82819916,24,28,1.1666666666666667,1.0,1.0
nrfiw9bx,82819916,24,28,1.1666666666666667,1.0,1.0
7agy8y3l,82819916,30,30,1.0,1.0,1.0
o1t1fb7j,82819916,56,57,1.0,1.0,1.0
om1m73rv,82819916,25,32,1.28,1.0,1.0
8jwr3j6t,82819916,46,46,1.0,1.0,1.0
p445h6ow,82819916,26,30,1.1538461538461537,1.0,1.0
z3die4q3,82819916,24,28,1.1666666666666667,1.0,1.0
50nsp39w,82819916,61,61,1.0,1.0,1.0
8yhijukj,82819916,26,28,1.0769230769230769,1.0,1.0
mhskzwic,82819916,25,28,1.12,1.0,1.0
clhkwrie,82819916,32,32,1.0,1.0,1.0
1qt2f29y,82819916,32,32,1.0,1.0,1.0
mpzcivx9,82819916,69,74,1.0724637681159421,1.0,1.0
sp00glmz,82819916,28,28,1.0,1.0,1.0
ya0wv6pm,82819916,28,28,1.0,1.0,1.0
9evwb372,82819916,33,37,1.121212121212121,1.0,1.0
23iyreiv,82819916,24,28,1.1666666666666667,1.0,1.0
cfclud8z,82819916,31,73,2.2903225806451615,0.9354838709677419,0.9822214076246334
z8b26ynw,82819916,28,28,1.0,1.0,1.0
zelqv7az,82819916,30,30,1.0,1.0,1.0
jx6lhkbi,82819916,28,28,1.0,1.0,1.0
4j6cy1mk,82819916,28,28,1.0,1.0,1.0
fl73adm5,82819916,28,30,1.0714285714285714,1.0,1.0
oxvw1rhx,82819916,56,56,1.0,1.0,1.0
8d21w3yr,82819916,28,28,1.0,1.0,1.0
0wk7vjg8,82819916,88,88,1.0,1.0,1.0
k0qq522n,82819916,5,5,1.0,1.0,1.0
1r6yodve,82819916,76,76,1.0,1.0,1.0
zfeorjum,82819916,33,39,1.1818181818181819,1.0,1.0
hkj9daz7,82819916,25,28,1.12,1.0,1.0
w12e497z,82819916,22,22,1.0,1.0,1.0
9ohxtpht,82819916,28,28,1.0,1.0,1.0
f0wpo2hr,82819916,24,28,1.1666666666666667,1.0,1.0
qazkn1sw,82819916,55,55,1.0,1.0,1.0
c7z6erey,82819916,58,58,1.0,1.0,1.0
0hrc9vve,82819916,5,15,3.0,0.8,1.0
n2et79bd,82819916,2,9,4.5,1.0,1.0
ism64anu,82819916,26,28,1.0769230769230769,1.0,1.0
plfupad7,82819916,30,30,1.0,1.0,1.0
ske58akk,82819916,27,31,1.1481481481481481,1.0,1.0
ovhoesyy,82819916,25,28,1.12,1.0,1.0
3cc6zm51,82819916,30,30,1.0,1.0,1.0
stbyxpx6,82819916,28,28,1.0,1.0,1.0
r24jdhzg,82819916,28,28,1.0,1.0,1.0
hpl7jugr,82819916,28,33,1.1785714285714286,1.0,1.0
nze0azo1,82819916,39,39,1.0,1.0,1.0
r2ck84r8,82819916,25,29,1.16,1.0,1.0
y32zaw9c,82819916,28,28,1.0,1.0,1.0
cuybsfwr,82819916,34,37,1.088235294117647,1.0,1.0
44o5xnxe,82819916,28,28,1.0,1.0,1.0
ihnjt6k4,82819916,36,36,1.0,1.0,1.0
q04yitea,82819916,28,28,1.0,1.0,1.0
02333qfj,82819916,28,28,1.0,1.0,1.0
e2w81k0i,82819916,25,29,1.16,1.0,1.0
hsm45iwx,82819916,30,30,1.0,1.0,1.0
sn10zd6g,82819916,26,31,1.1923076923076923,1.0,1.0
phbjwkyw,82819916,53,109,1.9245283018867925,0.9811320754716981,1.0
szbhlpfr,82819916,56,56,1.0,1.0,1.0
89u58v07,82819916,61,61,1.0,1.0,1.0
icf7bchs,82819916,56,56,1.0,1.0,1.0
bhpug29p,82819916,32,32,1.0,1.0,1.0
l9krayds,82819916,50,50,1.0,1.0,1.0
aqmjput5,82819916,50,50,1.0,1.0,1.0
dmft9d3y,82819916,25,28,1.12,1.0,1.0
6e5gb0yb,82819916,29,29,1.0,1.0,1.0
kmwiem6m,82819916,28,28,1.0,1.0,1.0
d33m799j,82819916,9,26,2.888888888888889,0.8888888888888888,1.0
ikfbpugl,82819916,75,195,2.52,0.9733333333333334,0.994920634920635
cp3b83py,82819916,24,28,1.1666666666666667,1.0,1.0
qothvfhf,82819916,28,28,1.0,1.0,1.0
27d8totr,82819916,28,28,1.0,1.0,1.0
fkx2gd88,82819916,24,28,1.1666666666666667,1.0,1.0
pad0sufd,82819916,28,28,1.0,1.0,1.0
emwp6wq7,82819916,28,28,1.0,1.0,1.0
npr5bsi2,82819916,36,36,1.0,1.0,1.0
ym49wqbn,82819916,28,28,1.0,1.0,1.0
154uk6vm,82819916,1,45,37.0,0.0,1.0
xeu3j3ki,82819916,28,28,1.0,1.0,1.0
5nrjvc7q,82819916,28,28,1.0,1.0,1.0
ol9lky1i,82819916,33,43,1.303030303030303,1.0,1.0
o5qropwk,82819916,28,28,1.0,1.0,1.0
61zahdh9,82819916,62,70,1.1290322580645162,1.0,1.0
bmlngyh3,82819916,34,34,1.0,1.0,1.0
y8mzyzjc,82819916,65,65,1.0,1.0,1.0
cghxa2ie,82819916,27,32,1.1851851851851851,1.0,1.0
clucow7d,82819916,51,51,1.0,1.0,1.0
74l1qvc1,82819916,30,30,1.0,1.0,1.0
byx9jkxm,82819916,39,67,1.7179487179487178,1.0,1.0
j2pjmr32,82819916,28,28,1.0,1.0,1.0
j2dvablb,82819916,25,28,1.12,1.0,1.0
904h81sn,82819916,32,34,1.0625,1.0,1.0
sesf1qnx,82819916,28,28,1.0,1.0,1.0
nhds6zsd,82819916,30,30,1.0,1.0,1.0
vr20hyge,82819916,51,51,1.0,1.0,1.0
jeq3oy2g,82819916,30,30,1.0,1.0,1.0
mrypomny,82819916,28,28,1.0,1.0,1.0
rjanlii9,82819916,30,30,1.0,1.0,1.0
c7ac53of,82819916,5,25,5.0,1.0,1.0
tc5wgx8h,82819916,48,48,1.0,1.0,1.0
648anokh,82819916,28,28,1.0,1.0,1.0
a0w1xgxf,82819916,32,32,1.0,1.0,1.0
lmtka1ev,82819916,25,28,1.12,1.0,1.0
a6jpzpek,82819916,24,28,1.1666666666666667,1.0,1.0
6eyovdd2,82819916,39,39,1.0,1.0,1.0
f1ejz9fy,82819916,28,28,1.0,1.0,1.0
a9gvtd1o,82819916,28,28,1.0,1.0,1.0
e0biso3r,82819916,33,36,1.0909090909090908,1.0,1.0
3irnkhq8,82819916,1,40,31.0,0.0,1.0
4s9g1cze,82819916,38,49,1.2894736842105263,1.0,1.0
l5sagbsh,82819916,28,28,1.0,1.0,1.0
v6jvgdvg,82819916,46,46,1.0,1.0,1.0
ljwskxcq,82819916,24,28,1.1666666666666667,1.0,1.0
zj5uemkt,82819916,28,28,1.0,1.0,1.0
cdo2cmtp,82819916,28,28,1.0,1.0,1.0
uktb326q,82819916,28,28,1.0,1.0,1.0
bw2cwy0m,82819916,28,28,1.0,1.0,1.0
kwy2bqjo,82819916,59,59,1.0,1.0,1.0
qv0yh587,82819916,53,53,1.0,1.0,1.0
t2eyvuxq,82819916,28,28,1.0,1.0,1.0
mlvcv31l,82819916,44,44,1.0,1.0,1.0
o4kkkuj9,82819916,37,37,1.0,1.0,1.0
k8txaw58,82819916,25,28,1.12,1.0,1.0
d1vjrjhc,82819916,24,28,1.1666666666666667,1.0,1.0
s03ed531,82819916,44,44,1.0,1.0,1.0
2j8p9vyz,82819916,27,30,1.1111111111111112,1.0,1.0
wcau806y,82819916,30,30,1.0,1.0,1.0
ni5df01j,82819916,28,28,1.0,1.0,1.0
eyn3wygc,82819916,32,32,1.0,1.0,1.0
ew4oecfi,82819916,25,29,1.16,1.0,1.0
08vqizpx,82819916,28,28,1.0,1.0,1.0
mrwlcmno,82819916,30,30,1.0,1.0,1.0
2tkm21z6,e8593010,28,28,1.0,1.0,1.0
0yfthc4y,e8593010,33,34,1.0303030303030303,1.0,1.0
ei0ij8ms,e8593010,16,30,1.75,1.0,1.0
yfyhejim,e8593010,15,28,1.8666666666666667,1.0,1.0
jayyv6lz,e8593010,21,32,1.4761904761904763,1.0,1.0
qu0lm98m,e8593010,15,28,1.8666666666666667,1.0,1.0
rhbgnqhz,e8593010,28,28,1.0,1.0,1.0
72p6pxny,e8593010,33,44,1.3333333333333333,1.0,1.0
189iqcds,e8593010,15,28,1.8666666666666667,1.0,1.0
mzi8f2hv,e8593010,15,28,1.8666666666666667,1.0,1.0
c2lwacqc,e8593010,28,28,1.0,1.0,1.0
g7svteiz,e8593010,30,30,1.0,1.0,1.0
cw4tyx7n,e8593010,2,2,1.0,1.0,1.0
yc52i3qf,e8593010,20,31,1.5,1.0,1.0
8y2nd2sh,e8593010,16,28,1.75,1.0,1.0
qif0sa3r,e8593010,80,104,1.275,1.0,1.0
ascil7wf,e8593010,33,35,1.0606060606060606,1.0,1.0
aypxap78,e8593010,28,28,1.0,1.0,1.0
l0nln4b2,e8593010,28,28,1.0,1.0,1.0
kck1uue7,e8593010,19,34,1.7894736842105263,1.0,1.0
nx0vccp8,e8593010,28,28,1.0,1.0,1.0
8psac9uo,e8593010,28,28,1.0,1.0,1.0
9pjr0waw,e8593010,28,28,1.0,1.0,1.0
jqeesfz7,e8593010,30,30,1.0,1.0,1.0
xji13cu2,e8593010,16,29,1.75,1.0,1.0
bx44xwzb,e8593010,28,28,1.0,1.0,1.0
o2ho0580,e8593010,11,53,4.7272727272727275,0.9090909090909091,1.0
c9sps7bl,e8593010,17,31,1.7647058823529411,1.0,1.0
g3vslpjv,e8593010,28,28,1.0,1.0,1.0
2d8q4qkc,e8593010,15,28,1.8666666666666667,1.0,1.0
x5id5i5q,e8593010,29,29,1.0,1.0,1.0
qfiy90jx,e8593010,28,28,1.0,1.0,1.0
8oohxrrz,e8593010,15,28,1.8666666666666667,1.0,1.0
kavvl57w,e8593010,28,28,1.0,1.0,1.0
yebzokh4,e8593010,28,28,1.0,1.0,1.0
b73rrttr,e8593010,19,20,1.0526315789473684,1.0,1.0
r99uy0qb,e8593010,28,28,1.0,1.0,1.0
4kl3i3tv,e8593010,15,28,1.8666666666666667,1.0,1.0
idma9086,e8593010,31,31,1.0,1.0,1.0
8d21w3yr,e8593010,31,31,1.0,1.0,1.0
gckdkq1t,e8593010,30,30,1.0,1.0,1.0
318gokyy,e8593010,23,34,1.4782608695652173,1.0,1.0
oxvw1rhx,e8593010,30,30,1.0,1.0,1.0
4j6cy1mk,e8593010,28,28,1.0,1.0,1.0
9ohxtpht,e8593010,22,28,1.2727272727272727,1.0,1.0
w12e497z,e8593010,40,87,2.075,0.975,1.0
hkj9daz7,e8593010,26,28,1.0769230769230769,1.0,1.0
1r6yodve,e8593010,102,102,1.0,1.0,1.0
2anyuqd8,e8593010,28,28,1.0,1.0,1.0
k0qq522n,e8593010,28,28,1.0,1.0,1.0
0wk7vjg8,e8593010,15,28,1.8666666666666667,1.0,1.0
2ke9hbes,e8593010,28,28,1.0,1.0,1.0
9evwb372,e8593010,22,28,1.2727272727272727,1.0,1.0
ya0wv6pm,e8593010,28,28,1.0,1.0,1.0
sp00glmz,e8593010,28,28,1.0,1.0,1.0
mpzcivx9,e8593010,20,28,1.4,1.0,1.0
1qt2f29y,e8593010,29,29,1.0,1.0,1.0
clhkwrie,e8593010,28,28,1.0,1.0,1.0
jx6lhkbi,e8593010,22,28,1.2727272727272727,1.0,1.0
zelqv7az,e8593010,20,28,1.4,1.0,1.0
z8b26ynw,e8593010,15,28,1.8666666666666667,1.0,1.0
cfclud8z,e8593010,28,28,1.0,1.0,1.0
nrfiw9bx,e8593010,15,28,1.8666666666666667,1.0,1.0
xklnx39q,e8593010,15,28,1.8666666666666667,1.0,1.0
pz38obzd,e8593010,30,30,1.0,1.0,1.0
mhskzwic,e8593010,28,28,1.0,1.0,1.0
50nsp39w,e8593010,28,28,1.0,1.0,1.0
8yhijukj,e8593010,15,28,1.8666666666666667,1.0,1.0
z3die4q3,e8593010,15,28,1.8666666666666667,1.0,1.0
8jwr3j6t,e8593010,28,28,1.0,1.0,1.0
om1m73rv,e8593010,36,37,1.0277777777777777,1.0,1.0
7agy8y3l,e8593010,28,28,1.0,1.0,1.0
nqubyvew,e8593010,1,1,1.0,1.0,1.0
mr7lkk46,e8593010,18,28,1.5555555555555556,1.0,1.0
2w766g1z,e8593010,28,28,1.0,1.0,1.0
kkeej6x5,e8593010,23,28,1.2173913043478262,1.0,1.0
f5ktzt2t,e8593010,15,28,1.8666666666666667,1.0,1.0
pcrxo3zp,e8593010,28,28,1.0,1.0,1.0
ler5uq42,e8593010,30,30,1.0,1.0,1.0
4wx63ymf,e8593010,16,28,1.75,1.0,1.0
nfbzvhip,e8593010,28,28,1.0,1.0,1.0
t3l0if03,e8593010,15,28,1.8666666666666667,1.0,1.0
nldu5ge3,e8593010,17,30,1.7647058823529411,1.0,1.0
nsu6cwh4,e8593010,36,36,1.0,1.0,1.0
onnumbyy,e8593010,27,28,1.037037037037037,1.0,1.0
61zahdh9,e8593010,27,28,1.037037037037037,1.0,1.0
5hz183aa,e8593010,2,10,5.0,0.5,1.0
o5qropwk,e8593010,46,46,1.0,1.0,1.0
5nrjvc7q,e8593010,30,30,1.0,1.0,1.0
ym49wqbn,e8593010,15,28,1.8666666666666667,1.0,1.0
npr5bsi2,e8593010,30,30,1.0,1.0,1.0
emwp6wq7,e8593010,28,28,1.0,1.0,1.0
pad0sufd,e8593010,30,30,1.0,1.0,1.0
byx9jkxm,e8593010,17,30,1.7647058823529411,1.0,1.0
clucow7d,e8593010,16,31,1.9375,0.9375,1.0
cghxa2ie,e8593010,17,28,1.6470588235294117,1.0,1.0
3d2as981,e8593010,26,41,1.5384615384615385,1.0,1.0
bmlngyh3,e8593010,15,29,1.8666666666666667,1.0,1.0
6e5gb0yb,e8593010,28,28,1.0,1.0,1.0
dmft9d3y,e8593010,22,29,1.2727272727272727,1.0,1.0
aqmjput5,e8593010,90,107,1.1888888888888889,1.0,1.0
l9krayds,e8593010,47,218,3.106382978723404,1.0,0.9988866897575457
icf7bchs,e8593010,107,107,1.0,1.0,1.0
27d8totr,e8593010,28,28,1.0,1.0,1.0
fkx2gd88,e8593010,15,28,1.8666666666666667,1.0,1.0
qothvfhf,e8593010,28,28,1.0,1.0,1.0
cp3b83py,e8593010,16,28,1.75,1.0,1.0
ikfbpugl,e8593010,23,28,1.2173913043478262,1.0,1.0
d33m799j,e8593010,5,6,1.2,1.0,1.0
kmwiem6m,e8593010,15,28,1.8666666666666667,1.0,1.0
5pds9j1d,e8593010,28,28,1.0,1.0,1.0
02333qfj,e8593010,28,28,1.0,1.0,1.0
q04yitea,e8593010,30,30,1.0,1.0,1.0
qfsp3ery,e8593010,27,28,1.037037037037037,1.0,1.0
44o5xnxe,e8593010,28,28,1.0,1.0,1.0
qkiu92kk,e8593010,28,28,1.0,1.0,1.0
0ra11hiv,e8593010,28,28,1.0,1.0,1.0
cuybsfwr,e8593010,30,30,1.0,1.0,1.0
y32zaw9c,e8593010,28,28,1.0,1.0,1.0
095bdwyc,e8593010,28,28,1.0,1.0,1.0
89u58v07,e8593010,28,28,1.0,1.0,1.0
szbhlpfr,e8593010,43,43,1.0,1.0,1.0
phbjwkyw,e8593010,30,30,1.0,1.0,1.0
sn10zd6g,e8593010,15,28,1.8666666666666667,1.0,1.0
hsm45iwx,e8593010,28,28,1.0,1.0,1.0
4s3cm7d8,e8593010,28,28,1.0,1.0,1.0
e2w81k0i,e8593010,16,28,1.75,1.0,1.0
plfupad7,e8593010,28,30,1.0714285714285714,1.0,1.0
n2et79bd,e8593010,28,28,1.0,1.0,1.0
ism64anu,e8593010,15,28,1.8666666666666667,1.0,1.0
0hrc9vve,e8593010,10,10,1.0,1.0,1.0
zvbewhqx,e8593010,28,28,1.0,1.0,1.0
8aknstxj,e8593010,28,28,1.0,1.0,1.0
c7z6erey,e8593010,40,40,1.0,1.0,1.0
qazkn1sw,e8593010,28,28,1.0,1.0,1.0
f0wpo2hr,e8593010,28,28,1.0,1.0,1.0
nze0azo1,e8593010,28,28,1.0,1.0,1.0
r2ck84r8,e8593010,22,28,1.2727272727272727,0.9090909090909091,1.0
r24jdhzg,e8593010,28,28,1.0,1.0,1.0
3cc6zm51,e8593010,28,28,1.0,1.0,1.0
ske58akk,e8593010,20,28,1.4,1.0,1.0
ovhoesyy,e8593010,30,30,1.0,1.0,1.0
a589fsqz,e8593010,28,28,1.0,1.0,1.0
d1vjrjhc,e8593010,28,28,1.0,1.0,1.0
mlvcv31l,e8593010,28,28,1.0,1.0,1.0
k8txaw58,e8593010,28,28,1.0,1.0,1.0
o4kkkuj9,e8593010,28,28,1.0,1.0,1.0
qv0yh587,e8593010,10,11,1.1,1.0,1.0
mrwlcmno,e8593010,28,28,1.0,1.0,1.0
ew4oecfi,e8593010,15,28,1.8666666666666667,1.0,1.0
ni5df01j,e8593010,30,30,1.0,1.0,1.0
eyn3wygc,e8593010,28,28,1.0,1.0,1.0
2j8p9vyz,e8593010,17,28,1.6470588235294117,1.0,1.0
s03ed531,e8593010,28,28,1.0,1.0,1.0
zj5uemkt,e8593010,28,28,1.0,1.0,1.0
v6jvgdvg,e8593010,28,28,1.0,1.0,1.0
l5sagbsh,e8593010,17,28,1.6470588235294117,1.0,1.0
ljwskxcq,e8593010,15,28,1.8666666666666667,1.0,1.0
3irnkhq8,e8593010,24,34,1.4166666666666667,1.0,1.0
4s9g1cze,e8593010,17,31,1.7647058823529411,1.0,1.0
bw2cwy0m,e8593010,29,30,1.0344827586206897,1.0,1.0
kwy2bqjo,e8593010,30,30,1.0,1.0,1.0
uktb326q,e8593010,22,30,1.3636363636363635,1.0,1.0
zc26r1al,e8593010,28,28,1.0,1.0,1.0
648anokh,e8593010,28,28,1.0,1.0,1.0
tc5wgx8h,e8593010,28,28,1.0,1.0,1.0
8bgj1tsd,e8593010,28,28,1.0,1.0,1.0
c7ac53of,e8593010,2,13,6.0,0.5,1.0
mrypomny,e8593010,28,28,1.0,1.0,1.0
jeq3oy2g,e8593010,28,28,1.0,1.0,1.0
e0biso3r,e8593010,15,28,1.8666666666666667,1.0,1.0
a9gvtd1o,e8593010,29,29,1.0,1.0,1.0
vpxztp7b,e8593010,28,28,1.0,1.0,1.0
f1ejz9fy,e8593010,28,28,1.0,1.0,1.0
6eyovdd2,e8593010,15,28,1.8666666666666667,1.0,1.0
a6jpzpek,e8593010,15,28,1.8666666666666667,1.0,1.0
41kp06jx,e8593010,21,28,1.3333333333333333,1.0,1.0
a0w1xgxf,e8593010,28,28,1.0,1.0,1.0
xasfvnb7,e8593010,28,28,1.0,1.0,1.0
so5k1adg,e8593010,46,46,1.0,1.0,1.0
904h81sn,e8593010,28,28,1.0,1.0,1.0
ce9qdbyh,e8593010,28,28,1.0,1.0,1.0
vr20hyge,e8593010,30,30,1.0,1.0,1.0
nhds6zsd,e8593010,28,28,1.0,1.0,1.0
c9sps7bl,8cb8642d,36,200,4.861111111111111,0.9166666666666666,1.0
bx44xwzb,8cb8642d,116,170,1.3620689655172413,1.0,1.0
o2ho0580,8cb8642d,11,12,1.0909090909090908,1.0,1.0
2d8q4qkc,8cb8642d,48,175,3.2083333333333335,1.0,1.0
g3vslpjv,8cb8642d,72,214,2.861111111111111,0.9861111111111112,1.0
8oohxrrz,8cb8642d,57,58,1.0175438596491229,1.0,1.0
qfiy90jx,8cb8642d,81,162,1.9876543209876543,1.0,1.0
yebzokh4,8cb8642d,164,164,1.0,1.0,1.0
b73rrttr,8cb8642d,24,24,1.0,1.0,1.0
0fy66fv2,8cb8642d,111,111,1.0,1.0,1.0
idma9086,8cb8642d,60,227,3.566666666666667,1.0,1.0
r99uy0qb,8cb8642d,3,11,3.6666666666666665,0.3333333333333333,1.0
8y2nd2sh,8cb8642d,65,181,2.6,0.9538461538461539,1.0
ascil7wf,8cb8642d,144,260,1.6736111111111112,1.0,1.0
l0nln4b2,8cb8642d,93,164,1.7634408602150538,1.0,1.0
aypxap78,8cb8642d,118,174,1.4152542372881356,0.9915254237288136,1.0
nx0vccp8,8cb8642d,48,48,1.0,1.0,1.0
8psac9uo,8cb8642d,72,261,3.1944444444444446,0.9861111111111112,1.0
kck1uue7,8cb8642d,65,216,3.0923076923076924,0.9692307692307692,1.0
9pjr0waw,8cb8642d,4,4,1.0,1.0,1.0
jqeesfz7,8cb8642d,175,181,1.0342857142857143,0.9942857142857143,1.0
hd5k29qy,8cb8642d,82,216,2.341463414634146,0.9878048780487805,1.0
72p6pxny,8cb8642d,45,234,4.4,1.0,1.0
rhbgnqhz,8cb8642d,99,188,1.7878787878787878,0.98989898989899,1.0
fgxp8fzz,8cb8642d,69,191,2.5652173913043477,1.0,1.0
mzi8f2hv,8cb8642d,48,211,4.229166666666667,1.0,1.0
cw4tyx7n,8cb8642d,101,166,1.6336633663366336,1.0,1.0
g7svteiz,8cb8642d,87,154,1.7701149425287357,0.9655172413793104,1.0
c2lwacqc,8cb8642d,99,164,1.6262626262626263,1.0,1.0
2tkm21z6,8cb8642d,196,196,1.0,1.0,1.0
ei0ij8ms,8cb8642d,103,199,1.8932038834951457,1.0,1.0
0yfthc4y,8cb8642d,70,251,3.0285714285714285,0.9714285714285714,1.0
yfyhejim,8cb8642d,66,179,2.4393939393939394,0.9696969696969697,1.0
jayyv6lz,8cb8642d,42,246,4.714285714285714,1.0,1.0
qu0lm98m,8cb8642d,46,253,5.043478260869565,0.9347826086956522,1.0
ldo5smvx,8cb8642d,16,19,1.1875,1.0,1.0
2w766g1z,8cb8642d,59,222,3.3220338983050848,1.0,1.0
mr7lkk46,8cb8642d,141,300,2.0,0.9929078014184397,1.0
f5ktzt2t,8cb8642d,42,234,4.642857142857143,1.0,1.0
kkeej6x5,8cb8642d,55,222,3.5636363636363635,1.0,1.0
bcyhma9y,8cb8642d,35,35,1.0,1.0,1.0
4wx63ymf,8cb8642d,49,233,4.428571428571429,0.9795918367346939,1.0
ler5uq42,8cb8642d,183,183,1.0,1.0,1.0
nldu5ge3,8cb8642d,85,162,1.811764705882353,0.9764705882352941,1.0
t3l0if03,8cb8642d,47,104,1.9787234042553192,1.0,1.0
m63pxnwq,8cb8642d,31,31,1.0,1.0,1.0
onnumbyy,8cb8642d,90,237,2.477777777777778,0.9333333333333333,1.0
nrfiw9bx,8cb8642d,66,183,2.5303030303030303,0.9848484848484849,1.0
pz38obzd,8cb8642d,92,161,1.7173913043478262,1.0,1.0
50nsp39w,8cb8642d,65,264,3.7846153846153845,0.9846153846153847,1.0
mhskzwic,8cb8642d,110,182,1.6363636363636365,0.9818181818181818,1.0
8jwr3j6t,8cb8642d,52,134,2.25,1.0,1.0
z3die4q3,8cb8642d,52,176,3.0,1.0,1.0
vbwguazj,8cb8642d,112,161,1.4375,1.0,1.0
7agy8y3l,8cb8642d,200,204,1.02,1.0,1.0
om1m73rv,8cb8642d,100,196,1.94,0.97,1.0
ya0wv6pm,8cb8642d,87,174,1.839080459770115,1.0,1.0
sp00glmz,8cb8642d,40,40,1.0,1.0,1.0
1qt2f29y,8cb8642d,173,178,1.0289017341040463,0.9942196531791907,1.0
clhkwrie,8cb8642d,55,215,3.727272727272727,0.9818181818181818,1.0
mpzcivx9,8cb8642d,42,238,4.833333333333333,1.0,1.0
jx6lhkbi,8cb8642d,66,202,2.757575757575758,1.0,1.0
z8b26ynw,8cb8642d,56,169,2.75,1.0,1.0
zelqv7az,8cb8642d,46,209,4.369565217391305,1.0,1.0
cfclud8z,8cb8642d,72,165,2.138888888888889,1.0,1.0
8d21w3yr,8cb8642d,101,288,2.4257425742574257,1.0,1.0
fl73adm5,8cb8642d,51,294,4.627450980392157,0.9803921568627451,1.0
4j6cy1mk,8cb8642d,159,164,1.0314465408805031,1.0,1.0
oxvw1rhx,8cb8642d,171,202,1.152046783625731,1.0,1.0
w12e497z,8cb8642d,10,326,27.8,1.0,1.0
9ohxtpht,8cb8642d,73,154,2.1095890410958904,1.0,1.0
hkj9daz7,8cb8642d,40,233,5.05,1.0,1.0
zfeorjum,8cb8642d,110,230,1.9272727272727272,0.990909090909091,1.0
k0qq522n,8cb8642d,147,156,1.0612244897959184,1.0,1.0
2anyuqd8,8cb8642d,158,158,1.0,1.0,1.0
1r6yodve,8cb8642d,149,149,1.0,1.0,1.0
0wk7vjg8,8cb8642d,59,228,3.711864406779661,0.9830508474576272,1.0
ism64anu,8cb8642d,43,223,4.627906976744186,1.0,1.0
plfupad7,8cb8642d,110,261,2.2,0.9636363636363636,1.0
zvbewhqx,8cb8642d,87,176,1.8850574712643677,1.0,1.0
8aknstxj,8cb8642d,100,178,1.74,1.0,1.0
c7z6erey,8cb8642d,77,157,2.0,1.0,1.0
f0wpo2hr,8cb8642d,134,158,1.1791044776119404,1.0,1.0
qazkn1sw,8cb8642d,245,286,1.1673469387755102,0.9877551020408163,1.0
hpl7jugr,8cb8642d,51,186,3.019607843137255,1.0,1.0
nze0azo1,8cb8642d,108,188,1.6574074074074074,1.0,1.0
r2ck84r8,8cb8642d,122,198,1.5901639344262295,1.0,1.0
r24jdhzg,8cb8642d,145,160,1.096551724137931,1.0,1.0
ske58akk,8cb8642d,49,240,4.244897959183674,1.0,1.0
ovhoesyy,8cb8642d,78,157,2.0128205128205128,0.9487179487179487,1.0
3cc6zm51,8cb8642d,95,311,2.1789473684210527,1.0,1.0
qfsp3ery,8cb8642d,155,181,1.1548387096774193,1.0,1.0
02333qfj,8cb8642d,47,47,1.0,1.0,1.0
44o5xnxe,8cb8642d,80,155,1.925,1.0,1.0
ihnjt6k4,8cb8642d,54,54,1.0,1.0,1.0
cuybsfwr,8cb8642d,18,18,1.0,1.0,1.0
0ra11hiv,8cb8642d,191,191,1.0,1.0,1.0
89u58v07,8cb8642d,45,245,4.355555555555555,1.0,1.0
095bdwyc,8cb8642d,22,22,1.0,1.0,1.0
phbjwkyw,8cb8642d,73,175,2.3424657534246576,1.0,1.0
szbhlpfr,8cb8642d,107,173,1.5700934579439252,1.0,1.0
sn10zd6g,8cb8642d,92,184,1.9673913043478262,1.0,1.0
e2w81k0i,8cb8642d,60,189,2.6666666666666665,1.0,1.0
4s3cm7d8,8cb8642d,4,4,1.0,1.0,1.0
hsm45iwx,8cb8642d,63,183,2.5396825396825395,1.0,1.0
6e5gb0yb,8cb8642d,48,264,4.666666666666667,1.0,1.0
dmft9d3y,8cb8642d,104,191,1.8173076923076923,0.9903846153846154,1.0
aqmjput5,8cb8642d,171,427,2.280701754385965,0.9766081871345029,0.9964912280701754
l9krayds,8cb8642d,140,376,2.4571428571428573,0.9928571428571429,1.0
icf7bchs,8cb8642d,148,193,1.2702702702702702,0.9864864864864865,0.9983108108108109
91fk0af9,8cb8642d,33,33,1.0,1.0,1.0
qothvfhf,8cb8642d,155,155,1.0,1.0,1.0
27d8totr,8cb8642d,89,159,1.7303370786516854,0.9887640449438202,1.0
fkx2gd88,8cb8642d,49,179,3.183673469387755,1.0,1.0
cp3b83py,8cb8642d,76,159,2.039473684210526,0.9736842105263158,1.0
d33m799j,8cb8642d,4,69,14.25,0.75,1.0
kmwiem6m,8cb8642d,35,289,5.485714285714286,1.0,1.0
61zahdh9,8cb8642d,62,202,3.1129032258064515,0.9838709677419355,1.0
5nrjvc7q,8cb8642d,150,181,1.2066666666666668,1.0,1.0
ol9lky1i,8cb8642d,151,169,1.1125827814569536,1.0,1.0
o5qropwk,8cb8642d,173,175,1.0115606936416186,1.0,1.0
npr5bsi2,8cb8642d,168,168,1.0,1.0,1.0
ym49wqbn,8cb8642d,137,297,2.0875912408759123,0.9927007299270073,1.0
pad0sufd,8cb8642d,45,201,4.355555555555555,1.0,1.0
emwp6wq7,8cb8642d,63,225,3.3968253968253967,1.0,1.0
74l1qvc1,8cb8642d,101,157,1.386138613861386,1.0,1.0
3d2as981,8cb8642d,77,211,2.3896103896103895,1.0,1.0
cghxa2ie,8cb8642d,58,184,2.8275862068965516,0.9827586206896551,1.0
clucow7d,8cb8642d,78,241,2.5641025641025643,0.9871794871794872,1.0
bmlngyh3,8cb8642d,212,277,1.2075471698113207,1.0,1.0
sesf1qnx,8cb8642d,57,267,3.5789473684210527,0.9473684210526315,0.9964364035087719
j2dvablb,8cb8642d,74,175,2.2567567567567566,0.9864864864864865,1.0
904h81sn,8cb8642d,86,161,1.813953488372093,1.0,1.0
so5k1adg,8cb8642d,182,182,1.0,1.0,1.0
nhds6zsd,8cb8642d,62,210,3.2096774193548385,0.9838709677419355,1.0
vr20hyge,8cb8642d,2,2,1.0,1.0,1.0
4stfwpke,8cb8642d,92,174,1.8369565217391304,0.9891304347826086,1.0
qqqzakmg,8cb8642d,1,21,21.0,0.0,1.0
648anokh,8cb8642d,76,170,2.026315789473684,1.0,1.0
tc5wgx8h,8cb8642d,50,206,3.92,1.0,1.0
jeq3oy2g,8cb8642d,2,74,33.5,0.0,1.0
mrypomny,8cb8642d,134,173,1.2014925373134329,1.0,1.0
rjanlii9,8cb8642d,32,37,1.15625,0.96875,1.0
c7ac53of,8cb8642d,3,24,8.0,0.0,1.0
a9gvtd1o,8cb8642d,53,62,1.169811320754717,1.0,1.0
e0biso3r,8cb8642d,121,157,1.2975206611570247,1.0,1.0
f1ejz9fy,8cb8642d,63,235,3.4444444444444446,1.0,1.0
vpxztp7b,8cb8642d,62,166,2.4838709677419355,1.0,1.0
6eyovdd2,8cb8642d,65,247,3.3230769230769233,1.0,1.0
a6jpzpek,8cb8642d,33,244,5.666666666666667,1.0,1.0
41kp06jx,8cb8642d,4,4,1.0,1.0,1.0
lmtka1ev,8cb8642d,52,183,3.0,1.0,1.0
zj5uemkt,8cb8642d,162,162,1.0,1.0,1.0
3irnkhq8,8cb8642d,74,175,2.1621621621621623,1.0,1.0
4s9g1cze,8cb8642d,43,313,4.511627906976744,1.0,1.0
v6jvgdvg,8cb8642d,10,10,1.0,1.0,1.0
l5sagbsh,8cb8642d,101,157,1.5346534653465347,0.9900990099009901,1.0
ljwskxcq,8cb8642d,83,271,2.6867469879518073,1.0,1.0
kwy2bqjo,8cb8642d,71,185,2.408450704225352,1.0,1.0
uktb326q,8cb8642d,55,249,3.4909090909090907,0.9818181818181818,1.0
cdo2cmtp,8cb8642d,198,199,1.005050505050505,1.0,1.0
a589fsqz,8cb8642d,156,203,1.3012820512820513,1.0,1.0
mlvcv31l,8cb8642d,51,177,3.0588235294117645,1.0,1.0
o4kkkuj9,8cb8642d,57,243,3.7017543859649122,1.0,1.0
k8txaw58,8cb8642d,51,220,4.2745098039215685,1.0,1.0
qv0yh587,8cb8642d,3,3,1.0,1.0,1.0
t2eyvuxq,8cb8642d,70,206,2.857142857142857,1.0,1.0
ew4oecfi,8cb8642d,67,158,2.3582089552238807,1.0,1.0
mrwlcmno,8cb8642d,182,182,1.0,1.0,1.0
ni5df01j,8cb8642d,18,24,1.3333333333333333,0.8888888888888888,1.0
eyn3wygc,8cb8642d,85,241,2.4352941176470586,1.0,1.0
wcau806y,8cb8642d,117,154,1.3162393162393162,0.9914529914529915,1.0
s03ed531,8cb8642d,135,135,1.0,1.0,1.0
2j8p9vyz,8cb8642d,67,158,2.328358208955224,1.0,1.0
44o5xnxe,ce9e57f2,8,12,1.5,1.0,1.0
qkiu92kk,ce9e57f2,12,12,1.0,1.0,1.0
02333qfj,ce9e57f2,6,12,2.0,0.8333333333333334,1.0
q04yitea,ce9e57f2,12,12,1.0,1.0,1.0
qfsp3ery,ce9e57f2,12,12,1.0,1.0,1.0
y32zaw9c,ce9e57f2,12,12,1.0,1.0,1.0
cuybsfwr,ce9e57f2,15,34,2.066666666666667,1.0,1.0
szbhlpfr,ce9e57f2,14,18,1.2857142857142858,0.9285714285714286,1.0
phbjwkyw,ce9e57f2,14,14,1.0,1.0,1.0
89u58v07,ce9e57f2,5,12,2.4,1.0,1.0
4s3cm7d8,ce9e57f2,13,14,1.0,1.0,1.0
e2w81k0i,ce9e57f2,6,12,2.0,1.0,1.0
sn10zd6g,ce9e57f2,31,61,1.8387096774193548,1.0,1.0
0hrc9vve,ce9e57f2,4,27,6.5,1.0,1.0
zvbewhqx,ce9e57f2,12,12,1.0,1.0,1.0
plfupad7,ce9e57f2,9,15,1.6666666666666667,1.0,1.0
ism64anu,ce9e57f2,6,17,2.5,1.0,1.0
n2et79bd,ce9e57f2,4,12,3.0,1.0,1.0
qazkn1sw,ce9e57f2,3,3,1.0,1.0,1.0
f0wpo2hr,ce9e57f2,4,12,3.0,1.0,1.0
8aknstxj,ce9e57f2,11,11,1.0,1.0,1.0
c7z6erey,ce9e57f2,4,12,3.0,1.0,1.0
r2ck84r8,ce9e57f2,7,13,1.8571428571428572,1.0,1.0
nze0azo1,ce9e57f2,12,12,1.0,1.0,1.0
hpl7jugr,ce9e57f2,5,12,2.4,1.0,1.0
3cc6zm51,ce9e57f2,17,17,1.0,1.0,1.0
ovhoesyy,ce9e57f2,8,15,1.875,1.0,1.0
ske58akk,ce9e57f2,4,12,3.0,1.0,1.0
r24jdhzg,ce9e57f2,14,14,1.0,1.0,1.0
stbyxpx6,ce9e57f2,5,24,4.0,1.0,1.0
o5qropwk,ce9e57f2,11,11,1.0,1.0,1.0
ol9lky1i,ce9e57f2,11,12,1.0909090909090908,1.0,1.0
5nrjvc7q,ce9e57f2,12,12,1.0,1.0,1.0
61zahdh9,ce9e57f2,12,12,1.0,1.0,1.0
5hz183aa,ce9e57f2,1,13,13.0,0.0,1.0
emwp6wq7,ce9e57f2,11,11,1.0,1.0,1.0
pad0sufd,ce9e57f2,12,12,1.0,1.0,1.0
xeu3j3ki,ce9e57f2,1,1,1.0,1.0,1.0
154uk6vm,ce9e57f2,13,13,1.0,1.0,1.0
ym49wqbn,ce9e57f2,22,64,2.8636363636363638,1.0,1.0
npr5bsi2,ce9e57f2,12,12,1.0,1.0,1.0
byx9jkxm,ce9e57f2,8,12,1.5,1.0,1.0
74l1qvc1,ce9e57f2,18,18,1.0,1.0,1.0
j2pjmr32,ce9e57f2,31,31,1.0,1.0,1.0
bmlngyh3,ce9e57f2,8,12,1.5,1.0,1.0
clucow7d,ce9e57f2,7,12,1.7142857142857142,1.0,1.0
3d2as981,ce9e57f2,5,13,2.4,1.0,1.0
dmft9d3y,ce9e57f2,19,20,1.0526315789473684,1.0,1.0
pgtp756s,ce9e57f2,9,10,1.0,1.0,1.0
6e5gb0yb,ce9e57f2,7,12,1.7142857142857142,0.8571428571428571,1.0
icf7bchs,ce9e57f2,25,42,1.68,0.96,1.0
aqmjput5,ce9e57f2,12,12,1.0,1.0,1.0
l9krayds,ce9e57f2,28,49,1.6071428571428572,1.0,1.0
f5ohsl5h,ce9e57f2,4,12,3.0,1.0,1.0
cp3b83py,ce9e57f2,8,12,1.5,1.0,1.0
fkx2gd88,ce9e57f2,4,15,3.0,1.0,1.0
27d8totr,ce9e57f2,12,12,1.0,1.0,1.0
qothvfhf,ce9e57f2,16,16,1.0,1.0,1.0
91fk0af9,ce9e57f2,12,12,1.0,1.0,1.0
kmwiem6m,ce9e57f2,6,12,2.0,1.0,1.0
5pds9j1d,ce9e57f2,12,12,1.0,1.0,1.0
ikfbpugl,ce9e57f2,18,23,1.2777777777777777,1.0,1.0
d33m799j,ce9e57f2,1,23,21.0,0.0,1.0
648anokh,ce9e57f2,12,12,1.0,1.0,1.0
qqqzakmg,ce9e57f2,9,47,5.111111111111111,0.7777777777777778,1.0
c7ac53of,ce9e57f2,38,38,1.0,1.0,1.0
rjanlii9,ce9e57f2,5,15,3.0,1.0,1.0
mrypomny,ce9e57f2,12,12,1.0,1.0,1.0
jeq3oy2g,ce9e57f2,4,13,3.25,1.0,1.0
tc5wgx8h,ce9e57f2,5,14,2.8,1.0,1.0
8bgj1tsd,ce9e57f2,12,12,1.0,1.0,1.0
vpxztp7b,ce9e57f2,12,12,1.0,1.0,1.0
f1ejz9fy,ce9e57f2,17,17,1.0,1.0,1.0
e0biso3r,ce9e57f2,12,12,1.0,1.0,1.0
a9gvtd1o,ce9e57f2,25,26,1.0,1.0,1.0
lmtka1ev,ce9e57f2,4,13,3.0,1.0,1.0
41kp06jx,ce9e57f2,10,14,1.4,1.0,1.0
a0w1xgxf,ce9e57f2,8,15,1.875,1.0,1.0
6eyovdd2,ce9e57f2,10,20,2.0,1.0,1.0
a6jpzpek,ce9e57f2,5,14,2.8,1.0,1.0
xasfvnb7,ce9e57f2,12,12,1.0,1.0,1.0
ce9qdbyh,ce9e57f2,10,10,1.0,1.0,1.0
03ljcqhc,ce9e57f2,12,47,3.5,1.0,1.0
so5k1adg,ce9e57f2,22,22,1.0,1.0,1.0
904h81sn,ce9e57f2,12,12,1.0,1.0,1.0
j2dvablb,ce9e57f2,4,12,3.0,1.0,1.0
vr20hyge,ce9e57f2,19,19,1.0,1.0,1.0
nhds6zsd,ce9e57f2,17,17,1.0,1.0,1.0
d1vjrjhc,ce9e57f2,4,12,3.0,1.0,1.0
k8txaw58,ce9e57f2,4,12,3.0,1.0,1.0
o4kkkuj9,ce9e57f2,26,26,1.0,1.0,1.0
mlvcv31l,ce9e57f2,4,12,3.0,1.0,1.0
a589fsqz,ce9e57f2,12,22,1.8333333333333333,0.9166666666666666,1.0
t2eyvuxq,ce9e57f2,6,11,1.8333333333333333,1.0,1.0
qv0yh587,ce9e57f2,13,13,1.0,1.0,1.0
eyn3wygc,ce9e57f2,12,12,1.0,1.0,1.0
ni5df01j,ce9e57f2,8,8,1.0,1.0,1.0
mrwlcmno,ce9e57f2,26,26,1.0,1.0,1.0
ew4oecfi,ce9e57f2,7,12,1.7142857142857142,1.0,1.0
2j8p9vyz,ce9e57f2,7,13,1.8571428571428572,1.0,1.0
6p8vl3lk,ce9e57f2,31,31,1.0,1.0,1.0
s03ed531,ce9e57f2,8,8,1.0,1.0,1.0
wcau806y,ce9e57f2,7,17,2.4285714285714284,1.0,1.0
zj5uemkt,ce9e57f2,13,14,1.0,1.0,1.0
ljwskxcq,ce9e57f2,7,16,2.2857142857142856,1.0,1.0
v6jvgdvg,ce9e57f2,26,26,1.0,1.0,1.0
l5sagbsh,ce9e57f2,12,12,1.0,1.0,1.0
4s9g1cze,ce9e57f2,8,24,2.875,1.0,1.0
3irnkhq8,ce9e57f2,14,14,1.0,1.0,1.0
uktb326q,ce9e57f2,12,12,1.0,1.0,1.0
kwy2bqjo,ce9e57f2,12,12,1.0,1.0,1.0
bw2cwy0m,ce9e57f2,12,12,1.0,1.0,1.0
cdo2cmtp,ce9e57f2,12,12,1.0,1.0,1.0
8y2nd2sh,ce9e57f2,8,14,1.75,1.0,1.0
aypxap78,ce9e57f2,5,12,2.4,0.8,1.0
l0nln4b2,ce9e57f2,12,12,1.0,1.0,1.0
ascil7wf,ce9e57f2,14,14,1.0,1.0,1.0
9pjr0waw,ce9e57f2,15,15,1.0,1.0,1.0
kck1uue7,ce9e57f2,7,18,2.5714285714285716,1.0,1.0
8psac9uo,ce9e57f2,25,26,1.04,1.0,1.0
nx0vccp8,ce9e57f2,12,12,1.0,1.0,1.0
jqeesfz7,ce9e57f2,12,12,1.0,1.0,1.0
2d8q4qkc,ce9e57f2,4,12,3.0,1.0,1.0
bx44xwzb,ce9e57f2,17,40,2.235294117647059,1.0,1.0
o2ho0580,ce9e57f2,15,29,1.9333333333333333,0.9333333333333333,1.0
c9sps7bl,ce9e57f2,5,14,2.8,1.0,1.0
qfiy90jx,ce9e57f2,5,12,2.4,1.0,1.0
8oohxrrz,ce9e57f2,5,12,2.4,1.0,1.0
x5id5i5q,ce9e57f2,1,1,1.0,1.0,1.0
yebzokh4,ce9e57f2,13,13,1.0,1.0,1.0
kavvl57w,ce9e57f2,4,12,3.0,1.0,1.0
idma9086,ce9e57f2,12,12,1.0,1.0,1.0
4kl3i3tv,ce9e57f2,18,18,1.0,1.0,1.0
0fy66fv2,ce9e57f2,38,38,1.0,1.0,1.0
b73rrttr,ce9e57f2,12,12,1.0,1.0,1.0
7nszfy43,ce9e57f2,6,10,1.6666666666666667,1.0,1.0
0yfthc4y,ce9e57f2,22,22,1.0,1.0,1.0
ei0ij8ms,ce9e57f2,9,12,1.3333333333333333,1.0,1.0
2tkm21z6,ce9e57f2,12,12,1.0,1.0,1.0
9wkeb5tu,ce9e57f2,4,12,3.0,1.0,1.0
yfyhejim,ce9e57f2,5,12,2.4,1.0,1.0
jayyv6lz,ce9e57f2,12,12,1.0,1.0,1.0
qu0lm98m,ce9e57f2,12,12,1.0,1.0,1.0
ldo5smvx,ce9e57f2,5,11,2.2,1.0,1.0
rhbgnqhz,ce9e57f2,7,12,1.7142857142857142,0.8571428571428571,1.0
72p6pxny,ce9e57f2,5,12,2.4,0.8,1.0
hd5k29qy,ce9e57f2,18,18,1.0,1.0,1.0
gkse9wdn,ce9e57f2,12,12,1.0,1.0,1.0
mzi8f2hv,ce9e57f2,12,15,1.25,0.9166666666666666,1.0
fgxp8fzz,ce9e57f2,3,10,3.3333333333333335,1.0,1.0
yc52i3qf,ce9e57f2,11,12,1.0909090909090908,1.0,1.0
c2lwacqc,ce9e57f2,13,16,1.0769230769230769,0.9230769230769231,0.9615384615384616
g7svteiz,ce9e57f2,16,16,1.0,1.0,1.0
nrfiw9bx,ce9e57f2,9,19,2.111111111111111,1.0,1.0
xklnx39q,ce9e57f2,5,11,2.2,1.0,1.0
pz38obzd,ce9e57f2,12,12,1.0,1.0,1.0
z3die4q3,ce9e57f2,7,12,1.7142857142857142,1.0,1.0
8jwr3j6t,ce9e57f2,12,12,1.0,1.0,1.0
mhskzwic,ce9e57f2,12,12,1.0,1.0,1.0
50nsp39w,ce9e57f2,12,12,1.0,1.0,1.0
om1m73rv,ce9e57f2,12,12,1.0,1.0,1.0
o1t1fb7j,ce9e57f2,8,8,1.0,1.0,1.0
7agy8y3l,ce9e57f2,12,12,1.0,1.0,1.0
vbwguazj,ce9e57f2,12,12,1.0,1.0,1.0
5vv1rrzw,ce9e57f2,25,25,1.0,1.0,1.0
mr7lkk46,ce9e57f2,14,14,1.0,1.0,1.0
2w766g1z,ce9e57f2,12,12,1.0,1.0,1.0
nqubyvew,ce9e57f2,11,14,1.1818181818181819,1.0,1.0
bcyhma9y,ce9e57f2,19,19,1.0,1.0,1.0
kkeej6x5,ce9e57f2,12,12,1.0,1.0,1.0
f5ktzt2t,ce9e57f2,5,13,2.6,1.0,1.0
pcrxo3zp,ce9e57f2,5,14,2.8,1.0,1.0
t3l0if03,ce9e57f2,8,17,2.125,1.0,1.0
nldu5ge3,ce9e57f2,12,12,1.0,1.0,1.0
ler5uq42,ce9e57f2,14,14,1.0,1.0,1.0
nfbzvhip,ce9e57f2,1,1,1.0,1.0,1.0
4wx63ymf,ce9e57f2,7,52,6.142857142857143,0.8571428571428571,1.0
m63pxnwq,ce9e57f2,12,12,1.0,1.0,1.0
318gokyy,ce9e57f2,9,12,1.3333333333333333,1.0,1.0
fl73adm5,ce9e57f2,4,12,3.0,1.0,1.0
4j6cy1mk,ce9e57f2,11,11,1.0,1.0,1.0
8d21w3yr,ce9e57f2,12,12,1.0,1.0,1.0
hkj9daz7,ce9e57f2,8,12,1.5,1.0,1.0
zfeorjum,ce9e57f2,12,12,1.0,1.0,1.0
9ohxtpht,ce9e57f2,11,11,1.0,1.0,1.0
w12e497z,ce9e57f2,16,89,4.3125,0.875,0.9744047619047619
0wk7vjg8,ce9e57f2,14,43,2.5,0.9285714285714286,0.9875776397515528
1r6yodve,ce9e57f2,33,33,1.0,1.0,1.0
cbvc5e3w,ce9e57f2,33,33,1.0,1.0,1.0
k0qq522n,ce9e57f2,1,1,1.0,1.0,1.0
9evwb372,ce9e57f2,7,12,1.7142857142857142,1.0,1.0
2ke9hbes,ce9e57f2,13,13,1.0,1.0,1.0
ya0wv6pm,ce9e57f2,12,12,1.0,1.0,1.0
mpzcivx9,ce9e57f2,4,12,3.0,1.0,1.0
1qt2f29y,ce9e57f2,12,12,1.0,1.0,1.0
clhkwrie,ce9e57f2,10,13,1.3,1.0,1.0
sp00glmz,ce9e57f2,14,14,1.0,1.0,1.0
jx6lhkbi,ce9e57f2,13,13,1.0,1.0,1.0
cfclud8z,ce9e57f2,14,14,1.0,1.0,1.0
z8b26ynw,ce9e57f2,5,12,2.4,1.0,1.0
cfclud8z,7df24a62,12,77,5.583333333333333,1.0,1.0
zelqv7az,7df24a62,39,39,1.0,1.0,1.0
z8b26ynw,7df24a62,7,42,5.571428571428571,1.0,1.0
jx6lhkbi,7df24a62,3,46,13.666666666666666,1.0,1.0
mpzcivx9,7df24a62,6,41,6.666666666666667,1.0,1.0
clhkwrie,7df24a62,25,48,1.92,1.0,1.0
1qt2f29y,7df24a62,39,39,1.0,1.0,1.0
sp00glmz,7df24a62,42,42,1.0,1.0,1.0
2ke9hbes,7df24a62,8,45,5.375,1.0,1.0
9evwb372,7df24a62,7,52,7.0,1.0,1.0
ya0wv6pm,7df24a62,25,56,1.76,1.0,1.0
0wk7vjg8,7df24a62,12,39,3.25,0.9166666666666666,1.0
1r6yodve,7df24a62,110,110,1.0,1.0,1.0
k0qq522n,7df24a62,24,25,1.0416666666666667,1.0,1.0
zfeorjum,7df24a62,6,49,6.666666666666667,1.0,1.0
hkj9daz7,7df24a62,6,47,6.833333333333333,1.0,1.0
9ohxtpht,7df24a62,9,39,4.333333333333333,1.0,1.0
w12e497z,7df24a62,29,54,1.8620689655172413,1.0,1.0
oxvw1rhx,7df24a62,89,91,1.0224719101123596,1.0,1.0
4j6cy1mk,7df24a62,21,43,2.0476190476190474,1.0,1.0
fl73adm5,7df24a62,2,43,19.5,1.0,1.0
8d21w3yr,7df24a62,44,44,1.0,1.0,1.0
onnumbyy,7df24a62,40,40,1.0,1.0,1.0
m63pxnwq,7df24a62,14,42,2.857142857142857,0.9285714285714286,1.0
t3l0if03,7df24a62,3,45,13.0,1.0,1.0
nldu5ge3,7df24a62,14,55,3.9285714285714284,1.0,1.0
ler5uq42,7df24a62,42,42,1.0,1.0,1.0
4wx63ymf,7df24a62,10,39,3.9,1.0,1.0
bcyhma9y,7df24a62,41,41,1.0,1.0,1.0
kkeej6x5,7df24a62,39,39,1.0,1.0,1.0
f5ktzt2t,7df24a62,8,49,5.5,1.0,1.0
mr7lkk46,7df24a62,7,47,6.142857142857143,1.0,1.0
2w766g1z,7df24a62,7,40,5.571428571428571,1.0,1.0
nqubyvew,7df24a62,15,42,2.6666666666666665,1.0,1.0
om1m73rv,7df24a62,5,42,8.4,1.0,1.0
7agy8y3l,7df24a62,14,39,2.7857142857142856,1.0,1.0
vbwguazj,7df24a62,13,41,3.076923076923077,1.0,1.0
z3die4q3,7df24a62,2,45,19.5,1.0,1.0
8jwr3j6t,7df24a62,21,46,2.0952380952380953,1.0,1.0
p445h6ow,7df24a62,11,48,4.090909090909091,0.9090909090909091,1.0
mhskzwic,7df24a62,17,39,2.2941176470588234,1.0,1.0
50nsp39w,7df24a62,46,72,1.4782608695652173,0.9782608695652174,1.0
8yhijukj,7df24a62,7,28,4.0,1.0,1.0
xklnx39q,7df24a62,17,108,5.9411764705882355,0.9411764705882353,1.0
pz38obzd,7df24a62,16,39,2.4375,1.0,1.0
nrfiw9bx,7df24a62,7,44,5.571428571428571,1.0,1.0
yc52i3qf,7df24a62,4,41,9.75,1.0,1.0
c2lwacqc,7df24a62,11,49,4.090909090909091,0.9090909090909091,1.0
g7svteiz,7df24a62,42,42,1.0,1.0,1.0
cw4tyx7n,7df24a62,1,1,1.0,1.0,1.0
189iqcds,7df24a62,2,46,19.5,1.0,1.0
mzi8f2hv,7df24a62,8,41,4.875,1.0,1.0
xgvto4mg,7df24a62,206,206,1.0,1.0,1.0
rhbgnqhz,7df24a62,2,44,19.5,1.0,1.0
72p6pxny,7df24a62,10,81,7.9,0.9,1.0
hd5k29qy,7df24a62,26,145,5.423076923076923,0.9615384615384616,1.0
ldo5smvx,7df24a62,12,50,3.75,1.0,1.0
jayyv6lz,7df24a62,36,40,1.1111111111111112,1.0,1.0
yfyhejim,7df24a62,3,45,13.0,1.0,1.0
0yfthc4y,7df24a62,43,43,1.0,1.0,1.0
ei0ij8ms,7df24a62,6,41,6.666666666666667,1.0,1.0
2tkm21z6,7df24a62,40,40,1.0,1.0,1.0
r99uy0qb,7df24a62,3,10,3.3333333333333335,0.3333333333333333,1.0
idma9086,7df24a62,40,43,1.075,1.0,1.0
0fy66fv2,7df24a62,29,29,1.0,1.0,1.0
b73rrttr,7df24a62,6,6,1.0,1.0,1.0
yebzokh4,7df24a62,83,83,1.0,1.0,1.0
kavvl57w,7df24a62,8,41,4.875,1.0,1.0
qfiy90jx,7df24a62,11,41,3.6363636363636362,1.0,1.0
8oohxrrz,7df24a62,8,80,9.25,1.0,1.0
x5id5i5q,7df24a62,1,1,1.0,1.0,1.0
g3vslpjv,7df24a62,9,40,4.333333333333333,1.0,1.0
2d8q4qkc,7df24a62,3,50,13.666666666666666,1.0,1.0
o2ho0580,7df24a62,37,40,1.027027027027027,0.972972972972973,1.0
bx44xwzb,7df24a62,41,41,1.0,1.0,1.0
c9sps7bl,7df24a62,3,44,13.0,1.0,1.0
jqeesfz7,7df24a62,71,71,1.0,1.0,1.0
xji13cu2,7df24a62,4,49,11.0,1.0,1.0
kck1uue7,7df24a62,2,46,19.5,1.0,1.0
nx0vccp8,7df24a62,40,41,1.025,1.0,1.0
8psac9uo,7df24a62,41,41,1.0,1.0,1.0
aypxap78,7df24a62,7,44,6.0,1.0,1.0
l0nln4b2,7df24a62,42,42,1.0,1.0,1.0
ascil7wf,7df24a62,9,43,4.333333333333333,1.0,1.0
8y2nd2sh,7df24a62,2,43,19.5,1.0,1.0
uktb326q,7df24a62,50,51,1.02,1.0,1.0
bw2cwy0m,7df24a62,40,40,1.0,1.0,1.0
kwy2bqjo,7df24a62,34,41,1.1470588235294117,1.0,1.0
l5sagbsh,7df24a62,9,47,4.777777777777778,1.0,1.0
v6jvgdvg,7df24a62,44,44,1.0,1.0,1.0
ljwskxcq,7df24a62,2,46,19.5,1.0,1.0
3irnkhq8,7df24a62,6,42,6.666666666666667,1.0,1.0
4s9g1cze,7df24a62,3,46,13.666666666666666,1.0,1.0
zj5uemkt,7df24a62,27,43,1.5555555555555556,0.9629629629629629,1.0
2j8p9vyz,7df24a62,12,50,4.166666666666667,1.0,1.0
wcau806y,7df24a62,42,42,1.0,1.0,1.0
ni5df01j,7df24a62,40,40,1.0,1.0,1.0
eyn3wygc,7df24a62,42,42,1.0,1.0,1.0
mrwlcmno,7df24a62,40,40,1.0,1.0,1.0
t2eyvuxq,7df24a62,45,50,1.1111111111111112,1.0,1.0
qv0yh587,7df24a62,47,49,1.0425531914893618,1.0,1.0
d1vjrjhc,7df24a62,8,41,4.875,1.0,1.0
mlvcv31l,7df24a62,2,23,11.0,1.0,1.0
k8txaw58,7df24a62,4,41,9.75,1.0,1.0
o4kkkuj9,7df24a62,42,42,1.0,1.0,1.0
a589fsqz,7df24a62,10,51,5.0,0.9,1.0
4stfwpke,7df24a62,19,41,2.1052631578947367,1.0,1.0
vr20hyge,7df24a62,46,46,1.0,1.0,1.0
nhds6zsd,7df24a62,27,39,1.4444444444444444,0.9629629629629629,1.0
so5k1adg,7df24a62,84,85,1.0,1.0,1.0
904h81sn,7df24a62,18,42,2.1666666666666665,1.0,1.0
j2dvablb,7df24a62,5,58,9.6,1.0,1.0
xasfvnb7,7df24a62,40,40,1.0,1.0,1.0
sesf1qnx,7df24a62,7,50,5.714285714285714,1.0,1.0
lmtka1ev,7df24a62,3,46,13.0,1.0,1.0
a0w1xgxf,7df24a62,12,50,4.0,1.0,1.0
41kp06jx,7df24a62,39,39,1.0,1.0,1.0
a6jpzpek,7df24a62,5,12,2.0,1.0,1.0
6eyovdd2,7df24a62,39,39,1.0,1.0,1.0
vpxztp7b,7df24a62,28,44,1.5714285714285714,0.9642857142857143,1.0
f1ejz9fy,7df24a62,6,56,8.5,1.0,1.0
e0biso3r,7df24a62,20,47,2.15,1.0,1.0
a9gvtd1o,7df24a62,7,42,5.571428571428571,1.0,1.0
c7ac53of,7df24a62,3,15,5.0,0.0,1.0
rjanlii9,7df24a62,97,348,3.4948453608247423,0.9896907216494846,0.9962886597938144
mrypomny,7df24a62,30,39,1.3,1.0,1.0
jeq3oy2g,7df24a62,72,72,1.0,1.0,1.0
8bgj1tsd,7df24a62,15,42,2.8,1.0,1.0
tc5wgx8h,7df24a62,5,42,7.8,1.0,1.0
648anokh,7df24a62,35,40,1.1428571428571428,1.0,1.0
qqqzakmg,7df24a62,6,54,7.833333333333333,1.0,1.0
zc26r1al,7df24a62,80,86,1.075,1.0,1.0
kmwiem6m,7df24a62,4,42,9.75,1.0,1.0
5pds9j1d,7df24a62,44,44,1.0,1.0,1.0
d33m799j,7df24a62,15,16,1.0666666666666667,1.0,1.0
cp3b83py,7df24a62,6,39,6.5,1.0,1.0
27d8totr,7df24a62,39,39,1.0,1.0,1.0
qothvfhf,7df24a62,29,29,1.0,1.0,1.0
l9krayds,7df24a62,27,27,1.0,1.0,1.0
f5ohsl5h,7df24a62,13,44,3.3076923076923075,1.0,1.0
dmft9d3y,7df24a62,18,44,2.388888888888889,1.0,1.0
6e5gb0yb,7df24a62,22,40,1.8181818181818181,0.9545454545454546,1.0
clucow7d,7df24a62,10,42,4.1,1.0,1.0
cghxa2ie,7df24a62,17,39,2.2941176470588234,1.0,1.0
3d2as981,7df24a62,4,50,11.0,1.0,1.0
byx9jkxm,7df24a62,10,39,3.9,1.0,1.0
74l1qvc1,7df24a62,10,60,5.5,1.0,1.0
emwp6wq7,7df24a62,41,41,1.0,1.0,1.0
pad0sufd,7df24a62,38,39,1.0263157894736843,1.0,1.0
ym49wqbn,7df24a62,24,39,1.625,0.9583333333333334,1.0
154uk6vm,7df24a62,42,42,1.0,1.0,1.0
npr5bsi2,7df24a62,39,39,1.0,1.0,1.0
o5qropwk,7df24a62,50,50,1.0,1.0,1.0
ol9lky1i,7df24a62,27,40,1.4814814814814814,1.0,1.0
5nrjvc7q,7df24a62,39,39,1.0,1.0,1.0
61zahdh9,7df24a62,30,41,1.3666666666666667,0.9666666666666667,1.0
5hz183aa,7df24a62,55,56,1.018181818181818,1.0,1.0
3cc6zm51,7df24a62,39,39,1.0,1.0,1.0
ske58akk,7df24a62,27,57,2.0,1.0,1.0
ovhoesyy,7df24a62,13,56,4.153846153846154,0.9230769230769231,1.0
r24jdhzg,7df24a62,39,39,1.0,1.0,1.0
stbyxpx6,7df24a62,29,40,1.3793103448275863,1.0,1.0
nze0azo1,7df24a62,12,39,3.25,0.9166666666666666,1.0
r2ck84r8,7df24a62,8,41,4.875,1.0,1.0
hpl7jugr,7df24a62,2,48,19.5,1.0,1.0
qazkn1sw,7df24a62,4,7,1.75,0.75,1.0
f0wpo2hr,7df24a62,5,41,7.8,1.0,1.0
c7z6erey,7df24a62,38,39,1.0263157894736843,1.0,1.0
8aknstxj,7df24a62,39,39,1.0,1.0,1.0
0hrc9vve,7df24a62,2,37,18.5,0.0,0.7586206896551724
zvbewhqx,7df24a62,37,157,3.7837837837837838,0.972972972972973,0.9925442684063374
plfupad7,7df24a62,37,39,1.054054054054054,1.0,1.0
n2et79bd,7df24a62,41,41,1.0,1.0,1.0
ism64anu,7df24a62,12,39,3.25,1.0,1.0
hsm45iwx,7df24a62,10,44,4.2,1.0,1.0
4s3cm7d8,7df24a62,20,36,1.8,1.0,1.0
e2w81k0i,7df24a62,11,47,3.8181818181818183,1.0,1.0
sn10zd6g,7df24a62,10,39,3.9,1.0,1.0
szbhlpfr,7df24a62,26,61,2.0,1.0,1.0
phbjwkyw,7df24a62,7,41,5.714285714285714,1.0,1.0
095bdwyc,7df24a62,29,29,1.0,1.0,1.0
89u58v07,7df24a62,3,46,13.0,1.0,1.0
y32zaw9c,7df24a62,39,39,1.0,1.0,1.0
0ra11hiv,7df24a62,39,39,1.0,1.0,1.0
44o5xnxe,7df24a62,6,40,6.666666666666667,1.0,1.0
02333qfj,7df24a62,41,41,1.0,1.0,1.0
q04yitea,7df24a62,31,40,1.2903225806451613,1.0,1.0
qfsp3ery,7df24a62,40,40,1.0,1.0,1.0
8bgj1tsd,bcb3040b,16,16,1.0,1.0,1.0
tc5wgx8h,bcb3040b,16,16,1.0,1.0,1.0
rjanlii9,bcb3040b,23,23,1.0,1.0,1.0
c7ac53of,bcb3040b,92,92,1.0,1.0,1.0
mrypomny,bcb3040b,16,16,1.0,1.0,1.0
648anokh,bcb3040b,16,16,1.0,1.0,1.0
a6jpzpek,bcb3040b,18,18,1.0,1.0,1.0
6eyovdd2,bcb3040b,16,16,1.0,1.0,1.0
lmtka1ev,bcb3040b,16,16,1.0,1.0,1.0
a0w1xgxf,bcb3040b,4,22,5.0,0.75,1.0
41kp06jx,bcb3040b,19,19,1.0,1.0,1.0
a9gvtd1o,bcb3040b,16,16,1.0,1.0,1.0
e0biso3r,bcb3040b,16,16,1.0,1.0,1.0
vpxztp7b,bcb3040b,16,16,1.0,1.0,1.0
f1ejz9fy,bcb3040b,16,16,1.0,1.0,1.0
904h81sn,bcb3040b,16,16,1.0,1.0,1.0
so5k1adg,bcb3040b,16,16,1.0,1.0,1.0
j2dvablb,bcb3040b,16,16,1.0,1.0,1.0
xasfvnb7,bcb3040b,6,6,1.0,1.0,1.0
sesf1qnx,bcb3040b,16,18,1.125,1.0,1.0
4stfwpke,bcb3040b,20,20,1.0,1.0,1.0
nhds6zsd,bcb3040b,16,16,1.0,1.0,1.0
vr20hyge,bcb3040b,32,32,1.0,1.0,1.0
1xogp17t,bcb3040b,5,21,4.2,0.8,1.0
t2eyvuxq,bcb3040b,18,18,1.0,1.0,1.0
qv0yh587,bcb3040b,3,4,1.3333333333333333,1.0,1.0
a589fsqz,bcb3040b,18,18,1.0,1.0,1.0
mlvcv31l,bcb3040b,16,16,1.0,1.0,1.0
k8txaw58,bcb3040b,16,16,1.0,1.0,1.0
o4kkkuj9,bcb3040b,16,16,1.0,1.0,1.0
wcau806y,bcb3040b,16,16,1.0,1.0,1.0
6p8vl3lk,bcb3040b,47,47,1.0,1.0,1.0
2j8p9vyz,bcb3040b,18,18,1.0,1.0,1.0
s03ed531,bcb3040b,17,17,1.0,1.0,1.0
mrwlcmno,bcb3040b,16,16,1.0,1.0,1.0
ew4oecfi,bcb3040b,16,16,1.0,1.0,1.0
ni5df01j,bcb3040b,16,16,1.0,1.0,1.0
eyn3wygc,bcb3040b,16,16,1.0,1.0,1.0
l5sagbsh,bcb3040b,16,16,1.0,1.0,1.0
v6jvgdvg,bcb3040b,11,11,1.0,1.0,1.0
ljwskxcq,bcb3040b,18,18,1.0,1.0,1.0
3irnkhq8,bcb3040b,55,55,1.0,1.0,1.0
4s9g1cze,bcb3040b,16,16,1.0,1.0,1.0
zj5uemkt,bcb3040b,17,17,1.0,1.0,1.0
kwy2bqjo,bcb3040b,16,16,1.0,1.0,1.0
bw2cwy0m,bcb3040b,16,16,1.0,1.0,1.0
uktb326q,bcb3040b,20,20,1.0,1.0,1.0
cuybsfwr,bcb3040b,27,28,1.0,1.0,1.0
0ra11hiv,bcb3040b,19,19,1.0,1.0,1.0
y32zaw9c,bcb3040b,16,16,1.0,1.0,1.0
02333qfj,bcb3040b,16,16,1.0,1.0,1.0
qfsp3ery,bcb3040b,16,16,1.0,1.0,1.0
q04yitea,bcb3040b,16,16,1.0,1.0,1.0
44o5xnxe,bcb3040b,16,16,1.0,1.0,1.0
sn10zd6g,bcb3040b,16,16,1.0,1.0,1.0
hsm45iwx,bcb3040b,18,18,1.0,1.0,1.0
e2w81k0i,bcb3040b,16,16,1.0,1.0,1.0
4s3cm7d8,bcb3040b,30,30,1.0,1.0,1.0
89u58v07,bcb3040b,16,16,1.0,1.0,1.0
095bdwyc,bcb3040b,20,20,1.0,1.0,1.0
szbhlpfr,bcb3040b,2,2,1.0,1.0,1.0
phbjwkyw,bcb3040b,19,19,1.0,1.0,1.0
c7z6erey,bcb3040b,16,16,1.0,1.0,1.0
8aknstxj,bcb3040b,16,16,1.0,1.0,1.0
f0wpo2hr,bcb3040b,16,16,1.0,1.0,1.0
plfupad7,bcb3040b,15,16,1.0666666666666667,0.9333333333333333,1.0
ism64anu,bcb3040b,16,16,1.0,1.0,1.0
zvbewhqx,bcb3040b,16,16,1.0,1.0,1.0
0hrc9vve,bcb3040b,4,63,15.25,0.25,0.9038461538461539
r24jdhzg,bcb3040b,16,16,1.0,1.0,1.0
3cc6zm51,bcb3040b,39,40,1.0,1.0,1.0
ske58akk,bcb3040b,18,18,1.0,1.0,1.0
ovhoesyy,bcb3040b,16,16,1.0,1.0,1.0
nze0azo1,bcb3040b,16,16,1.0,1.0,1.0
r2ck84r8,bcb3040b,17,17,1.0,1.0,1.0
xeu3j3ki,bcb3040b,16,16,1.0,1.0,1.0
npr5bsi2,bcb3040b,16,16,1.0,1.0,1.0
ym49wqbn,bcb3040b,23,23,1.0,1.0,1.0
154uk6vm,bcb3040b,12,12,1.0,1.0,1.0
emwp6wq7,bcb3040b,16,16,1.0,1.0,1.0
pad0sufd,bcb3040b,16,16,1.0,1.0,1.0
61zahdh9,bcb3040b,16,16,1.0,1.0,1.0
5hz183aa,bcb3040b,1,34,29.0,0.0,1.0
o5qropwk,bcb3040b,23,23,1.0,1.0,1.0
5nrjvc7q,bcb3040b,18,18,1.0,1.0,1.0
ol9lky1i,bcb3040b,39,45,1.1538461538461537,1.0,1.0
clucow7d,bcb3040b,16,16,1.0,1.0,1.0
3d2as981,bcb3040b,28,28,1.0,1.0,1.0
cghxa2ie,bcb3040b,16,16,1.0,1.0,1.0
bmlngyh3,bcb3040b,16,16,1.0,1.0,1.0
74l1qvc1,bcb3040b,1,11,11.0,1.0,1.0
byx9jkxm,bcb3040b,16,16,1.0,1.0,1.0
nvlsix5c,bcb3040b,16,16,1.0,1.0,1.0
6e5gb0yb,bcb3040b,16,16,1.0,1.0,1.0
bdfn1h0o,bcb3040b,17,19,1.1176470588235294,1.0,1.0
dmft9d3y,bcb3040b,18,18,1.0,1.0,1.0
ikfbpugl,bcb3040b,48,51,1.0625,0.9791666666666666,1.0
d33m799j,bcb3040b,1,24,24.0,0.0,1.0
kmwiem6m,bcb3040b,19,19,1.0,1.0,1.0
5pds9j1d,bcb3040b,16,16,1.0,1.0,1.0
27d8totr,bcb3040b,16,16,1.0,1.0,1.0
qothvfhf,bcb3040b,16,16,1.0,1.0,1.0
cp3b83py,bcb3040b,19,23,1.2105263157894737,1.0,1.0
xklnx39q,bcb3040b,18,18,1.0,1.0,1.0
pz38obzd,bcb3040b,26,26,1.0,1.0,1.0
nrfiw9bx,bcb3040b,16,16,1.0,1.0,1.0
om1m73rv,bcb3040b,18,18,1.0,1.0,1.0
vbwguazj,bcb3040b,16,16,1.0,1.0,1.0
7agy8y3l,bcb3040b,29,29,1.0,1.0,1.0
mhskzwic,bcb3040b,16,16,1.0,1.0,1.0
8yhijukj,bcb3040b,24,28,1.1666666666666667,1.0,1.0
8jwr3j6t,bcb3040b,18,18,1.0,1.0,1.0
pcrxo3zp,bcb3040b,16,16,1.0,1.0,1.0
kkeej6x5,bcb3040b,16,16,1.0,1.0,1.0
f5ktzt2t,bcb3040b,16,16,1.0,1.0,1.0
mr7lkk46,bcb3040b,19,20,1.0526315789473684,1.0,1.0
5vv1rrzw,bcb3040b,27,29,1.0740740740740742,1.0,1.0
2w766g1z,bcb3040b,20,20,1.0,1.0,1.0
m63pxnwq,bcb3040b,16,16,1.0,1.0,1.0
onnumbyy,bcb3040b,16,16,1.0,1.0,1.0
ler5uq42,bcb3040b,32,32,1.0,1.0,1.0
4wx63ymf,bcb3040b,16,16,1.0,1.0,1.0
nfbzvhip,bcb3040b,18,18,1.0,1.0,1.0
nldu5ge3,bcb3040b,16,16,1.0,1.0,1.0
t3l0if03,bcb3040b,16,16,1.0,1.0,1.0
8d21w3yr,bcb3040b,25,25,1.0,1.0,1.0
4j6cy1mk,bcb3040b,16,16,1.0,1.0,1.0
oxvw1rhx,bcb3040b,27,29,1.0740740740740742,1.0,1.0
wa9xd98o,bcb3040b,18,18,1.0,1.0,1.0
2anyuqd8,bcb3040b,19,19,1.0,1.0,1.0
1r6yodve,bcb3040b,185,185,1.0,1.0,1.0
w12e497z,bcb3040b,8,230,23.375,0.875,1.0
9ohxtpht,bcb3040b,16,16,1.0,1.0,1.0
zfeorjum,bcb3040b,16,16,1.0,1.0,1.0
hkj9daz7,bcb3040b,16,16,1.0,1.0,1.0
sp00glmz,bcb3040b,95,95,1.0,1.0,1.0
mpzcivx9,bcb3040b,16,16,1.0,1.0,1.0
clhkwrie,bcb3040b,16,16,1.0,1.0,1.0
1qt2f29y,bcb3040b,50,50,1.0,1.0,1.0
23iyreiv,bcb3040b,38,38,1.0,1.0,1.0
ya0wv6pm,bcb3040b,16,16,1.0,1.0,1.0
2ke9hbes,bcb3040b,56,57,1.0178571428571428,1.0,1.0
9evwb372,bcb3040b,16,16,1.0,1.0,1.0
z8b26ynw,bcb3040b,30,34,1.1333333333333333,1.0,1.0
zelqv7az,bcb3040b,16,16,1.0,1.0,1.0
cfclud8z,bcb3040b,16,16,1.0,1.0,1.0
jx6lhkbi,bcb3040b,16,16,1.0,1.0,1.0
ascil7wf,bcb3040b,26,31,1.1923076923076923,0.9615384615384616,1.0
aypxap78,bcb3040b,16,16,1.0,1.0,1.0
l0nln4b2,bcb3040b,25,25,1.0,1.0,1.0
8y2nd2sh,bcb3040b,18,22,1.2222222222222223,1.0,1.0
jqeesfz7,bcb3040b,16,16,1.0,1.0,1.0
kck1uue7,bcb3040b,17,19,1.1176470588235294,0.9411764705882353,1.0
nx0vccp8,bcb3040b,16,16,1.0,1.0,1.0
8psac9uo,bcb3040b,16,16,1.0,1.0,1.0
qfiy90jx,bcb3040b,18,18,1.0,1.0,1.0
8oohxrrz,bcb3040b,17,17,1.0,1.0,1.0
o2ho0580,bcb3040b,3,80,25.666666666666668,0.0,1.0
bx44xwzb,bcb3040b,18,18,1.0,1.0,1.0
c9sps7bl,bcb3040b,16,16,1.0,1.0,1.0
g3vslpjv,bcb3040b,16,16,1.0,1.0,1.0
2d8q4qkc,bcb3040b,16,16,1.0,1.0,1.0
7nszfy43,bcb3040b,24,24,1.0,1.0,1.0
b73rrttr,bcb3040b,20,20,1.0,1.0,1.0
4kl3i3tv,bcb3040b,31,32,1.0,1.0,1.0
idma9086,bcb3040b,16,16,1.0,1.0,1.0
r99uy0qb,bcb3040b,16,16,1.0,1.0,1.0
kavvl57w,bcb3040b,16,16,1.0,1.0,1.0
yebzokh4,bcb3040b,20,20,1.0,1.0,1.0
yfyhejim,bcb3040b,16,16,1.0,1.0,1.0
2tkm21z6,bcb3040b,18,18,1.0,1.0,1.0
0yfthc4y,bcb3040b,49,49,1.0,1.0,1.0
ei0ij8ms,bcb3040b,17,17,1.0,1.0,1.0
ldo5smvx,bcb3040b,16,16,1.0,1.0,1.0
qu0lm98m,bcb3040b,23,23,1.0,1.0,1.0
jayyv6lz,bcb3040b,15,16,1.0666666666666667,0.9333333333333333,1.0
fgxp8fzz,bcb3040b,16,16,1.0,1.0,1.0
189iqcds,bcb3040b,16,16,1.0,1.0,1.0
mzi8f2hv,bcb3040b,16,16,1.0,1.0,1.0
gkse9wdn,bcb3040b,18,18,1.0,1.0,1.0
72p6pxny,bcb3040b,34,34,1.0,1.0,1.0
rhbgnqhz,bcb3040b,16,16,1.0,1.0,1.0
hd5k29qy,bcb3040b,16,16,1.0,1.0,1.0
g7svteiz,bcb3040b,22,22,1.0,1.0,1.0
c2lwacqc,bcb3040b,75,75,1.0,1.0,1.0
cw4tyx7n,bcb3040b,2,15,7.5,0.0,1.0
zj5uemkt,1f642eb9,7,7,1.0,1.0,1.0
4s9g1cze,1f642eb9,7,7,1.0,1.0,1.0
3irnkhq8,1f642eb9,14,14,1.0,1.0,1.0
ljwskxcq,1f642eb9,7,7,1.0,1.0,1.0
l5sagbsh,1f642eb9,7,7,1.0,1.0,1.0
v6jvgdvg,1f642eb9,7,7,1.0,1.0,1.0
uktb326q,1f642eb9,8,8,1.0,1.0,1.0
bw2cwy0m,1f642eb9,9,9,1.0,1.0,1.0
kwy2bqjo,1f642eb9,18,52,2.6666666666666665,0.9444444444444444,1.0
cdo2cmtp,1f642eb9,7,7,1.0,1.0,1.0
k8txaw58,1f642eb9,7,7,1.0,1.0,1.0
o4kkkuj9,1f642eb9,7,7,1.0,1.0,1.0
mlvcv31l,1f642eb9,7,7,1.0,1.0,1.0
d1vjrjhc,1f642eb9,7,7,1.0,1.0,1.0
a589fsqz,1f642eb9,7,7,1.0,1.0,1.0
qv0yh587,1f642eb9,7,7,1.0,1.0,1.0
t2eyvuxq,1f642eb9,7,7,1.0,1.0,1.0
eyn3wygc,1f642eb9,7,7,1.0,1.0,1.0
ni5df01j,1f642eb9,7,7,1.0,1.0,1.0
ew4oecfi,1f642eb9,7,7,1.0,1.0,1.0
mrwlcmno,1f642eb9,7,7,1.0,1.0,1.0
s03ed531,1f642eb9,8,8,1.0,1.0,1.0
2j8p9vyz,1f642eb9,7,7,1.0,1.0,1.0
wcau806y,1f642eb9,7,7,1.0,1.0,1.0
sesf1qnx,1f642eb9,7,7,1.0,1.0,1.0
ce9qdbyh,1f642eb9,1,1,1.0,1.0,1.0
j2dvablb,1f642eb9,7,7,1.0,1.0,1.0
904h81sn,1f642eb9,7,7,1.0,1.0,1.0
so5k1adg,1f642eb9,8,8,1.0,1.0,1.0
nhds6zsd,1f642eb9,7,7,1.0,1.0,1.0
vr20hyge,1f642eb9,8,8,1.0,1.0,1.0
4stfwpke,1f642eb9,7,7,1.0,1.0,1.0
648anokh,1f642eb9,7,7,1.0,1.0,1.0
zc26r1al,1f642eb9,7,7,1.0,1.0,1.0
rjanlii9,1f642eb9,7,7,1.0,1.0,1.0
c7ac53of,1f642eb9,3,3,1.0,1.0,1.0
8bgj1tsd,1f642eb9,9,9,1.0,1.0,1.0
tc5wgx8h,1f642eb9,7,7,1.0,1.0,1.0
f1ejz9fy,1f642eb9,7,7,1.0,1.0,1.0
vpxztp7b,1f642eb9,7,7,1.0,1.0,1.0
a9gvtd1o,1f642eb9,15,40,2.6666666666666665,0.9333333333333333,1.0
e0biso3r,1f642eb9,7,7,1.0,1.0,1.0
41kp06jx,1f642eb9,7,7,1.0,1.0,1.0
lmtka1ev,1f642eb9,7,7,1.0,1.0,1.0
a6jpzpek,1f642eb9,18,24,1.3333333333333333,1.0,1.0
6eyovdd2,1f642eb9,10,23,2.3,1.0,1.0
dmft9d3y,1f642eb9,7,7,1.0,1.0,1.0
6e5gb0yb,1f642eb9,9,9,1.0,1.0,1.0
icf7bchs,1f642eb9,28,28,1.0,1.0,1.0
bhpug29p,1f642eb9,7,7,1.0,1.0,1.0
l9krayds,1f642eb9,15,31,2.0,1.0,1.0
aqmjput5,1f642eb9,20,40,1.55,1.0,1.0
cp3b83py,1f642eb9,7,7,1.0,1.0,1.0
qothvfhf,1f642eb9,7,7,1.0,1.0,1.0
fkx2gd88,1f642eb9,7,7,1.0,1.0,1.0
27d8totr,1f642eb9,7,7,1.0,1.0,1.0
kmwiem6m,1f642eb9,7,7,1.0,1.0,1.0
d33m799j,1f642eb9,7,22,3.142857142857143,1.0,1.0
ikfbpugl,1f642eb9,7,7,1.0,1.0,1.0
5nrjvc7q,1f642eb9,7,7,1.0,1.0,1.0
o5qropwk,1f642eb9,16,16,1.0,1.0,1.0
61zahdh9,1f642eb9,7,7,1.0,1.0,1.0
pad0sufd,1f642eb9,7,7,1.0,1.0,1.0
emwp6wq7,1f642eb9,7,7,1.0,1.0,1.0
npr5bsi2,1f642eb9,9,9,1.0,1.0,1.0
ym49wqbn,1f642eb9,7,7,1.0,1.0,1.0
xeu3j3ki,1f642eb9,10,10,1.0,1.0,1.0
byx9jkxm,1f642eb9,7,7,1.0,1.0,1.0
j2pjmr32,1f642eb9,23,23,1.0,1.0,1.0
bmlngyh3,1f642eb9,7,7,1.0,1.0,1.0
3d2as981,1f642eb9,17,17,1.0,1.0,1.0
cghxa2ie,1f642eb9,8,8,1.0,1.0,1.0
clucow7d,1f642eb9,9,9,1.0,1.0,1.0
zvbewhqx,1f642eb9,7,7,1.0,1.0,1.0
0hrc9vve,1f642eb9,6,15,2.5,1.0,1.0
ism64anu,1f642eb9,7,7,1.0,1.0,1.0
n2et79bd,1f642eb9,1,1,1.0,1.0,1.0
plfupad7,1f642eb9,7,7,1.0,1.0,1.0
f0wpo2hr,1f642eb9,21,21,1.0,1.0,1.0
qazkn1sw,1f642eb9,11,17,1.5454545454545454,0.9090909090909091,1.0
c7z6erey,1f642eb9,7,7,1.0,1.0,1.0
8aknstxj,1f642eb9,7,7,1.0,1.0,1.0
hpl7jugr,1f642eb9,15,40,2.6666666666666665,0.9333333333333333,1.0
r2ck84r8,1f642eb9,7,7,1.0,1.0,1.0
nze0azo1,1f642eb9,15,40,2.6666666666666665,0.9333333333333333,1.0
ovhoesyy,1f642eb9,7,7,1.0,1.0,1.0
ske58akk,1f642eb9,7,7,1.0,1.0,1.0
3cc6zm51,1f642eb9,7,7,1.0,1.0,1.0
stbyxpx6,1f642eb9,7,7,1.0,1.0,1.0
r24jdhzg,1f642eb9,7,7,1.0,1.0,1.0
qkiu92kk,1f642eb9,7,7,1.0,1.0,1.0
44o5xnxe,1f642eb9,7,7,1.0,1.0,1.0
qfsp3ery,1f642eb9,9,9,1.0,1.0,1.0
q04yitea,1f642eb9,7,7,1.0,1.0,1.0
y32zaw9c,1f642eb9,7,7,1.0,1.0,1.0
cuybsfwr,1f642eb9,8,9,1.125,1.0,1.0
phbjwkyw,1f642eb9,7,7,1.0,1.0,1.0
szbhlpfr,1f642eb9,21,21,1.0,1.0,1.0
89u58v07,1f642eb9,7,7,1.0,1.0,1.0
e2w81k0i,1f642eb9,7,7,1.0,1.0,1.0
4s3cm7d8,1f642eb9,7,7,1.0,1.0,1.0
hsm45iwx,1f642eb9,7,7,1.0,1.0,1.0
sn10zd6g,1f642eb9,14,14,1.0,1.0,1.0
ya0wv6pm,1f642eb9,7,7,1.0,1.0,1.0
9evwb372,1f642eb9,7,7,1.0,1.0,1.0
clhkwrie,1f642eb9,7,7,1.0,1.0,1.0
1qt2f29y,1f642eb9,7,7,1.0,1.0,1.0
mpzcivx9,1f642eb9,7,7,1.0,1.0,1.0
sp00glmz,1f642eb9,8,8,1.0,1.0,1.0
jx6lhkbi,1f642eb9,7,7,1.0,1.0,1.0
cfclud8z,1f642eb9,33,33,1.0,1.0,1.0
z8b26ynw,1f642eb9,7,7,1.0,1.0,1.0
zelqv7az,1f642eb9,7,7,1.0,1.0,1.0
4j6cy1mk,1f642eb9,22,23,1.0454545454545454,1.0,1.0
oxvw1rhx,1f642eb9,7,7,1.0,1.0,1.0
318gokyy,1f642eb9,11,11,1.0,1.0,1.0
8d21w3yr,1f642eb9,21,21,1.0,1.0,1.0
zfeorjum,1f642eb9,7,7,1.0,1.0,1.0
hkj9daz7,1f642eb9,7,7,1.0,1.0,1.0
w12e497z,1f642eb9,10,43,4.3,1.0,1.0
9ohxtpht,1f642eb9,7,7,1.0,1.0,1.0
k0qq522n,1f642eb9,7,7,1.0,1.0,1.0
2anyuqd8,1f642eb9,7,7,1.0,1.0,1.0
1r6yodve,1f642eb9,29,29,1.0,1.0,1.0
2w766g1z,1f642eb9,23,83,3.608695652173913,0.9565217391304348,1.0
5vv1rrzw,1f642eb9,23,23,1.0,1.0,1.0
mr7lkk46,1f642eb9,9,9,1.0,1.0,1.0
nqubyvew,1f642eb9,7,7,1.0,1.0,1.0
bcyhma9y,1f642eb9,1,1,1.0,1.0,1.0
pcrxo3zp,1f642eb9,17,35,1.8823529411764706,1.0,1.0
kkeej6x5,1f642eb9,7,7,1.0,1.0,1.0
f5ktzt2t,1f642eb9,7,7,1.0,1.0,1.0
nldu5ge3,1f642eb9,7,7,1.0,1.0,1.0
t3l0if03,1f642eb9,7,7,1.0,1.0,1.0
nfbzvhip,1f642eb9,7,7,1.0,1.0,1.0
4wx63ymf,1f642eb9,10,10,1.0,1.0,1.0
ler5uq42,1f642eb9,7,7,1.0,1.0,1.0
onnumbyy,1f642eb9,7,7,1.0,1.0,1.0
m63pxnwq,1f642eb9,15,46,3.0,0.9333333333333333,1.0
nrfiw9bx,1f642eb9,7,7,1.0,1.0,1.0
xklnx39q,1f642eb9,7,7,1.0,1.0,1.0
pz38obzd,1f642eb9,11,11,1.0,1.0,1.0
p445h6ow,1f642eb9,9,9,1.0,1.0,1.0
8jwr3j6t,1f642eb9,7,7,1.0,1.0,1.0
z3die4q3,1f642eb9,7,7,1.0,1.0,1.0
8yhijukj,1f642eb9,9,9,1.0,1.0,1.0
50nsp39w,1f642eb9,7,7,1.0,1.0,1.0
mhskzwic,1f642eb9,7,7,1.0,1.0,1.0
vbwguazj,1f642eb9,23,23,1.0,1.0,1.0
7agy8y3l,1f642eb9,9,9,1.0,1.0,1.0
o1t1fb7j,1f642eb9,10,11,1.1,1.0,1.0
om1m73rv,1f642eb9,21,21,1.0,1.0,1.0
hd5k29qy,1f642eb9,7,7,1.0,1.0,1.0
72p6pxny,1f642eb9,7,7,1.0,1.0,1.0
rhbgnqhz,1f642eb9,7,7,1.0,1.0,1.0
mzi8f2hv,1f642eb9,7,7,1.0,1.0,1.0
189iqcds,1f642eb9,9,9,1.0,1.0,1.0
fgxp8fzz,1f642eb9,7,7,1.0,1.0,1.0
cw4tyx7n,1f642eb9,2,2,1.0,1.0,1.0
g7svteiz,1f642eb9,22,22,1.0,1.0,1.0
c2lwacqc,1f642eb9,20,21,1.05,1.0,1.0
ei0ij8ms,1f642eb9,7,7,1.0,1.0,1.0
0yfthc4y,1f642eb9,21,21,1.0,1.0,1.0
2tkm21z6,1f642eb9,7,7,1.0,1.0,1.0
yfyhejim,1f642eb9,22,50,2.272727272727273,0.9545454545454546,1.0
jayyv6lz,1f642eb9,7,7,1.0,1.0,1.0
qu0lm98m,1f642eb9,7,7,1.0,1.0,1.0
ldo5smvx,1f642eb9,7,7,1.0,1.0,1.0
2d8q4qkc,1f642eb9,7,7,1.0,1.0,1.0
g3vslpjv,1f642eb9,7,7,1.0,1.0,1.0
c9sps7bl,1f642eb9,7,7,1.0,1.0,1.0
bx44xwzb,1f642eb9,7,7,1.0,1.0,1.0
o2ho0580,1f642eb9,8,10,1.25,1.0,1.0
8oohxrrz,1f642eb9,19,24,1.263157894736842,1.0,1.0
qfiy90jx,1f642eb9,7,7,1.0,1.0,1.0
x5id5i5q,1f642eb9,7,7,1.0,1.0,1.0
yebzokh4,1f642eb9,7,7,1.0,1.0,1.0
kavvl57w,1f642eb9,15,47,3.1333333333333333,0.9333333333333333,1.0
r99uy0qb,1f642eb9,7,7,1.0,1.0,1.0
b73rrttr,1f642eb9,5,5,1.0,1.0,1.0
0fy66fv2,1f642eb9,9,9,1.0,1.0,1.0
qif0sa3r,1f642eb9,8,8,1.0,1.0,1.0
8y2nd2sh,1f642eb9,7,7,1.0,1.0,1.0
l0nln4b2,1f642eb9,7,7,1.0,1.0,1.0
aypxap78,1f642eb9,22,24,1.0909090909090908,1.0,1.0
ascil7wf,1f642eb9,21,21,1.0,1.0,1.0
8psac9uo,1f642eb9,7,7,1.0,1.0,1.0
nx0vccp8,1f642eb9,7,7,1.0,1.0,1.0
kck1uue7,1f642eb9,17,33,1.9411764705882353,1.0,1.0
xji13cu2,1f642eb9,7,7,1.0,1.0,1.0
jqeesfz7,1f642eb9,7,7,1.0,1.0,1.0
clhkwrie,4b6b68e5,9,158,16.333333333333332,1.0,1.0
1qt2f29y,4b6b68e5,89,229,2.4269662921348316,0.9887640449438202,1.0
mpzcivx9,4b6b68e5,20,191,8.2,1.0,1.0
sp00glmz,4b6b68e5,9,223,21.0,1.0,1.0
ya0wv6pm,4b6b68e5,52,214,3.019230769230769,1.0,1.0
9evwb372,4b6b68e5,17,185,10.117647058823529,0.9411764705882353,1.0
cfclud8z,4b6b68e5,21,185,7.761904761904762,1.0,1.0
z8b26ynw,4b6b68e5,15,241,12.6,0.9333333333333333,1.0
zelqv7az,4b6b68e5,26,216,8.153846153846153,1.0,1.0
jx6lhkbi,4b6b68e5,22,367,14.772727272727273,0.9545454545454546,1.0
4j6cy1mk,4b6b68e5,74,178,2.22972972972973,0.9864864864864865,1.0
fl73adm5,4b6b68e5,6,246,37.666666666666664,0.6666666666666666,1.0
oxvw1rhx,4b6b68e5,158,159,1.0063291139240507,1.0,1.0
8d21w3yr,4b6b68e5,89,217,2.247191011235955,0.9887640449438202,1.0
wa9xd98o,4b6b68e5,355,561,1.495774647887324,0.9971830985915493,1.0
cbvc5e3w,4b6b68e5,152,152,1.0,1.0,1.0
2anyuqd8,4b6b68e5,158,158,1.0,1.0,1.0
1r6yodve,4b6b68e5,287,287,1.0,1.0,1.0
zfeorjum,4b6b68e5,37,176,4.54054054054054,0.972972972972973,1.0
hkj9daz7,4b6b68e5,19,201,8.789473684210526,1.0,1.0
w12e497z,4b6b68e5,77,281,3.4935064935064934,1.0,1.0
9ohxtpht,4b6b68e5,20,171,8.1,1.0,1.0
pcrxo3zp,4b6b68e5,24,194,7.083333333333333,1.0,1.0
f5ktzt2t,4b6b68e5,13,252,15.153846153846153,0.7692307692307693,1.0
kkeej6x5,4b6b68e5,38,176,4.368421052631579,1.0,1.0
2w766g1z,4b6b68e5,16,181,10.0625,1.0,1.0
mr7lkk46,4b6b68e5,28,184,5.75,1.0,1.0
nqubyvew,4b6b68e5,91,301,3.1758241758241756,0.989010989010989,1.0
onnumbyy,4b6b68e5,65,167,2.3846153846153846,1.0,1.0
m63pxnwq,4b6b68e5,24,239,8.458333333333334,1.0,1.0
nldu5ge3,4b6b68e5,17,179,9.411764705882353,1.0,1.0
t3l0if03,4b6b68e5,22,196,7.5,1.0,1.0
4wx63ymf,4b6b68e5,18,186,9.833333333333334,0.8888888888888888,1.0
nfbzvhip,4b6b68e5,165,172,1.0424242424242425,1.0,1.0
pz38obzd,4b6b68e5,26,300,10.153846153846153,1.0,1.0
xklnx39q,4b6b68e5,9,220,21.88888888888889,0.8888888888888888,1.0
nrfiw9bx,4b6b68e5,22,192,7.454545454545454,1.0,1.0
vbwguazj,4b6b68e5,23,174,7.043478260869565,1.0,1.0
7agy8y3l,4b6b68e5,14,171,11.5,1.0,1.0
o1t1fb7j,4b6b68e5,33,425,10.545454545454545,1.0,1.0
om1m73rv,4b6b68e5,17,193,10.294117647058824,0.9411764705882353,1.0
8jwr3j6t,4b6b68e5,17,235,12.882352941176471,0.8235294117647058,1.0
z3die4q3,4b6b68e5,15,198,12.133333333333333,0.9333333333333333,1.0
8yhijukj,4b6b68e5,21,176,7.428571428571429,0.9523809523809523,1.0
mhskzwic,4b6b68e5,71,162,2.2816901408450705,0.9859154929577465,1.0
mzi8f2hv,4b6b68e5,19,220,10.842105263157896,0.8421052631578947,1.0
189iqcds,4b6b68e5,17,182,9.411764705882353,1.0,1.0
fgxp8fzz,4b6b68e5,12,214,15.833333333333334,0.8333333333333334,1.0
xgvto4mg,4b6b68e5,116,138,1.1896551724137931,0.9913793103448276,1.0
hd5k29qy,4b6b68e5,19,183,8.421052631578947,1.0,1.0
72p6pxny,4b6b68e5,47,183,3.4468085106382977,1.0,1.0
rhbgnqhz,4b6b68e5,16,191,10.9375,0.875,1.0
gkse9wdn,4b6b68e5,167,167,1.0,1.0,1.0
g7svteiz,4b6b68e5,31,171,5.096774193548387,1.0,1.0
yfyhejim,4b6b68e5,42,385,7.833333333333333,0.9523809523809523,1.0
ei0ij8ms,4b6b68e5,18,181,8.88888888888889,1.0,1.0
0yfthc4y,4b6b68e5,36,199,4.972222222222222,0.9722222222222222,1.0
2tkm21z6,4b6b68e5,157,157,1.0,1.0,1.0
ldo5smvx,4b6b68e5,21,190,8.19047619047619,0.9523809523809523,1.0
jayyv6lz,4b6b68e5,68,179,2.4558823529411766,1.0,1.0
qu0lm98m,4b6b68e5,14,199,13.428571428571429,0.8571428571428571,1.0
8oohxrrz,4b6b68e5,25,185,6.52,1.0,1.0
qfiy90jx,4b6b68e5,21,177,7.666666666666667,1.0,1.0
x5id5i5q,4b6b68e5,30,201,6.466666666666667,0.9666666666666667,1.0
2d8q4qkc,4b6b68e5,12,226,16.916666666666668,0.9166666666666666,1.0
g3vslpjv,4b6b68e5,25,164,6.32,1.0,1.0
c9sps7bl,4b6b68e5,7,228,29.0,0.5714285714285714,1.0
bx44xwzb,4b6b68e5,19,176,8.368421052631579,1.0,1.0
o2ho0580,4b6b68e5,8,96,11.0,0.5,1.0
idma9086,4b6b68e5,17,200,10.352941176470589,0.8823529411764706,1.0
r99uy0qb,4b6b68e5,36,221,5.055555555555555,0.9722222222222222,1.0
b73rrttr,4b6b68e5,6,6,1.0,1.0,1.0
0fy66fv2,4b6b68e5,27,27,1.0,1.0,1.0
yebzokh4,4b6b68e5,87,174,1.8045977011494252,1.0,1.0
kavvl57w,4b6b68e5,10,201,18.6,0.9,1.0
l0nln4b2,4b6b68e5,17,175,9.294117647058824,1.0,1.0
aypxap78,4b6b68e5,10,251,19.5,0.8,1.0
ascil7wf,4b6b68e5,19,184,8.473684210526315,1.0,1.0
8y2nd2sh,4b6b68e5,21,186,8.523809523809524,1.0,1.0
xji13cu2,4b6b68e5,8,193,22.25,1.0,1.0
jqeesfz7,4b6b68e5,170,170,1.0,1.0,1.0
nx0vccp8,4b6b68e5,90,171,1.8555555555555556,0.9777777777777777,1.0
8psac9uo,4b6b68e5,36,167,4.416666666666667,1.0,1.0
kck1uue7,4b6b68e5,20,197,8.65,0.95,1.0
3irnkhq8,4b6b68e5,20,198,8.95,1.0,1.0
4s9g1cze,4b6b68e5,11,233,17.90909090909091,0.9090909090909091,1.0
v6jvgdvg,4b6b68e5,78,161,2.051282051282051,1.0,1.0
l5sagbsh,4b6b68e5,18,384,19.11111111111111,0.8333333333333334,1.0
ljwskxcq,4b6b68e5,17,184,9.705882352941176,1.0,1.0
zj5uemkt,4b6b68e5,21,179,7.523809523809524,1.0,1.0
uktb326q,4b6b68e5,140,167,1.1928571428571428,0.9857142857142858,1.0
bw2cwy0m,4b6b68e5,56,179,2.9107142857142856,1.0,1.0
kwy2bqjo,4b6b68e5,9,240,25.0,0.8888888888888888,1.0
qv0yh587,4b6b68e5,147,158,1.0748299319727892,0.9931972789115646,1.0
t2eyvuxq,4b6b68e5,21,189,7.809523809523809,1.0,1.0
mlvcv31l,4b6b68e5,9,240,22.88888888888889,0.7777777777777778,1.0
o4kkkuj9,4b6b68e5,63,188,2.5714285714285716,1.0,1.0
k8txaw58,4b6b68e5,17,175,9.352941176470589,1.0,1.0
d1vjrjhc,4b6b68e5,19,186,8.263157894736842,1.0,1.0
a589fsqz,4b6b68e5,34,187,4.735294117647059,0.9705882352941176,1.0
s03ed531,4b6b68e5,171,171,1.0,1.0,1.0
2j8p9vyz,4b6b68e5,26,173,6.3076923076923075,1.0,1.0
wcau806y,4b6b68e5,3,3,1.0,1.0,1.0
ni5df01j,4b6b68e5,18,166,8.722222222222221,1.0,1.0
eyn3wygc,4b6b68e5,50,204,3.24,0.98,1.0
ew4oecfi,4b6b68e5,19,182,8.368421052631579,1.0,1.0
mrwlcmno,4b6b68e5,96,165,1.6979166666666667,1.0,1.0
ce9qdbyh,4b6b68e5,33,192,4.96969696969697,1.0,1.0
j2dvablb,4b6b68e5,15,223,12.733333333333333,0.9333333333333333,1.0
904h81sn,4b6b68e5,22,210,8.5,0.9545454545454546,1.0
sesf1qnx,4b6b68e5,10,200,15.8,1.0,1.0
4stfwpke,4b6b68e5,12,230,14.916666666666666,1.0,1.0
nhds6zsd,4b6b68e5,140,155,1.1071428571428572,0.9928571428571429,1.0
vr20hyge,4b6b68e5,3,3,1.0,1.0,1.0
jeq3oy2g,4b6b68e5,2,29,10.5,1.0,1.0
mrypomny,4b6b68e5,107,154,1.439252336448598,1.0,1.0
rjanlii9,4b6b68e5,18,179,8.833333333333334,1.0,1.0
c7ac53of,4b6b68e5,73,73,1.0,1.0,1.0
8bgj1tsd,4b6b68e5,114,311,2.587719298245614,1.0,1.0
tc5wgx8h,4b6b68e5,21,182,8.19047619047619,1.0,1.0
qqqzakmg,4b6b68e5,1,1,1.0,1.0,1.0
648anokh,4b6b68e5,18,175,8.88888888888889,1.0,1.0
zc26r1al,4b6b68e5,312,312,1.0,1.0,1.0
a0w1xgxf,4b6b68e5,48,169,3.2916666666666665,1.0,1.0
41kp06jx,4b6b68e5,22,211,8.590909090909092,0.9545454545454546,1.0
lmtka1ev,4b6b68e5,17,181,9.647058823529411,1.0,1.0
a6jpzpek,4b6b68e5,10,171,14.7,1.0,1.0
6eyovdd2,4b6b68e5,27,187,6.0,0.9629629629629629,1.0
f1ejz9fy,4b6b68e5,31,196,5.741935483870968,1.0,1.0
a9gvtd1o,4b6b68e5,14,227,14.285714285714286,0.9285714285714286,1.0
e0biso3r,4b6b68e5,18,199,8.722222222222221,1.0,1.0
icf7bchs,4b6b68e5,1,1,1.0,1.0,1.0
l9krayds,4b6b68e5,143,366,2.3636363636363638,1.0,1.0
aqmjput5,4b6b68e5,17,209,9.588235294117647,1.0,1.0
dmft9d3y,4b6b68e5,41,171,4.048780487804878,0.9512195121951219,1.0
6e5gb0yb,4b6b68e5,14,269,15.857142857142858,0.6428571428571429,1.0
kmwiem6m,4b6b68e5,20,189,8.1,1.0,1.0
d33m799j,4b6b68e5,4,88,21.5,0.25,1.0
ikfbpugl,4b6b68e5,12,242,16.666666666666668,0.9166666666666666,1.0
cp3b83py,4b6b68e5,17,190,10.294117647058824,1.0,1.0
qothvfhf,4b6b68e5,114,169,1.4736842105263157,1.0,1.0
27d8totr,4b6b68e5,26,159,6.0,1.0,1.0
fkx2gd88,4b6b68e5,19,180,8.421052631578947,1.0,1.0
pad0sufd,4b6b68e5,23,184,7.173913043478261,1.0,1.0
emwp6wq7,4b6b68e5,5,211,33.6,1.0,1.0
npr5bsi2,4b6b68e5,22,223,7.590909090909091,1.0,1.0
ym49wqbn,4b6b68e5,20,201,8.05,1.0,1.0
154uk6vm,4b6b68e5,4,19,3.5,1.0,1.0
xeu3j3ki,4b6b68e5,21,178,7.0,1.0,1.0
5nrjvc7q,4b6b68e5,38,175,4.394736842105263,1.0,1.0
o5qropwk,4b6b68e5,21,201,7.904761904761905,1.0,1.0
5hz183aa,4b6b68e5,208,532,2.4038461538461537,0.9903846153846154,0.9977994058786741
61zahdh9,4b6b68e5,18,176,9.055555555555555,0.9444444444444444,1.0
bmlngyh3,4b6b68e5,21,196,8.095238095238095,1.0,1.0
3d2as981,4b6b68e5,36,390,9.222222222222221,0.9444444444444444,1.0
cghxa2ie,4b6b68e5,15,206,11.8,1.0,1.0
clucow7d,4b6b68e5,18,240,9.833333333333334,0.8888888888888888,1.0
74l1qvc1,4b6b68e5,26,217,6.384615384615385,1.0,1.0
byx9jkxm,4b6b68e5,18,190,8.944444444444445,1.0,1.0
f0wpo2hr,4b6b68e5,20,184,8.4,1.0,1.0
qazkn1sw,4b6b68e5,6,27,4.5,0.3333333333333333,1.0
c7z6erey,4b6b68e5,18,166,8.833333333333334,1.0,1.0
8aknstxj,4b6b68e5,16,212,12.0625,1.0,1.0
zvbewhqx,4b6b68e5,18,224,10.944444444444445,1.0,1.0
0hrc9vve,4b6b68e5,3,53,16.666666666666668,1.0,1.0
n2et79bd,4b6b68e5,25,185,6.52,1.0,1.0
ism64anu,4b6b68e5,24,187,7.208333333333333,0.9583333333333334,1.0
plfupad7,4b6b68e5,41,171,3.8292682926829267,0.975609756097561,1.0
ske58akk,4b6b68e5,25,181,6.44,1.0,1.0
ovhoesyy,4b6b68e5,24,174,6.791666666666667,0.9583333333333334,1.0
3cc6zm51,4b6b68e5,157,157,1.0,1.0,1.0
stbyxpx6,4b6b68e5,71,220,2.9014084507042255,0.9859154929577465,1.0
hpl7jugr,4b6b68e5,10,242,20.9,0.7,1.0
nze0azo1,4b6b68e5,20,199,9.0,0.95,1.0
r2ck84r8,4b6b68e5,45,168,3.7111111111111112,1.0,1.0
y32zaw9c,4b6b68e5,141,151,1.070921985815603,1.0,1.0
0ra11hiv,4b6b68e5,10,201,18.7,1.0,1.0
qkiu92kk,4b6b68e5,63,178,2.5714285714285716,1.0,1.0
44o5xnxe,4b6b68e5,17,178,10.058823529411764,0.9411764705882353,1.0
qfsp3ery,4b6b68e5,24,190,7.125,1.0,1.0
q04yitea,4b6b68e5,57,188,2.9298245614035086,1.0,1.0
02333qfj,4b6b68e5,27,227,8.074074074074074,1.0,1.0
e2w81k0i,4b6b68e5,12,217,14.75,1.0,1.0
4s3cm7d8,4b6b68e5,116,158,1.3448275862068966,1.0,1.0
hsm45iwx,4b6b68e5,18,181,8.88888888888889,1.0,1.0
sn10zd6g,4b6b68e5,19,169,8.368421052631579,1.0,1.0
phbjwkyw,4b6b68e5,22,219,9.454545454545455,1.0,1.0
89u58v07,4b6b68e5,24,180,6.791666666666667,1.0,1.0
a0w1xgxf,3eda0437,4,14,3.5,1.0,1.0
41kp06jx,3eda0437,3,12,3.3333333333333335,1.0,1.0
a6jpzpek,3eda0437,3,3,1.0,1.0,1.0
6eyovdd2,3eda0437,2,11,5.5,1.0,1.0
vpxztp7b,3eda0437,1,10,9.0,1.0,1.0
f1ejz9fy,3eda0437,4,22,5.5,1.0,1.0
e0biso3r,3eda0437,1,9,9.0,1.0,1.0
rjanlii9,3eda0437,1,9,9.0,1.0,1.0
c7ac53of,3eda0437,4,8,2.0,0.5,1.0
mrypomny,3eda0437,9,9,1.0,1.0,1.0
8bgj1tsd,3eda0437,1,9,9.0,1.0,1.0
tc5wgx8h,3eda0437,1,9,9.0,1.0,1.0
648anokh,3eda0437,1,9,9.0,1.0,1.0
qqqzakmg,3eda0437,2,42,17.5,1.0,1.0
zc26r1al,3eda0437,9,9,1.0,1.0,1.0
4stfwpke,3eda0437,2,10,4.5,1.0,1.0
nhds6zsd,3eda0437,20,20,1.0,1.0,1.0
vr20hyge,3eda0437,11,18,1.6363636363636365,1.0,1.0
03ljcqhc,3eda0437,1,9,9.0,1.0,1.0
904h81sn,3eda0437,1,9,9.0,1.0,1.0
so5k1adg,3eda0437,22,22,1.0,1.0,1.0
j2dvablb,3eda0437,1,9,9.0,1.0,1.0
xasfvnb7,3eda0437,21,21,1.0,1.0,1.0
sesf1qnx,3eda0437,1,11,9.0,1.0,1.0
6p8vl3lk,3eda0437,1,9,9.0,1.0,1.0
2j8p9vyz,3eda0437,1,10,9.0,1.0,1.0
s03ed531,3eda0437,9,9,1.0,1.0,1.0
wcau806y,3eda0437,6,6,1.0,1.0,1.0
eyn3wygc,3eda0437,8,9,1.125,1.0,1.0
ni5df01j,3eda0437,1,9,9.0,1.0,1.0
mrwlcmno,3eda0437,9,9,1.0,1.0,1.0
ew4oecfi,3eda0437,3,21,7.0,1.0,1.0
t2eyvuxq,3eda0437,1,9,9.0,1.0,1.0
qv0yh587,3eda0437,58,58,1.0,1.0,1.0
d1vjrjhc,3eda0437,9,9,1.0,1.0,1.0
k8txaw58,3eda0437,1,9,9.0,1.0,1.0
o4kkkuj9,3eda0437,5,26,5.2,1.0,1.0
mlvcv31l,3eda0437,1,9,9.0,1.0,1.0
a589fsqz,3eda0437,1,9,9.0,1.0,1.0
cdo2cmtp,3eda0437,6,30,5.0,1.0,1.0
uktb326q,3eda0437,21,21,1.0,1.0,1.0
bw2cwy0m,3eda0437,9,9,1.0,1.0,1.0
kwy2bqjo,3eda0437,3,21,7.0,1.0,1.0
ljwskxcq,3eda0437,1,10,9.0,1.0,1.0
v6jvgdvg,3eda0437,8,9,1.125,1.0,1.0
4s9g1cze,3eda0437,3,24,7.0,1.0,1.0
3irnkhq8,3eda0437,1,9,9.0,1.0,1.0
hsm45iwx,3eda0437,9,9,1.0,1.0,1.0
e2w81k0i,3eda0437,1,9,9.0,1.0,1.0
4s3cm7d8,3eda0437,2,9,4.5,1.0,1.0
sn10zd6g,3eda0437,1,9,9.0,1.0,1.0
szbhlpfr,3eda0437,71,71,1.0,1.0,1.0
phbjwkyw,3eda0437,1,9,9.0,1.0,1.0
095bdwyc,3eda0437,33,34,1.0303030303030303,1.0,1.0
y32zaw9c,3eda0437,22,22,1.0,1.0,1.0
cuybsfwr,3eda0437,1,9,9.0,1.0,1.0
0ra11hiv,3eda0437,30,30,1.0,1.0,1.0
44o5xnxe,3eda0437,9,9,1.0,1.0,1.0
qkiu92kk,3eda0437,9,9,1.0,1.0,1.0
02333qfj,3eda0437,1,9,9.0,1.0,1.0
qfsp3ery,3eda0437,9,9,1.0,1.0,1.0
q04yitea,3eda0437,4,24,6.0,1.0,1.0
3cc6zm51,3eda0437,9,9,1.0,1.0,1.0
ovhoesyy,3eda0437,1,10,9.0,1.0,1.0
ske58akk,3eda0437,15,47,3.066666666666667,1.0,1.0
r24jdhzg,3eda0437,17,40,1.8823529411764706,1.0,1.0
stbyxpx6,3eda0437,1,9,9.0,1.0,1.0
hpl7jugr,3eda0437,2,15,7.5,1.0,1.0
r2ck84r8,3eda0437,2,12,5.0,1.0,1.0
nze0azo1,3eda0437,13,21,1.6153846153846154,1.0,1.0
qazkn1sw,3eda0437,3,3,1.0,1.0,1.0
f0wpo2hr,3eda0437,1,9,9.0,1.0,1.0
c7z6erey,3eda0437,1,9,9.0,1.0,1.0
zvbewhqx,3eda0437,6,18,2.8333333333333335,1.0,1.0
plfupad7,3eda0437,10,45,4.4,0.9,1.0
ism64anu,3eda0437,4,29,6.75,1.0,1.0
n2et79bd,3eda0437,2,13,6.5,1.0,1.0
bmlngyh3,3eda0437,7,58,8.0,1.0,1.0
clucow7d,3eda0437,7,33,4.714285714285714,1.0,1.0
3d2as981,3eda0437,9,9,1.0,1.0,1.0
cghxa2ie,3eda0437,5,43,7.8,1.0,1.0
74l1qvc1,3eda0437,8,22,2.625,1.0,1.0
byx9jkxm,3eda0437,3,21,7.0,1.0,1.0
emwp6wq7,3eda0437,6,31,4.5,1.0,1.0
pad0sufd,3eda0437,1,9,9.0,1.0,1.0
npr5bsi2,3eda0437,9,9,1.0,1.0,1.0
ym49wqbn,3eda0437,2,14,6.0,1.0,1.0
154uk6vm,3eda0437,10,10,1.0,1.0,1.0
o5qropwk,3eda0437,3,22,7.0,1.0,1.0
5nrjvc7q,3eda0437,21,21,1.0,1.0,1.0
ol9lky1i,3eda0437,1,9,9.0,1.0,1.0
61zahdh9,3eda0437,11,40,3.5454545454545454,1.0,1.0
kmwiem6m,3eda0437,4,18,4.25,1.0,1.0
ikfbpugl,3eda0437,2,11,4.5,1.0,1.0
d33m799j,3eda0437,1,5,5.0,0.0,1.0
cp3b83py,3eda0437,1,9,9.0,1.0,1.0
fkx2gd88,3eda0437,4,31,7.5,1.0,1.0
27d8totr,3eda0437,21,21,1.0,1.0,1.0
qothvfhf,3eda0437,16,25,1.5,1.0,1.0
icf7bchs,3eda0437,54,70,1.2962962962962963,1.0,1.0
aqmjput5,3eda0437,7,38,4.857142857142857,1.0,1.0
f5ohsl5h,3eda0437,1,9,9.0,1.0,1.0
dmft9d3y,3eda0437,1,9,9.0,1.0,1.0
6e5gb0yb,3eda0437,9,30,2.888888888888889,0.8888888888888888,1.0
om1m73rv,3eda0437,1,9,9.0,1.0,1.0
vbwguazj,3eda0437,8,21,2.625,1.0,1.0
7agy8y3l,3eda0437,7,9,1.2857142857142858,1.0,1.0
8jwr3j6t,3eda0437,12,25,2.0833333333333335,1.0,1.0
mhskzwic,3eda0437,2,9,4.5,1.0,1.0
8yhijukj,3eda0437,1,9,9.0,1.0,1.0
xklnx39q,3eda0437,1,9,9.0,1.0,1.0
pz38obzd,3eda0437,2,11,4.5,1.0,1.0
m63pxnwq,3eda0437,1,11,9.0,1.0,1.0
nldu5ge3,3eda0437,3,20,6.0,1.0,1.0
t3l0if03,3eda0437,4,14,3.5,1.0,1.0
ler5uq42,3eda0437,33,33,1.0,1.0,1.0
4wx63ymf,3eda0437,3,21,7.0,1.0,1.0
pcrxo3zp,3eda0437,33,83,2.3333333333333335,0.9696969696969697,1.0
kkeej6x5,3eda0437,9,9,1.0,1.0,1.0
f5ktzt2t,3eda0437,2,18,8.0,1.0,1.0
mr7lkk46,3eda0437,1,11,9.0,1.0,1.0
2w766g1z,3eda0437,15,65,4.133333333333334,0.9333333333333333,1.0
0wk7vjg8,3eda0437,24,30,1.25,1.0,1.0
k0qq522n,3eda0437,9,9,1.0,1.0,1.0
cbvc5e3w,3eda0437,69,69,1.0,1.0,1.0
zfeorjum,3eda0437,9,9,1.0,1.0,1.0
hkj9daz7,3eda0437,1,13,9.0,1.0,1.0
w12e497z,3eda0437,54,230,2.8518518518518516,1.0,0.9988087502707386
9ohxtpht,3eda0437,1,9,9.0,1.0,1.0
4j6cy1mk,3eda0437,2,9,4.5,1.0,1.0
fl73adm5,3eda0437,1,9,9.0,1.0,1.0
oxvw1rhx,3eda0437,30,30,1.0,1.0,1.0
8d21w3yr,3eda0437,32,49,1.46875,1.0,1.0
wa9xd98o,3eda0437,2,12,6.0,1.0,1.0
cfclud8z,3eda0437,1,10,9.0,1.0,1.0
z8b26ynw,3eda0437,1,9,9.0,1.0,1.0
zelqv7az,3eda0437,21,21,1.0,1.0,1.0
jx6lhkbi,3eda0437,1,9,9.0,1.0,1.0
mpzcivx9,3eda0437,2,22,9.0,1.0,1.0
clhkwrie,3eda0437,1,9,9.0,1.0,1.0
1qt2f29y,3eda0437,1,11,9.0,1.0,1.0
sp00glmz,3eda0437,10,10,1.0,1.0,1.0
23iyreiv,3eda0437,2,9,4.5,1.0,1.0
ya0wv6pm,3eda0437,9,9,1.0,1.0,1.0
9evwb372,3eda0437,1,9,9.0,1.0,1.0
2ke9hbes,3eda0437,9,9,1.0,1.0,1.0
jqeesfz7,3eda0437,24,24,1.0,1.0,1.0
xji13cu2,3eda0437,1,10,9.0,1.0,1.0
9pjr0waw,3eda0437,13,13,1.0,1.0,1.0
kck1uue7,3eda0437,1,9,9.0,1.0,1.0
8psac9uo,3eda0437,7,9,1.2857142857142858,1.0,1.0
nx0vccp8,3eda0437,9,9,1.0,1.0,1.0
aypxap78,3eda0437,1,9,9.0,1.0,1.0
l0nln4b2,3eda0437,21,21,1.0,1.0,1.0
ascil7wf,3eda0437,1,9,9.0,1.0,1.0
8y2nd2sh,3eda0437,1,9,9.0,1.0,1.0
idma9086,3eda0437,1,9,9.0,1.0,1.0
r99uy0qb,3eda0437,3,8,2.6666666666666665,1.0,1.0
b73rrttr,3eda0437,10,10,1.0,1.0,1.0
yebzokh4,3eda0437,9,9,1.0,1.0,1.0
kavvl57w,3eda0437,1,12,9.0,1.0,1.0
qfiy90jx,3eda0437,3,18,5.666666666666667,1.0,1.0
8oohxrrz,3eda0437,3,15,5.0,1.0,1.0
x5id5i5q,3eda0437,9,9,1.0,1.0,1.0
g3vslpjv,3eda0437,1,9,9.0,1.0,1.0
2d8q4qkc,3eda0437,1,9,9.0,1.0,1.0
o2ho0580,3eda0437,8,29,3.625,0.25,1.0
bx44xwzb,3eda0437,9,9,1.0,1.0,1.0
c9sps7bl,3eda0437,5,31,6.2,1.0,1.0
ldo5smvx,3eda0437,1,9,9.0,1.0,1.0
qu0lm98m,3eda0437,6,24,4.0,1.0,1.0
jayyv6lz,3eda0437,22,23,1.0454545454545454,1.0,1.0
yfyhejim,3eda0437,4,22,5.5,1.0,1.0
0yfthc4y,3eda0437,13,52,3.6923076923076925,1.0,1.0
ei0ij8ms,3eda0437,1,9,9.0,1.0,1.0
2tkm21z6,3eda0437,9,9,1.0,1.0,1.0
yc52i3qf,3eda0437,9,9,1.0,1.0,1.0
g7svteiz,3eda0437,5,9,1.8,1.0,1.0
c2lwacqc,3eda0437,34,35,1.0294117647058822,1.0,1.0
cw4tyx7n,3eda0437,2,2,1.0,1.0,1.0
189iqcds,3eda0437,3,21,7.0,1.0,1.0
mzi8f2hv,3eda0437,5,34,6.4,1.0,1.0
fgxp8fzz,3eda0437,3,22,6.666666666666667,1.0,1.0
72p6pxny,3eda0437,1,9,9.0,1.0,1.0
rhbgnqhz,3eda0437,1,9,9.0,1.0,1.0
hd5k29qy,3eda0437,9,9,1.0,1.0,1.0
gkse9wdn,3eda0437,9,9,1.0,1.0,1.0
bmlngyh3,21f83797,61,406,5.819672131147541,0.9672131147540983,1.0
clucow7d,21f83797,15,107,6.266666666666667,1.0,1.0
3d2as981,21f83797,14,101,6.714285714285714,1.0,1.0
cghxa2ie,21f83797,5,103,17.0,1.0,1.0
byx9jkxm,21f83797,14,106,7.285714285714286,0.8571428571428571,1.0
j2pjmr32,21f83797,17,86,4.9411764705882355,1.0,1.0
emwp6wq7,21f83797,15,138,8.2,0.9333333333333333,1.0
pad0sufd,21f83797,5,109,16.8,1.0,1.0
xeu3j3ki,21f83797,18,186,8.444444444444445,0.8888888888888888,0.9675925925925927
npr5bsi2,21f83797,9,94,9.222222222222221,0.8888888888888888,0.9581320450885669
154uk6vm,21f83797,4,71,16.75,0.75,1.0
ym49wqbn,21f83797,18,145,7.666666666666667,0.9444444444444444,1.0
o5qropwk,21f83797,63,195,2.746031746031746,0.9682539682539683,0.9970760233918129
5nrjvc7q,21f83797,37,229,6.054054054054054,1.0,0.9981360671015843
ol9lky1i,21f83797,12,103,7.916666666666667,0.9166666666666666,1.0
61zahdh9,21f83797,11,89,7.636363636363637,0.9090909090909091,1.0
5hz183aa,21f83797,115,153,1.3217391304347825,1.0,1.0
kmwiem6m,21f83797,8,85,10.5,1.0,1.0
5pds9j1d,21f83797,84,84,1.0,1.0,1.0
ikfbpugl,21f83797,7,108,13.142857142857142,1.0,1.0
d33m799j,21f83797,12,93,7.166666666666667,0.9166666666666666,1.0
27d8totr,21f83797,7,103,12.571428571428571,1.0,1.0
qothvfhf,21f83797,78,78,1.0,1.0,1.0
91fk0af9,21f83797,9,117,12.444444444444445,1.0,1.0
icf7bchs,21f83797,102,173,1.6764705882352942,1.0,1.0
aqmjput5,21f83797,20,121,5.15,0.9,1.0
l9krayds,21f83797,5,34,5.8,0.8,1.0
bhpug29p,21f83797,19,141,6.947368421052632,0.9473684210526315,1.0
f5ohsl5h,21f83797,7,103,13.714285714285714,1.0,1.0
nvlsix5c,21f83797,63,64,1.0158730158730158,1.0,1.0
dmft9d3y,21f83797,24,93,3.8333333333333335,1.0,1.0
6e5gb0yb,21f83797,28,137,4.285714285714286,0.9642857142857143,0.984472049689441
hsm45iwx,21f83797,12,98,7.583333333333333,1.0,1.0
e2w81k0i,21f83797,21,138,5.714285714285714,0.9523809523809523,1.0
4s3cm7d8,21f83797,24,87,3.4166666666666665,1.0,1.0
sn10zd6g,21f83797,18,96,5.111111111111111,0.9444444444444444,1.0
szbhlpfr,21f83797,13,108,7.384615384615385,0.9230769230769231,1.0
phbjwkyw,21f83797,74,230,2.9594594594594597,0.9864864864864865,1.0
89u58v07,21f83797,10,100,8.5,1.0,1.0
y32zaw9c,21f83797,79,79,1.0,1.0,1.0
cuybsfwr,21f83797,18,244,12.277777777777779,0.8888888888888888,1.0
44o5xnxe,21f83797,31,124,3.7419354838709675,1.0,1.0
qkiu92kk,21f83797,15,132,8.533333333333333,1.0,1.0
02333qfj,21f83797,5,89,16.8,1.0,1.0
qfsp3ery,21f83797,60,165,2.5833333333333335,0.9666666666666667,1.0
q04yitea,21f83797,6,88,14.0,1.0,1.0
3cc6zm51,21f83797,41,91,2.2195121951219514,0.975609756097561,1.0
ovhoesyy,21f83797,8,176,16.625,1.0,0.9798850574712643
ske58akk,21f83797,36,209,5.527777777777778,0.9722222222222222,1.0
r24jdhzg,21f83797,25,130,4.68,0.88,1.0
hpl7jugr,21f83797,9,105,9.666666666666666,1.0,1.0
r2ck84r8,21f83797,22,80,3.6363636363636362,0.9545454545454546,1.0
nze0azo1,21f83797,29,260,7.758620689655173,1.0,1.0
qazkn1sw,21f83797,59,97,1.6271186440677967,0.9491525423728814,0.9962335216572504
f0wpo2hr,21f83797,10,174,15.3,0.9,0.9595238095238094
8aknstxj,21f83797,47,79,1.6595744680851063,1.0,1.0
c7z6erey,21f83797,11,80,7.090909090909091,1.0,1.0
zvbewhqx,21f83797,4,110,20.75,1.0,1.0
0hrc9vve,21f83797,18,128,7.055555555555555,0.6666666666666666,1.0
plfupad7,21f83797,18,96,5.222222222222222,0.8888888888888888,1.0
ism64anu,21f83797,10,102,9.0,1.0,1.0
2j8p9vyz,21f83797,12,83,6.666666666666667,1.0,1.0
s03ed531,21f83797,81,81,1.0,1.0,1.0
wcau806y,21f83797,22,80,3.6363636363636362,1.0,1.0
eyn3wygc,21f83797,8,107,11.0,1.0,1.0
ni5df01j,21f83797,5,91,16.8,1.0,1.0
mrwlcmno,21f83797,80,80,1.0,1.0,1.0
ew4oecfi,21f83797,5,86,16.8,1.0,1.0
t2eyvuxq,21f83797,7,133,17.857142857142858,0.8571428571428571,1.0
qv0yh587,21f83797,9,9,1.0,1.0,1.0
d1vjrjhc,21f83797,6,94,14.166666666666666,1.0,1.0
k8txaw58,21f83797,6,94,14.0,1.0,1.0
o4kkkuj9,21f83797,115,176,1.4695652173913043,1.0,0.9971014492753623
mlvcv31l,21f83797,13,123,8.846153846153847,0.9230769230769231,0.9786324786324786
a589fsqz,21f83797,12,105,8.166666666666666,0.9166666666666666,1.0
cdo2cmtp,21f83797,78,78,1.0,1.0,1.0
uktb326q,21f83797,49,90,1.7346938775510203,1.0,1.0
kwy2bqjo,21f83797,8,92,11.25,1.0,1.0
bw2cwy0m,21f83797,6,90,14.0,1.0,1.0
ljwskxcq,21f83797,11,99,8.272727272727273,0.9090909090909091,0.9826839826839827
v6jvgdvg,21f83797,10,90,9.0,0.9,1.0
l5sagbsh,21f83797,14,100,6.785714285714286,1.0,1.0
4s9g1cze,21f83797,6,99,13.833333333333334,1.0,1.0
3irnkhq8,21f83797,30,262,7.966666666666667,0.9666666666666667,1.0
zj5uemkt,21f83797,78,78,1.0,1.0,1.0
lmtka1ev,21f83797,13,101,6.923076923076923,1.0,1.0
41kp06jx,21f83797,10,89,8.8,1.0,1.0
a0w1xgxf,21f83797,53,202,3.169811320754717,0.9622641509433962,0.9904373927958835
6eyovdd2,21f83797,18,84,4.666666666666667,0.9444444444444444,1.0
a6jpzpek,21f83797,2,21,10.5,1.0,1.0
vpxztp7b,21f83797,39,92,2.1538461538461537,0.9743589743589743,1.0
f1ejz9fy,21f83797,13,109,7.230769230769231,1.0,1.0
a9gvtd1o,21f83797,19,94,4.7894736842105265,1.0,1.0
e0biso3r,21f83797,6,101,14.5,1.0,1.0
rjanlii9,21f83797,14,95,6.642857142857143,1.0,1.0
c7ac53of,21f83797,2,2,1.0,1.0,1.0
jeq3oy2g,21f83797,4,116,19.0,0.75,1.0
mrypomny,21f83797,53,90,1.6981132075471699,1.0,1.0
tc5wgx8h,21f83797,17,103,5.9411764705882355,0.9411764705882353,1.0
8bgj1tsd,21f83797,30,89,2.8,1.0,1.0
648anokh,21f83797,21,110,5.142857142857143,0.9523809523809523,1.0
nhds6zsd,21f83797,78,78,1.0,1.0,1.0
vr20hyge,21f83797,80,80,1.0,1.0,1.0
ce9qdbyh,21f83797,10,153,11.3,0.8,0.9318398096748611
904h81sn,21f83797,7,93,12.0,1.0,1.0
so5k1adg,21f83797,78,78,1.0,1.0,1.0
j2dvablb,21f83797,11,113,9.636363636363637,0.9090909090909091,0.9954545454545454
xasfvnb7,21f83797,38,163,3.6052631578947367,0.9736842105263158,0.9868974680741124
sesf1qnx,21f83797,12,150,9.25,0.8333333333333334,0.9779693486590038
qu0lm98m,21f83797,36,233,5.75,0.8888888888888888,1.0
jayyv6lz,21f83797,5,84,16.8,1.0,1.0
yfyhejim,21f83797,10,159,13.7,0.9,1.0
0yfthc4y,21f83797,14,175,11.071428571428571,0.7857142857142857,0.9527027027027027
ei0ij8ms,21f83797,23,163,5.478260869565218,0.9565217391304348,0.9786749482401657
2tkm21z6,21f83797,82,82,1.0,1.0,1.0
g7svteiz,21f83797,39,79,2.0256410256410255,0.9487179487179487,1.0
c2lwacqc,21f83797,20,113,5.65,1.0,1.0
cw4tyx7n,21f83797,26,65,2.5,0.9615384615384616,1.0
189iqcds,21f83797,9,122,11.666666666666666,0.7777777777777778,1.0
mzi8f2hv,21f83797,19,125,6.315789473684211,1.0,1.0
xgvto4mg,21f83797,35,95,2.4571428571428573,1.0,1.0
fgxp8fzz,21f83797,7,88,12.0,1.0,1.0
72p6pxny,21f83797,32,291,8.84375,0.875,1.0
rhbgnqhz,21f83797,8,89,10.875,1.0,1.0
hd5k29qy,21f83797,10,114,9.7,1.0,1.0
gkse9wdn,21f83797,83,83,1.0,1.0,1.0
jqeesfz7,21f83797,114,114,1.0,1.0,1.0
xji13cu2,21f83797,50,79,1.56,1.0,1.0
9pjr0waw,21f83797,20,94,4.15,0.95,1.0
kck1uue7,21f83797,38,105,2.526315789473684,0.9736842105263158,1.0
8psac9uo,21f83797,19,84,4.368421052631579,1.0,1.0
nx0vccp8,21f83797,46,146,3.0434782608695654,0.9565217391304348,1.0
aypxap78,21f83797,11,92,7.7272727272727275,0.9090909090909091,1.0
l0nln4b2,21f83797,19,80,4.2105263157894735,1.0,1.0
ascil7wf,21f83797,17,86,5.0,1.0,1.0
8y2nd2sh,21f83797,13,95,7.153846153846154,0.9230769230769231,1.0
idma9086,21f83797,22,235,9.954545454545455,0.8636363636363636,1.0
r99uy0qb,21f83797,25,92,3.6,1.0,1.0
b73rrttr,21f83797,33,33,1.0,1.0,1.0
yebzokh4,21f83797,81,139,1.617283950617284,0.9876543209876543,1.0
qfiy90jx,21f83797,13,90,6.923076923076923,1.0,1.0
8oohxrrz,21f83797,5,88,16.8,1.0,1.0
g3vslpjv,21f83797,14,89,6.0,1.0,1.0
2d8q4qkc,21f83797,14,169,9.928571428571429,0.8571428571428571,1.0
o2ho0580,21f83797,9,50,5.555555555555555,0.5555555555555556,1.0
c9sps7bl,21f83797,13,131,8.538461538461538,0.7692307692307693,1.0
0wk7vjg8,21f83797,7,86,12.0,1.0,1.0
2anyuqd8,21f83797,78,78,1.0,1.0,1.0
1r6yodve,21f83797,80,80,1.0,1.0,1.0
k0qq522n,21f83797,57,90,1.5614035087719298,1.0,1.0
hkj9daz7,21f83797,11,88,7.363636363636363,1.0,1.0
zfeorjum,21f83797,26,164,5.846153846153846,0.9230769230769231,0.9929149797570851
w12e497z,21f83797,5,5,1.0,1.0,1.0
9ohxtpht,21f83797,15,83,5.533333333333333,1.0,1.0
fl73adm5,21f83797,12,161,13.0,1.0,1.0
4j6cy1mk,21f83797,13,98,7.0,0.9230769230769231,1.0
oxvw1rhx,21f83797,13,114,8.307692307692308,0.7692307692307693,1.0
8d21w3yr,21f83797,19,136,6.894736842105263,1.0,1.0
cfclud8z,21f83797,3,107,27.333333333333332,1.0,1.0
z8b26ynw,21f83797,5,93,16.6,1.0,1.0
zelqv7az,21f83797,5,92,16.8,1.0,1.0
jx6lhkbi,21f83797,9,104,10.444444444444445,1.0,1.0
mpzcivx9,21f83797,11,99,8.636363636363637,1.0,1.0
1qt2f29y,21f83797,79,81,1.0253164556962024,1.0,1.0
clhkwrie,21f83797,22,233,10.454545454545455,0.9545454545454546,1.0
sp00glmz,21f83797,14,101,6.642857142857143,1.0,1.0
ya0wv6pm,21f83797,47,78,1.6595744680851063,1.0,1.0
9evwb372,21f83797,5,90,16.8,1.0,1.0
om1m73rv,21f83797,36,139,3.361111111111111,0.9722222222222222,1.0
vbwguazj,21f83797,28,94,3.2142857142857144,0.9642857142857143,1.0
o1t1fb7j,21f83797,25,128,3.36,0.96,0.9866666666666666
7agy8y3l,21f83797,16,236,12.6875,1.0,1.0
p445h6ow,21f83797,19,203,9.894736842105264,0.8421052631578947,1.0
8jwr3j6t,21f83797,18,166,7.611111111111111,0.8888888888888888,0.9957264957264957
z3die4q3,21f83797,15,131,7.6,1.0,1.0
mhskzwic,21f83797,32,120,3.5,0.96875,1.0
8yhijukj,21f83797,9,86,9.333333333333334,0.8888888888888888,1.0
50nsp39w,21f83797,11,85,7.454545454545454,1.0,1.0
xklnx39q,21f83797,7,120,14.714285714285714,1.0,1.0
pz38obzd,21f83797,21,108,4.857142857142857,0.9047619047619048,0.9824561403508772
nrfiw9bx,21f83797,9,91,9.555555555555555,0.8888888888888888,1.0
m63pxnwq,21f83797,6,91,14.333333333333334,1.0,1.0
nldu5ge3,21f83797,6,88,13.5,1.0,1.0
t3l0if03,21f83797,6,89,14.0,1.0,1.0
ler5uq42,21f83797,78,78,1.0,1.0,1.0
nfbzvhip,21f83797,95,166,1.631578947368421,0.9894736842105263,0.9950590762620837
4wx63ymf,21f83797,20,100,5.0,0.95,1.0
bcyhma9y,21f83797,85,85,1.0,1.0,1.0
pcrxo3zp,21f83797,6,107,14.666666666666666,1.0,1.0
kkeej6x5,21f83797,29,93,3.1379310344827585,1.0,1.0
f5ktzt2t,21f83797,10,108,9.1,0.8,1.0
mr7lkk46,21f83797,8,91,10.25,1.0,1.0
2w766g1z,21f83797,9,86,8.88888888888889,1.0,1.0
nqubyvew,21f83797,24,96,3.75,0.9166666666666666,1.0
8y2nd2sh,6ea4a07e,4,10,2.5,0.75,1.0
ascil7wf,6ea4a07e,4,4,1.0,1.0,1.0
aypxap78,6ea4a07e,8,8,1.0,1.0,1.0
l0nln4b2,6ea4a07e,9,9,1.0,1.0,1.0
kck1uue7,6ea4a07e,3,9,3.0,1.0,1.0
8psac9uo,6ea4a07e,4,4,1.0,1.0,1.0
nx0vccp8,6ea4a07e,4,4,1.0,1.0,1.0
jqeesfz7,6ea4a07e,9,9,1.0,1.0,1.0
o2ho0580,6ea4a07e,14,14,1.0,1.0,1.0
bx44xwzb,6ea4a07e,9,9,1.0,1.0,1.0
c9sps7bl,6ea4a07e,3,9,3.0,1.0,1.0
g3vslpjv,6ea4a07e,9,9,1.0,1.0,1.0
2d8q4qkc,6ea4a07e,3,9,3.0,1.0,1.0
qfiy90jx,6ea4a07e,3,9,3.0,1.0,1.0
8oohxrrz,6ea4a07e,2,4,2.0,1.0,1.0
kavvl57w,6ea4a07e,2,4,2.0,1.0,1.0
yebzokh4,6ea4a07e,9,9,1.0,1.0,1.0
b73rrttr,6ea4a07e,9,9,1.0,1.0,1.0
r99uy0qb,6ea4a07e,4,14,3.5,1.0,1.0
idma9086,6ea4a07e,4,4,1.0,1.0,1.0
2tkm21z6,6ea4a07e,9,9,1.0,1.0,1.0
0yfthc4y,6ea4a07e,9,9,1.0,1.0,1.0
ei0ij8ms,6ea4a07e,3,9,3.0,1.0,1.0
9wkeb5tu,6ea4a07e,4,4,1.0,1.0,1.0
yfyhejim,6ea4a07e,3,9,3.0,1.0,1.0
qu0lm98m,6ea4a07e,11,11,1.0,1.0,1.0
ldo5smvx,6ea4a07e,5,9,1.8,1.0,1.0
rhbgnqhz,6ea4a07e,9,9,1.0,1.0,1.0
72p6pxny,6ea4a07e,5,13,2.6,1.0,1.0
hd5k29qy,6ea4a07e,4,4,1.0,1.0,1.0
xgvto4mg,6ea4a07e,23,23,1.0,1.0,1.0
fgxp8fzz,6ea4a07e,5,11,2.2,1.0,1.0
189iqcds,6ea4a07e,2,4,2.0,1.0,1.0
mzi8f2hv,6ea4a07e,9,27,3.0,1.0,1.0
c2lwacqc,6ea4a07e,9,9,1.0,1.0,1.0
g7svteiz,6ea4a07e,9,9,1.0,1.0,1.0
cw4tyx7n,6ea4a07e,2,3,1.0,1.0,1.0
yc52i3qf,6ea4a07e,9,9,1.0,1.0,1.0
nrfiw9bx,6ea4a07e,3,9,3.0,1.0,1.0
xklnx39q,6ea4a07e,3,9,3.0,1.0,1.0
pz38obzd,6ea4a07e,4,4,1.0,1.0,1.0
mhskzwic,6ea4a07e,4,4,1.0,1.0,1.0
8yhijukj,6ea4a07e,4,4,1.0,1.0,1.0
50nsp39w,6ea4a07e,18,22,1.2222222222222223,1.0,1.0
z3die4q3,6ea4a07e,3,9,3.0,1.0,1.0
p445h6ow,6ea4a07e,9,9,1.0,1.0,1.0
8jwr3j6t,6ea4a07e,9,9,1.0,1.0,1.0
om1m73rv,6ea4a07e,9,9,1.0,1.0,1.0
o1t1fb7j,6ea4a07e,9,9,1.0,1.0,1.0
7agy8y3l,6ea4a07e,5,5,1.0,1.0,1.0
nqubyvew,6ea4a07e,2,4,2.0,1.0,1.0
mr7lkk46,6ea4a07e,5,9,1.8,1.0,1.0
2w766g1z,6ea4a07e,9,9,1.0,1.0,1.0
kkeej6x5,6ea4a07e,5,9,1.8,1.0,1.0
f5ktzt2t,6ea4a07e,3,9,3.0,1.0,1.0
pcrxo3zp,6ea4a07e,9,9,1.0,1.0,1.0
ler5uq42,6ea4a07e,10,10,1.0,1.0,1.0
nfbzvhip,6ea4a07e,5,5,1.0,1.0,1.0
4wx63ymf,6ea4a07e,2,12,4.0,1.0,1.0
t3l0if03,6ea4a07e,3,9,3.0,1.0,1.0
nldu5ge3,6ea4a07e,9,9,1.0,1.0,1.0
m63pxnwq,6ea4a07e,5,9,1.8,1.0,1.0
onnumbyy,6ea4a07e,4,4,1.0,1.0,1.0
wa9xd98o,6ea4a07e,4,4,1.0,1.0,1.0
8d21w3yr,6ea4a07e,9,9,1.0,1.0,1.0
318gokyy,6ea4a07e,9,9,1.0,1.0,1.0
oxvw1rhx,6ea4a07e,6,14,2.3333333333333335,1.0,1.0
4j6cy1mk,6ea4a07e,22,22,1.0,1.0,1.0
fl73adm5,6ea4a07e,2,4,2.0,1.0,1.0
9ohxtpht,6ea4a07e,9,9,1.0,1.0,1.0
w12e497z,6ea4a07e,1,5,5.0,1.0,1.0
zfeorjum,6ea4a07e,4,4,1.0,1.0,1.0
hkj9daz7,6ea4a07e,5,9,1.8,1.0,1.0
1r6yodve,6ea4a07e,14,14,1.0,1.0,1.0
wz0zoo1d,6ea4a07e,4,4,1.0,1.0,1.0
k0qq522n,6ea4a07e,9,9,1.0,1.0,1.0
cbvc5e3w,6ea4a07e,5,5,1.0,1.0,1.0
0wk7vjg8,6ea4a07e,9,9,1.0,1.0,1.0
9evwb372,6ea4a07e,2,4,2.0,1.0,1.0
ya0wv6pm,6ea4a07e,9,9,1.0,1.0,1.0
sp00glmz,6ea4a07e,5,9,1.8,1.0,1.0
mpzcivx9,6ea4a07e,3,9,3.0,1.0,1.0
clhkwrie,6ea4a07e,9,9,1.0,1.0,1.0
1qt2f29y,6ea4a07e,18,18,1.0,1.0,1.0
jx6lhkbi,6ea4a07e,8,8,1.0,1.0,1.0
zelqv7az,6ea4a07e,4,4,1.0,1.0,1.0
z8b26ynw,6ea4a07e,2,4,2.0,1.0,1.0
cfclud8z,6ea4a07e,5,9,1.8,1.0,1.0
02333qfj,6ea4a07e,3,9,3.0,1.0,1.0
q04yitea,6ea4a07e,4,4,1.0,1.0,1.0
qfsp3ery,6ea4a07e,3,9,3.0,1.0,1.0
44o5xnxe,6ea4a07e,3,4,1.3333333333333333,1.0,1.0
qkiu92kk,6ea4a07e,14,14,1.0,1.0,1.0
0ra11hiv,6ea4a07e,9,9,1.0,1.0,1.0
cuybsfwr,6ea4a07e,9,9,1.0,1.0,1.0
y32zaw9c,6ea4a07e,17,17,1.0,1.0,1.0
89u58v07,6ea4a07e,6,9,1.5,1.0,1.0
szbhlpfr,6ea4a07e,9,9,1.0,1.0,1.0
phbjwkyw,6ea4a07e,5,9,1.8,1.0,1.0
sn10zd6g,6ea4a07e,3,4,1.3333333333333333,1.0,1.0
hsm45iwx,6ea4a07e,9,9,1.0,1.0,1.0
e2w81k0i,6ea4a07e,3,9,3.0,1.0,1.0
ism64anu,6ea4a07e,9,9,1.0,1.0,1.0
n2et79bd,6ea4a07e,9,9,1.0,1.0,1.0
0hrc9vve,6ea4a07e,1,5,4.0,1.0,1.0
zvbewhqx,6ea4a07e,9,9,1.0,1.0,1.0
c7z6erey,6ea4a07e,9,9,1.0,1.0,1.0
8aknstxj,6ea4a07e,9,9,1.0,1.0,1.0
qazkn1sw,6ea4a07e,14,14,1.0,1.0,1.0
f0wpo2hr,6ea4a07e,5,9,1.8,1.0,1.0
r2ck84r8,6ea4a07e,2,4,2.0,1.0,1.0
nze0azo1,6ea4a07e,9,9,1.0,1.0,1.0
hpl7jugr,6ea4a07e,3,9,3.0,1.0,1.0
r24jdhzg,6ea4a07e,9,9,1.0,1.0,1.0
stbyxpx6,6ea4a07e,5,9,1.8,1.0,1.0
3cc6zm51,6ea4a07e,9,9,1.0,1.0,1.0
ovhoesyy,6ea4a07e,4,4,1.0,1.0,1.0
ske58akk,6ea4a07e,5,9,1.8,1.0,1.0
61zahdh9,6ea4a07e,5,9,1.8,1.0,1.0
5hz183aa,6ea4a07e,32,33,1.03125,1.0,1.0
o5qropwk,6ea4a07e,9,9,1.0,1.0,1.0
5nrjvc7q,6ea4a07e,9,9,1.0,1.0,1.0
xeu3j3ki,6ea4a07e,14,14,1.0,1.0,1.0
ym49wqbn,6ea4a07e,13,17,1.3076923076923077,1.0,1.0
154uk6vm,6ea4a07e,9,9,1.0,1.0,1.0
npr5bsi2,6ea4a07e,9,9,1.0,1.0,1.0
emwp6wq7,6ea4a07e,5,9,1.8,1.0,1.0
pad0sufd,6ea4a07e,6,9,1.5,1.0,1.0
j2pjmr32,6ea4a07e,4,4,1.0,1.0,1.0
byx9jkxm,6ea4a07e,3,9,3.0,1.0,1.0
74l1qvc1,6ea4a07e,9,9,1.0,1.0,1.0
clucow7d,6ea4a07e,2,4,2.0,1.0,1.0
cghxa2ie,6ea4a07e,6,14,2.3333333333333335,1.0,1.0
3d2as981,6ea4a07e,5,9,1.8,1.0,1.0
bmlngyh3,6ea4a07e,9,9,1.0,1.0,1.0
pgtp756s,6ea4a07e,9,9,1.0,1.0,1.0
6e5gb0yb,6ea4a07e,3,9,3.0,1.0,1.0
dmft9d3y,6ea4a07e,2,4,2.0,1.0,1.0
bdfn1h0o,6ea4a07e,4,4,1.0,1.0,1.0
aqmjput5,6ea4a07e,5,6,1.2,1.0,1.0
f5ohsl5h,6ea4a07e,5,9,1.8,1.0,1.0
bhpug29p,6ea4a07e,4,4,1.0,1.0,1.0
icf7bchs,6ea4a07e,4,4,1.0,1.0,1.0
fkx2gd88,6ea4a07e,2,4,2.0,1.0,1.0
27d8totr,6ea4a07e,9,9,1.0,1.0,1.0
qothvfhf,6ea4a07e,9,9,1.0,1.0,1.0
cp3b83py,6ea4a07e,2,4,2.0,1.0,1.0
ikfbpugl,6ea4a07e,4,9,2.25,1.0,1.0
d33m799j,6ea4a07e,4,8,2.0,1.0,1.0
kmwiem6m,6ea4a07e,3,9,3.0,1.0,1.0
zc26r1al,6ea4a07e,13,13,1.0,1.0,1.0
648anokh,6ea4a07e,3,4,1.3333333333333333,1.0,1.0
qqqzakmg,6ea4a07e,5,13,2.6,1.0,1.0
8bgj1tsd,6ea4a07e,9,9,1.0,1.0,1.0
tc5wgx8h,6ea4a07e,9,9,1.0,1.0,1.0
c7ac53of,6ea4a07e,1,5,5.0,1.0,1.0
rjanlii9,6ea4a07e,9,9,1.0,1.0,1.0
mrypomny,6ea4a07e,7,10,1.4285714285714286,1.0,1.0
jeq3oy2g,6ea4a07e,9,9,1.0,1.0,1.0
e0biso3r,6ea4a07e,4,4,1.0,1.0,1.0
a9gvtd1o,6ea4a07e,9,9,1.0,1.0,1.0
vpxztp7b,6ea4a07e,9,9,1.0,1.0,1.0
f1ejz9fy,6ea4a07e,4,4,1.0,1.0,1.0
a6jpzpek,6ea4a07e,5,5,1.0,1.0,1.0
6eyovdd2,6ea4a07e,7,9,1.2857142857142858,1.0,1.0
lmtka1ev,6ea4a07e,2,4,2.0,1.0,1.0
a0w1xgxf,6ea4a07e,9,9,1.0,1.0,1.0
41kp06jx,6ea4a07e,3,9,3.0,1.0,1.0
xasfvnb7,6ea4a07e,4,4,1.0,1.0,1.0
so5k1adg,6ea4a07e,4,4,1.0,1.0,1.0
904h81sn,6ea4a07e,5,9,1.8,1.0,1.0
j2dvablb,6ea4a07e,9,9,1.0,1.0,1.0
ce9qdbyh,6ea4a07e,13,13,1.0,1.0,1.0
vr20hyge,6ea4a07e,9,9,1.0,1.0,1.0
nhds6zsd,6ea4a07e,5,9,1.8,1.0,1.0
4stfwpke,6ea4a07e,5,9,1.8,1.0,1.0
a589fsqz,6ea4a07e,2,4,2.0,1.0,1.0
d1vjrjhc,6ea4a07e,4,4,1.0,1.0,1.0
k8txaw58,6ea4a07e,10,10,1.0,1.0,1.0
o4kkkuj9,6ea4a07e,4,4,1.0,1.0,1.0
mlvcv31l,6ea4a07e,5,9,1.8,1.0,1.0
t2eyvuxq,6ea4a07e,9,9,1.0,1.0,1.0
qv0yh587,6ea4a07e,5,5,1.0,1.0,1.0
mrwlcmno,6ea4a07e,9,9,1.0,1.0,1.0
ew4oecfi,6ea4a07e,2,4,2.0,1.0,1.0
eyn3wygc,6ea4a07e,9,9,1.0,1.0,1.0
ni5df01j,6ea4a07e,4,4,1.0,1.0,1.0
wcau806y,6ea4a07e,9,9,1.0,1.0,1.0
2j8p9vyz,6ea4a07e,3,4,1.3333333333333333,1.0,1.0
s03ed531,6ea4a07e,9,9,1.0,1.0,1.0
zj5uemkt,6ea4a07e,9,9,1.0,1.0,1.0
ljwskxcq,6ea4a07e,3,9,3.0,1.0,1.0
v6jvgdvg,6ea4a07e,10,10,1.0,1.0,1.0
l5sagbsh,6ea4a07e,4,4,1.0,1.0,1.0
4s9g1cze,6ea4a07e,2,4,2.0,1.0,1.0
3irnkhq8,6ea4a07e,2,4,2.0,1.0,1.0
kwy2bqjo,6ea4a07e,7,13,1.8571428571428572,1.0,1.0
bw2cwy0m,6ea4a07e,9,9,1.0,1.0,1.0
uktb326q,6ea4a07e,11,11,1.0,1.0,1.0
phbjwkyw,0a2355a6,9,116,12.666666666666666,1.0,1.0
szbhlpfr,0a2355a6,1,1,1.0,1.0,1.0
89u58v07,0a2355a6,10,187,16.8,1.0,1.0
4s3cm7d8,0a2355a6,97,109,1.1237113402061856,1.0,1.0
e2w81k0i,0a2355a6,7,93,12.571428571428571,1.0,1.0
hsm45iwx,0a2355a6,17,105,5.529411764705882,1.0,1.0
sn10zd6g,0a2355a6,8,89,11.125,1.0,1.0
qkiu92kk,0a2355a6,109,109,1.0,1.0,1.0
44o5xnxe,0a2355a6,28,89,3.0714285714285716,1.0,1.0
q04yitea,0a2355a6,40,96,2.4,0.975,1.0
qfsp3ery,0a2355a6,26,96,3.6538461538461537,0.9615384615384616,1.0
y32zaw9c,0a2355a6,87,88,1.0114942528735633,1.0,1.0
cuybsfwr,0a2355a6,12,135,10.083333333333334,0.9166666666666666,1.0
nze0azo1,0a2355a6,11,90,7.818181818181818,1.0,1.0
r2ck84r8,0a2355a6,32,97,2.96875,0.90625,1.0
hpl7jugr,0a2355a6,8,93,11.0,1.0,1.0
ske58akk,0a2355a6,21,104,4.523809523809524,1.0,1.0
ovhoesyy,0a2355a6,5,96,17.2,1.0,1.0
3cc6zm51,0a2355a6,5,5,1.0,1.0,1.0
stbyxpx6,0a2355a6,19,92,4.7894736842105265,1.0,1.0
r24jdhzg,0a2355a6,22,99,4.0,1.0,1.0
zvbewhqx,0a2355a6,31,88,2.774193548387097,1.0,1.0
n2et79bd,0a2355a6,9,88,9.777777777777779,1.0,1.0
ism64anu,0a2355a6,88,88,1.0,1.0,1.0
plfupad7,0a2355a6,19,101,5.157894736842105,0.8947368421052632,1.0
f0wpo2hr,0a2355a6,7,94,12.857142857142858,1.0,1.0
qazkn1sw,0a2355a6,98,103,1.0510204081632653,1.0,1.0
c7z6erey,0a2355a6,13,86,6.615384615384615,1.0,1.0
byx9jkxm,0a2355a6,7,91,12.285714285714286,1.0,1.0
74l1qvc1,0a2355a6,2,35,15.0,0.5,1.0
bmlngyh3,0a2355a6,149,559,3.5704697986577183,0.9932885906040269,1.0
cghxa2ie,0a2355a6,6,95,14.833333333333334,1.0,1.0
3d2as981,0a2355a6,36,229,5.75,0.9444444444444444,1.0
clucow7d,0a2355a6,5,132,22.8,1.0,1.0
5nrjvc7q,0a2355a6,28,137,4.892857142857143,1.0,1.0
o5qropwk,0a2355a6,85,86,1.011764705882353,1.0,1.0
5hz183aa,0a2355a6,1,16,15.0,0.0,1.0
61zahdh9,0a2355a6,34,86,2.5294117647058822,1.0,1.0
pad0sufd,0a2355a6,31,89,2.774193548387097,1.0,1.0
emwp6wq7,0a2355a6,12,97,7.75,1.0,1.0
ym49wqbn,0a2355a6,10,88,8.7,1.0,1.0
154uk6vm,0a2355a6,106,106,1.0,1.0,1.0
npr5bsi2,0a2355a6,65,94,1.4307692307692308,1.0,1.0
cp3b83py,0a2355a6,13,87,6.615384615384615,0.9230769230769231,1.0
91fk0af9,0a2355a6,179,243,1.3016759776536313,1.0,1.0
qothvfhf,0a2355a6,86,86,1.0,1.0,1.0
27d8totr,0a2355a6,11,90,8.181818181818182,1.0,1.0
fkx2gd88,0a2355a6,5,94,17.2,1.0,1.0
5pds9j1d,0a2355a6,86,86,1.0,1.0,1.0
kmwiem6m,0a2355a6,8,91,11.25,1.0,1.0
ikfbpugl,0a2355a6,7,137,18.571428571428573,1.0,1.0
dmft9d3y,0a2355a6,40,96,2.4,1.0,1.0
6e5gb0yb,0a2355a6,10,100,9.3,1.0,1.0
icf7bchs,0a2355a6,102,131,1.2549019607843137,0.9901960784313726,1.0
nvlsix5c,0a2355a6,10,240,20.9,0.9,0.9627906976744185
f5ohsl5h,0a2355a6,8,102,11.5,1.0,1.0
l9krayds,0a2355a6,108,108,1.0,1.0,1.0
aqmjput5,0a2355a6,51,141,2.549019607843137,1.0,1.0
f1ejz9fy,0a2355a6,22,200,8.590909090909092,1.0,1.0
vpxztp7b,0a2355a6,27,216,7.7407407407407405,0.9629629629629629,1.0
e0biso3r,0a2355a6,5,94,17.6,1.0,1.0
a9gvtd1o,0a2355a6,12,93,7.333333333333333,1.0,1.0
a0w1xgxf,0a2355a6,63,166,2.507936507936508,0.9841269841269841,1.0
41kp06jx,0a2355a6,10,97,9.0,1.0,1.0
a6jpzpek,0a2355a6,22,160,7.2272727272727275,1.0,1.0
qqqzakmg,0a2355a6,1,43,40.0,0.0,1.0
648anokh,0a2355a6,6,94,14.833333333333334,1.0,1.0
mrypomny,0a2355a6,73,86,1.178082191780822,1.0,1.0
jeq3oy2g,0a2355a6,3,57,17.333333333333332,0.3333333333333333,1.0
c7ac53of,0a2355a6,4,16,4.0,0.5,1.0
rjanlii9,0a2355a6,84,86,1.0238095238095237,1.0,1.0
tc5wgx8h,0a2355a6,37,158,4.135135135135135,0.972972972972973,1.0
nhds6zsd,0a2355a6,86,86,1.0,1.0,1.0
sesf1qnx,0a2355a6,75,86,1.1466666666666667,1.0,1.0
xasfvnb7,0a2355a6,86,88,1.0232558139534884,1.0,1.0
ce9qdbyh,0a2355a6,9,88,9.666666666666666,1.0,1.0
j2dvablb,0a2355a6,13,89,6.846153846153846,1.0,1.0
so5k1adg,0a2355a6,88,88,1.0,1.0,1.0
904h81sn,0a2355a6,16,86,5.375,1.0,1.0
ni5df01j,0a2355a6,8,167,19.25,1.0,1.0
eyn3wygc,0a2355a6,14,98,6.571428571428571,1.0,1.0
08vqizpx,0a2355a6,88,88,1.0,1.0,1.0
ew4oecfi,0a2355a6,4,92,21.5,1.0,1.0
mrwlcmno,0a2355a6,80,86,1.075,1.0,1.0
s03ed531,0a2355a6,88,88,1.0,1.0,1.0
2j8p9vyz,0a2355a6,11,89,8.0,1.0,1.0
wcau806y,0a2355a6,3,10,3.0,1.0,1.0
mlvcv31l,0a2355a6,5,99,17.4,1.0,1.0
k8txaw58,0a2355a6,9,100,10.222222222222221,1.0,1.0
d1vjrjhc,0a2355a6,56,120,2.107142857142857,1.0,1.0
7o2tmcr2,0a2355a6,123,147,1.1869918699186992,0.991869918699187,1.0
a589fsqz,0a2355a6,28,86,3.0714285714285716,0.9285714285714286,1.0
qv0yh587,0a2355a6,6,6,1.0,1.0,1.0
t2eyvuxq,0a2355a6,8,104,11.625,1.0,1.0
1xogp17t,0a2355a6,64,118,1.8125,0.984375,1.0
uktb326q,0a2355a6,83,100,1.1927710843373494,0.9879518072289156,1.0
bw2cwy0m,0a2355a6,44,100,2.227272727272727,1.0,1.0
kwy2bqjo,0a2355a6,4,93,21.5,1.0,1.0
cdo2cmtp,0a2355a6,86,86,1.0,1.0,1.0
zj5uemkt,0a2355a6,86,86,1.0,1.0,1.0
4s9g1cze,0a2355a6,7,90,12.571428571428571,1.0,1.0
v6jvgdvg,0a2355a6,86,86,1.0,1.0,1.0
l5sagbsh,0a2355a6,13,95,6.846153846153846,1.0,1.0
ljwskxcq,0a2355a6,5,104,18.0,1.0,1.0
9pjr0waw,0a2355a6,17,86,5.0588235294117645,1.0,1.0
nx0vccp8,0a2355a6,60,120,1.9666666666666666,0.9833333333333333,1.0
8psac9uo,0a2355a6,35,94,2.4857142857142858,0.9714285714285714,1.0
kck1uue7,0a2355a6,15,113,6.8,1.0,1.0
jqeesfz7,0a2355a6,106,106,1.0,1.0,1.0
8y2nd2sh,0a2355a6,15,124,7.866666666666666,1.0,1.0
l0nln4b2,0a2355a6,10,86,8.6,1.0,1.0
aypxap78,0a2355a6,4,90,21.5,1.0,1.0
ascil7wf,0a2355a6,6,91,14.333333333333334,1.0,1.0
yebzokh4,0a2355a6,86,86,1.0,1.0,1.0
r99uy0qb,0a2355a6,3,18,6.0,0.3333333333333333,1.0
idma9086,0a2355a6,24,153,6.0,1.0,1.0
7nszfy43,0a2355a6,28,173,6.178571428571429,0.9285714285714286,1.0
b73rrttr,0a2355a6,18,18,1.0,1.0,1.0
g3vslpjv,0a2355a6,22,87,3.9545454545454546,1.0,1.0
c9sps7bl,0a2355a6,7,105,12.857142857142858,1.0,1.0
bx44xwzb,0a2355a6,51,102,1.8627450980392157,1.0,1.0
o2ho0580,0a2355a6,94,264,2.723404255319149,0.9574468085106383,1.0
8oohxrrz,0a2355a6,16,162,9.625,0.9375,1.0
qfiy90jx,0a2355a6,6,89,14.333333333333334,1.0,1.0
jayyv6lz,0a2355a6,125,127,1.016,1.0,1.0
qu0lm98m,0a2355a6,10,87,8.6,0.9,1.0
ldo5smvx,0a2355a6,7,104,13.571428571428571,1.0,1.0
ei0ij8ms,0a2355a6,10,107,10.4,1.0,1.0
0yfthc4y,0a2355a6,5,29,5.8,1.0,1.0
2tkm21z6,0a2355a6,89,89,1.0,1.0,1.0
yfyhejim,0a2355a6,11,177,14.909090909090908,1.0,1.0
yc52i3qf,0a2355a6,19,108,5.684210526315789,0.9473684210526315,1.0
cw4tyx7n,0a2355a6,88,124,1.3522727272727273,1.0,1.0
c2lwacqc,0a2355a6,32,150,4.5625,0.96875,1.0
g7svteiz,0a2355a6,41,88,2.097560975609756,1.0,1.0
hd5k29qy,0a2355a6,205,205,1.0,1.0,1.0
rhbgnqhz,0a2355a6,14,96,6.857142857142857,0.9285714285714286,1.0
72p6pxny,0a2355a6,54,87,1.5925925925925926,0.9814814814814815,1.0
gkse9wdn,0a2355a6,88,88,1.0,1.0,1.0
mzi8f2hv,0a2355a6,21,88,4.095238095238095,0.9047619047619048,1.0
189iqcds,0a2355a6,22,100,3.9545454545454546,1.0,1.0
fgxp8fzz,0a2355a6,5,92,17.2,1.0,1.0
xgvto4mg,0a2355a6,86,86,1.0,1.0,1.0
z3die4q3,0a2355a6,11,93,8.363636363636363,1.0,1.0
8jwr3j6t,0a2355a6,17,89,5.176470588235294,1.0,1.0
8yhijukj,0a2355a6,32,206,6.3125,0.9375,1.0
mhskzwic,0a2355a6,49,89,1.816326530612245,1.0,1.0
7agy8y3l,0a2355a6,32,86,2.6875,1.0,1.0
vbwguazj,0a2355a6,22,104,4.590909090909091,1.0,1.0
om1m73rv,0a2355a6,9,87,9.555555555555555,1.0,1.0
nrfiw9bx,0a2355a6,18,119,6.5,1.0,1.0
pz38obzd,0a2355a6,12,86,7.166666666666667,1.0,1.0
xklnx39q,0a2355a6,9,127,12.88888888888889,1.0,1.0
t3l0if03,0a2355a6,13,113,8.307692307692308,1.0,1.0
nldu5ge3,0a2355a6,24,89,3.5833333333333335,1.0,1.0
4wx63ymf,0a2355a6,9,95,9.88888888888889,1.0,1.0
nfbzvhip,0a2355a6,11,101,8.363636363636363,1.0,1.0
ler5uq42,0a2355a6,91,91,1.0,1.0,1.0
onnumbyy,0a2355a6,54,115,2.1296296296296298,0.8333333333333334,1.0
m63pxnwq,0a2355a6,7,89,12.285714285714286,1.0,1.0
2w766g1z,0a2355a6,13,86,6.615384615384615,1.0,1.0
mr7lkk46,0a2355a6,5,98,17.6,1.0,1.0
nqubyvew,0a2355a6,25,103,4.0,1.0,1.0
f5ktzt2t,0a2355a6,20,157,7.75,1.0,1.0
kkeej6x5,0a2355a6,21,86,4.095238095238095,0.9523809523809523,1.0
pcrxo3zp,0a2355a6,11,131,11.363636363636363,1.0,1.0
zfeorjum,0a2355a6,9,88,9.666666666666666,1.0,1.0
hkj9daz7,0a2355a6,9,88,9.555555555555555,1.0,1.0
9ohxtpht,0a2355a6,10,89,8.8,1.0,1.0
w12e497z,0a2355a6,31,147,4.387096774193548,1.0,0.9915110356536503
0wk7vjg8,0a2355a6,11,107,8.636363636363637,1.0,0.9545454545454546
cbvc5e3w,0a2355a6,193,193,1.0,1.0,1.0
k0qq522n,0a2355a6,8,120,13.625,0.875,1.0
wa9xd98o,0a2355a6,42,139,3.2857142857142856,1.0,1.0
oxvw1rhx,0a2355a6,35,129,3.4857142857142858,1.0,1.0
4j6cy1mk,0a2355a6,28,88,3.142857142857143,0.7857142857142857,1.0
fl73adm5,0a2355a6,12,104,8.333333333333334,1.0,1.0
8d21w3yr,0a2355a6,13,100,7.384615384615385,1.0,1.0
jx6lhkbi,0a2355a6,6,97,14.666666666666666,1.0,1.0
cfclud8z,0a2355a6,4,97,21.5,1.0,1.0
zelqv7az,0a2355a6,9,87,9.666666666666666,1.0,1.0
9evwb372,0a2355a6,14,100,7.071428571428571,1.0,1.0
ya0wv6pm,0a2355a6,97,100,1.0309278350515463,1.0,1.0
clhkwrie,0a2355a6,85,217,2.552941176470588,0.9647058823529412,1.0
1qt2f29y,0a2355a6,140,142,1.0142857142857142,1.0,1.0
mpzcivx9,0a2355a6,10,89,8.7,1.0,1.0
sp00glmz,0a2355a6,30,237,7.233333333333333,0.9666666666666667,1.0
nvlsix5c,2c608aff,18,18,1.0,1.0,1.0
f5ohsl5h,2c608aff,6,21,3.5,1.0,1.0
bhpug29p,2c608aff,18,18,1.0,1.0,1.0
aqmjput5,2c608aff,56,629,8.035714285714286,0.9642857142857143,1.0
l9krayds,2c608aff,11,659,46.90909090909091,0.9090909090909091,1.0
dmft9d3y,2c608aff,8,24,2.75,1.0,1.0
6e5gb0yb,2c608aff,7,23,3.2857142857142856,0.8571428571428571,1.0
pgtp756s,2c608aff,36,36,1.0,1.0,1.0
5pds9j1d,2c608aff,20,20,1.0,1.0,1.0
kmwiem6m,2c608aff,5,18,3.6,1.0,1.0
d33m799j,2c608aff,2,50,25.0,0.0,1.0
ikfbpugl,2c608aff,12,34,2.8333333333333335,1.0,1.0
cp3b83py,2c608aff,5,18,3.6,1.0,1.0
qothvfhf,2c608aff,18,18,1.0,1.0,1.0
27d8totr,2c608aff,18,18,1.0,1.0,1.0
fkx2gd88,2c608aff,5,18,3.6,1.0,1.0
pad0sufd,2c608aff,5,18,3.6,1.0,1.0
emwp6wq7,2c608aff,5,19,3.8,1.0,1.0
ym49wqbn,2c608aff,5,18,3.6,1.0,1.0
npr5bsi2,2c608aff,39,39,1.0,1.0,1.0
xeu3j3ki,2c608aff,7,24,3.4285714285714284,1.0,1.0
5nrjvc7q,2c608aff,20,20,1.0,1.0,1.0
o5qropwk,2c608aff,18,18,1.0,1.0,1.0
61zahdh9,2c608aff,11,20,1.8181818181818181,0.9090909090909091,1.0
bmlngyh3,2c608aff,14,20,1.4285714285714286,1.0,1.0
3d2as981,2c608aff,75,1931,11.64,0.96,0.9982587173860034
clucow7d,2c608aff,5,19,3.8,1.0,1.0
byx9jkxm,2c608aff,5,18,3.6,1.0,1.0
f0wpo2hr,2c608aff,5,20,4.0,1.0,1.0
qazkn1sw,2c608aff,10,31,3.1,0.3,1.0
8aknstxj,2c608aff,19,41,1.9473684210526316,1.0,1.0
c7z6erey,2c608aff,5,18,3.6,1.0,1.0
0hrc9vve,2c608aff,2,75,37.0,0.0,1.0
zvbewhqx,2c608aff,7,18,2.5714285714285716,1.0,1.0
n2et79bd,2c608aff,13,18,1.3846153846153846,1.0,1.0
ism64anu,2c608aff,5,18,3.6,1.0,1.0
plfupad7,2c608aff,17,18,1.0588235294117647,1.0,1.0
ske58akk,2c608aff,19,28,1.4736842105263157,1.0,1.0
ovhoesyy,2c608aff,13,18,1.3846153846153846,1.0,1.0
3cc6zm51,2c608aff,20,20,1.0,1.0,1.0
stbyxpx6,2c608aff,7,18,2.5714285714285716,1.0,1.0
r24jdhzg,2c608aff,8,25,3.0,1.0,1.0
r2ck84r8,2c608aff,5,18,3.6,1.0,1.0
hpl7jugr,2c608aff,5,18,3.6,1.0,1.0
y32zaw9c,2c608aff,18,18,1.0,1.0,1.0
0ra11hiv,2c608aff,27,27,1.0,1.0,1.0
cuybsfwr,2c608aff,23,24,1.0434782608695652,1.0,1.0
qkiu92kk,2c608aff,20,20,1.0,1.0,1.0
ihnjt6k4,2c608aff,52,53,1.0192307692307692,1.0,1.0
44o5xnxe,2c608aff,18,18,1.0,1.0,1.0
q04yitea,2c608aff,18,18,1.0,1.0,1.0
qfsp3ery,2c608aff,18,18,1.0,1.0,1.0
02333qfj,2c608aff,18,18,1.0,1.0,1.0
4s3cm7d8,2c608aff,7,18,2.5714285714285716,1.0,1.0
e2w81k0i,2c608aff,8,18,2.25,1.0,1.0
hsm45iwx,2c608aff,5,20,4.0,1.0,1.0
sn10zd6g,2c608aff,5,18,3.6,1.0,1.0
phbjwkyw,2c608aff,6,18,3.0,1.0,1.0
89u58v07,2c608aff,8,18,2.25,1.0,1.0
3irnkhq8,2c608aff,5,19,3.8,1.0,1.0
4s9g1cze,2c608aff,19,45,2.3684210526315788,1.0,1.0
l5sagbsh,2c608aff,5,18,3.6,1.0,1.0
v6jvgdvg,2c608aff,18,18,1.0,1.0,1.0
ljwskxcq,2c608aff,5,18,3.6,1.0,1.0
zj5uemkt,2c608aff,16,24,1.4375,1.0,1.0
cdo2cmtp,2c608aff,5,18,3.6,1.0,1.0
uktb326q,2c608aff,18,18,1.0,1.0,1.0
bw2cwy0m,2c608aff,17,18,1.0588235294117647,1.0,1.0
kwy2bqjo,2c608aff,7,22,3.142857142857143,1.0,1.0
qv0yh587,2c608aff,17,18,1.0588235294117647,1.0,1.0
t2eyvuxq,2c608aff,5,23,4.6,1.0,1.0
mlvcv31l,2c608aff,5,18,3.6,1.0,1.0
o4kkkuj9,2c608aff,23,23,1.0,1.0,1.0
k8txaw58,2c608aff,20,36,1.7,1.0,1.0
d1vjrjhc,2c608aff,17,18,1.0588235294117647,1.0,1.0
7o2tmcr2,2c608aff,36,373,7.305555555555555,0.9722222222222222,0.9873737373737375
a589fsqz,2c608aff,8,18,2.25,1.0,1.0
s03ed531,2c608aff,20,20,1.0,1.0,1.0
2j8p9vyz,2c608aff,5,18,3.6,1.0,1.0
6p8vl3lk,2c608aff,22,70,3.0,1.0,1.0
wcau806y,2c608aff,16,28,1.6875,0.9375,1.0
ni5df01j,2c608aff,5,18,3.6,1.0,1.0
eyn3wygc,2c608aff,19,19,1.0,1.0,1.0
08vqizpx,2c608aff,18,18,1.0,1.0,1.0
ew4oecfi,2c608aff,5,18,3.6,1.0,1.0
mrwlcmno,2c608aff,19,19,1.0,1.0,1.0
ce9qdbyh,2c608aff,5,18,3.6,1.0,1.0
03ljcqhc,2c608aff,7,22,3.142857142857143,1.0,1.0
j2dvablb,2c608aff,8,50,5.125,1.0,1.0
so5k1adg,2c608aff,18,18,1.0,1.0,1.0
904h81sn,2c608aff,5,18,3.6,1.0,1.0
sesf1qnx,2c608aff,5,18,3.6,1.0,1.0
vr20hyge,2c608aff,6,20,3.3333333333333335,1.0,1.0
nhds6zsd,2c608aff,18,18,1.0,1.0,1.0
mrypomny,2c608aff,5,18,3.6,1.0,1.0
c7ac53of,2c608aff,110,110,1.0,1.0,1.0
rjanlii9,2c608aff,18,18,1.0,1.0,1.0
tc5wgx8h,2c608aff,20,36,1.7,0.95,1.0
qqqzakmg,2c608aff,16,68,4.25,1.0,1.0
41kp06jx,2c608aff,5,18,3.6,1.0,1.0
a0w1xgxf,2c608aff,6,20,3.3333333333333335,1.0,1.0
lmtka1ev,2c608aff,5,18,3.6,1.0,1.0
6eyovdd2,2c608aff,18,18,1.0,1.0,1.0
a6jpzpek,2c608aff,3,3,1.0,1.0,1.0
f1ejz9fy,2c608aff,5,18,3.6,1.0,1.0
vpxztp7b,2c608aff,5,19,3.8,1.0,1.0
e0biso3r,2c608aff,5,18,3.6,1.0,1.0
a9gvtd1o,2c608aff,10,18,1.8,1.0,1.0
mzi8f2hv,2c608aff,6,18,3.0,1.0,1.0
189iqcds,2c608aff,8,35,4.0,1.0,1.0
fgxp8fzz,2c608aff,5,18,3.6,1.0,1.0
xgvto4mg,2c608aff,18,18,1.0,1.0,1.0
hd5k29qy,2c608aff,5,22,4.4,1.0,1.0
rhbgnqhz,2c608aff,6,18,3.0,1.0,1.0
72p6pxny,2c608aff,6,20,3.3333333333333335,1.0,1.0
gkse9wdn,2c608aff,25,25,1.0,1.0,1.0
cw4tyx7n,2c608aff,5,18,3.6,1.0,1.0
g7svteiz,2c608aff,8,18,2.25,1.0,1.0
yfyhejim,2c608aff,5,18,3.6,1.0,1.0
ei0ij8ms,2c608aff,6,21,3.5,1.0,1.0
0yfthc4y,2c608aff,22,22,1.0,1.0,1.0
2tkm21z6,2c608aff,18,18,1.0,1.0,1.0
ldo5smvx,2c608aff,6,27,4.5,1.0,1.0
jayyv6lz,2c608aff,21,21,1.0,1.0,1.0
qu0lm98m,2c608aff,5,18,3.6,1.0,1.0
8oohxrrz,2c608aff,6,20,3.3333333333333335,1.0,1.0
qfiy90jx,2c608aff,5,18,3.6,1.0,1.0
c9sps7bl,2c608aff,5,18,3.6,1.0,1.0
bx44xwzb,2c608aff,10,18,1.8,1.0,1.0
o2ho0580,2c608aff,4,174,39.25,0.0,1.0
r99uy0qb,2c608aff,5,19,3.6,1.0,1.0
idma9086,2c608aff,5,18,3.6,1.0,1.0
0fy66fv2,2c608aff,21,21,1.0,1.0,1.0
b73rrttr,2c608aff,21,27,1.2857142857142858,1.0,1.0
yebzokh4,2c608aff,18,18,1.0,1.0,1.0
kavvl57w,2c608aff,5,18,3.6,1.0,1.0
l0nln4b2,2c608aff,18,18,1.0,1.0,1.0
aypxap78,2c608aff,18,18,1.0,1.0,1.0
ascil7wf,2c608aff,5,18,3.6,1.0,1.0
8y2nd2sh,2c608aff,8,23,2.875,1.0,1.0
xji13cu2,2c608aff,8,34,4.0,1.0,1.0
jqeesfz7,2c608aff,18,18,1.0,1.0,1.0
9pjr0waw,2c608aff,8,24,3.0,0.875,1.0
nx0vccp8,2c608aff,7,23,3.2857142857142856,1.0,1.0
8psac9uo,2c608aff,18,18,1.0,1.0,1.0
kck1uue7,2c608aff,5,18,3.6,1.0,1.0
1qt2f29y,2c608aff,97,103,1.0515463917525774,1.0,1.0
clhkwrie,2c608aff,5,18,3.6,1.0,1.0
mpzcivx9,2c608aff,5,18,3.6,1.0,1.0
sp00glmz,2c608aff,20,20,1.0,1.0,1.0
9evwb372,2c608aff,5,18,3.6,1.0,1.0
ya0wv6pm,2c608aff,13,28,1.5384615384615385,1.0,1.0
cfclud8z,2c608aff,5,18,3.6,1.0,1.0
zelqv7az,2c608aff,18,18,1.0,1.0,1.0
z8b26ynw,2c608aff,5,18,3.6,1.0,1.0
jx6lhkbi,2c608aff,5,20,4.0,1.0,1.0
oxvw1rhx,2c608aff,58,58,1.0,1.0,1.0
fl73adm5,2c608aff,5,19,3.8,1.0,1.0
4j6cy1mk,2c608aff,7,22,3.142857142857143,1.0,1.0
8d21w3yr,2c608aff,5,18,3.6,1.0,1.0
0wk7vjg8,2c608aff,6,22,3.5,1.0,1.0
k0qq522n,2c608aff,18,18,1.0,1.0,1.0
1r6yodve,2c608aff,205,205,1.0,1.0,1.0
2anyuqd8,2c608aff,18,18,1.0,1.0,1.0
hkj9daz7,2c608aff,5,18,3.6,1.0,1.0
zfeorjum,2c608aff,5,18,3.6,1.0,1.0
9ohxtpht,2c608aff,5,21,4.2,1.0,1.0
w12e497z,2c608aff,18,808,28.444444444444443,1.0,1.0
bcyhma9y,2c608aff,6,6,1.0,1.0,1.0
f5ktzt2t,2c608aff,6,18,3.0,1.0,1.0
pcrxo3zp,2c608aff,6,20,3.3333333333333335,1.0,1.0
2w766g1z,2c608aff,5,18,3.6,1.0,1.0
mr7lkk46,2c608aff,5,18,3.6,1.0,1.0
onnumbyy,2c608aff,20,23,1.15,0.95,1.0
m63pxnwq,2c608aff,16,18,1.125,1.0,1.0
t3l0if03,2c608aff,6,19,3.1666666666666665,1.0,1.0
nldu5ge3,2c608aff,5,18,3.6,1.0,1.0
4wx63ymf,2c608aff,5,18,3.6,1.0,1.0
ler5uq42,2c608aff,19,19,1.0,1.0,1.0
pz38obzd,2c608aff,6,20,3.3333333333333335,1.0,1.0
xklnx39q,2c608aff,5,18,3.6,1.0,1.0
nrfiw9bx,2c608aff,15,41,2.7333333333333334,1.0,1.0
7agy8y3l,2c608aff,8,18,2.25,1.0,1.0
vbwguazj,2c608aff,8,31,3.625,1.0,1.0
om1m73rv,2c608aff,5,19,3.8,1.0,1.0
z3die4q3,2c608aff,5,18,3.6,1.0,1.0
8jwr3j6t,2c608aff,6,20,3.3333333333333335,1.0,1.0
p445h6ow,2c608aff,6,22,3.6666666666666665,1.0,1.0
50nsp39w,2c608aff,13,55,4.230769230769231,1.0,1.0
8yhijukj,2c608aff,5,18,3.6,1.0,1.0
mhskzwic,2c608aff,6,18,3.0,1.0,1.0
cp3b83py,834ec97d,13,25,1.9230769230769231,1.0,1.0
27d8totr,834ec97d,20,25,1.25,1.0,1.0
fkx2gd88,834ec97d,9,26,2.888888888888889,1.0,1.0
qothvfhf,834ec97d,34,57,1.6176470588235294,1.0,1.0
kmwiem6m,834ec97d,8,26,3.25,1.0,1.0
d33m799j,834ec97d,2,21,10.5,0.0,1.0
bdfn1h0o,834ec97d,7,25,3.5714285714285716,1.0,1.0
6e5gb0yb,834ec97d,7,60,6.142857142857143,1.0,0.9285714285714286
pgtp756s,834ec97d,29,29,1.0,1.0,1.0
icf7bchs,834ec97d,1,1,1.0,1.0,1.0
f5ohsl5h,834ec97d,17,53,3.0,1.0,1.0
byx9jkxm,834ec97d,13,25,1.9230769230769231,1.0,1.0
74l1qvc1,834ec97d,31,31,1.0,1.0,1.0
j2pjmr32,834ec97d,19,19,1.0,1.0,1.0
bmlngyh3,834ec97d,94,123,1.2765957446808511,0.9893617021276596,1.0
clucow7d,834ec97d,8,27,3.25,1.0,1.0
cghxa2ie,834ec97d,16,28,1.75,1.0,1.0
3d2as981,834ec97d,10,33,3.2,0.9,1.0
o5qropwk,834ec97d,1,1,1.0,1.0,1.0
5nrjvc7q,834ec97d,16,25,1.5625,1.0,1.0
61zahdh9,834ec97d,10,28,2.8,1.0,1.0
5hz183aa,834ec97d,15,23,1.5333333333333334,1.0,1.0
emwp6wq7,834ec97d,6,18,3.0,1.0,1.0
pad0sufd,834ec97d,8,40,3.625,1.0,1.0
ym49wqbn,834ec97d,19,52,2.736842105263158,1.0,1.0
154uk6vm,834ec97d,52,80,1.5192307692307692,0.9807692307692307,1.0
npr5bsi2,834ec97d,6,26,4.333333333333333,0.8333333333333334,1.0
nze0azo1,834ec97d,8,26,3.25,1.0,1.0
r2ck84r8,834ec97d,9,25,2.7777777777777777,1.0,1.0
hpl7jugr,834ec97d,8,28,3.25,1.0,1.0
3cc6zm51,834ec97d,54,70,1.2962962962962963,1.0,1.0
ske58akk,834ec97d,24,52,2.1666666666666665,1.0,1.0
ovhoesyy,834ec97d,7,25,3.5714285714285716,1.0,1.0
r24jdhzg,834ec97d,17,27,1.5294117647058822,1.0,1.0
0hrc9vve,834ec97d,3,15,5.0,0.0,1.0
zvbewhqx,834ec97d,11,34,3.0,1.0,1.0
plfupad7,834ec97d,17,25,1.4705882352941178,1.0,1.0
n2et79bd,834ec97d,8,26,3.25,1.0,1.0
ism64anu,834ec97d,19,64,3.0526315789473686,1.0,1.0
qazkn1sw,834ec97d,38,38,1.0,1.0,1.0
f0wpo2hr,834ec97d,13,45,3.3076923076923075,1.0,1.0
c7z6erey,834ec97d,8,26,3.25,1.0,1.0
8aknstxj,834ec97d,25,25,1.0,1.0,1.0
szbhlpfr,834ec97d,6,18,3.0,1.0,1.0
phbjwkyw,834ec97d,23,30,1.2608695652173914,1.0,1.0
89u58v07,834ec97d,26,26,1.0,1.0,1.0
hsm45iwx,834ec97d,13,25,1.9230769230769231,1.0,1.0
4s3cm7d8,834ec97d,13,13,1.0,1.0,1.0
e2w81k0i,834ec97d,8,27,3.25,1.0,1.0
sn10zd6g,834ec97d,8,26,3.25,1.0,1.0
ihnjt6k4,834ec97d,23,23,1.0,1.0,1.0
44o5xnxe,834ec97d,7,25,3.5714285714285716,1.0,1.0
02333qfj,834ec97d,31,31,1.0,1.0,1.0
q04yitea,834ec97d,34,71,2.088235294117647,0.9705882352941176,1.0
qfsp3ery,834ec97d,28,28,1.0,1.0,1.0
y32zaw9c,834ec97d,26,26,1.0,1.0,1.0
cuybsfwr,834ec97d,43,44,1.0232558139534884,1.0,1.0
uktb326q,834ec97d,25,26,1.04,1.0,1.0
kwy2bqjo,834ec97d,6,18,3.0,1.0,1.0
bw2cwy0m,834ec97d,25,25,1.0,1.0,1.0
zj5uemkt,834ec97d,27,27,1.0,1.0,1.0
l5sagbsh,834ec97d,14,50,3.357142857142857,1.0,1.0
v6jvgdvg,834ec97d,19,21,1.105263157894737,1.0,1.0
ljwskxcq,834ec97d,18,36,2.0,1.0,1.0
3irnkhq8,834ec97d,9,28,3.111111111111111,1.0,1.0
4s9g1cze,834ec97d,8,31,3.25,1.0,1.0
ni5df01j,834ec97d,13,39,3.0,0.8461538461538461,1.0
eyn3wygc,834ec97d,25,25,1.0,1.0,1.0
mrwlcmno,834ec97d,25,25,1.0,1.0,1.0
08vqizpx,834ec97d,29,29,1.0,1.0,1.0
ew4oecfi,834ec97d,8,26,3.25,1.0,1.0
6p8vl3lk,834ec97d,11,62,4.7272727272727275,1.0,0.9715909090909091
2j8p9vyz,834ec97d,10,36,3.3,1.0,1.0
s03ed531,834ec97d,20,20,1.0,1.0,1.0
wcau806y,834ec97d,30,50,1.5,1.0,1.0
d1vjrjhc,834ec97d,20,108,4.1,0.95,0.9683876811594203
mlvcv31l,834ec97d,13,53,4.0,0.8461538461538461,1.0
k8txaw58,834ec97d,24,50,2.0833333333333335,1.0,1.0
o4kkkuj9,834ec97d,23,25,1.0869565217391304,1.0,1.0
a589fsqz,834ec97d,10,46,3.7,1.0,0.9821428571428571
t2eyvuxq,834ec97d,13,25,1.9230769230769231,1.0,1.0
qv0yh587,834ec97d,5,15,2.0,1.0,0.9199999999999999
vr20hyge,834ec97d,13,25,1.9230769230769231,1.0,1.0
nhds6zsd,834ec97d,11,26,2.3636363636363638,1.0,1.0
xasfvnb7,834ec97d,46,48,1.0434782608695652,1.0,1.0
sesf1qnx,834ec97d,10,26,2.5,1.0,1.0
ce9qdbyh,834ec97d,10,20,2.0,0.9,1.0
904h81sn,834ec97d,19,34,1.631578947368421,1.0,1.0
j2dvablb,834ec97d,8,29,3.625,0.875,0.9583333333333333
vpxztp7b,834ec97d,9,27,3.0,1.0,1.0
e0biso3r,834ec97d,13,25,1.9230769230769231,1.0,1.0
a9gvtd1o,834ec97d,22,65,2.3181818181818183,0.9545454545454546,0.9922394678492239
lmtka1ev,834ec97d,18,29,1.6111111111111112,1.0,1.0
a0w1xgxf,834ec97d,19,83,3.789473684210526,0.8947368421052632,1.0
41kp06jx,834ec97d,10,25,2.5,1.0,1.0
a6jpzpek,834ec97d,13,41,3.0,1.0,0.967032967032967
6eyovdd2,834ec97d,26,80,3.076923076923077,0.9615384615384616,1.0
648anokh,834ec97d,23,45,1.9565217391304348,1.0,1.0
c7ac53of,834ec97d,13,28,2.1538461538461537,1.0,1.0
rjanlii9,834ec97d,49,146,2.877551020408163,1.0,0.9938775510204082
mrypomny,834ec97d,7,25,3.5714285714285716,1.0,1.0
jeq3oy2g,834ec97d,9,29,3.0,0.8888888888888888,1.0
8bgj1tsd,834ec97d,7,20,2.857142857142857,1.0,1.0
tc5wgx8h,834ec97d,44,44,1.0,1.0,1.0
c2lwacqc,834ec97d,6,18,3.0,1.0,1.0
g7svteiz,834ec97d,25,25,1.0,1.0,1.0
cw4tyx7n,834ec97d,6,18,3.0,1.0,1.0
rhbgnqhz,834ec97d,32,56,1.75,0.96875,1.0
72p6pxny,834ec97d,15,27,1.8,1.0,1.0
hd5k29qy,834ec97d,11,26,2.3636363636363638,1.0,1.0
gkse9wdn,834ec97d,31,31,1.0,1.0,1.0
189iqcds,834ec97d,27,27,1.0,1.0,1.0
mzi8f2hv,834ec97d,17,30,1.7647058823529411,1.0,1.0
xgvto4mg,834ec97d,19,25,1.3157894736842106,0.9473684210526315,1.0
fgxp8fzz,834ec97d,13,25,1.9230769230769231,1.0,1.0
jayyv6lz,834ec97d,7,25,3.5714285714285716,1.0,1.0
qu0lm98m,834ec97d,8,27,3.375,1.0,1.0
ldo5smvx,834ec97d,6,18,3.0,1.0,1.0
0yfthc4y,834ec97d,18,37,1.9444444444444444,1.0,1.0
ei0ij8ms,834ec97d,18,37,2.0,1.0,1.0
2tkm21z6,834ec97d,25,25,1.0,1.0,1.0
yfyhejim,834ec97d,11,29,2.6363636363636362,0.8181818181818182,1.0
yebzokh4,834ec97d,26,26,1.0,1.0,1.0
kavvl57w,834ec97d,8,26,3.25,1.0,1.0
r99uy0qb,834ec97d,32,53,1.4375,1.0,0.9852941176470589
0fy66fv2,834ec97d,2,2,1.0,1.0,1.0
7nszfy43,834ec97d,7,14,2.0,1.0,1.0
b73rrttr,834ec97d,7,8,1.1428571428571428,1.0,1.0
g3vslpjv,834ec97d,9,26,2.888888888888889,1.0,1.0
2d8q4qkc,834ec97d,7,26,3.5714285714285716,1.0,1.0
bx44xwzb,834ec97d,18,33,1.6111111111111112,1.0,1.0
o2ho0580,834ec97d,12,12,1.0,1.0,1.0
c9sps7bl,834ec97d,10,28,2.7,1.0,1.0
qfiy90jx,834ec97d,14,27,1.9285714285714286,1.0,1.0
8oohxrrz,834ec97d,17,25,1.4705882352941178,1.0,1.0
9pjr0waw,834ec97d,7,18,2.5714285714285716,0.8571428571428571,1.0
kck1uue7,834ec97d,12,33,2.4166666666666665,0.9166666666666666,1.0
nx0vccp8,834ec97d,13,18,1.3846153846153846,1.0,1.0
8psac9uo,834ec97d,28,28,1.0,1.0,1.0
jqeesfz7,834ec97d,38,38,1.0,1.0,1.0
8y2nd2sh,834ec97d,13,25,1.9230769230769231,1.0,1.0
aypxap78,834ec97d,13,25,1.9230769230769231,1.0,1.0
l0nln4b2,834ec97d,27,27,1.0,1.0,1.0
ascil7wf,834ec97d,7,25,3.5714285714285716,1.0,1.0
jx6lhkbi,834ec97d,15,25,1.6666666666666667,1.0,1.0
cfclud8z,834ec97d,21,40,1.9047619047619047,0.9523809523809523,1.0
zelqv7az,834ec97d,8,20,2.5,1.0,1.0
z8b26ynw,834ec97d,18,40,2.2222222222222223,0.9444444444444444,1.0
23iyreiv,834ec97d,9,27,2.888888888888889,0.8888888888888888,1.0
9evwb372,834ec97d,9,35,3.7777777777777777,0.8888888888888888,1.0
ya0wv6pm,834ec97d,25,25,1.0,1.0,1.0
mpzcivx9,834ec97d,6,18,3.0,1.0,1.0
clhkwrie,834ec97d,13,26,2.0,0.9230769230769231,1.0
1qt2f29y,834ec97d,39,39,1.0,1.0,1.0
sp00glmz,834ec97d,27,27,1.0,1.0,1.0
zfeorjum,834ec97d,8,22,2.75,1.0,1.0
hkj9daz7,834ec97d,7,25,3.5714285714285716,1.0,1.0
9ohxtpht,834ec97d,8,26,3.25,1.0,1.0
w12e497z,834ec97d,3,3,1.0,1.0,1.0
0wk7vjg8,834ec97d,12,26,2.1666666666666665,0.75,1.0
1r6yodve,834ec97d,19,19,1.0,1.0,1.0
2anyuqd8,834ec97d,28,28,1.0,1.0,1.0
k0qq522n,834ec97d,37,37,1.0,1.0,1.0
318gokyy,834ec97d,7,19,2.7142857142857144,1.0,1.0
oxvw1rhx,834ec97d,16,29,1.8125,1.0,1.0
4j6cy1mk,834ec97d,21,47,2.238095238095238,0.9523809523809523,1.0
8d21w3yr,834ec97d,34,36,1.0588235294117647,1.0,1.0
t3l0if03,834ec97d,16,29,1.8125,1.0,1.0
nldu5ge3,834ec97d,8,26,3.25,1.0,1.0
ler5uq42,834ec97d,18,18,1.0,1.0,1.0
4wx63ymf,834ec97d,19,38,1.9473684210526316,0.9473684210526315,1.0
nfbzvhip,834ec97d,45,45,1.0,1.0,1.0
onnumbyy,834ec97d,26,78,2.8076923076923075,0.9230769230769231,1.0
m63pxnwq,834ec97d,13,25,1.9230769230769231,1.0,1.0
mr7lkk46,834ec97d,9,26,2.888888888888889,1.0,1.0
2w766g1z,834ec97d,13,25,1.9230769230769231,1.0,1.0
nqubyvew,834ec97d,16,45,2.75,0.875,1.0
bcyhma9y,834ec97d,46,46,1.0,1.0,1.0
kkeej6x5,834ec97d,36,47,1.3055555555555556,1.0,1.0
f5ktzt2t,834ec97d,20,65,3.05,1.0,1.0
pcrxo3zp,834ec97d,7,19,2.7142857142857144,1.0,1.0
z3die4q3,834ec97d,9,28,3.111111111111111,1.0,1.0
8jwr3j6t,834ec97d,15,27,1.8,1.0,1.0
mhskzwic,834ec97d,9,27,3.0,1.0,1.0
8yhijukj,834ec97d,14,46,3.142857142857143,1.0,1.0
om1m73rv,834ec97d,12,39,3.25,1.0,1.0
7agy8y3l,834ec97d,9,36,3.7777777777777777,0.8888888888888888,1.0
vbwguazj,834ec97d,26,26,1.0,1.0,1.0
nrfiw9bx,834ec97d,7,25,3.5714285714285716,1.0,1.0
xklnx39q,834ec97d,17,69,3.411764705882353,0.9411764705882353,0.957312091503268
pz38obzd,834ec97d,24,64,2.625,0.9166666666666666,1.0
nhds6zsd,3aa6fb7a,4,4,1.0,1.0,1.0
vr20hyge,3aa6fb7a,4,4,1.0,1.0,1.0
4stfwpke,3aa6fb7a,7,7,1.0,1.0,1.0
sesf1qnx,3aa6fb7a,4,4,1.0,1.0,1.0
03ljcqhc,3aa6fb7a,4,4,1.0,1.0,1.0
ce9qdbyh,3aa6fb7a,4,4,1.0,1.0,1.0
904h81sn,3aa6fb7a,4,4,1.0,1.0,1.0
j2dvablb,3aa6fb7a,4,4,1.0,1.0,1.0
vpxztp7b,3aa6fb7a,4,4,1.0,1.0,1.0
f1ejz9fy,3aa6fb7a,4,4,1.0,1.0,1.0
a9gvtd1o,3aa6fb7a,4,4,1.0,1.0,1.0
e0biso3r,3aa6fb7a,4,4,1.0,1.0,1.0
lmtka1ev,3aa6fb7a,4,4,1.0,1.0,1.0
a0w1xgxf,3aa6fb7a,4,4,1.0,1.0,1.0
41kp06jx,3aa6fb7a,6,6,1.0,1.0,1.0
a6jpzpek,3aa6fb7a,4,4,1.0,1.0,1.0
6eyovdd2,3aa6fb7a,4,4,1.0,1.0,1.0
qqqzakmg,3aa6fb7a,4,4,1.0,1.0,1.0
648anokh,3aa6fb7a,4,4,1.0,1.0,1.0
zc26r1al,3aa6fb7a,4,4,1.0,1.0,1.0
rjanlii9,3aa6fb7a,4,4,1.0,1.0,1.0
c7ac53of,3aa6fb7a,4,19,4.75,1.0,1.0
jeq3oy2g,3aa6fb7a,4,4,1.0,1.0,1.0
mrypomny,3aa6fb7a,4,4,1.0,1.0,1.0
uktb326q,3aa6fb7a,4,4,1.0,1.0,1.0
kwy2bqjo,3aa6fb7a,4,4,1.0,1.0,1.0
bw2cwy0m,3aa6fb7a,4,4,1.0,1.0,1.0
cdo2cmtp,3aa6fb7a,4,4,1.0,1.0,1.0
zj5uemkt,3aa6fb7a,4,4,1.0,1.0,1.0
l5sagbsh,3aa6fb7a,4,4,1.0,1.0,1.0
v6jvgdvg,3aa6fb7a,4,4,1.0,1.0,1.0
ljwskxcq,3aa6fb7a,4,4,1.0,1.0,1.0
3irnkhq8,3aa6fb7a,4,4,1.0,1.0,1.0
4s9g1cze,3aa6fb7a,4,4,1.0,1.0,1.0
ni5df01j,3aa6fb7a,4,4,1.0,1.0,1.0
eyn3wygc,3aa6fb7a,4,4,1.0,1.0,1.0
mrwlcmno,3aa6fb7a,4,4,1.0,1.0,1.0
ew4oecfi,3aa6fb7a,4,4,1.0,1.0,1.0
08vqizpx,3aa6fb7a,4,4,1.0,1.0,1.0
2j8p9vyz,3aa6fb7a,4,4,1.0,1.0,1.0
s03ed531,3aa6fb7a,4,4,1.0,1.0,1.0
wcau806y,3aa6fb7a,6,6,1.0,1.0,1.0
d1vjrjhc,3aa6fb7a,6,6,1.0,1.0,1.0
mlvcv31l,3aa6fb7a,4,4,1.0,1.0,1.0
o4kkkuj9,3aa6fb7a,4,4,1.0,1.0,1.0
k8txaw58,3aa6fb7a,4,4,1.0,1.0,1.0
a589fsqz,3aa6fb7a,4,4,1.0,1.0,1.0
t2eyvuxq,3aa6fb7a,4,4,1.0,1.0,1.0
qv0yh587,3aa6fb7a,19,19,1.0,1.0,1.0
1xogp17t,3aa6fb7a,5,15,3.0,0.8,1.0
hpl7jugr,3aa6fb7a,4,4,1.0,1.0,1.0
nze0azo1,3aa6fb7a,4,4,1.0,1.0,1.0
r2ck84r8,3aa6fb7a,4,4,1.0,1.0,1.0
3cc6zm51,3aa6fb7a,4,4,1.0,1.0,1.0
ske58akk,3aa6fb7a,4,4,1.0,1.0,1.0
ovhoesyy,3aa6fb7a,4,4,1.0,1.0,1.0
r24jdhzg,3aa6fb7a,4,4,1.0,1.0,1.0
stbyxpx6,3aa6fb7a,4,4,1.0,1.0,1.0
zvbewhqx,3aa6fb7a,4,4,1.0,1.0,1.0
plfupad7,3aa6fb7a,7,7,1.0,1.0,1.0
n2et79bd,3aa6fb7a,4,4,1.0,1.0,1.0
ism64anu,3aa6fb7a,4,4,1.0,1.0,1.0
qazkn1sw,3aa6fb7a,4,4,1.0,1.0,1.0
f0wpo2hr,3aa6fb7a,4,4,1.0,1.0,1.0
c7z6erey,3aa6fb7a,4,4,1.0,1.0,1.0
szbhlpfr,3aa6fb7a,4,4,1.0,1.0,1.0
phbjwkyw,3aa6fb7a,4,4,1.0,1.0,1.0
89u58v07,3aa6fb7a,4,4,1.0,1.0,1.0
e2w81k0i,3aa6fb7a,4,4,1.0,1.0,1.0
4s3cm7d8,3aa6fb7a,4,4,1.0,1.0,1.0
sn10zd6g,3aa6fb7a,4,4,1.0,1.0,1.0
44o5xnxe,3aa6fb7a,4,4,1.0,1.0,1.0
qkiu92kk,3aa6fb7a,4,4,1.0,1.0,1.0
02333qfj,3aa6fb7a,4,4,1.0,1.0,1.0
qfsp3ery,3aa6fb7a,4,4,1.0,1.0,1.0
q04yitea,3aa6fb7a,4,4,1.0,1.0,1.0
y32zaw9c,3aa6fb7a,4,4,1.0,1.0,1.0
cuybsfwr,3aa6fb7a,4,4,1.0,1.0,1.0
0ra11hiv,3aa6fb7a,4,4,1.0,1.0,1.0
cp3b83py,3aa6fb7a,4,4,1.0,1.0,1.0
27d8totr,3aa6fb7a,4,4,1.0,1.0,1.0
fkx2gd88,3aa6fb7a,4,4,1.0,1.0,1.0
qothvfhf,3aa6fb7a,4,4,1.0,1.0,1.0
kmwiem6m,3aa6fb7a,4,4,1.0,1.0,1.0
ikfbpugl,3aa6fb7a,6,6,1.0,1.0,1.0
d33m799j,3aa6fb7a,12,12,1.0,1.0,1.0
bdfn1h0o,3aa6fb7a,4,4,1.0,1.0,1.0
dmft9d3y,3aa6fb7a,4,4,1.0,1.0,1.0
6e5gb0yb,3aa6fb7a,4,4,1.0,1.0,1.0
pgtp756s,3aa6fb7a,4,4,1.0,1.0,1.0
icf7bchs,3aa6fb7a,16,16,1.0,1.0,1.0
l9krayds,3aa6fb7a,4,4,1.0,1.0,1.0
aqmjput5,3aa6fb7a,17,21,1.2352941176470589,1.0,1.0
bhpug29p,3aa6fb7a,4,4,1.0,1.0,1.0
byx9jkxm,3aa6fb7a,4,4,1.0,1.0,1.0
j2pjmr32,3aa6fb7a,16,16,1.0,1.0,1.0
y8mzyzjc,3aa6fb7a,4,4,1.0,1.0,1.0
bmlngyh3,3aa6fb7a,4,4,1.0,1.0,1.0
clucow7d,3aa6fb7a,4,4,1.0,1.0,1.0
3d2as981,3aa6fb7a,4,4,1.0,1.0,1.0
cghxa2ie,3aa6fb7a,4,4,1.0,1.0,1.0
o5qropwk,3aa6fb7a,4,4,1.0,1.0,1.0
5nrjvc7q,3aa6fb7a,4,4,1.0,1.0,1.0
61zahdh9,3aa6fb7a,4,4,1.0,1.0,1.0
5hz183aa,3aa6fb7a,20,20,1.0,1.0,1.0
emwp6wq7,3aa6fb7a,4,4,1.0,1.0,1.0
pad0sufd,3aa6fb7a,4,4,1.0,1.0,1.0
xeu3j3ki,3aa6fb7a,4,4,1.0,1.0,1.0
npr5bsi2,3aa6fb7a,6,6,1.0,1.0,1.0
ym49wqbn,3aa6fb7a,5,5,1.0,1.0,1.0
nsu6cwh4,3aa6fb7a,4,4,1.0,1.0,1.0
nldu5ge3,3aa6fb7a,4,4,1.0,1.0,1.0
t3l0if03,3aa6fb7a,4,4,1.0,1.0,1.0
ler5uq42,3aa6fb7a,4,4,1.0,1.0,1.0
4wx63ymf,3aa6fb7a,4,4,1.0,1.0,1.0
nfbzvhip,3aa6fb7a,4,4,1.0,1.0,1.0
onnumbyy,3aa6fb7a,4,4,1.0,1.0,1.0
m63pxnwq,3aa6fb7a,4,4,1.0,1.0,1.0
mr7lkk46,3aa6fb7a,4,4,1.0,1.0,1.0
2w766g1z,3aa6fb7a,4,4,1.0,1.0,1.0
bcyhma9y,3aa6fb7a,8,8,1.0,1.0,1.0
pcrxo3zp,3aa6fb7a,4,4,1.0,1.0,1.0
f5ktzt2t,3aa6fb7a,4,4,1.0,1.0,1.0
kkeej6x5,3aa6fb7a,4,4,1.0,1.0,1.0
8jwr3j6t,3aa6fb7a,4,4,1.0,1.0,1.0
z3die4q3,3aa6fb7a,4,4,1.0,1.0,1.0
mhskzwic,3aa6fb7a,4,4,1.0,1.0,1.0
50nsp39w,3aa6fb7a,4,4,1.0,1.0,1.0
8yhijukj,3aa6fb7a,4,4,1.0,1.0,1.0
om1m73rv,3aa6fb7a,4,4,1.0,1.0,1.0
vbwguazj,3aa6fb7a,4,4,1.0,1.0,1.0
7agy8y3l,3aa6fb7a,4,4,1.0,1.0,1.0
nrfiw9bx,3aa6fb7a,4,4,1.0,1.0,1.0
pz38obzd,3aa6fb7a,4,4,1.0,1.0,1.0
xklnx39q,3aa6fb7a,4,4,1.0,1.0,1.0
jx6lhkbi,3aa6fb7a,4,4,1.0,1.0,1.0
cfclud8z,3aa6fb7a,4,4,1.0,1.0,1.0
z8b26ynw,3aa6fb7a,4,4,1.0,1.0,1.0
zelqv7az,3aa6fb7a,4,4,1.0,1.0,1.0
ya0wv6pm,3aa6fb7a,4,4,1.0,1.0,1.0
2ke9hbes,3aa6fb7a,4,4,1.0,1.0,1.0
9evwb372,3aa6fb7a,4,4,1.0,1.0,1.0
mpzcivx9,3aa6fb7a,4,4,1.0,1.0,1.0
clhkwrie,3aa6fb7a,4,4,1.0,1.0,1.0
1qt2f29y,3aa6fb7a,4,4,1.0,1.0,1.0
sp00glmz,3aa6fb7a,4,4,1.0,1.0,1.0
zfeorjum,3aa6fb7a,4,4,1.0,1.0,1.0
hkj9daz7,3aa6fb7a,4,4,1.0,1.0,1.0
w12e497z,3aa6fb7a,10,12,1.2,1.0,1.0
9ohxtpht,3aa6fb7a,4,4,1.0,1.0,1.0
2anyuqd8,3aa6fb7a,4,4,1.0,1.0,1.0
1r6yodve,3aa6fb7a,16,16,1.0,1.0,1.0
cbvc5e3w,3aa6fb7a,6,6,1.0,1.0,1.0
318gokyy,3aa6fb7a,4,4,1.0,1.0,1.0
4j6cy1mk,3aa6fb7a,4,4,1.0,1.0,1.0
fl73adm5,3aa6fb7a,4,4,1.0,1.0,1.0
oxvw1rhx,3aa6fb7a,4,4,1.0,1.0,1.0
8d21w3yr,3aa6fb7a,4,4,1.0,1.0,1.0
yebzokh4,3aa6fb7a,4,4,1.0,1.0,1.0
kavvl57w,3aa6fb7a,4,4,1.0,1.0,1.0
idma9086,3aa6fb7a,4,4,1.0,1.0,1.0
r99uy0qb,3aa6fb7a,4,4,1.0,1.0,1.0
b73rrttr,3aa6fb7a,4,4,1.0,1.0,1.0
g3vslpjv,3aa6fb7a,4,4,1.0,1.0,1.0
2d8q4qkc,3aa6fb7a,4,4,1.0,1.0,1.0
bx44xwzb,3aa6fb7a,4,4,1.0,1.0,1.0
o2ho0580,3aa6fb7a,12,12,1.0,1.0,1.0
c9sps7bl,3aa6fb7a,4,6,1.5,0.75,1.0
qfiy90jx,3aa6fb7a,4,4,1.0,1.0,1.0
8oohxrrz,3aa6fb7a,4,4,1.0,1.0,1.0
9pjr0waw,3aa6fb7a,7,7,1.0,1.0,1.0
kck1uue7,3aa6fb7a,4,4,1.0,1.0,1.0
nx0vccp8,3aa6fb7a,4,4,1.0,1.0,1.0
8psac9uo,3aa6fb7a,4,4,1.0,1.0,1.0
jqeesfz7,3aa6fb7a,4,4,1.0,1.0,1.0
8y2nd2sh,3aa6fb7a,4,4,1.0,1.0,1.0
aypxap78,3aa6fb7a,4,4,1.0,1.0,1.0
l0nln4b2,3aa6fb7a,4,4,1.0,1.0,1.0
ascil7wf,3aa6fb7a,4,4,1.0,1.0,1.0
g7svteiz,3aa6fb7a,4,4,1.0,1.0,1.0
c2lwacqc,3aa6fb7a,4,4,1.0,1.0,1.0
cw4tyx7n,3aa6fb7a,1,4,4.0,1.0,1.0
72p6pxny,3aa6fb7a,4,4,1.0,1.0,1.0
rhbgnqhz,3aa6fb7a,4,4,1.0,1.0,1.0
hd5k29qy,3aa6fb7a,4,4,1.0,1.0,1.0
189iqcds,3aa6fb7a,4,4,1.0,1.0,1.0
mzi8f2hv,3aa6fb7a,6,6,1.0,1.0,1.0
fgxp8fzz,3aa6fb7a,4,4,1.0,1.0,1.0
jayyv6lz,3aa6fb7a,4,4,1.0,1.0,1.0
qu0lm98m,3aa6fb7a,4,4,1.0,1.0,1.0
ldo5smvx,3aa6fb7a,4,4,1.0,1.0,1.0
0yfthc4y,3aa6fb7a,4,4,1.0,1.0,1.0
ei0ij8ms,3aa6fb7a,4,4,1.0,1.0,1.0
2tkm21z6,3aa6fb7a,4,4,1.0,1.0,1.0
9wkeb5tu,3aa6fb7a,4,4,1.0,1.0,1.0
yfyhejim,3aa6fb7a,4,4,1.0,1.0,1.0
cuybsfwr,0ca9ddb6,14,14,1.0,1.0,1.0
0ra11hiv,0ca9ddb6,12,12,1.0,1.0,1.0
y32zaw9c,0ca9ddb6,12,12,1.0,1.0,1.0
qfsp3ery,0ca9ddb6,12,12,1.0,1.0,1.0
q04yitea,0ca9ddb6,16,16,1.0,1.0,1.0
02333qfj,0ca9ddb6,12,12,1.0,1.0,1.0
qkiu92kk,0ca9ddb6,12,12,1.0,1.0,1.0
44o5xnxe,0ca9ddb6,12,12,1.0,1.0,1.0
ihnjt6k4,0ca9ddb6,36,36,1.0,1.0,1.0
sn10zd6g,0ca9ddb6,12,12,1.0,1.0,1.0
e2w81k0i,0ca9ddb6,20,20,1.0,1.0,1.0
4s3cm7d8,0ca9ddb6,28,28,1.0,1.0,1.0
hsm45iwx,0ca9ddb6,28,28,1.0,1.0,1.0
89u58v07,0ca9ddb6,12,12,1.0,1.0,1.0
phbjwkyw,0ca9ddb6,14,14,1.0,1.0,1.0
szbhlpfr,0ca9ddb6,32,33,1.03125,1.0,1.0
8aknstxj,0ca9ddb6,32,32,1.0,1.0,1.0
c7z6erey,0ca9ddb6,12,12,1.0,1.0,1.0
f0wpo2hr,0ca9ddb6,12,12,1.0,1.0,1.0
qazkn1sw,0ca9ddb6,20,20,1.0,1.0,1.0
ism64anu,0ca9ddb6,17,23,1.3529411764705883,1.0,1.0
plfupad7,0ca9ddb6,14,16,1.1428571428571428,1.0,1.0
zvbewhqx,0ca9ddb6,12,12,1.0,1.0,1.0
stbyxpx6,0ca9ddb6,12,12,1.0,1.0,1.0
r24jdhzg,0ca9ddb6,14,14,1.0,1.0,1.0
ovhoesyy,0ca9ddb6,12,12,1.0,1.0,1.0
3cc6zm51,0ca9ddb6,31,31,1.0,1.0,1.0
hpl7jugr,0ca9ddb6,12,12,1.0,1.0,1.0
nze0azo1,0ca9ddb6,20,20,1.0,1.0,1.0
r2ck84r8,0ca9ddb6,16,16,1.0,1.0,1.0
npr5bsi2,0ca9ddb6,16,16,1.0,1.0,1.0
154uk6vm,0ca9ddb6,12,12,1.0,1.0,1.0
ym49wqbn,0ca9ddb6,22,22,1.0,1.0,1.0
xeu3j3ki,0ca9ddb6,12,12,1.0,1.0,1.0
pad0sufd,0ca9ddb6,12,12,1.0,1.0,1.0
61zahdh9,0ca9ddb6,12,12,1.0,1.0,1.0
5nrjvc7q,0ca9ddb6,12,12,1.0,1.0,1.0
ol9lky1i,0ca9ddb6,12,12,1.0,1.0,1.0
o5qropwk,0ca9ddb6,12,12,1.0,1.0,1.0
3d2as981,0ca9ddb6,12,12,1.0,1.0,1.0
cghxa2ie,0ca9ddb6,12,12,1.0,1.0,1.0
clucow7d,0ca9ddb6,16,16,1.0,1.0,1.0
bmlngyh3,0ca9ddb6,25,25,1.0,1.0,1.0
j2pjmr32,0ca9ddb6,29,29,1.0,1.0,1.0
74l1qvc1,0ca9ddb6,15,15,1.0,1.0,1.0
byx9jkxm,0ca9ddb6,12,12,1.0,1.0,1.0
f5ohsl5h,0ca9ddb6,1,1,1.0,1.0,1.0
aqmjput5,0ca9ddb6,12,12,1.0,1.0,1.0
6e5gb0yb,0ca9ddb6,12,12,1.0,1.0,1.0
pgtp756s,0ca9ddb6,5,5,1.0,1.0,1.0
dmft9d3y,0ca9ddb6,14,14,1.0,1.0,1.0
d33m799j,0ca9ddb6,13,13,1.0,1.0,1.0
5pds9j1d,0ca9ddb6,12,12,1.0,1.0,1.0
kmwiem6m,0ca9ddb6,12,12,1.0,1.0,1.0
qothvfhf,0ca9ddb6,12,12,1.0,1.0,1.0
27d8totr,0ca9ddb6,14,14,1.0,1.0,1.0
fkx2gd88,0ca9ddb6,12,12,1.0,1.0,1.0
cp3b83py,0ca9ddb6,12,12,1.0,1.0,1.0
tc5wgx8h,0ca9ddb6,12,12,1.0,1.0,1.0
8bgj1tsd,0ca9ddb6,12,12,1.0,1.0,1.0
jeq3oy2g,0ca9ddb6,14,14,1.0,1.0,1.0
mrypomny,0ca9ddb6,12,12,1.0,1.0,1.0
rjanlii9,0ca9ddb6,14,14,1.0,1.0,1.0
c7ac53of,0ca9ddb6,5,12,2.4,0.8,1.0
zc26r1al,0ca9ddb6,12,12,1.0,1.0,1.0
648anokh,0ca9ddb6,12,12,1.0,1.0,1.0
6eyovdd2,0ca9ddb6,21,21,1.0,1.0,1.0
a6jpzpek,0ca9ddb6,10,21,2.1,1.0,1.0
41kp06jx,0ca9ddb6,14,14,1.0,1.0,1.0
a0w1xgxf,0ca9ddb6,12,12,1.0,1.0,1.0
lmtka1ev,0ca9ddb6,14,14,1.0,1.0,1.0
a9gvtd1o,0ca9ddb6,12,12,1.0,1.0,1.0
e0biso3r,0ca9ddb6,12,12,1.0,1.0,1.0
f1ejz9fy,0ca9ddb6,14,14,1.0,1.0,1.0
vpxztp7b,0ca9ddb6,12,12,1.0,1.0,1.0
j2dvablb,0ca9ddb6,12,12,1.0,1.0,1.0
904h81sn,0ca9ddb6,13,14,1.0769230769230769,1.0,1.0
03ljcqhc,0ca9ddb6,23,23,1.0,1.0,1.0
ce9qdbyh,0ca9ddb6,14,14,1.0,1.0,1.0
sesf1qnx,0ca9ddb6,18,23,1.2777777777777777,0.9444444444444444,1.0
xasfvnb7,0ca9ddb6,12,12,1.0,1.0,1.0
nhds6zsd,0ca9ddb6,12,12,1.0,1.0,1.0
vr20hyge,0ca9ddb6,24,24,1.0,1.0,1.0
qv0yh587,0ca9ddb6,33,33,1.0,1.0,1.0
t2eyvuxq,0ca9ddb6,16,16,1.0,1.0,1.0
a589fsqz,0ca9ddb6,12,12,1.0,1.0,1.0
mlvcv31l,0ca9ddb6,14,14,1.0,1.0,1.0
o4kkkuj9,0ca9ddb6,12,12,1.0,1.0,1.0
k8txaw58,0ca9ddb6,12,12,1.0,1.0,1.0
d1vjrjhc,0ca9ddb6,14,14,1.0,1.0,1.0
wcau806y,0ca9ddb6,22,22,1.0,1.0,1.0
s03ed531,0ca9ddb6,16,16,1.0,1.0,1.0
2j8p9vyz,0ca9ddb6,12,12,1.0,1.0,1.0
ew4oecfi,0ca9ddb6,12,12,1.0,1.0,1.0
08vqizpx,0ca9ddb6,12,12,1.0,1.0,1.0
mrwlcmno,0ca9ddb6,12,12,1.0,1.0,1.0
ni5df01j,0ca9ddb6,12,12,1.0,1.0,1.0
eyn3wygc,0ca9ddb6,31,31,1.0,1.0,1.0
3irnkhq8,0ca9ddb6,16,16,1.0,1.0,1.0
4s9g1cze,0ca9ddb6,12,12,1.0,1.0,1.0
v6jvgdvg,0ca9ddb6,12,12,1.0,1.0,1.0
l5sagbsh,0ca9ddb6,12,12,1.0,1.0,1.0
ljwskxcq,0ca9ddb6,12,12,1.0,1.0,1.0
zj5uemkt,0ca9ddb6,12,12,1.0,1.0,1.0
cdo2cmtp,0ca9ddb6,12,12,1.0,1.0,1.0
kwy2bqjo,0ca9ddb6,12,12,1.0,1.0,1.0
bw2cwy0m,0ca9ddb6,12,12,1.0,1.0,1.0
uktb326q,0ca9ddb6,12,12,1.0,1.0,1.0
ascil7wf,0ca9ddb6,20,20,1.0,1.0,1.0
l0nln4b2,0ca9ddb6,15,15,1.0,1.0,1.0
aypxap78,0ca9ddb6,12,12,1.0,1.0,1.0
8y2nd2sh,0ca9ddb6,40,46,1.15,1.0,1.0
jqeesfz7,0ca9ddb6,12,12,1.0,1.0,1.0
nx0vccp8,0ca9ddb6,20,20,1.0,1.0,1.0
8psac9uo,0ca9ddb6,13,14,1.0769230769230769,1.0,1.0
kck1uue7,0ca9ddb6,20,36,1.75,1.0,1.0
9pjr0waw,0ca9ddb6,12,12,1.0,1.0,1.0
x5id5i5q,0ca9ddb6,22,22,1.0,1.0,1.0
8oohxrrz,0ca9ddb6,14,14,1.0,1.0,1.0
qfiy90jx,0ca9ddb6,14,14,1.0,1.0,1.0
c9sps7bl,0ca9ddb6,14,14,1.0,1.0,1.0
bx44xwzb,0ca9ddb6,14,14,1.0,1.0,1.0
o2ho0580,0ca9ddb6,13,13,1.0,1.0,1.0
2d8q4qkc,0ca9ddb6,12,12,1.0,1.0,1.0
g3vslpjv,0ca9ddb6,12,12,1.0,1.0,1.0
7nszfy43,0ca9ddb6,49,49,1.0,1.0,1.0
b73rrttr,0ca9ddb6,7,8,1.1428571428571428,1.0,1.0
0fy66fv2,0ca9ddb6,6,6,1.0,1.0,1.0
idma9086,0ca9ddb6,14,14,1.0,1.0,1.0
r99uy0qb,0ca9ddb6,12,12,1.0,1.0,1.0
kavvl57w,0ca9ddb6,12,12,1.0,1.0,1.0
yebzokh4,0ca9ddb6,12,12,1.0,1.0,1.0
yfyhejim,0ca9ddb6,20,20,1.0,1.0,1.0
2tkm21z6,0ca9ddb6,12,12,1.0,1.0,1.0
ei0ij8ms,0ca9ddb6,12,12,1.0,1.0,1.0
0yfthc4y,0ca9ddb6,24,24,1.0,1.0,1.0
ldo5smvx,0ca9ddb6,14,14,1.0,1.0,1.0
jayyv6lz,0ca9ddb6,28,28,1.0,1.0,1.0
qu0lm98m,0ca9ddb6,12,12,1.0,1.0,1.0
fgxp8fzz,0ca9ddb6,14,14,1.0,1.0,1.0
xgvto4mg,0ca9ddb6,12,12,1.0,1.0,1.0
mzi8f2hv,0ca9ddb6,12,12,1.0,1.0,1.0
189iqcds,0ca9ddb6,20,20,1.0,1.0,1.0
hd5k29qy,0ca9ddb6,12,12,1.0,1.0,1.0
72p6pxny,0ca9ddb6,12,12,1.0,1.0,1.0
rhbgnqhz,0ca9ddb6,14,14,1.0,1.0,1.0
g7svteiz,0ca9ddb6,12,12,1.0,1.0,1.0
c2lwacqc,0ca9ddb6,12,12,1.0,1.0,1.0
pz38obzd,0ca9ddb6,12,12,1.0,1.0,1.0
xklnx39q,0ca9ddb6,14,14,1.0,1.0,1.0
nrfiw9bx,0ca9ddb6,12,12,1.0,1.0,1.0
vbwguazj,0ca9ddb6,14,14,1.0,1.0,1.0
o1t1fb7j,0ca9ddb6,14,14,1.0,1.0,1.0
7agy8y3l,0ca9ddb6,12,12,1.0,1.0,1.0
om1m73rv,0ca9ddb6,12,12,1.0,1.0,1.0
50nsp39w,0ca9ddb6,12,12,1.0,1.0,1.0
8yhijukj,0ca9ddb6,16,16,1.0,1.0,1.0
mhskzwic,0ca9ddb6,12,12,1.0,1.0,1.0
8jwr3j6t,0ca9ddb6,20,20,1.0,1.0,1.0
z3die4q3,0ca9ddb6,12,12,1.0,1.0,1.0
pcrxo3zp,0ca9ddb6,14,14,1.0,1.0,1.0
f5ktzt2t,0ca9ddb6,12,12,1.0,1.0,1.0
kkeej6x5,0ca9ddb6,12,12,1.0,1.0,1.0
bcyhma9y,0ca9ddb6,13,13,1.0,1.0,1.0
nqubyvew,0ca9ddb6,31,31,1.0,1.0,1.0
2w766g1z,0ca9ddb6,12,12,1.0,1.0,1.0
mr7lkk46,0ca9ddb6,23,23,1.0,1.0,1.0
m63pxnwq,0ca9ddb6,14,14,1.0,1.0,1.0
onnumbyy,0ca9ddb6,34,34,1.0,1.0,1.0
4wx63ymf,0ca9ddb6,14,14,1.0,1.0,1.0
nfbzvhip,0ca9ddb6,27,28,1.037037037037037,1.0,1.0
ler5uq42,0ca9ddb6,14,14,1.0,1.0,1.0
nldu5ge3,0ca9ddb6,12,12,1.0,1.0,1.0
t3l0if03,0ca9ddb6,12,12,1.0,1.0,1.0
8d21w3yr,0ca9ddb6,12,12,1.0,1.0,1.0
fl73adm5,0ca9ddb6,12,12,1.0,1.0,1.0
4j6cy1mk,0ca9ddb6,23,23,1.0,1.0,1.0
oxvw1rhx,0ca9ddb6,25,25,1.0,1.0,1.0
318gokyy,0ca9ddb6,41,41,1.0,1.0,1.0
wa9xd98o,0ca9ddb6,12,12,1.0,1.0,1.0
k0qq522n,0ca9ddb6,12,12,1.0,1.0,1.0
1r6yodve,0ca9ddb6,6,6,1.0,1.0,1.0
w12e497z,0ca9ddb6,5,5,1.0,1.0,1.0
hkj9daz7,0ca9ddb6,12,14,1.1666666666666667,1.0,1.0
zfeorjum,0ca9ddb6,15,15,1.0,1.0,1.0
sp00glmz,0ca9ddb6,28,28,1.0,1.0,1.0
1qt2f29y,0ca9ddb6,20,20,1.0,1.0,1.0
clhkwrie,0ca9ddb6,12,12,1.0,1.0,1.0
mpzcivx9,0ca9ddb6,12,12,1.0,1.0,1.0
ya0wv6pm,0ca9ddb6,12,12,1.0,1.0,1.0
2ke9hbes,0ca9ddb6,30,30,1.0,1.0,1.0
9evwb372,0ca9ddb6,12,12,1.0,1.0,1.0
23iyreiv,0ca9ddb6,12,12,1.0,1.0,1.0
z8b26ynw,0ca9ddb6,12,12,1.0,1.0,1.0
zelqv7az,0ca9ddb6,25,31,1.24,1.0,1.0
cfclud8z,0ca9ddb6,12,12,1.0,1.0,1.0
jx6lhkbi,0ca9ddb6,12,12,1.0,1.0,1.0
7agy8y3l,9dfd6313,25,25,1.0,1.0,1.0
vbwguazj,9dfd6313,18,18,1.0,1.0,1.0
om1m73rv,9dfd6313,26,32,1.1923076923076923,1.0,1.0
50nsp39w,9dfd6313,26,26,1.0,1.0,1.0
8yhijukj,9dfd6313,8,8,1.0,1.0,1.0
z3die4q3,9dfd6313,5,16,3.2,1.0,1.0
pz38obzd,9dfd6313,14,15,1.0714285714285714,1.0,1.0
xklnx39q,9dfd6313,9,81,4.222222222222222,0.7777777777777778,0.9245390070921986
nrfiw9bx,9dfd6313,13,13,1.0,1.0,1.0
m63pxnwq,9dfd6313,18,18,1.0,1.0,1.0
4wx63ymf,9dfd6313,12,24,2.0,1.0,1.0
nfbzvhip,9dfd6313,1,1,1.0,1.0,1.0
ler5uq42,9dfd6313,1,1,1.0,1.0,1.0
t3l0if03,9dfd6313,6,19,3.1666666666666665,0.8333333333333334,1.0
nldu5ge3,9dfd6313,8,20,2.0,1.0,1.0
f5ktzt2t,9dfd6313,8,15,1.75,1.0,1.0
kkeej6x5,9dfd6313,18,22,1.2222222222222223,1.0,1.0
nqubyvew,9dfd6313,19,21,1.105263157894737,1.0,1.0
2w766g1z,9dfd6313,28,28,1.0,1.0,1.0
mr7lkk46,9dfd6313,17,17,1.0,1.0,1.0
1r6yodve,9dfd6313,13,13,1.0,1.0,1.0
2anyuqd8,9dfd6313,14,14,1.0,1.0,1.0
0wk7vjg8,9dfd6313,17,19,1.1176470588235294,1.0,1.0
9ohxtpht,9dfd6313,30,30,1.0,1.0,1.0
w12e497z,9dfd6313,11,13,1.1818181818181819,1.0,1.0
hkj9daz7,9dfd6313,5,20,3.4,1.0,1.0
zfeorjum,9dfd6313,35,54,1.542857142857143,1.0,1.0
oxvw1rhx,9dfd6313,19,19,1.0,1.0,1.0
fl73adm5,9dfd6313,5,16,3.2,1.0,1.0
4j6cy1mk,9dfd6313,7,24,3.2857142857142856,1.0,1.0
wa9xd98o,9dfd6313,14,14,1.0,1.0,1.0
zelqv7az,9dfd6313,7,7,1.0,1.0,1.0
z8b26ynw,9dfd6313,8,14,1.75,1.0,1.0
cfclud8z,9dfd6313,16,16,1.0,1.0,1.0
jx6lhkbi,9dfd6313,21,21,1.0,1.0,1.0
sp00glmz,9dfd6313,13,13,1.0,1.0,1.0
1qt2f29y,9dfd6313,15,15,1.0,1.0,1.0
mpzcivx9,9dfd6313,12,22,1.8333333333333333,1.0,1.0
9evwb372,9dfd6313,8,14,1.75,1.0,1.0
ya0wv6pm,9dfd6313,14,14,1.0,1.0,1.0
jqeesfz7,9dfd6313,20,20,1.0,1.0,1.0
nx0vccp8,9dfd6313,30,30,1.0,1.0,1.0
8psac9uo,9dfd6313,159,165,1.0377358490566038,1.0,1.0
kck1uue7,9dfd6313,12,13,1.0833333333333333,1.0,1.0
ascil7wf,9dfd6313,32,32,1.0,1.0,1.0
l0nln4b2,9dfd6313,28,28,1.0,1.0,1.0
aypxap78,9dfd6313,13,13,1.0,1.0,1.0
8y2nd2sh,9dfd6313,17,31,1.8235294117647058,1.0,1.0
0fy66fv2,9dfd6313,14,14,1.0,1.0,1.0
7nszfy43,9dfd6313,31,31,1.0,1.0,1.0
b73rrttr,9dfd6313,4,4,1.0,1.0,1.0
r99uy0qb,9dfd6313,8,17,2.125,1.0,1.0
idma9086,9dfd6313,21,21,1.0,1.0,1.0
yebzokh4,9dfd6313,50,50,1.0,1.0,1.0
8oohxrrz,9dfd6313,11,14,1.2727272727272727,1.0,1.0
qfiy90jx,9dfd6313,18,18,1.0,1.0,1.0
c9sps7bl,9dfd6313,8,16,2.0,1.0,1.0
o2ho0580,9dfd6313,20,20,1.0,1.0,1.0
2d8q4qkc,9dfd6313,5,19,3.4,1.0,1.0
g3vslpjv,9dfd6313,25,25,1.0,1.0,1.0
jayyv6lz,9dfd6313,21,21,1.0,1.0,1.0
qu0lm98m,9dfd6313,53,72,1.3584905660377358,1.0,1.0
yfyhejim,9dfd6313,14,29,1.8571428571428572,1.0,1.0
2tkm21z6,9dfd6313,22,22,1.0,1.0,1.0
ei0ij8ms,9dfd6313,15,31,2.066666666666667,1.0,1.0
0yfthc4y,9dfd6313,30,30,1.0,1.0,1.0
cw4tyx7n,9dfd6313,11,11,1.0,1.0,1.0
c2lwacqc,9dfd6313,10,20,1.9,0.9,0.9666666666666666
g7svteiz,9dfd6313,22,22,1.0,1.0,1.0
fgxp8fzz,9dfd6313,5,8,1.6,1.0,1.0
mzi8f2hv,9dfd6313,25,42,1.64,1.0,1.0
189iqcds,9dfd6313,16,16,1.0,1.0,1.0
hd5k29qy,9dfd6313,8,15,1.875,1.0,1.0
rhbgnqhz,9dfd6313,23,23,1.0,1.0,1.0
72p6pxny,9dfd6313,15,27,1.8,1.0,1.0
6eyovdd2,9dfd6313,23,32,1.3043478260869565,1.0,1.0
a6jpzpek,9dfd6313,10,10,1.0,1.0,1.0
41kp06jx,9dfd6313,17,17,1.0,1.0,1.0
a0w1xgxf,9dfd6313,1,3,3.0,0.0,1.0
lmtka1ev,9dfd6313,6,21,2.8333333333333335,1.0,1.0
e0biso3r,9dfd6313,14,14,1.0,1.0,1.0
a9gvtd1o,9dfd6313,15,46,3.0,1.0,1.0
f1ejz9fy,9dfd6313,14,14,1.0,1.0,1.0
vpxztp7b,9dfd6313,22,23,1.0454545454545454,1.0,1.0
tc5wgx8h,9dfd6313,6,6,1.0,1.0,1.0
mrypomny,9dfd6313,13,13,1.0,1.0,1.0
jeq3oy2g,9dfd6313,3,8,2.6666666666666665,0.3333333333333333,1.0
c7ac53of,9dfd6313,20,20,1.0,1.0,1.0
rjanlii9,9dfd6313,15,21,1.4,1.0,1.0
648anokh,9dfd6313,26,26,1.0,1.0,1.0
4stfwpke,9dfd6313,1,1,1.0,1.0,1.0
vr20hyge,9dfd6313,1,1,1.0,1.0,1.0
nhds6zsd,9dfd6313,14,14,1.0,1.0,1.0
j2dvablb,9dfd6313,5,16,3.2,1.0,1.0
904h81sn,9dfd6313,12,14,1.1666666666666667,1.0,1.0
03ljcqhc,9dfd6313,6,15,2.5,1.0,1.0
sesf1qnx,9dfd6313,34,37,1.088235294117647,1.0,1.0
xasfvnb7,9dfd6313,7,7,1.0,1.0,1.0
wcau806y,9dfd6313,10,10,1.0,1.0,1.0
s03ed531,9dfd6313,1,1,1.0,1.0,1.0
2j8p9vyz,9dfd6313,17,33,1.9411764705882353,1.0,1.0
08vqizpx,9dfd6313,38,38,1.0,1.0,1.0
ew4oecfi,9dfd6313,8,19,2.375,1.0,1.0
mrwlcmno,9dfd6313,19,19,1.0,1.0,1.0
eyn3wygc,9dfd6313,30,30,1.0,1.0,1.0
qv0yh587,9dfd6313,19,19,1.0,1.0,1.0
t2eyvuxq,9dfd6313,29,29,1.0,1.0,1.0
7o2tmcr2,9dfd6313,21,26,1.2380952380952381,1.0,1.0
a589fsqz,9dfd6313,9,13,1.4444444444444444,1.0,1.0
mlvcv31l,9dfd6313,14,14,1.0,1.0,1.0
o4kkkuj9,9dfd6313,14,14,1.0,1.0,1.0
k8txaw58,9dfd6313,14,22,1.5714285714285714,1.0,1.0
cdo2cmtp,9dfd6313,27,29,1.0740740740740742,1.0,1.0
bw2cwy0m,9dfd6313,40,40,1.0,1.0,1.0
kwy2bqjo,9dfd6313,23,32,1.3478260869565217,1.0,1.0
uktb326q,9dfd6313,18,18,1.0,1.0,1.0
3irnkhq8,9dfd6313,9,20,2.2222222222222223,1.0,1.0
4s9g1cze,9dfd6313,6,11,1.8333333333333333,1.0,1.0
v6jvgdvg,9dfd6313,12,12,1.0,1.0,1.0
l5sagbsh,9dfd6313,11,14,1.2727272727272727,1.0,1.0
ljwskxcq,9dfd6313,18,19,1.0,1.0,1.0
zj5uemkt,9dfd6313,2,2,1.0,1.0,1.0
sn10zd6g,9dfd6313,19,26,1.368421052631579,1.0,1.0
4s3cm7d8,9dfd6313,16,16,1.0,1.0,1.0
e2w81k0i,9dfd6313,12,19,1.5833333333333333,1.0,1.0
hsm45iwx,9dfd6313,18,18,1.0,1.0,1.0
89u58v07,9dfd6313,40,54,1.275,1.0,0.9966666666666667
phbjwkyw,9dfd6313,19,25,1.263157894736842,1.0,1.0
szbhlpfr,9dfd6313,2,2,1.0,1.0,1.0
0ra11hiv,9dfd6313,48,48,1.0,1.0,1.0
cuybsfwr,9dfd6313,7,7,1.0,1.0,1.0
y32zaw9c,9dfd6313,14,14,1.0,1.0,1.0
q04yitea,9dfd6313,16,16,1.0,1.0,1.0
qfsp3ery,9dfd6313,59,59,1.0,1.0,1.0
02333qfj,9dfd6313,12,12,1.0,1.0,1.0
44o5xnxe,9dfd6313,14,14,1.0,1.0,1.0
stbyxpx6,9dfd6313,11,15,1.2727272727272727,1.0,1.0
r24jdhzg,9dfd6313,11,15,1.3636363636363635,1.0,1.0
ske58akk,9dfd6313,16,17,1.0625,1.0,1.0
ovhoesyy,9dfd6313,12,14,1.1666666666666667,1.0,1.0
3cc6zm51,9dfd6313,20,20,1.0,1.0,1.0
nze0azo1,9dfd6313,28,28,1.0,1.0,1.0
r2ck84r8,9dfd6313,10,14,1.4,1.0,1.0
hpl7jugr,9dfd6313,5,16,3.2,1.0,1.0
8aknstxj,9dfd6313,10,18,1.8,1.0,1.0
c7z6erey,9dfd6313,37,37,1.0,1.0,1.0
f0wpo2hr,9dfd6313,23,28,1.2173913043478262,1.0,1.0
qazkn1sw,9dfd6313,10,20,2.0,0.8,1.0
n2et79bd,9dfd6313,26,26,1.0,1.0,1.0
ism64anu,9dfd6313,30,31,1.0,1.0,1.0
plfupad7,9dfd6313,24,25,1.0416666666666667,1.0,1.0
zvbewhqx,9dfd6313,4,4,1.0,1.0,1.0
cghxa2ie,9dfd6313,24,24,1.0,1.0,1.0
3d2as981,9dfd6313,20,20,1.0,1.0,1.0
clucow7d,9dfd6313,24,40,1.625,1.0,1.0
bmlngyh3,9dfd6313,44,44,1.0,1.0,1.0
byx9jkxm,9dfd6313,15,15,1.0,1.0,1.0
ym49wqbn,9dfd6313,11,14,1.2727272727272727,1.0,1.0
npr5bsi2,9dfd6313,4,4,1.0,1.0,1.0
xeu3j3ki,9dfd6313,12,12,1.0,1.0,1.0
pad0sufd,9dfd6313,47,47,1.0,1.0,1.0
emwp6wq7,9dfd6313,12,20,1.6666666666666667,1.0,1.0
5hz183aa,9dfd6313,1,9,7.0,0.0,1.0
61zahdh9,9dfd6313,6,26,3.6666666666666665,1.0,1.0
ol9lky1i,9dfd6313,25,25,1.0,1.0,1.0
o5qropwk,9dfd6313,16,16,1.0,1.0,1.0
kmwiem6m,9dfd6313,7,19,2.7142857142857144,1.0,1.0
qothvfhf,9dfd6313,30,30,1.0,1.0,1.0
27d8totr,9dfd6313,16,16,1.0,1.0,1.0
fkx2gd88,9dfd6313,11,14,1.2727272727272727,1.0,1.0
cp3b83py,9dfd6313,13,14,1.0769230769230769,1.0,1.0
aqmjput5,9dfd6313,15,20,1.3333333333333333,1.0,1.0
l9krayds,9dfd6313,14,14,1.0,1.0,1.0
icf7bchs,9dfd6313,22,22,1.0,1.0,1.0
6e5gb0yb,9dfd6313,6,19,3.0,1.0,1.0
pgtp756s,9dfd6313,2,2,1.0,1.0,1.0
dmft9d3y,9dfd6313,10,13,1.3,0.9,1.0
bdfn1h0o,9dfd6313,14,16,1.1428571428571428,1.0,1.0
cw4tyx7n,d511f180,7,7,1.0,1.0,1.0
c2lwacqc,d511f180,7,7,1.0,1.0,1.0
g7svteiz,d511f180,7,7,1.0,1.0,1.0
gkse9wdn,d511f180,7,7,1.0,1.0,1.0
hd5k29qy,d511f180,4,9,2.25,1.0,1.0
rhbgnqhz,d511f180,7,7,1.0,1.0,1.0
fgxp8fzz,d511f180,7,7,1.0,1.0,1.0
mzi8f2hv,d511f180,7,7,1.0,1.0,1.0
189iqcds,d511f180,3,7,2.3333333333333335,1.0,1.0
qu0lm98m,d511f180,7,7,1.0,1.0,1.0
ldo5smvx,d511f180,3,8,2.3333333333333335,1.0,1.0
2tkm21z6,d511f180,7,7,1.0,1.0,1.0
ei0ij8ms,d511f180,3,7,2.3333333333333335,1.0,1.0
yfyhejim,d511f180,7,7,1.0,1.0,1.0
kavvl57w,d511f180,3,7,2.3333333333333335,1.0,1.0
yebzokh4,d511f180,7,7,1.0,1.0,1.0
b73rrttr,d511f180,4,4,1.0,1.0,1.0
r99uy0qb,d511f180,4,7,1.75,1.0,1.0
idma9086,d511f180,16,16,1.0,1.0,1.0
4kl3i3tv,d511f180,6,8,1.3333333333333333,1.0,1.0
c9sps7bl,d511f180,3,7,2.3333333333333335,1.0,1.0
bx44xwzb,d511f180,7,7,1.0,1.0,1.0
o2ho0580,d511f180,23,23,1.0,1.0,1.0
2d8q4qkc,d511f180,3,7,2.3333333333333335,1.0,1.0
g3vslpjv,d511f180,7,7,1.0,1.0,1.0
x5id5i5q,d511f180,8,8,1.0,1.0,1.0
8oohxrrz,d511f180,3,7,2.3333333333333335,1.0,1.0
qfiy90jx,d511f180,7,7,1.0,1.0,1.0
8psac9uo,d511f180,7,7,1.0,1.0,1.0
nx0vccp8,d511f180,7,7,1.0,1.0,1.0
kck1uue7,d511f180,3,7,2.3333333333333335,1.0,1.0
xji13cu2,d511f180,7,7,1.0,1.0,1.0
jqeesfz7,d511f180,7,7,1.0,1.0,1.0
8y2nd2sh,d511f180,3,7,2.3333333333333335,1.0,1.0
ascil7wf,d511f180,7,7,1.0,1.0,1.0
l0nln4b2,d511f180,7,7,1.0,1.0,1.0
aypxap78,d511f180,3,7,2.3333333333333335,1.0,1.0
jx6lhkbi,d511f180,5,7,1.4,1.0,1.0
zelqv7az,d511f180,3,7,2.3333333333333335,1.0,1.0
z8b26ynw,d511f180,3,7,2.3333333333333335,1.0,1.0
cfclud8z,d511f180,7,7,1.0,1.0,1.0
9evwb372,d511f180,10,10,1.0,1.0,1.0
ya0wv6pm,d511f180,7,7,1.0,1.0,1.0
sp00glmz,d511f180,4,9,2.25,1.0,1.0
clhkwrie,d511f180,16,16,1.0,1.0,1.0
1qt2f29y,d511f180,7,7,1.0,1.0,1.0
mpzcivx9,d511f180,4,7,1.75,1.0,1.0
9ohxtpht,d511f180,7,7,1.0,1.0,1.0
w12e497z,d511f180,16,16,1.0,1.0,1.0
zfeorjum,d511f180,7,7,1.0,1.0,1.0
hkj9daz7,d511f180,3,7,2.3333333333333335,1.0,1.0
1r6yodve,d511f180,16,16,1.0,1.0,1.0
2anyuqd8,d511f180,7,7,1.0,1.0,1.0
oxvw1rhx,d511f180,7,7,1.0,1.0,1.0
4j6cy1mk,d511f180,7,7,1.0,1.0,1.0
fl73adm5,d511f180,3,7,2.3333333333333335,1.0,1.0
4wx63ymf,d511f180,3,7,2.3333333333333335,1.0,1.0
ler5uq42,d511f180,17,17,1.0,1.0,1.0
nldu5ge3,d511f180,7,7,1.0,1.0,1.0
m63pxnwq,d511f180,6,7,1.1666666666666667,1.0,1.0
onnumbyy,d511f180,7,7,1.0,1.0,1.0
nqubyvew,d511f180,1,1,1.0,1.0,1.0
2w766g1z,d511f180,7,7,1.0,1.0,1.0
5vv1rrzw,d511f180,17,17,1.0,1.0,1.0
mr7lkk46,d511f180,4,4,1.0,1.0,1.0
f5ktzt2t,d511f180,3,7,2.3333333333333335,1.0,1.0
kkeej6x5,d511f180,3,7,2.3333333333333335,1.0,1.0
pcrxo3zp,d511f180,7,7,1.0,1.0,1.0
8yhijukj,d511f180,4,4,1.0,1.0,1.0
mhskzwic,d511f180,4,7,1.75,1.0,1.0
z3die4q3,d511f180,3,7,2.3333333333333335,1.0,1.0
8jwr3j6t,d511f180,7,7,1.0,1.0,1.0
7agy8y3l,d511f180,7,7,1.0,1.0,1.0
vbwguazj,d511f180,7,7,1.0,1.0,1.0
om1m73rv,d511f180,7,7,1.0,1.0,1.0
nrfiw9bx,d511f180,3,7,2.3333333333333335,1.0,1.0
pz38obzd,d511f180,7,7,1.0,1.0,1.0
xklnx39q,d511f180,3,7,2.3333333333333335,1.0,1.0
91fk0af9,d511f180,7,7,1.0,1.0,1.0
qothvfhf,d511f180,7,7,1.0,1.0,1.0
fkx2gd88,d511f180,3,7,2.3333333333333335,1.0,1.0
27d8totr,d511f180,7,7,1.0,1.0,1.0
cp3b83py,d511f180,7,7,1.0,1.0,1.0
d33m799j,d511f180,10,10,1.0,1.0,1.0
kmwiem6m,d511f180,3,7,2.3333333333333335,1.0,1.0
6e5gb0yb,d511f180,4,7,1.75,1.0,1.0
dmft9d3y,d511f180,3,7,2.3333333333333335,1.0,1.0
bdfn1h0o,d511f180,11,18,1.6363636363636365,1.0,1.0
nvlsix5c,d511f180,5,5,1.0,1.0,1.0
f5ohsl5h,d511f180,1,1,1.0,1.0,1.0
l9krayds,d511f180,18,18,1.0,1.0,1.0
aqmjput5,d511f180,7,7,1.0,1.0,1.0
icf7bchs,d511f180,34,34,1.0,1.0,1.0
j2pjmr32,d511f180,12,16,1.3333333333333333,1.0,1.0
byx9jkxm,d511f180,7,7,1.0,1.0,1.0
74l1qvc1,d511f180,7,7,1.0,1.0,1.0
cghxa2ie,d511f180,3,7,2.3333333333333335,1.0,1.0
3d2as981,d511f180,18,18,1.0,1.0,1.0
clucow7d,d511f180,3,7,2.3333333333333335,1.0,1.0
bmlngyh3,d511f180,7,7,1.0,1.0,1.0
y8mzyzjc,d511f180,7,7,1.0,1.0,1.0
5hz183aa,d511f180,27,27,1.0,1.0,1.0
ol9lky1i,d511f180,7,7,1.0,1.0,1.0
5nrjvc7q,d511f180,7,7,1.0,1.0,1.0
o5qropwk,d511f180,7,7,1.0,1.0,1.0
ym49wqbn,d511f180,14,14,1.0,1.0,1.0
154uk6vm,d511f180,7,7,1.0,1.0,1.0
npr5bsi2,d511f180,7,7,1.0,1.0,1.0
xeu3j3ki,d511f180,7,7,1.0,1.0,1.0
pad0sufd,d511f180,3,7,2.3333333333333335,1.0,1.0
emwp6wq7,d511f180,7,7,1.0,1.0,1.0
r2ck84r8,d511f180,7,7,1.0,1.0,1.0
nze0azo1,d511f180,7,7,1.0,1.0,1.0
hpl7jugr,d511f180,3,7,2.3333333333333335,1.0,1.0
stbyxpx6,d511f180,2,2,1.0,1.0,1.0
r24jdhzg,d511f180,6,7,1.1666666666666667,1.0,1.0
ovhoesyy,d511f180,7,7,1.0,1.0,1.0
ske58akk,d511f180,7,7,1.0,1.0,1.0
3cc6zm51,d511f180,14,14,1.0,1.0,1.0
ism64anu,d511f180,3,7,2.3333333333333335,1.0,1.0
n2et79bd,d511f180,7,7,1.0,1.0,1.0
plfupad7,d511f180,7,7,1.0,1.0,1.0
0hrc9vve,d511f180,2,8,3.5,1.0,1.0
zvbewhqx,d511f180,7,7,1.0,1.0,1.0
c7z6erey,d511f180,7,7,1.0,1.0,1.0
8aknstxj,d511f180,3,7,2.3333333333333335,1.0,1.0
f0wpo2hr,d511f180,7,7,1.0,1.0,1.0
qazkn1sw,d511f180,19,20,1.0526315789473684,1.0,1.0
89u58v07,d511f180,7,11,1.4285714285714286,1.0,1.0
phbjwkyw,d511f180,2,2,1.0,1.0,1.0
szbhlpfr,d511f180,4,7,1.75,1.0,1.0
sn10zd6g,d511f180,3,7,2.3333333333333335,1.0,1.0
4s3cm7d8,d511f180,7,7,1.0,1.0,1.0
e2w81k0i,d511f180,3,7,2.3333333333333335,1.0,1.0
hsm45iwx,d511f180,7,7,1.0,1.0,1.0
q04yitea,d511f180,7,7,1.0,1.0,1.0
02333qfj,d511f180,7,7,1.0,1.0,1.0
qkiu92kk,d511f180,7,7,1.0,1.0,1.0
44o5xnxe,d511f180,7,7,1.0,1.0,1.0
0ra11hiv,d511f180,2,2,1.0,1.0,1.0
y32zaw9c,d511f180,7,7,1.0,1.0,1.0
bw2cwy0m,d511f180,7,7,1.0,1.0,1.0
kwy2bqjo,d511f180,7,7,1.0,1.0,1.0
uktb326q,d511f180,1,1,1.0,1.0,1.0
4s9g1cze,d511f180,3,7,2.3333333333333335,1.0,1.0
3irnkhq8,d511f180,3,7,2.3333333333333335,1.0,1.0
ljwskxcq,d511f180,3,7,2.3333333333333335,1.0,1.0
v6jvgdvg,d511f180,7,7,1.0,1.0,1.0
l5sagbsh,d511f180,3,7,2.3333333333333335,1.0,1.0
08vqizpx,d511f180,7,7,1.0,1.0,1.0
ew4oecfi,d511f180,3,7,2.3333333333333335,1.0,1.0
mrwlcmno,d511f180,13,14,1.0,1.0,1.0
eyn3wygc,d511f180,7,7,1.0,1.0,1.0
ni5df01j,d511f180,4,4,1.0,1.0,1.0
wcau806y,d511f180,7,7,1.0,1.0,1.0
s03ed531,d511f180,7,7,1.0,1.0,1.0
2j8p9vyz,d511f180,3,7,2.3333333333333335,1.0,1.0
7o2tmcr2,d511f180,21,21,1.0,1.0,1.0
a589fsqz,d511f180,7,7,1.0,1.0,1.0
o4kkkuj9,d511f180,7,7,1.0,1.0,1.0
mlvcv31l,d511f180,7,7,1.0,1.0,1.0
d1vjrjhc,d511f180,7,7,1.0,1.0,1.0
qv0yh587,d511f180,7,7,1.0,1.0,1.0
t2eyvuxq,d511f180,3,7,2.3333333333333335,1.0,1.0
vr20hyge,d511f180,9,9,1.0,1.0,1.0
sesf1qnx,d511f180,5,8,1.6,1.0,1.0
j2dvablb,d511f180,7,7,1.0,1.0,1.0
904h81sn,d511f180,7,7,1.0,1.0,1.0
03ljcqhc,d511f180,4,7,1.75,1.0,1.0
e0biso3r,d511f180,16,16,1.0,1.0,1.0
a9gvtd1o,d511f180,7,7,1.0,1.0,1.0
f1ejz9fy,d511f180,6,7,1.1666666666666667,1.0,1.0
vpxztp7b,d511f180,7,7,1.0,1.0,1.0
a6jpzpek,d511f180,3,3,1.0,1.0,1.0
6eyovdd2,d511f180,3,7,2.3333333333333335,1.0,1.0
a0w1xgxf,d511f180,7,7,1.0,1.0,1.0
41kp06jx,d511f180,3,7,2.3333333333333335,1.0,1.0
lmtka1ev,d511f180,3,7,2.3333333333333335,1.0,1.0
8bgj1tsd,d511f180,17,17,1.0,1.0,1.0
tc5wgx8h,d511f180,7,7,1.0,1.0,1.0
mrypomny,d511f180,3,7,2.3333333333333335,1.0,1.0
jeq3oy2g,d511f180,13,23,1.6153846153846154,0.9230769230769231,0.9930069930069931
c7ac53of,d511f180,19,19,1.0,1.0,1.0
rjanlii9,d511f180,3,7,2.3333333333333335,1.0,1.0
rhbgnqhz,0d3d703e,3,9,3.0,1.0,1.0
72p6pxny,0d3d703e,3,9,3.0,1.0,1.0
hd5k29qy,0d3d703e,4,10,2.5,1.0,1.0
gkse9wdn,0d3d703e,9,9,1.0,1.0,1.0
189iqcds,0d3d703e,3,9,3.0,1.0,1.0
mzi8f2hv,0d3d703e,3,9,3.0,1.0,1.0
fgxp8fzz,0d3d703e,3,9,3.0,1.0,1.0
c2lwacqc,0d3d703e,3,9,3.0,1.0,1.0
g7svteiz,0d3d703e,9,9,1.0,1.0,1.0
cw4tyx7n,0d3d703e,3,9,3.0,1.0,1.0
0yfthc4y,0d3d703e,9,9,1.0,1.0,1.0
ei0ij8ms,0d3d703e,3,9,3.0,1.0,1.0
2tkm21z6,0d3d703e,9,9,1.0,1.0,1.0
yfyhejim,0d3d703e,3,9,3.0,1.0,1.0
qu0lm98m,0d3d703e,3,9,3.0,1.0,1.0
jayyv6lz,0d3d703e,38,42,1.105263157894737,1.0,1.0
g3vslpjv,0d3d703e,9,9,1.0,1.0,1.0
2d8q4qkc,0d3d703e,3,9,3.0,1.0,1.0
o2ho0580,0d3d703e,9,9,1.0,1.0,1.0
bx44xwzb,0d3d703e,9,9,1.0,1.0,1.0
c9sps7bl,0d3d703e,4,11,2.75,0.75,1.0
qfiy90jx,0d3d703e,3,9,3.0,1.0,1.0
8oohxrrz,0d3d703e,3,9,3.0,1.0,1.0
x5id5i5q,0d3d703e,10,10,1.0,1.0,1.0
yebzokh4,0d3d703e,9,9,1.0,1.0,1.0
kavvl57w,0d3d703e,3,9,3.0,1.0,1.0
r99uy0qb,0d3d703e,3,9,3.0,1.0,1.0
idma9086,0d3d703e,3,9,3.0,1.0,1.0
0fy66fv2,0d3d703e,11,11,1.0,1.0,1.0
b73rrttr,0d3d703e,15,15,1.0,1.0,1.0
qif0sa3r,0d3d703e,3,9,3.0,1.0,1.0
8y2nd2sh,0d3d703e,3,9,3.0,1.0,1.0
aypxap78,0d3d703e,3,9,3.0,1.0,1.0
l0nln4b2,0d3d703e,9,9,1.0,1.0,1.0
ascil7wf,0d3d703e,9,9,1.0,1.0,1.0
kck1uue7,0d3d703e,3,9,3.0,1.0,1.0
8psac9uo,0d3d703e,9,10,1.1111111111111112,1.0,1.0
nx0vccp8,0d3d703e,9,9,1.0,1.0,1.0
xji13cu2,0d3d703e,9,9,1.0,1.0,1.0
9evwb372,0d3d703e,3,9,3.0,1.0,1.0
ya0wv6pm,0d3d703e,9,9,1.0,1.0,1.0
mpzcivx9,0d3d703e,3,9,3.0,1.0,1.0
1qt2f29y,0d3d703e,7,9,1.2857142857142858,1.0,1.0
sp00glmz,0d3d703e,3,9,3.0,1.0,1.0
jx6lhkbi,0d3d703e,3,9,3.0,1.0,1.0
cfclud8z,0d3d703e,3,9,3.0,1.0,1.0
zelqv7az,0d3d703e,4,10,2.5,1.0,1.0
z8b26ynw,0d3d703e,4,12,3.0,1.0,1.0
318gokyy,0d3d703e,3,9,3.0,1.0,1.0
oxvw1rhx,0d3d703e,3,9,3.0,1.0,1.0
4j6cy1mk,0d3d703e,12,12,1.0,1.0,1.0
zfeorjum,0d3d703e,3,9,3.0,1.0,1.0
hkj9daz7,0d3d703e,3,9,3.0,1.0,1.0
9ohxtpht,0d3d703e,9,9,1.0,1.0,1.0
w12e497z,0d3d703e,3,9,3.0,1.0,1.0
1r6yodve,0d3d703e,9,9,1.0,1.0,1.0
2anyuqd8,0d3d703e,9,9,1.0,1.0,1.0
k0qq522n,0d3d703e,9,9,1.0,1.0,1.0
cbvc5e3w,0d3d703e,9,9,1.0,1.0,1.0
mr7lkk46,0d3d703e,3,9,3.0,1.0,1.0
2w766g1z,0d3d703e,3,9,3.0,1.0,1.0
nqubyvew,0d3d703e,9,9,1.0,1.0,1.0
bcyhma9y,0d3d703e,9,9,1.0,1.0,1.0
f5ktzt2t,0d3d703e,3,9,3.0,1.0,1.0
kkeej6x5,0d3d703e,9,9,1.0,1.0,1.0
pcrxo3zp,0d3d703e,3,9,3.0,1.0,1.0
t3l0if03,0d3d703e,4,12,3.0,1.0,1.0
nldu5ge3,0d3d703e,3,9,3.0,1.0,1.0
ler5uq42,0d3d703e,9,9,1.0,1.0,1.0
nfbzvhip,0d3d703e,9,9,1.0,1.0,1.0
4wx63ymf,0d3d703e,3,9,3.0,1.0,1.0
onnumbyy,0d3d703e,9,9,1.0,1.0,1.0
m63pxnwq,0d3d703e,3,9,3.0,1.0,1.0
nrfiw9bx,0d3d703e,3,9,3.0,1.0,1.0
xklnx39q,0d3d703e,2,11,4.5,1.0,0.8125
z3die4q3,0d3d703e,3,9,3.0,1.0,1.0
p445h6ow,0d3d703e,3,9,3.0,1.0,1.0
8jwr3j6t,0d3d703e,3,9,3.0,1.0,1.0
mhskzwic,0d3d703e,9,9,1.0,1.0,1.0
8yhijukj,0d3d703e,9,9,1.0,1.0,1.0
50nsp39w,0d3d703e,3,9,3.0,1.0,1.0
om1m73rv,0d3d703e,4,10,2.5,1.0,1.0
7agy8y3l,0d3d703e,6,18,3.0,1.0,1.0
vbwguazj,0d3d703e,9,9,1.0,1.0,1.0
dmft9d3y,0d3d703e,4,11,2.75,0.75,1.0
bdfn1h0o,0d3d703e,3,9,3.0,1.0,1.0
pgtp756s,0d3d703e,9,9,1.0,1.0,1.0
6e5gb0yb,0d3d703e,6,14,2.3333333333333335,0.8333333333333334,1.0
icf7bchs,0d3d703e,12,12,1.0,1.0,1.0
l9krayds,0d3d703e,5,15,3.0,1.0,1.0
aqmjput5,0d3d703e,3,9,3.0,1.0,1.0
nvlsix5c,0d3d703e,9,9,1.0,1.0,1.0
f5ohsl5h,0d3d703e,3,9,3.0,1.0,1.0
cp3b83py,0d3d703e,3,9,3.0,1.0,1.0
fkx2gd88,0d3d703e,4,15,3.0,1.0,0.9166666666666666
27d8totr,0d3d703e,9,9,1.0,1.0,1.0
91fk0af9,0d3d703e,9,9,1.0,1.0,1.0
qothvfhf,0d3d703e,9,9,1.0,1.0,1.0
kmwiem6m,0d3d703e,9,9,1.0,1.0,1.0
5pds9j1d,0d3d703e,9,9,1.0,1.0,1.0
ikfbpugl,0d3d703e,3,11,3.3333333333333335,1.0,1.0
d33m799j,0d3d703e,4,12,3.0,1.0,1.0
o5qropwk,0d3d703e,9,9,1.0,1.0,1.0
ol9lky1i,0d3d703e,4,12,3.0,1.0,1.0
5nrjvc7q,0d3d703e,4,12,3.0,1.0,1.0
61zahdh9,0d3d703e,3,9,3.0,1.0,1.0
5hz183aa,0d3d703e,9,9,1.0,1.0,1.0
emwp6wq7,0d3d703e,5,15,3.0,1.0,1.0
pad0sufd,0d3d703e,9,9,1.0,1.0,1.0
xeu3j3ki,0d3d703e,9,9,1.0,1.0,1.0
ym49wqbn,0d3d703e,3,9,3.0,1.0,1.0
154uk6vm,0d3d703e,20,20,1.0,1.0,1.0
npr5bsi2,0d3d703e,9,9,1.0,1.0,1.0
byx9jkxm,0d3d703e,3,9,3.0,1.0,1.0
74l1qvc1,0d3d703e,9,9,1.0,1.0,1.0
j2pjmr32,0d3d703e,3,9,3.0,1.0,1.0
bmlngyh3,0d3d703e,3,9,3.0,1.0,1.0
clucow7d,0d3d703e,4,12,3.0,1.0,1.0
cghxa2ie,0d3d703e,3,9,3.0,1.0,1.0
0hrc9vve,0d3d703e,9,9,1.0,1.0,1.0
zvbewhqx,0d3d703e,9,9,1.0,1.0,1.0
plfupad7,0d3d703e,9,9,1.0,1.0,1.0
ism64anu,0d3d703e,9,9,1.0,1.0,1.0
n2et79bd,0d3d703e,3,9,3.0,1.0,1.0
qazkn1sw,0d3d703e,14,15,1.0714285714285714,1.0,1.0
f0wpo2hr,0d3d703e,3,9,3.0,1.0,1.0
c7z6erey,0d3d703e,3,9,3.0,1.0,1.0
8aknstxj,0d3d703e,3,9,3.0,1.0,1.0
r2ck84r8,0d3d703e,9,9,1.0,1.0,1.0
nze0azo1,0d3d703e,9,9,1.0,1.0,1.0
hpl7jugr,0d3d703e,4,9,2.25,1.0,1.0
3cc6zm51,0d3d703e,9,9,1.0,1.0,1.0
ovhoesyy,0d3d703e,3,9,3.0,1.0,1.0
ske58akk,0d3d703e,3,9,3.0,1.0,1.0
r24jdhzg,0d3d703e,18,18,1.0,1.0,1.0
stbyxpx6,0d3d703e,3,9,3.0,1.0,1.0
44o5xnxe,0d3d703e,9,9,1.0,1.0,1.0
qkiu92kk,0d3d703e,9,9,1.0,1.0,1.0
02333qfj,0d3d703e,3,9,3.0,1.0,1.0
q04yitea,0d3d703e,4,12,3.0,1.0,1.0
qfsp3ery,0d3d703e,9,9,1.0,1.0,1.0
y32zaw9c,0d3d703e,9,9,1.0,1.0,1.0
cuybsfwr,0d3d703e,9,9,1.0,1.0,1.0
szbhlpfr,0d3d703e,9,9,1.0,1.0,1.0
phbjwkyw,0d3d703e,3,9,3.0,1.0,1.0
89u58v07,0d3d703e,3,9,3.0,1.0,1.0
hsm45iwx,0d3d703e,6,12,2.0,1.0,1.0
4s3cm7d8,0d3d703e,7,9,1.2857142857142858,1.0,1.0
e2w81k0i,0d3d703e,3,9,3.0,1.0,1.0
sn10zd6g,0d3d703e,3,9,3.0,1.0,1.0
zj5uemkt,0d3d703e,9,9,1.0,1.0,1.0
ljwskxcq,0d3d703e,3,9,3.0,1.0,1.0
l5sagbsh,0d3d703e,3,9,3.0,1.0,1.0
v6jvgdvg,0d3d703e,9,9,1.0,1.0,1.0
4s9g1cze,0d3d703e,3,9,3.0,1.0,1.0
3irnkhq8,0d3d703e,9,18,2.0,1.0,1.0
uktb326q,0d3d703e,9,9,1.0,1.0,1.0
kwy2bqjo,0d3d703e,3,9,3.0,1.0,1.0
bw2cwy0m,0d3d703e,9,9,1.0,1.0,1.0
cdo2cmtp,0d3d703e,8,9,1.125,1.0,1.0
d1vjrjhc,0d3d703e,3,9,3.0,1.0,1.0
o4kkkuj9,0d3d703e,10,10,1.0,1.0,1.0
k8txaw58,0d3d703e,9,9,1.0,1.0,1.0
mlvcv31l,0d3d703e,3,9,3.0,1.0,1.0
a589fsqz,0d3d703e,3,9,3.0,1.0,1.0
7o2tmcr2,0d3d703e,25,47,1.8,1.0,1.0
t2eyvuxq,0d3d703e,3,9,3.0,1.0,1.0
qv0yh587,0d3d703e,1,1,1.0,1.0,1.0
eyn3wygc,0d3d703e,9,9,1.0,1.0,1.0
ni5df01j,0d3d703e,9,9,1.0,1.0,1.0
mrwlcmno,0d3d703e,11,11,1.0,1.0,1.0
ew4oecfi,0d3d703e,4,25,4.25,1.0,0.90625
2j8p9vyz,0d3d703e,6,15,2.5,1.0,1.0
s03ed531,0d3d703e,9,9,1.0,1.0,1.0
xasfvnb7,0d3d703e,9,9,1.0,1.0,1.0
03ljcqhc,0d3d703e,3,15,4.0,1.0,0.8888888888888888
904h81sn,0d3d703e,3,9,3.0,1.0,1.0
j2dvablb,0d3d703e,3,9,3.0,1.0,1.0
vr20hyge,0d3d703e,9,9,1.0,1.0,1.0
nhds6zsd,0d3d703e,3,9,3.0,1.0,1.0
qqqzakmg,0d3d703e,1,4,4.0,1.0,1.0
648anokh,0d3d703e,4,12,2.5,1.0,0.8888888888888888
zc26r1al,0d3d703e,9,9,1.0,1.0,1.0
c7ac53of,0d3d703e,5,9,1.8,1.0,1.0
rjanlii9,0d3d703e,3,9,3.0,1.0,1.0
mrypomny,0d3d703e,9,9,1.0,1.0,1.0
jeq3oy2g,0d3d703e,11,11,1.0,1.0,1.0
8bgj1tsd,0d3d703e,9,9,1.0,1.0,1.0
tc5wgx8h,0d3d703e,9,9,1.0,1.0,1.0
vpxztp7b,0d3d703e,3,9,3.0,1.0,1.0
f1ejz9fy,0d3d703e,3,9,3.0,1.0,1.0
a9gvtd1o,0d3d703e,9,9,1.0,1.0,1.0
lmtka1ev,0d3d703e,3,9,3.0,1.0,1.0
a0w1xgxf,0d3d703e,3,9,3.0,1.0,1.0
41kp06jx,0d3d703e,3,9,3.0,1.0,1.0
a6jpzpek,0d3d703e,1,8,7.0,1.0,1.0
6eyovdd2,0d3d703e,3,9,3.0,1.0,1.0
c2lwacqc,0d87d2a6,30,169,5.566666666666666,1.0,1.0
g7svteiz,0d87d2a6,38,174,4.552631578947368,1.0,1.0
cw4tyx7n,0d87d2a6,35,201,4.9714285714285715,1.0,1.0
fgxp8fzz,0d87d2a6,23,207,8.130434782608695,0.9565217391304348,1.0
189iqcds,0d87d2a6,7,223,29.0,1.0,1.0
mzi8f2hv,0d87d2a6,13,197,13.692307692307692,0.9230769230769231,1.0
gkse9wdn,0d87d2a6,179,179,1.0,1.0,1.0
rhbgnqhz,0d87d2a6,56,350,5.910714285714286,0.9464285714285714,1.0
72p6pxny,0d87d2a6,30,340,11.2,1.0,1.0
hd5k29qy,0d87d2a6,28,230,7.571428571428571,1.0,1.0
jayyv6lz,0d87d2a6,30,183,5.933333333333334,0.8666666666666667,1.0
qu0lm98m,0d87d2a6,16,176,10.875,0.875,1.0
yfyhejim,0d87d2a6,10,208,18.8,1.0,1.0
2tkm21z6,0d87d2a6,173,175,1.0115606936416186,1.0,1.0
0yfthc4y,0d87d2a6,53,189,3.4716981132075473,1.0,1.0
ei0ij8ms,0d87d2a6,24,370,14.5,1.0,1.0
0fy66fv2,0d87d2a6,9,9,1.0,1.0,1.0
7nszfy43,0d87d2a6,117,197,1.6752136752136753,0.9658119658119658,1.0
b73rrttr,0d87d2a6,3,3,1.0,1.0,1.0
r99uy0qb,0d87d2a6,24,246,9.375,1.0,1.0
idma9086,0d87d2a6,22,187,7.863636363636363,1.0,1.0
kavvl57w,0d87d2a6,13,187,13.307692307692308,0.9230769230769231,1.0
yebzokh4,0d87d2a6,79,200,2.392405063291139,1.0,1.0
qfiy90jx,0d87d2a6,22,270,11.909090909090908,0.9545454545454546,1.0
8oohxrrz,0d87d2a6,11,149,12.454545454545455,1.0,1.0
bx44xwzb,0d87d2a6,45,199,4.222222222222222,0.9777777777777777,1.0
o2ho0580,0d87d2a6,7,23,3.142857142857143,0.7142857142857143,1.0
c9sps7bl,0d87d2a6,13,199,13.846153846153847,0.9230769230769231,1.0
g3vslpjv,0d87d2a6,29,182,6.206896551724138,1.0,1.0
2d8q4qkc,0d87d2a6,10,211,18.5,1.0,1.0
jqeesfz7,0d87d2a6,193,193,1.0,1.0,1.0
kck1uue7,0d87d2a6,21,300,13.523809523809524,0.9047619047619048,1.0
nx0vccp8,0d87d2a6,202,426,2.0742574257425743,0.9603960396039604,1.0
8psac9uo,0d87d2a6,43,404,8.604651162790697,1.0,1.0
9pjr0waw,0d87d2a6,14,167,10.5,1.0,1.0
ascil7wf,0d87d2a6,18,184,9.38888888888889,1.0,1.0
aypxap78,0d87d2a6,13,204,14.692307692307692,0.9230769230769231,1.0
l0nln4b2,0d87d2a6,25,177,6.96,1.0,1.0
8y2nd2sh,0d87d2a6,16,187,11.25,1.0,1.0
zelqv7az,0d87d2a6,20,181,8.45,1.0,1.0
z8b26ynw,0d87d2a6,27,201,7.037037037037037,0.9629629629629629,1.0
cfclud8z,0d87d2a6,19,190,9.631578947368421,1.0,1.0
jx6lhkbi,0d87d2a6,12,177,13.75,1.0,1.0
sp00glmz,0d87d2a6,38,233,5.2631578947368425,1.0,1.0
mpzcivx9,0d87d2a6,19,193,9.263157894736842,1.0,1.0
1qt2f29y,0d87d2a6,170,175,1.0294117647058822,1.0,1.0
clhkwrie,0d87d2a6,45,245,5.311111111111111,0.9555555555555556,1.0
23iyreiv,0d87d2a6,19,157,7.894736842105263,0.9473684210526315,1.0
2ke9hbes,0d87d2a6,52,265,4.923076923076923,0.9038461538461539,1.0
9evwb372,0d87d2a6,11,198,17.363636363636363,1.0,1.0
ya0wv6pm,0d87d2a6,77,489,4.3896103896103895,1.0,1.0
1r6yodve,0d87d2a6,1,1,1.0,1.0,1.0
2anyuqd8,0d87d2a6,171,171,1.0,1.0,1.0
9ohxtpht,0d87d2a6,43,179,4.116279069767442,1.0,1.0
w12e497z,0d87d2a6,32,269,6.90625,1.0,1.0
hkj9daz7,0d87d2a6,17,206,10.705882352941176,1.0,1.0
zfeorjum,0d87d2a6,21,185,8.571428571428571,0.9523809523809523,1.0
8d21w3yr,0d87d2a6,83,441,4.325301204819277,0.9879518072289156,1.0
oxvw1rhx,0d87d2a6,161,164,1.0186335403726707,1.0,1.0
4j6cy1mk,0d87d2a6,72,414,4.888888888888889,0.9722222222222222,1.0
m63pxnwq,0d87d2a6,12,211,15.0,1.0,1.0
onnumbyy,0d87d2a6,84,182,2.0952380952380953,0.9285714285714286,1.0
ler5uq42,0d87d2a6,177,177,1.0,1.0,1.0
4wx63ymf,0d87d2a6,11,190,16.09090909090909,1.0,1.0
nfbzvhip,0d87d2a6,134,521,3.3805970149253732,0.9776119402985075,1.0
t3l0if03,0d87d2a6,14,196,12.357142857142858,0.9285714285714286,1.0
nldu5ge3,0d87d2a6,41,179,4.2926829268292686,1.0,1.0
kkeej6x5,0d87d2a6,76,173,2.276315789473684,0.9868421052631579,1.0
f5ktzt2t,0d87d2a6,12,207,14.833333333333334,1.0,1.0
pcrxo3zp,0d87d2a6,11,215,18.545454545454547,1.0,1.0
bcyhma9y,0d87d2a6,219,319,1.360730593607306,1.0,0.99874196253844
nqubyvew,0d87d2a6,77,191,2.3766233766233764,0.987012987012987,1.0
mr7lkk46,0d87d2a6,14,216,13.428571428571429,0.9285714285714286,1.0
2w766g1z,0d87d2a6,101,346,3.3564356435643563,0.9900990099009901,1.0
7agy8y3l,0d87d2a6,39,196,5.0,0.9487179487179487,1.0
vbwguazj,0d87d2a6,47,334,6.914893617021277,1.0,1.0
mhskzwic,0d87d2a6,53,176,3.3207547169811322,0.9433962264150944,1.0
8yhijukj,0d87d2a6,12,193,15.166666666666666,1.0,1.0
z3die4q3,0d87d2a6,15,397,24.666666666666668,1.0,1.0
8jwr3j6t,0d87d2a6,14,194,13.0,1.0,1.0
pz38obzd,0d87d2a6,27,177,6.407407407407407,1.0,1.0
nrfiw9bx,0d87d2a6,17,196,10.411764705882353,1.0,1.0
d33m799j,0d87d2a6,2,2,1.0,1.0,1.0
kmwiem6m,0d87d2a6,40,704,14.825,0.975,0.9886363636363636
27d8totr,0d87d2a6,25,209,7.64,1.0,1.0
fkx2gd88,0d87d2a6,27,365,12.962962962962964,0.9629629629629629,1.0
qothvfhf,0d87d2a6,164,164,1.0,1.0,1.0
91fk0af9,0d87d2a6,64,346,4.75,0.96875,1.0
cp3b83py,0d87d2a6,17,186,10.705882352941176,1.0,1.0
aqmjput5,0d87d2a6,135,228,1.6,0.9777777777777777,1.0
l9krayds,0d87d2a6,138,378,2.4855072463768115,1.0,1.0
f5ohsl5h,0d87d2a6,20,190,9.1,1.0,1.0
bhpug29p,0d87d2a6,50,204,3.82,0.96,1.0
icf7bchs,0d87d2a6,131,212,1.5954198473282444,0.9847328244274809,1.0
6e5gb0yb,0d87d2a6,17,254,12.764705882352942,0.8823529411764706,1.0
dmft9d3y,0d87d2a6,67,433,6.029850746268656,0.9701492537313433,1.0
bdfn1h0o,0d87d2a6,36,445,11.972222222222221,0.8888888888888888,1.0
clucow7d,0d87d2a6,11,220,17.818181818181817,1.0,1.0
cghxa2ie,0d87d2a6,49,399,7.26530612244898,0.9795918367346939,1.0
3d2as981,0d87d2a6,16,194,11.0625,0.9375,1.0
y8mzyzjc,0d87d2a6,110,520,4.6454545454545455,0.9818181818181818,1.0
bmlngyh3,0d87d2a6,49,911,16.0,0.9183673469387755,1.0
byx9jkxm,0d87d2a6,13,188,13.461538461538462,1.0,1.0
74l1qvc1,0d87d2a6,1,1,1.0,1.0,1.0
154uk6vm,0d87d2a6,34,227,5.9411764705882355,0.9117647058823529,1.0
ym49wqbn,0d87d2a6,42,608,12.047619047619047,0.9761904761904762,1.0
npr5bsi2,0d87d2a6,95,220,2.0105263157894737,0.9789473684210527,1.0
emwp6wq7,0d87d2a6,16,194,11.5,1.0,1.0
pad0sufd,0d87d2a6,13,217,15.307692307692308,1.0,1.0
61zahdh9,0d87d2a6,35,356,9.857142857142858,1.0,1.0
5hz183aa,0d87d2a6,37,75,1.9189189189189189,0.972972972972973,1.0
o5qropwk,0d87d2a6,106,165,1.5566037735849056,0.9811320754716981,1.0
ol9lky1i,0d87d2a6,21,261,11.142857142857142,0.9047619047619048,1.0
5nrjvc7q,0d87d2a6,13,182,13.461538461538462,1.0,1.0
r24jdhzg,0d87d2a6,24,185,7.416666666666667,1.0,1.0
3cc6zm51,0d87d2a6,66,216,2.772727272727273,0.9696969696969697,1.0
ske58akk,0d87d2a6,18,186,9.944444444444445,1.0,1.0
ovhoesyy,0d87d2a6,17,202,10.705882352941176,0.9411764705882353,0.9978991596638656
nze0azo1,0d87d2a6,14,128,9.0,0.9285714285714286,1.0
r2ck84r8,0d87d2a6,27,218,7.296296296296297,0.8518518518518519,1.0
hpl7jugr,0d87d2a6,16,278,16.375,1.0,1.0
8aknstxj,0d87d2a6,46,202,3.8043478260869565,1.0,1.0
qazkn1sw,0d87d2a6,5,6,1.2,0.8,1.0
f0wpo2hr,0d87d2a6,27,503,17.14814814814815,1.0,1.0
plfupad7,0d87d2a6,31,181,5.645161290322581,0.967741935483871,1.0
ism64anu,0d87d2a6,22,201,8.272727272727273,1.0,1.0
zvbewhqx,0d87d2a6,21,191,8.666666666666666,0.9523809523809523,1.0
sn10zd6g,0d87d2a6,16,196,11.5,1.0,1.0
hsm45iwx,0d87d2a6,8,192,22.375,0.875,1.0
4s3cm7d8,0d87d2a6,77,178,2.311688311688312,1.0,1.0
e2w81k0i,0d87d2a6,15,254,15.8,0.9333333333333333,1.0
89u58v07,0d87d2a6,24,348,13.875,0.9583333333333334,1.0
phbjwkyw,0d87d2a6,15,224,14.4,1.0,1.0
0ra11hiv,0d87d2a6,110,266,2.2545454545454544,0.9818181818181818,0.9992653810835629
cuybsfwr,0d87d2a6,19,215,10.789473684210526,0.9473684210526315,1.0
y32zaw9c,0d87d2a6,157,159,1.0127388535031847,1.0,1.0
02333qfj,0d87d2a6,66,388,5.606060606060606,1.0,1.0
qfsp3ery,0d87d2a6,43,235,4.883720930232558,1.0,1.0
44o5xnxe,0d87d2a6,16,175,10.8125,0.9375,1.0
qkiu92kk,0d87d2a6,124,184,1.403225806451613,1.0,1.0
cdo2cmtp,0d87d2a6,273,276,1.010989010989011,1.0,1.0
bw2cwy0m,0d87d2a6,49,266,4.816326530612245,1.0,1.0
kwy2bqjo,0d87d2a6,16,184,10.9375,1.0,1.0
uktb326q,0d87d2a6,93,203,2.139784946236559,0.967741935483871,1.0
v6jvgdvg,0d87d2a6,126,127,1.007936507936508,1.0,1.0
l5sagbsh,0d87d2a6,101,346,3.227722772277228,1.0,1.0
ljwskxcq,0d87d2a6,12,182,14.0,1.0,1.0
3irnkhq8,0d87d2a6,21,175,8.142857142857142,1.0,1.0
4s9g1cze,0d87d2a6,13,199,14.153846153846153,0.9230769230769231,1.0
zj5uemkt,0d87d2a6,17,212,11.117647058823529,1.0,1.0
wcau806y,0d87d2a6,123,178,1.4308943089430894,0.991869918699187,1.0
2j8p9vyz,0d87d2a6,29,300,10.10344827586207,0.9655172413793104,1.0
s03ed531,0d87d2a6,242,242,1.0,1.0,1.0
mrwlcmno,0d87d2a6,100,179,1.78,0.99,1.0
ew4oecfi,0d87d2a6,13,186,13.923076923076923,0.9230769230769231,1.0
ni5df01j,0d87d2a6,12,205,16.333333333333332,1.0,1.0
eyn3wygc,0d87d2a6,101,207,1.811881188118812,1.0,1.0
t2eyvuxq,0d87d2a6,14,241,15.285714285714286,0.9285714285714286,1.0
a589fsqz,0d87d2a6,21,220,8.80952380952381,0.9523809523809523,0.9897959183673469
d1vjrjhc,0d87d2a6,52,188,3.4615384615384617,0.9807692307692307,1.0
mlvcv31l,0d87d2a6,17,181,10.294117647058824,0.9411764705882353,1.0
k8txaw58,0d87d2a6,14,204,13.642857142857142,1.0,1.0
o4kkkuj9,0d87d2a6,133,400,2.887218045112782,0.9924812030075187,1.0
vr20hyge,0d87d2a6,73,211,2.73972602739726,0.9452054794520548,1.0
nhds6zsd,0d87d2a6,171,174,1.0175438596491229,1.0,1.0
so5k1adg,0d87d2a6,188,188,1.0,1.0,1.0
904h81sn,0d87d2a6,23,210,7.695652173913044,1.0,1.0
j2dvablb,0d87d2a6,19,209,10.157894736842104,1.0,1.0
xasfvnb7,0d87d2a6,140,174,1.2357142857142858,1.0,1.0
sesf1qnx,0d87d2a6,26,209,6.923076923076923,0.9615384615384616,0.9991987179487178
6eyovdd2,0d87d2a6,31,187,5.870967741935484,0.967741935483871,1.0
a6jpzpek,0d87d2a6,25,190,7.56,0.96,1.0
lmtka1ev,0d87d2a6,10,229,21.1,0.9,1.0
41kp06jx,0d87d2a6,22,211,8.590909090909092,0.9545454545454546,1.0
a0w1xgxf,0d87d2a6,39,194,4.358974358974359,0.9743589743589743,1.0
e0biso3r,0d87d2a6,11,193,15.545454545454545,1.0,1.0
a9gvtd1o,0d87d2a6,15,196,12.466666666666667,1.0,1.0
vpxztp7b,0d87d2a6,25,192,7.48,0.92,1.0
f1ejz9fy,0d87d2a6,14,187,12.928571428571429,1.0,1.0
tc5wgx8h,0d87d2a6,22,399,16.772727272727273,0.8636363636363636,0.9918414918414918
8bgj1tsd,0d87d2a6,33,138,3.8484848484848486,1.0,1.0
c7ac53of,0d87d2a6,9,81,9.0,1.0,1.0
rjanlii9,0d87d2a6,37,307,7.8108108108108105,0.9459459459459459,1.0
648anokh,0d87d2a6,25,185,7.0,0.96,1.0
nqubyvew,1c02dbbe,41,134,3.097560975609756,1.0,1.0
2w766g1z,1c02dbbe,13,137,9.76923076923077,1.0,1.0
mr7lkk46,1c02dbbe,18,153,7.388888888888889,1.0,1.0
kkeej6x5,1c02dbbe,41,118,2.8536585365853657,1.0,1.0
f5ktzt2t,1c02dbbe,13,136,9.307692307692308,1.0,1.0
bcyhma9y,1c02dbbe,130,240,1.6538461538461537,0.9923076923076923,0.9993846153846155
nfbzvhip,1c02dbbe,18,153,6.944444444444445,1.0,1.0
4wx63ymf,1c02dbbe,19,129,6.368421052631579,1.0,1.0
t3l0if03,1c02dbbe,17,128,7.0588235294117645,1.0,1.0
nldu5ge3,1c02dbbe,19,138,6.368421052631579,1.0,1.0
onnumbyy,1c02dbbe,23,243,9.91304347826087,1.0,1.0
nrfiw9bx,1c02dbbe,19,129,6.526315789473684,1.0,1.0
xklnx39q,1c02dbbe,10,148,13.2,0.9,1.0
pz38obzd,1c02dbbe,39,354,8.256410256410257,0.9487179487179487,1.0
8yhijukj,1c02dbbe,12,124,10.0,1.0,1.0
mhskzwic,1c02dbbe,26,124,4.538461538461538,1.0,1.0
z3die4q3,1c02dbbe,11,139,11.727272727272727,1.0,1.0
p445h6ow,1c02dbbe,23,124,5.130434782608695,0.9130434782608695,1.0
8jwr3j6t,1c02dbbe,13,135,9.307692307692308,1.0,1.0
o1t1fb7j,1c02dbbe,29,137,4.103448275862069,1.0,1.0
vbwguazj,1c02dbbe,13,126,9.23076923076923,1.0,1.0
om1m73rv,1c02dbbe,11,130,11.818181818181818,1.0,1.0
9evwb372,1c02dbbe,13,123,9.307692307692308,1.0,1.0
ya0wv6pm,1c02dbbe,20,143,6.75,1.0,1.0
23iyreiv,1c02dbbe,21,136,5.571428571428571,0.9523809523809523,1.0
sp00glmz,1c02dbbe,14,134,8.785714285714286,1.0,1.0
1qt2f29y,1c02dbbe,27,122,4.444444444444445,0.9629629629629629,1.0
clhkwrie,1c02dbbe,65,130,1.9230769230769231,1.0,1.0
mpzcivx9,1c02dbbe,34,167,4.352941176470588,0.9705882352941176,1.0
jx6lhkbi,1c02dbbe,17,132,7.411764705882353,1.0,1.0
zelqv7az,1c02dbbe,13,123,9.307692307692308,1.0,1.0
z8b26ynw,1c02dbbe,14,137,9.285714285714286,1.0,1.0
cfclud8z,1c02dbbe,13,126,9.384615384615385,1.0,1.0
8d21w3yr,1c02dbbe,117,117,1.0,1.0,1.0
oxvw1rhx,1c02dbbe,12,134,10.083333333333334,1.0,1.0
fl73adm5,1c02dbbe,10,159,13.8,0.9,1.0
4j6cy1mk,1c02dbbe,12,168,9.916666666666666,1.0,1.0
318gokyy,1c02dbbe,21,150,7.0476190476190474,1.0,1.0
9ohxtpht,1c02dbbe,17,125,7.352941176470588,1.0,1.0
w12e497z,1c02dbbe,13,218,13.923076923076923,1.0,1.0
hkj9daz7,1c02dbbe,12,130,9.916666666666666,1.0,1.0
zfeorjum,1c02dbbe,12,133,10.416666666666666,1.0,1.0
cbvc5e3w,1c02dbbe,151,151,1.0,1.0,1.0
k0qq522n,1c02dbbe,90,123,1.3666666666666667,1.0,1.0
1r6yodve,1c02dbbe,180,180,1.0,1.0,1.0
c9sps7bl,1c02dbbe,8,168,18.125,0.875,0.9829545454545454
bx44xwzb,1c02dbbe,24,132,4.958333333333333,1.0,1.0
o2ho0580,1c02dbbe,12,83,6.916666666666667,1.0,1.0
2d8q4qkc,1c02dbbe,7,150,20.857142857142858,1.0,1.0
g3vslpjv,1c02dbbe,19,126,6.473684210526316,1.0,1.0
x5id5i5q,1c02dbbe,37,119,3.189189189189189,0.972972972972973,1.0
8oohxrrz,1c02dbbe,13,127,9.076923076923077,1.0,1.0
qfiy90jx,1c02dbbe,15,130,8.0,0.9333333333333333,1.0
yebzokh4,1c02dbbe,117,117,1.0,1.0,1.0
0fy66fv2,1c02dbbe,30,30,1.0,1.0,1.0
b73rrttr,1c02dbbe,7,7,1.0,1.0,1.0
r99uy0qb,1c02dbbe,24,132,5.166666666666667,1.0,1.0
idma9086,1c02dbbe,14,126,8.571428571428571,1.0,1.0
4kl3i3tv,1c02dbbe,25,153,5.16,1.0,1.0
8y2nd2sh,1c02dbbe,11,153,12.636363636363637,1.0,1.0
qif0sa3r,1c02dbbe,49,135,2.4693877551020407,1.0,1.0
ascil7wf,1c02dbbe,23,134,5.391304347826087,1.0,1.0
l0nln4b2,1c02dbbe,27,123,4.37037037037037,1.0,1.0
aypxap78,1c02dbbe,12,180,9.833333333333334,1.0,1.0
8psac9uo,1c02dbbe,34,133,3.6470588235294117,0.9705882352941176,1.0
nx0vccp8,1c02dbbe,64,125,1.90625,0.984375,1.0
kck1uue7,1c02dbbe,21,151,6.476190476190476,1.0,1.0
9pjr0waw,1c02dbbe,25,128,4.88,1.0,1.0
jqeesfz7,1c02dbbe,123,123,1.0,1.0,1.0
gkse9wdn,1c02dbbe,124,124,1.0,1.0,1.0
hd5k29qy,1c02dbbe,15,130,8.266666666666667,1.0,1.0
rhbgnqhz,1c02dbbe,32,296,8.84375,0.96875,1.0
72p6pxny,1c02dbbe,29,124,4.172413793103448,0.9310344827586207,1.0
fgxp8fzz,1c02dbbe,10,151,14.6,1.0,1.0
mzi8f2hv,1c02dbbe,9,147,14.555555555555555,1.0,1.0
189iqcds,1c02dbbe,15,140,9.133333333333333,1.0,1.0
c2lwacqc,1c02dbbe,12,122,10.083333333333334,1.0,1.0
g7svteiz,1c02dbbe,58,133,2.2758620689655173,0.9482758620689655,0.9982758620689655
2tkm21z6,1c02dbbe,117,117,1.0,1.0,1.0
ei0ij8ms,1c02dbbe,14,136,9.0,1.0,1.0
0yfthc4y,1c02dbbe,13,126,9.307692307692308,1.0,1.0
yfyhejim,1c02dbbe,12,143,9.916666666666666,1.0,1.0
jayyv6lz,1c02dbbe,128,129,1.0078125,1.0,1.0
qu0lm98m,1c02dbbe,18,256,13.444444444444445,1.0,1.0
ldo5smvx,1c02dbbe,17,133,7.411764705882353,0.9411764705882353,1.0
j2dvablb,1c02dbbe,12,142,10.25,1.0,1.0
so5k1adg,1c02dbbe,118,118,1.0,1.0,1.0
904h81sn,1c02dbbe,10,144,13.4,1.0,1.0
03ljcqhc,1c02dbbe,30,131,4.0,1.0,1.0
vr20hyge,1c02dbbe,3,3,1.0,1.0,1.0
nhds6zsd,1c02dbbe,24,132,5.291666666666667,1.0,1.0
zc26r1al,1c02dbbe,117,117,1.0,1.0,1.0
648anokh,1c02dbbe,12,126,10.083333333333334,1.0,1.0
qqqzakmg,1c02dbbe,31,313,8.258064516129032,0.8387096774193549,1.0
tc5wgx8h,1c02dbbe,13,137,10.384615384615385,1.0,1.0
8bgj1tsd,1c02dbbe,22,132,5.590909090909091,1.0,1.0
mrypomny,1c02dbbe,66,117,1.7727272727272727,1.0,1.0
jeq3oy2g,1c02dbbe,38,139,3.5526315789473686,1.0,1.0
c7ac53of,1c02dbbe,10,10,1.0,1.0,1.0
rjanlii9,1c02dbbe,13,124,9.0,1.0,1.0
e0biso3r,1c02dbbe,14,134,8.928571428571429,1.0,1.0
a9gvtd1o,1c02dbbe,15,132,8.6,1.0,1.0
f1ejz9fy,1c02dbbe,10,194,17.0,0.9,0.9636363636363636
vpxztp7b,1c02dbbe,13,133,9.307692307692308,1.0,1.0
6eyovdd2,1c02dbbe,14,125,8.785714285714286,1.0,1.0
a6jpzpek,1c02dbbe,8,142,14.875,1.0,1.0
41kp06jx,1c02dbbe,10,142,13.1,1.0,1.0
a0w1xgxf,1c02dbbe,12,135,9.916666666666666,1.0,1.0
lmtka1ev,1c02dbbe,9,154,15.222222222222221,0.8888888888888888,1.0
zj5uemkt,1c02dbbe,30,133,3.966666666666667,0.9666666666666667,1.0
4s9g1cze,1c02dbbe,12,136,10.0,1.0,1.0
3irnkhq8,1c02dbbe,24,143,5.458333333333333,1.0,1.0
ljwskxcq,1c02dbbe,9,157,15.333333333333334,0.8888888888888888,1.0
v6jvgdvg,1c02dbbe,92,119,1.2934782608695652,1.0,1.0
l5sagbsh,1c02dbbe,18,127,6.666666666666667,1.0,1.0
bw2cwy0m,1c02dbbe,13,123,9.153846153846153,1.0,1.0
kwy2bqjo,1c02dbbe,30,153,4.833333333333333,1.0,1.0
uktb326q,1c02dbbe,27,137,4.62962962962963,0.9259259259259259,1.0
a589fsqz,1c02dbbe,14,156,8.928571428571429,1.0,1.0
k8txaw58,1c02dbbe,16,138,8.625,0.9375,1.0
o4kkkuj9,1c02dbbe,52,132,2.3846153846153846,1.0,1.0
mlvcv31l,1c02dbbe,6,156,25.333333333333332,0.8333333333333334,1.0
d1vjrjhc,1c02dbbe,12,128,10.083333333333334,1.0,1.0
qv0yh587,1c02dbbe,152,206,1.355263157894737,1.0,1.0
t2eyvuxq,1c02dbbe,12,143,10.166666666666666,1.0,1.0
08vqizpx,1c02dbbe,119,119,1.0,1.0,1.0
ew4oecfi,1c02dbbe,15,150,9.333333333333334,1.0,1.0
mrwlcmno,1c02dbbe,67,121,1.8059701492537314,1.0,1.0
eyn3wygc,1c02dbbe,21,137,5.904761904761905,1.0,1.0
ni5df01j,1c02dbbe,12,121,10.083333333333334,1.0,1.0
wcau806y,1c02dbbe,48,119,2.4791666666666665,0.9583333333333334,1.0
s03ed531,1c02dbbe,118,118,1.0,1.0,1.0
2j8p9vyz,1c02dbbe,13,122,9.384615384615385,1.0,1.0
ism64anu,1c02dbbe,6,168,26.0,0.8333333333333334,1.0
n2et79bd,1c02dbbe,12,123,10.083333333333334,1.0,1.0
plfupad7,1c02dbbe,20,160,7.65,1.0,1.0
0hrc9vve,1c02dbbe,1,19,19.0,0.0,1.0
zvbewhqx,1c02dbbe,12,121,10.083333333333334,1.0,1.0
8aknstxj,1c02dbbe,38,177,4.184210526315789,0.9736842105263158,1.0
c7z6erey,1c02dbbe,15,125,7.866666666666666,1.0,1.0
f0wpo2hr,1c02dbbe,13,124,9.461538461538462,1.0,1.0
qazkn1sw,1c02dbbe,183,320,1.7322404371584699,0.9508196721311475,1.0
r2ck84r8,1c02dbbe,19,144,6.947368421052632,0.9473684210526315,1.0
nze0azo1,1c02dbbe,19,138,6.631578947368421,1.0,1.0
hpl7jugr,1c02dbbe,7,161,22.0,1.0,1.0
stbyxpx6,1c02dbbe,38,141,3.3684210526315788,0.9210526315789473,1.0
r24jdhzg,1c02dbbe,27,146,4.703703703703703,1.0,1.0
ovhoesyy,1c02dbbe,19,140,6.315789473684211,0.9473684210526315,1.0
ske58akk,1c02dbbe,20,128,6.15,1.0,1.0
3cc6zm51,1c02dbbe,123,123,1.0,1.0,1.0
q04yitea,1c02dbbe,45,133,2.7777777777777777,0.9555555555555556,1.0
02333qfj,1c02dbbe,13,135,10.384615384615385,1.0,1.0
qkiu92kk,1c02dbbe,15,128,7.933333333333334,1.0,1.0
ihnjt6k4,1c02dbbe,19,127,6.2631578947368425,1.0,1.0
44o5xnxe,1c02dbbe,86,118,1.372093023255814,0.9883720930232558,1.0
0ra11hiv,1c02dbbe,60,118,1.9666666666666666,0.9666666666666667,1.0
y32zaw9c,1c02dbbe,115,118,1.0260869565217392,1.0,1.0
89u58v07,1c02dbbe,20,149,6.55,1.0,1.0
phbjwkyw,1c02dbbe,16,146,7.625,1.0,1.0
szbhlpfr,1c02dbbe,7,170,22.142857142857142,0.8571428571428571,1.0
sn10zd6g,1c02dbbe,12,125,9.916666666666666,1.0,1.0
4s3cm7d8,1c02dbbe,19,118,6.2105263157894735,1.0,1.0
e2w81k0i,1c02dbbe,13,155,10.0,1.0,1.0
hsm45iwx,1c02dbbe,14,139,8.714285714285714,1.0,1.0
6e5gb0yb,1c02dbbe,20,173,7.55,0.85,1.0
dmft9d3y,1c02dbbe,17,144,7.470588235294118,1.0,1.0
f5ohsl5h,1c02dbbe,35,124,3.4285714285714284,0.8857142857142857,1.0
aqmjput5,1c02dbbe,19,398,16.42105263157895,0.9473684210526315,1.0
l9krayds,1c02dbbe,14,139,8.857142857142858,1.0,1.0
icf7bchs,1c02dbbe,38,239,6.052631578947368,0.9210526315789473,1.0
qothvfhf,1c02dbbe,117,117,1.0,1.0,1.0
91fk0af9,1c02dbbe,20,131,6.15,1.0,1.0
fkx2gd88,1c02dbbe,12,144,11.666666666666666,1.0,1.0
cp3b83py,1c02dbbe,14,126,8.714285714285714,1.0,1.0
d33m799j,1c02dbbe,14,15,1.0714285714285714,1.0,1.0
5pds9j1d,1c02dbbe,120,120,1.0,1.0,1.0
kmwiem6m,1c02dbbe,12,121,10.0,1.0,1.0
5hz183aa,1c02dbbe,144,178,1.2222222222222223,1.0,1.0
61zahdh9,1c02dbbe,58,131,2.1551724137931036,1.0,1.0
ol9lky1i,1c02dbbe,13,144,9.23076923076923,1.0,1.0
5nrjvc7q,1c02dbbe,19,122,6.315789473684211,1.0,1.0
o5qropwk,1c02dbbe,14,124,8.428571428571429,1.0,1.0
154uk6vm,1c02dbbe,40,124,3.075,1.0,1.0
ym49wqbn,1c02dbbe,19,130,6.368421052631579,1.0,1.0
npr5bsi2,1c02dbbe,23,156,5.608695652173913,1.0,1.0
xeu3j3ki,1c02dbbe,12,141,9.833333333333334,1.0,1.0
pad0sufd,1c02dbbe,12,146,10.083333333333334,1.0,1.0
emwp6wq7,1c02dbbe,16,129,7.6875,1.0,1.0
j2pjmr32,1c02dbbe,75,178,2.1333333333333333,1.0,1.0
byx9jkxm,1c02dbbe,16,129,7.4375,1.0,1.0
cghxa2ie,1c02dbbe,18,131,7.055555555555555,1.0,1.0
3d2as981,1c02dbbe,20,132,6.05,1.0,1.0
clucow7d,1c02dbbe,13,150,9.384615384615385,1.0,1.0
0hrc9vve,c444b776,2,80,39.5,0.0,0.9609375
zvbewhqx,c444b776,46,46,1.0,1.0,1.0
plfupad7,c444b776,46,46,1.0,1.0,1.0
ism64anu,c444b776,42,46,1.0952380952380953,1.0,1.0
n2et79bd,c444b776,4,4,1.0,1.0,1.0
qazkn1sw,c444b776,4,16,4.0,0.25,1.0
f0wpo2hr,c444b776,41,42,1.024390243902439,1.0,1.0
c7z6erey,c444b776,42,42,1.0,1.0,1.0
8aknstxj,c444b776,2,3,1.5,1.0,1.0
r2ck84r8,c444b776,43,43,1.0,1.0,1.0
nze0azo1,c444b776,40,40,1.0,1.0,1.0
hpl7jugr,c444b776,37,42,1.135135135135135,1.0,1.0
3cc6zm51,c444b776,48,48,1.0,1.0,1.0
ovhoesyy,c444b776,40,40,1.0,1.0,1.0
ske58akk,c444b776,61,87,1.4098360655737705,0.9836065573770492,1.0
r24jdhzg,c444b776,42,42,1.0,1.0,1.0
stbyxpx6,c444b776,49,50,1.0204081632653061,1.0,1.0
ihnjt6k4,c444b776,56,56,1.0,1.0,1.0
44o5xnxe,c444b776,41,49,1.1951219512195121,1.0,1.0
02333qfj,c444b776,13,13,1.0,1.0,1.0
q04yitea,c444b776,40,40,1.0,1.0,1.0
y32zaw9c,c444b776,40,40,1.0,1.0,1.0
0ra11hiv,c444b776,43,43,1.0,1.0,1.0
szbhlpfr,c444b776,57,58,1.0175438596491229,1.0,1.0
phbjwkyw,c444b776,63,86,1.3650793650793651,1.0,1.0
095bdwyc,c444b776,50,50,1.0,1.0,1.0
89u58v07,c444b776,40,40,1.0,1.0,1.0
hsm45iwx,c444b776,45,58,1.2444444444444445,0.9777777777777777,1.0
4s3cm7d8,c444b776,40,40,1.0,1.0,1.0
e2w81k0i,c444b776,38,44,1.1578947368421053,1.0,1.0
sn10zd6g,c444b776,42,42,1.0,1.0,1.0
dmft9d3y,c444b776,47,51,1.0851063829787233,1.0,1.0
6e5gb0yb,c444b776,42,43,1.0238095238095237,1.0,1.0
icf7bchs,c444b776,46,155,3.3043478260869565,0.9130434782608695,1.0
l9krayds,c444b776,70,284,3.3857142857142857,0.9571428571428572,0.9916954304260469
aqmjput5,c444b776,100,207,1.81,0.99,1.0
nvlsix5c,c444b776,22,22,1.0,1.0,1.0
bhpug29p,c444b776,57,57,1.0,1.0,1.0
cp3b83py,c444b776,45,45,1.0,1.0,1.0
fkx2gd88,c444b776,36,42,1.1666666666666667,1.0,1.0
27d8totr,c444b776,40,40,1.0,1.0,1.0
qothvfhf,c444b776,46,46,1.0,1.0,1.0
kmwiem6m,c444b776,40,40,1.0,1.0,1.0
5pds9j1d,c444b776,57,57,1.0,1.0,1.0
ikfbpugl,c444b776,27,36,1.2962962962962963,1.0,1.0
d33m799j,c444b776,2,45,21.0,0.0,1.0
o5qropwk,c444b776,41,45,1.0975609756097562,1.0,1.0
ol9lky1i,c444b776,44,45,1.0227272727272727,1.0,1.0
5nrjvc7q,c444b776,46,46,1.0,1.0,1.0
61zahdh9,c444b776,52,52,1.0,1.0,1.0
5hz183aa,c444b776,75,92,1.1866666666666668,0.9733333333333334,0.9940740740740741
emwp6wq7,c444b776,40,40,1.0,1.0,1.0
pad0sufd,c444b776,46,46,1.0,1.0,1.0
xeu3j3ki,c444b776,40,40,1.0,1.0,1.0
ym49wqbn,c444b776,43,43,1.0,1.0,1.0
154uk6vm,c444b776,42,42,1.0,1.0,1.0
npr5bsi2,c444b776,55,55,1.0,1.0,1.0
byx9jkxm,c444b776,39,44,1.1282051282051282,1.0,1.0
74l1qvc1,c444b776,40,40,1.0,1.0,1.0
j2pjmr32,c444b776,24,206,6.083333333333333,0.9583333333333334,0.9820872274143303
bmlngyh3,c444b776,40,40,1.0,1.0,1.0
clucow7d,c444b776,44,46,1.0454545454545454,1.0,1.0
cghxa2ie,c444b776,42,42,1.0,1.0,1.0
3d2as981,c444b776,45,45,1.0,1.0,1.0
xasfvnb7,c444b776,19,35,1.7894736842105263,0.8947368421052632,0.9967105263157895
03ljcqhc,c444b776,48,48,1.0,1.0,1.0
so5k1adg,c444b776,64,64,1.0,1.0,1.0
j2dvablb,c444b776,38,43,1.131578947368421,1.0,1.0
vr20hyge,c444b776,2,2,1.0,1.0,1.0
nhds6zsd,c444b776,40,40,1.0,1.0,1.0
4stfwpke,c444b776,44,44,1.0,1.0,1.0
648anokh,c444b776,40,40,1.0,1.0,1.0
zc26r1al,c444b776,61,62,1.0,1.0,1.0
c7ac53of,c444b776,15,96,6.4,0.9333333333333333,1.0
rjanlii9,c444b776,41,41,1.0,1.0,1.0
mrypomny,c444b776,44,44,1.0,1.0,1.0
8bgj1tsd,c444b776,46,46,1.0,1.0,1.0
tc5wgx8h,c444b776,40,40,1.0,1.0,1.0
vpxztp7b,c444b776,103,104,1.0097087378640777,1.0,1.0
f1ejz9fy,c444b776,39,44,1.1282051282051282,1.0,1.0
e0biso3r,c444b776,40,40,1.0,1.0,1.0
a9gvtd1o,c444b776,43,45,1.0465116279069768,1.0,1.0
lmtka1ev,c444b776,37,42,1.135135135135135,1.0,1.0
a0w1xgxf,c444b776,10,42,4.2,0.7,1.0
41kp06jx,c444b776,44,44,1.0,1.0,1.0
a6jpzpek,c444b776,3,13,4.333333333333333,1.0,1.0
6eyovdd2,c444b776,35,40,1.1428571428571428,1.0,1.0
zj5uemkt,c444b776,41,41,1.0,1.0,1.0
ljwskxcq,c444b776,35,40,1.1428571428571428,1.0,1.0
v6jvgdvg,c444b776,60,70,1.1333333333333333,1.0,1.0
l5sagbsh,c444b776,36,55,1.4444444444444444,0.9722222222222222,1.0
3irnkhq8,c444b776,42,47,1.119047619047619,1.0,1.0
bw2cwy0m,c444b776,40,40,1.0,1.0,1.0
kwy2bqjo,c444b776,44,44,1.0,1.0,1.0
d1vjrjhc,c444b776,46,46,1.0,1.0,1.0
k8txaw58,c444b776,50,50,1.0,1.0,1.0
o4kkkuj9,c444b776,54,55,1.0185185185185186,1.0,1.0
mlvcv31l,c444b776,38,40,1.0526315789473684,1.0,1.0
a589fsqz,c444b776,42,42,1.0,1.0,1.0
t2eyvuxq,c444b776,51,51,1.0,1.0,1.0
eyn3wygc,c444b776,54,54,1.0,1.0,1.0
ni5df01j,c444b776,42,42,1.0,1.0,1.0
mrwlcmno,c444b776,42,42,1.0,1.0,1.0
ew4oecfi,c444b776,42,42,1.0,1.0,1.0
6p8vl3lk,c444b776,17,17,1.0,1.0,1.0
2j8p9vyz,c444b776,42,49,1.1666666666666667,1.0,1.0
s03ed531,c444b776,66,66,1.0,1.0,1.0
wcau806y,c444b776,3,3,1.0,1.0,1.0
g3vslpjv,c444b776,39,40,1.0256410256410255,1.0,1.0
o2ho0580,c444b776,19,128,6.0,0.7368421052631579,1.0
bx44xwzb,c444b776,42,42,1.0,1.0,1.0
c9sps7bl,c444b776,48,54,1.125,1.0,1.0
qfiy90jx,c444b776,40,40,1.0,1.0,1.0
8oohxrrz,c444b776,42,42,1.0,1.0,1.0
x5id5i5q,c444b776,40,40,1.0,1.0,1.0
yebzokh4,c444b776,40,40,1.0,1.0,1.0
kavvl57w,c444b776,37,40,1.0810810810810811,1.0,1.0
r99uy0qb,c444b776,10,10,1.0,1.0,1.0
idma9086,c444b776,56,77,1.2857142857142858,1.0,1.0
b73rrttr,c444b776,10,10,1.0,1.0,1.0
8y2nd2sh,c444b776,39,44,1.1282051282051282,1.0,1.0
l0nln4b2,c444b776,42,42,1.0,1.0,1.0
ascil7wf,c444b776,49,49,1.0,1.0,1.0
kck1uue7,c444b776,37,41,1.1081081081081081,1.0,1.0
8psac9uo,c444b776,45,47,1.0444444444444445,1.0,1.0
nx0vccp8,c444b776,40,40,1.0,1.0,1.0
jqeesfz7,c444b776,56,56,1.0,1.0,1.0
rhbgnqhz,c444b776,42,42,1.0,1.0,1.0
72p6pxny,c444b776,47,50,1.0638297872340425,1.0,1.0
hd5k29qy,c444b776,16,16,1.0,1.0,1.0
189iqcds,c444b776,49,49,1.0,1.0,1.0
mzi8f2hv,c444b776,44,44,1.0,1.0,1.0
fgxp8fzz,c444b776,48,67,1.3958333333333333,1.0,1.0
yc52i3qf,c444b776,8,8,1.0,1.0,1.0
c2lwacqc,c444b776,40,40,1.0,1.0,1.0
g7svteiz,c444b776,42,42,1.0,1.0,1.0
0yfthc4y,c444b776,45,45,1.0,1.0,1.0
ei0ij8ms,c444b776,61,107,1.7049180327868851,0.9836065573770492,1.0
2tkm21z6,c444b776,43,43,1.0,1.0,1.0
9wkeb5tu,c444b776,40,40,1.0,1.0,1.0
yfyhejim,c444b776,55,69,1.2545454545454546,0.9818181818181818,1.0
qu0lm98m,c444b776,64,64,1.0,1.0,1.0
jayyv6lz,c444b776,47,47,1.0,1.0,1.0
5vv1rrzw,c444b776,49,50,1.0204081632653061,1.0,1.0
mr7lkk46,c444b776,60,60,1.0,1.0,1.0
nqubyvew,c444b776,52,52,1.0,1.0,1.0
bcyhma9y,c444b776,3,3,1.0,1.0,1.0
kkeej6x5,c444b776,40,40,1.0,1.0,1.0
f5ktzt2t,c444b776,35,40,1.1428571428571428,1.0,1.0
pcrxo3zp,c444b776,41,46,1.0975609756097562,1.0,1.0
t3l0if03,c444b776,42,42,1.0,1.0,1.0
nldu5ge3,c444b776,42,42,1.0,1.0,1.0
ler5uq42,c444b776,44,44,1.0,1.0,1.0
nfbzvhip,c444b776,59,59,1.0,1.0,1.0
4wx63ymf,c444b776,40,40,1.0,1.0,1.0
m63pxnwq,c444b776,41,41,1.0,1.0,1.0
nrfiw9bx,c444b776,37,44,1.1891891891891893,1.0,1.0
xklnx39q,c444b776,37,42,1.135135135135135,1.0,1.0
pz38obzd,c444b776,44,44,1.0,1.0,1.0
z3die4q3,c444b776,41,44,1.0731707317073171,1.0,1.0
8jwr3j6t,c444b776,42,42,1.0,1.0,1.0
mhskzwic,c444b776,46,48,1.0434782608695652,1.0,1.0
8yhijukj,c444b776,44,44,1.0,1.0,1.0
om1m73rv,c444b776,40,40,1.0,1.0,1.0
7agy8y3l,c444b776,44,44,1.0,1.0,1.0
vbwguazj,c444b776,44,44,1.0,1.0,1.0
9evwb372,c444b776,43,43,1.0,1.0,1.0
2ke9hbes,c444b776,40,40,1.0,1.0,1.0
ya0wv6pm,c444b776,44,44,1.0,1.0,1.0
clhkwrie,c444b776,44,44,1.0,1.0,1.0
1qt2f29y,c444b776,3,16,5.0,0.3333333333333333,1.0
sp00glmz,c444b776,18,18,1.0,1.0,1.0
jx6lhkbi,c444b776,11,11,1.0,1.0,1.0
zelqv7az,c444b776,42,42,1.0,1.0,1.0
z8b26ynw,c444b776,35,40,1.1428571428571428,1.0,1.0
wa9xd98o,c444b776,1,1,1.0,1.0,1.0
oxvw1rhx,c444b776,21,21,1.0,1.0,1.0
4j6cy1mk,c444b776,45,45,1.0,1.0,1.0
fl73adm5,c444b776,44,79,1.5454545454545454,1.0,1.0
8d21w3yr,c444b776,40,40,1.0,1.0,1.0
zfeorjum,c444b776,44,44,1.0,1.0,1.0
hkj9daz7,c444b776,42,44,1.0476190476190477,1.0,1.0
9ohxtpht,c444b776,35,40,1.1428571428571428,1.0,1.0
w12e497z,c444b776,38,211,5.421052631578948,0.9210526315789473,1.0
0wk7vjg8,c444b776,45,45,1.0,1.0,1.0
1r6yodve,c444b776,116,116,1.0,1.0,1.0
cbvc5e3w,c444b776,87,87,1.0,1.0,1.0
lmtka1ev,1bfc4729,5,54,10.4,1.0,1.0
a0w1xgxf,1bfc4729,6,56,8.5,1.0,1.0
a6jpzpek,1bfc4729,41,66,1.6097560975609757,1.0,1.0
6eyovdd2,1bfc4729,15,53,3.533333333333333,1.0,1.0
vpxztp7b,1bfc4729,11,55,4.909090909090909,1.0,1.0
f1ejz9fy,1bfc4729,5,57,10.8,1.0,1.0
a9gvtd1o,1bfc4729,16,55,3.3125,1.0,1.0
e0biso3r,1bfc4729,4,53,13.25,1.0,1.0
rjanlii9,1bfc4729,10,68,6.6,1.0,1.0
c7ac53of,1bfc4729,71,71,1.0,1.0,1.0
jeq3oy2g,1bfc4729,4,38,8.5,0.75,1.0
mrypomny,1bfc4729,50,50,1.0,1.0,1.0
8bgj1tsd,1bfc4729,9,55,6.0,1.0,1.0
tc5wgx8h,1bfc4729,15,104,6.933333333333334,1.0,1.0
648anokh,1bfc4729,3,56,17.333333333333332,1.0,1.0
4stfwpke,1bfc4729,9,78,7.0,1.0,1.0
nhds6zsd,1bfc4729,50,50,1.0,1.0,1.0
vr20hyge,1bfc4729,64,64,1.0,1.0,1.0
ce9qdbyh,1bfc4729,16,62,3.4375,1.0,1.0
904h81sn,1bfc4729,14,52,3.7142857142857144,1.0,1.0
so5k1adg,1bfc4729,50,50,1.0,1.0,1.0
j2dvablb,1bfc4729,4,53,13.25,1.0,1.0
xasfvnb7,1bfc4729,24,80,2.9583333333333335,0.9583333333333334,1.0
2j8p9vyz,1bfc4729,8,59,7.125,0.875,1.0
s03ed531,1bfc4729,52,52,1.0,1.0,1.0
wcau806y,1bfc4729,17,55,3.235294117647059,0.9411764705882353,1.0
eyn3wygc,1bfc4729,18,54,2.8333333333333335,1.0,1.0
ni5df01j,1bfc4729,5,56,11.2,0.8,1.0
mrwlcmno,1bfc4729,39,58,1.435897435897436,1.0,1.0
ew4oecfi,1bfc4729,6,52,8.666666666666666,1.0,1.0
08vqizpx,1bfc4729,50,50,1.0,1.0,1.0
t2eyvuxq,1bfc4729,6,59,8.666666666666666,1.0,1.0
qv0yh587,1bfc4729,53,56,1.0566037735849056,1.0,1.0
d1vjrjhc,1bfc4729,5,55,11.0,1.0,1.0
k8txaw58,1bfc4729,4,54,13.5,1.0,1.0
mlvcv31l,1bfc4729,10,50,5.0,1.0,1.0
a589fsqz,1bfc4729,13,60,4.230769230769231,1.0,1.0
7o2tmcr2,1bfc4729,73,324,3.287671232876712,0.9726027397260274,0.995995785036881
cdo2cmtp,1bfc4729,47,50,1.0638297872340425,1.0,1.0
uktb326q,1bfc4729,13,54,3.923076923076923,1.0,1.0
kwy2bqjo,1bfc4729,6,53,8.833333333333334,1.0,1.0
bw2cwy0m,1bfc4729,10,68,5.5,1.0,1.0
ljwskxcq,1bfc4729,6,61,9.166666666666666,1.0,1.0
l5sagbsh,1bfc4729,7,83,11.0,1.0,1.0
v6jvgdvg,1bfc4729,13,55,4.076923076923077,0.9230769230769231,1.0
4s9g1cze,1bfc4729,5,55,10.8,1.0,1.0
3irnkhq8,1bfc4729,9,88,8.666666666666666,0.8888888888888888,1.0
zj5uemkt,1bfc4729,14,85,5.142857142857143,0.9285714285714286,1.0
hsm45iwx,1bfc4729,7,61,8.0,1.0,1.0
e2w81k0i,1bfc4729,5,61,10.8,1.0,1.0
4s3cm7d8,1bfc4729,10,57,5.3,1.0,1.0
sn10zd6g,1bfc4729,5,58,10.6,0.8,1.0
89u58v07,1bfc4729,4,61,13.5,1.0,1.0
y32zaw9c,1bfc4729,52,52,1.0,1.0,1.0
cuybsfwr,1bfc4729,8,102,10.125,0.875,1.0
0ra11hiv,1bfc4729,50,50,1.0,1.0,1.0
44o5xnxe,1bfc4729,15,50,3.3333333333333335,1.0,1.0
qkiu92kk,1bfc4729,8,56,7.0,1.0,1.0
02333qfj,1bfc4729,9,56,6.0,1.0,1.0
qfsp3ery,1bfc4729,13,53,3.923076923076923,0.8461538461538461,1.0
q04yitea,1bfc4729,12,55,4.583333333333333,1.0,1.0
3cc6zm51,1bfc4729,4,56,13.25,0.75,0.9827586206896551
ovhoesyy,1bfc4729,9,56,6.222222222222222,1.0,1.0
ske58akk,1bfc4729,9,67,7.111111111111111,0.8888888888888888,1.0
r24jdhzg,1bfc4729,11,51,4.636363636363637,1.0,1.0
stbyxpx6,1bfc4729,19,72,3.6842105263157894,1.0,1.0
hpl7jugr,1bfc4729,5,56,10.4,1.0,1.0
r2ck84r8,1bfc4729,18,51,2.8333333333333335,0.9444444444444444,1.0
nze0azo1,1bfc4729,8,62,6.5,1.0,1.0
qazkn1sw,1bfc4729,31,64,2.032258064516129,0.967741935483871,1.0
f0wpo2hr,1bfc4729,9,119,12.222222222222221,1.0,0.9777777777777779
c7z6erey,1bfc4729,10,54,5.3,1.0,1.0
8aknstxj,1bfc4729,10,90,8.7,0.9,1.0
zvbewhqx,1bfc4729,7,58,7.857142857142857,1.0,1.0
0hrc9vve,1bfc4729,11,58,5.181818181818182,0.9090909090909091,1.0
plfupad7,1bfc4729,3,57,17.666666666666668,1.0,1.0
ism64anu,1bfc4729,19,77,3.0526315789473686,0.9473684210526315,1.0
bmlngyh3,1bfc4729,17,172,9.588235294117647,0.8823529411764706,1.0
clucow7d,1bfc4729,9,52,5.777777777777778,1.0,1.0
cghxa2ie,1bfc4729,3,54,17.333333333333332,1.0,1.0
byx9jkxm,1bfc4729,9,61,6.0,1.0,1.0
j2pjmr32,1bfc4729,12,59,4.5,0.8333333333333334,1.0
emwp6wq7,1bfc4729,10,50,5.0,1.0,1.0
npr5bsi2,1bfc4729,21,53,2.4761904761904763,0.9523809523809523,1.0
ym49wqbn,1bfc4729,22,56,2.5454545454545454,0.9545454545454546,1.0
154uk6vm,1bfc4729,13,118,8.384615384615385,0.9230769230769231,1.0
o5qropwk,1bfc4729,5,71,11.8,1.0,0.9400000000000001
5nrjvc7q,1bfc4729,10,54,5.4,1.0,1.0
ol9lky1i,1bfc4729,11,55,4.909090909090909,1.0,1.0
61zahdh9,1bfc4729,11,60,4.909090909090909,1.0,1.0
5hz183aa,1bfc4729,3,31,9.666666666666666,0.6666666666666666,1.0
kmwiem6m,1bfc4729,8,55,6.5,1.0,1.0
5pds9j1d,1bfc4729,50,50,1.0,1.0,1.0
ikfbpugl,1bfc4729,10,61,5.8,0.9,1.0
d33m799j,1bfc4729,14,56,3.7857142857142856,0.8571428571428571,1.0
cp3b83py,1bfc4729,10,50,5.0,1.0,1.0
fkx2gd88,1bfc4729,6,55,8.5,1.0,1.0
27d8totr,1bfc4729,3,55,17.666666666666668,1.0,1.0
91fk0af9,1bfc4729,16,52,3.25,1.0,1.0
qothvfhf,1bfc4729,50,50,1.0,1.0,1.0
icf7bchs,1bfc4729,27,54,2.0,0.9629629629629629,1.0
aqmjput5,1bfc4729,6,70,9.166666666666666,0.6666666666666666,1.0
bhpug29p,1bfc4729,17,66,3.8823529411764706,0.8235294117647058,1.0
dmft9d3y,1bfc4729,14,53,3.7857142857142856,0.9285714285714286,1.0
pgtp756s,1bfc4729,50,51,1.02,1.0,1.0
6e5gb0yb,1bfc4729,6,56,8.666666666666666,1.0,1.0
om1m73rv,1bfc4729,10,53,5.3,0.8,1.0
7agy8y3l,1bfc4729,13,57,4.153846153846154,1.0,1.0
p445h6ow,1bfc4729,13,54,4.076923076923077,0.9230769230769231,1.0
8jwr3j6t,1bfc4729,10,53,5.1,0.9,1.0
z3die4q3,1bfc4729,5,72,13.6,0.8,1.0
mhskzwic,1bfc4729,30,135,4.4,0.9333333333333333,1.0
8yhijukj,1bfc4729,10,77,6.7,1.0,1.0
50nsp39w,1bfc4729,8,52,6.5,1.0,1.0
pz38obzd,1bfc4729,5,53,10.6,1.0,1.0
xklnx39q,1bfc4729,12,124,9.666666666666666,0.9166666666666666,0.9517857142857142
nrfiw9bx,1bfc4729,8,67,6.875,1.0,1.0
m63pxnwq,1bfc4729,9,52,5.777777777777778,1.0,1.0
nldu5ge3,1bfc4729,16,52,3.25,1.0,1.0
t3l0if03,1bfc4729,8,52,6.5,1.0,1.0
nfbzvhip,1bfc4729,13,64,4.230769230769231,1.0,1.0
4wx63ymf,1bfc4729,8,62,7.625,0.75,1.0
pcrxo3zp,1bfc4729,7,94,12.714285714285714,0.8571428571428571,1.0
f5ktzt2t,1bfc4729,4,55,13.0,1.0,1.0
kkeej6x5,1bfc4729,10,53,5.3,0.9,1.0
mr7lkk46,1bfc4729,10,52,5.2,1.0,1.0
2w766g1z,1bfc4729,9,71,7.888888888888889,1.0,1.0
nqubyvew,1bfc4729,16,54,3.375,1.0,1.0
2anyuqd8,1bfc4729,52,52,1.0,1.0,1.0
1r6yodve,1bfc4729,2,2,1.0,1.0,1.0
cbvc5e3w,1bfc4729,50,50,1.0,1.0,1.0
zfeorjum,1bfc4729,7,58,7.714285714285714,1.0,1.0
hkj9daz7,1bfc4729,3,57,17.0,1.0,1.0
w12e497z,1bfc4729,2,2,1.0,1.0,1.0
9ohxtpht,1bfc4729,5,61,11.0,1.0,1.0
4j6cy1mk,1bfc4729,15,58,3.6666666666666665,0.8666666666666667,1.0
oxvw1rhx,1bfc4729,50,50,1.0,1.0,1.0
8d21w3yr,1bfc4729,9,51,5.555555555555555,1.0,1.0
cfclud8z,1bfc4729,8,50,6.25,1.0,1.0
z8b26ynw,1bfc4729,4,57,13.5,1.0,1.0
zelqv7az,1bfc4729,9,90,9.333333333333334,1.0,1.0
jx6lhkbi,1bfc4729,3,63,18.0,1.0,1.0
mpzcivx9,1bfc4729,14,157,10.214285714285714,0.7857142857142857,1.0
clhkwrie,1bfc4729,31,52,1.6774193548387097,0.967741935483871,1.0
1qt2f29y,1bfc4729,50,50,1.0,1.0,1.0
sp00glmz,1bfc4729,12,72,5.5,0.9166666666666666,1.0
ya0wv6pm,1bfc4729,19,65,2.6842105263157894,1.0,1.0
9evwb372,1bfc4729,10,54,5.4,1.0,1.0
2ke9hbes,1bfc4729,31,203,5.354838709677419,0.8709677419354839,0.9780145929339478
jqeesfz7,1bfc4729,54,54,1.0,1.0,1.0
xji13cu2,1bfc4729,9,54,5.888888888888889,1.0,1.0
9pjr0waw,1bfc4729,11,55,4.7272727272727275,1.0,1.0
kck1uue7,1bfc4729,4,57,13.0,1.0,1.0
8psac9uo,1bfc4729,15,65,4.133333333333334,1.0,1.0
nx0vccp8,1bfc4729,26,54,2.076923076923077,0.9230769230769231,1.0
aypxap78,1bfc4729,5,70,11.2,1.0,1.0
l0nln4b2,1bfc4729,14,50,3.5714285714285716,1.0,1.0
ascil7wf,1bfc4729,17,65,3.588235294117647,0.9411764705882353,1.0
8y2nd2sh,1bfc4729,9,52,5.777777777777778,1.0,1.0
idma9086,1bfc4729,17,53,3.0,1.0,1.0
r99uy0qb,1bfc4729,13,55,4.230769230769231,1.0,1.0
yebzokh4,1bfc4729,6,72,10.333333333333334,1.0,1.0
kavvl57w,1bfc4729,6,57,9.166666666666666,1.0,1.0
qfiy90jx,1bfc4729,10,61,5.8,1.0,1.0
8oohxrrz,1bfc4729,8,55,6.875,0.875,1.0
g3vslpjv,1bfc4729,10,52,5.2,1.0,1.0
o2ho0580,1bfc4729,35,52,1.4857142857142858,0.9428571428571428,1.0
bx44xwzb,1bfc4729,29,55,1.896551724137931,1.0,1.0
c9sps7bl,1bfc4729,5,69,11.2,1.0,1.0
ldo5smvx,1bfc4729,6,55,9.0,1.0,1.0
qu0lm98m,1bfc4729,13,51,3.923076923076923,1.0,1.0
jayyv6lz,1bfc4729,58,59,1.0172413793103448,1.0,1.0
yfyhejim,1bfc4729,12,79,5.916666666666667,0.9166666666666666,1.0
0yfthc4y,1bfc4729,40,65,1.625,1.0,1.0
ei0ij8ms,1bfc4729,10,84,7.6,1.0,1.0
g7svteiz,1bfc4729,21,76,3.3333333333333335,0.9523809523809523,0.9780219780219781
c2lwacqc,1bfc4729,9,62,6.111111111111111,0.7777777777777778,1.0
cw4tyx7n,1bfc4729,1,7,7.0,0.0,1.0
189iqcds,1bfc4729,14,83,5.357142857142857,1.0,1.0
mzi8f2hv,1bfc4729,12,96,6.666666666666667,0.9166666666666666,0.9629629629629629
fgxp8fzz,1bfc4729,5,55,11.0,1.0,1.0
72p6pxny,1bfc4729,18,52,2.888888888888889,0.8888888888888888,1.0
rhbgnqhz,1bfc4729,4,52,13.0,1.0,1.0
hd5k29qy,1bfc4729,4,58,13.5,1.0,1.0
sesf1qnx,1c0d0a4b,59,97,1.6101694915254237,0.9661016949152542,1.0
xasfvnb7,1c0d0a4b,82,83,1.0121951219512195,1.0,1.0
j2dvablb,1c0d0a4b,46,86,1.8695652173913044,1.0,1.0
so5k1adg,1c0d0a4b,85,85,1.0,1.0,1.0
904h81sn,1c0d0a4b,55,84,1.4727272727272727,1.0,1.0
ce9qdbyh,1c0d0a4b,53,92,1.6226415094339623,1.0,1.0
vr20hyge,1c0d0a4b,81,81,1.0,1.0,1.0
nhds6zsd,1c0d0a4b,81,81,1.0,1.0,1.0
648anokh,1c0d0a4b,49,106,1.9795918367346939,1.0,1.0
8bgj1tsd,1c0d0a4b,74,82,1.1081081081081081,1.0,1.0
tc5wgx8h,1c0d0a4b,68,82,1.2058823529411764,1.0,1.0
mrypomny,1c0d0a4b,63,81,1.2857142857142858,1.0,1.0
jeq3oy2g,1c0d0a4b,6,14,2.3333333333333335,0.8333333333333334,1.0
c7ac53of,1c0d0a4b,35,35,1.0,1.0,1.0
rjanlii9,1c0d0a4b,3,12,3.6666666666666665,1.0,1.0
e0biso3r,1c0d0a4b,48,84,1.7083333333333333,0.9791666666666666,1.0
a9gvtd1o,1c0d0a4b,102,190,1.803921568627451,1.0,1.0
f1ejz9fy,1c0d0a4b,46,90,1.891304347826087,1.0,1.0
a6jpzpek,1c0d0a4b,4,4,1.0,1.0,1.0
6eyovdd2,1c0d0a4b,65,83,1.2769230769230768,1.0,1.0
a0w1xgxf,1c0d0a4b,51,51,1.0,1.0,1.0
41kp06jx,1c0d0a4b,51,89,1.7058823529411764,1.0,1.0
lmtka1ev,1c0d0a4b,40,84,2.1,1.0,1.0
zj5uemkt,1c0d0a4b,47,84,1.7234042553191489,1.0,1.0
3irnkhq8,1c0d0a4b,52,93,1.7115384615384615,1.0,1.0
4s9g1cze,1c0d0a4b,37,84,2.189189189189189,1.0,1.0
l5sagbsh,1c0d0a4b,49,84,1.6938775510204083,1.0,1.0
ljwskxcq,1c0d0a4b,38,85,2.1578947368421053,1.0,1.0
kwy2bqjo,1c0d0a4b,44,88,1.9090909090909092,1.0,1.0
bw2cwy0m,1c0d0a4b,86,86,1.0,1.0,1.0
uktb326q,1c0d0a4b,80,83,1.0375,1.0,1.0
a589fsqz,1c0d0a4b,83,83,1.0,1.0,1.0
mlvcv31l,1c0d0a4b,47,96,1.8936170212765957,1.0,1.0
o4kkkuj9,1c0d0a4b,67,82,1.2238805970149254,1.0,1.0
k8txaw58,1c0d0a4b,27,120,4.111111111111111,1.0,1.0
1xogp17t,1c0d0a4b,4,18,4.5,0.75,1.0
qv0yh587,1c0d0a4b,81,83,1.0246913580246915,1.0,1.0
t2eyvuxq,1c0d0a4b,74,81,1.0945945945945945,1.0,1.0
08vqizpx,1c0d0a4b,82,82,1.0,1.0,1.0
ew4oecfi,1c0d0a4b,45,83,1.8,1.0,1.0
mrwlcmno,1c0d0a4b,89,89,1.0,1.0,1.0
ni5df01j,1c0d0a4b,43,43,1.0,1.0,1.0
eyn3wygc,1c0d0a4b,82,82,1.0,1.0,1.0
wcau806y,1c0d0a4b,81,81,1.0,1.0,1.0
s03ed531,1c0d0a4b,81,81,1.0,1.0,1.0
6p8vl3lk,1c0d0a4b,65,84,1.2923076923076924,1.0,1.0
ism64anu,1c0d0a4b,70,86,1.2142857142857142,1.0,1.0
plfupad7,1c0d0a4b,92,99,1.076086956521739,1.0,1.0
zvbewhqx,1c0d0a4b,66,81,1.2272727272727273,1.0,1.0
c7z6erey,1c0d0a4b,70,81,1.1571428571428573,1.0,1.0
8aknstxj,1c0d0a4b,42,87,2.0476190476190474,1.0,1.0
f0wpo2hr,1c0d0a4b,49,81,1.653061224489796,1.0,1.0
qazkn1sw,1c0d0a4b,3,4,1.3333333333333333,1.0,1.0
nze0azo1,1c0d0a4b,105,216,1.838095238095238,1.0,1.0
r2ck84r8,1c0d0a4b,50,90,1.74,1.0,1.0
hpl7jugr,1c0d0a4b,27,122,3.925925925925926,1.0,1.0
stbyxpx6,1c0d0a4b,56,83,1.4642857142857142,1.0,1.0
r24jdhzg,1c0d0a4b,85,85,1.0,1.0,1.0
ske58akk,1c0d0a4b,50,85,1.62,1.0,1.0
ovhoesyy,1c0d0a4b,33,122,3.1818181818181817,1.0,1.0
3cc6zm51,1c0d0a4b,82,82,1.0,1.0,1.0
q04yitea,1c0d0a4b,83,83,1.0,1.0,1.0
qfsp3ery,1c0d0a4b,159,162,1.0188679245283019,1.0,1.0
44o5xnxe,1c0d0a4b,46,81,1.7608695652173914,1.0,1.0
0ra11hiv,1c0d0a4b,71,83,1.1690140845070423,0.9859154929577465,1.0
cuybsfwr,1c0d0a4b,84,84,1.0,1.0,1.0
y32zaw9c,1c0d0a4b,83,83,1.0,1.0,1.0
89u58v07,1c0d0a4b,60,82,1.35,1.0,1.0
phbjwkyw,1c0d0a4b,41,111,2.3658536585365852,1.0,1.0
szbhlpfr,1c0d0a4b,1,1,1.0,1.0,1.0
sn10zd6g,1c0d0a4b,47,86,1.8085106382978724,0.9787234042553191,1.0
4s3cm7d8,1c0d0a4b,83,84,1.0120481927710843,1.0,1.0
e2w81k0i,1c0d0a4b,46,86,1.826086956521739,1.0,1.0
hsm45iwx,1c0d0a4b,83,83,1.0,1.0,1.0
6e5gb0yb,1c0d0a4b,48,118,2.125,1.0,0.9970238095238096
pgtp756s,1c0d0a4b,82,82,1.0,1.0,1.0
dmft9d3y,1c0d0a4b,55,86,1.5636363636363637,1.0,1.0
nvlsix5c,1c0d0a4b,61,62,1.0163934426229508,1.0,1.0
f5ohsl5h,1c0d0a4b,48,86,1.7916666666666667,1.0,1.0
aqmjput5,1c0d0a4b,1,1,1.0,1.0,1.0
icf7bchs,1c0d0a4b,195,202,1.035897435897436,1.0,1.0
91fk0af9,1c0d0a4b,82,82,1.0,1.0,1.0
qothvfhf,1c0d0a4b,132,132,1.0,1.0,1.0
27d8totr,1c0d0a4b,83,83,1.0,1.0,1.0
fkx2gd88,1c0d0a4b,42,91,2.119047619047619,0.9761904761904762,1.0
cp3b83py,1c0d0a4b,46,92,1.9782608695652173,0.9782608695652174,1.0
d33m799j,1c0d0a4b,1,15,15.0,0.0,1.0
kmwiem6m,1c0d0a4b,37,85,2.2162162162162162,1.0,1.0
61zahdh9,1c0d0a4b,72,83,1.1527777777777777,1.0,1.0
ol9lky1i,1c0d0a4b,35,112,2.914285714285714,1.0,1.0
5nrjvc7q,1c0d0a4b,162,162,1.0,1.0,1.0
o5qropwk,1c0d0a4b,77,87,1.12987012987013,1.0,1.0
ym49wqbn,1c0d0a4b,91,113,1.2307692307692308,0.989010989010989,1.0
154uk6vm,1c0d0a4b,14,14,1.0,1.0,1.0
npr5bsi2,1c0d0a4b,86,86,1.0,1.0,1.0
pad0sufd,1c0d0a4b,67,83,1.2238805970149254,1.0,1.0
emwp6wq7,1c0d0a4b,40,103,2.4,1.0,1.0
j2pjmr32,1c0d0a4b,4,4,1.0,1.0,1.0
byx9jkxm,1c0d0a4b,51,84,1.588235294117647,1.0,1.0
74l1qvc1,1c0d0a4b,52,159,2.4615384615384617,1.0,0.9962422634836428
cghxa2ie,1c0d0a4b,40,83,2.05,1.0,1.0
3d2as981,1c0d0a4b,38,122,2.789473684210526,1.0,1.0
clucow7d,1c0d0a4b,39,95,2.2564102564102564,1.0,1.0
bmlngyh3,1c0d0a4b,82,82,1.0,1.0,1.0
mr7lkk46,1c0d0a4b,45,103,2.0444444444444443,0.9777777777777777,1.0
f5ktzt2t,1c0d0a4b,40,93,2.225,1.0,1.0
kkeej6x5,1c0d0a4b,65,82,1.2615384615384615,1.0,1.0
4wx63ymf,1c0d0a4b,35,128,3.0285714285714285,1.0,1.0
nfbzvhip,1c0d0a4b,90,90,1.0,1.0,1.0
ler5uq42,1c0d0a4b,84,84,1.0,1.0,1.0
t3l0if03,1c0d0a4b,71,92,1.267605633802817,1.0,1.0
nldu5ge3,1c0d0a4b,146,161,1.1027397260273972,1.0,1.0
m63pxnwq,1c0d0a4b,63,83,1.3015873015873016,1.0,1.0
onnumbyy,1c0d0a4b,82,82,1.0,1.0,1.0
nrfiw9bx,1c0d0a4b,28,124,3.857142857142857,1.0,1.0
pz38obzd,1c0d0a4b,52,84,1.5961538461538463,1.0,1.0
xklnx39q,1c0d0a4b,40,84,2.025,0.975,1.0
8yhijukj,1c0d0a4b,82,82,1.0,1.0,1.0
mhskzwic,1c0d0a4b,53,81,1.528301886792453,1.0,1.0
z3die4q3,1c0d0a4b,38,83,2.1842105263157894,1.0,1.0
8jwr3j6t,1c0d0a4b,72,86,1.1944444444444444,1.0,1.0
o1t1fb7j,1c0d0a4b,109,136,1.1926605504587156,1.0,0.9959862385321101
7agy8y3l,1c0d0a4b,81,81,1.0,1.0,1.0
vbwguazj,1c0d0a4b,56,82,1.4464285714285714,1.0,1.0
om1m73rv,1c0d0a4b,43,87,1.9767441860465116,1.0,1.0
9evwb372,1c0d0a4b,38,82,2.1315789473684212,0.9736842105263158,1.0
ya0wv6pm,1c0d0a4b,81,81,1.0,1.0,1.0
sp00glmz,1c0d0a4b,128,246,1.8984375,1.0,1.0
clhkwrie,1c0d0a4b,82,82,1.0,1.0,1.0
1qt2f29y,1c0d0a4b,82,83,1.0121951219512195,1.0,1.0
mpzcivx9,1c0d0a4b,36,95,2.4166666666666665,1.0,1.0
jx6lhkbi,1c0d0a4b,52,86,1.5576923076923077,1.0,1.0
zelqv7az,1c0d0a4b,77,81,1.051948051948052,1.0,1.0
z8b26ynw,1c0d0a4b,34,123,3.176470588235294,1.0,1.0
cfclud8z,1c0d0a4b,68,85,1.25,1.0,1.0
wa9xd98o,1c0d0a4b,49,85,1.7142857142857142,1.0,1.0
8d21w3yr,1c0d0a4b,1,2,2.0,1.0,1.0
oxvw1rhx,1c0d0a4b,162,162,1.0,1.0,1.0
4j6cy1mk,1c0d0a4b,82,83,1.0121951219512195,1.0,1.0
fl73adm5,1c0d0a4b,38,120,2.8157894736842106,1.0,1.0
w12e497z,1c0d0a4b,34,55,1.5588235294117647,0.9705882352941176,1.0
zfeorjum,1c0d0a4b,40,84,2.025,0.975,1.0
hkj9daz7,1c0d0a4b,63,86,1.3492063492063493,1.0,1.0
cbvc5e3w,1c0d0a4b,86,86,1.0,1.0,1.0
k0qq522n,1c0d0a4b,74,81,1.0945945945945945,1.0,1.0
1r6yodve,1c0d0a4b,36,36,1.0,1.0,1.0
2anyuqd8,1c0d0a4b,84,84,1.0,1.0,1.0
c9sps7bl,1c0d0a4b,31,120,3.161290322580645,0.9354838709677419,1.0
bx44xwzb,1c0d0a4b,59,90,1.5254237288135593,0.9830508474576272,1.0
o2ho0580,1c0d0a4b,30,30,1.0,1.0,1.0
2d8q4qkc,1c0d0a4b,38,93,2.3157894736842106,1.0,1.0
g3vslpjv,1c0d0a4b,67,83,1.2388059701492538,0.9850746268656716,1.0
x5id5i5q,1c0d0a4b,80,81,1.0125,1.0,1.0
8oohxrrz,1c0d0a4b,71,81,1.1408450704225352,1.0,1.0
qfiy90jx,1c0d0a4b,44,87,1.9545454545454546,1.0,1.0
kavvl57w,1c0d0a4b,47,83,1.7446808510638299,1.0,1.0
yebzokh4,1c0d0a4b,149,234,1.4630872483221478,1.0,1.0
0fy66fv2,1c0d0a4b,9,9,1.0,1.0,1.0
b73rrttr,1c0d0a4b,5,5,1.0,1.0,1.0
r99uy0qb,1c0d0a4b,2,13,6.5,0.0,1.0
idma9086,1c0d0a4b,71,83,1.1690140845070423,1.0,1.0
8y2nd2sh,1c0d0a4b,53,110,1.9811320754716981,1.0,1.0
ascil7wf,1c0d0a4b,32,32,1.0,1.0,1.0
aypxap78,1c0d0a4b,39,91,2.2564102564102564,1.0,1.0
nx0vccp8,1c0d0a4b,86,86,1.0,1.0,1.0
8psac9uo,1c0d0a4b,80,84,1.05,1.0,1.0
kck1uue7,1c0d0a4b,26,141,4.5,0.9615384615384616,1.0
jqeesfz7,1c0d0a4b,83,83,1.0,1.0,1.0
hd5k29qy,1c0d0a4b,41,84,1.975609756097561,1.0,1.0
rhbgnqhz,1c0d0a4b,52,90,1.7115384615384615,0.9615384615384616,1.0
72p6pxny,1c0d0a4b,165,215,1.290909090909091,1.0,1.0
fgxp8fzz,1c0d0a4b,47,90,1.8297872340425532,1.0,1.0
mzi8f2hv,1c0d0a4b,37,37,1.0,1.0,1.0
189iqcds,1c0d0a4b,36,117,3.0,1.0,1.0
cw4tyx7n,1c0d0a4b,2,2,1.0,1.0,1.0
c2lwacqc,1c0d0a4b,56,81,1.4464285714285714,1.0,1.0
g7svteiz,1c0d0a4b,81,81,1.0,1.0,1.0
yc52i3qf,1c0d0a4b,45,82,1.8222222222222222,1.0,1.0
2tkm21z6,1c0d0a4b,81,81,1.0,1.0,1.0
ei0ij8ms,1c0d0a4b,37,86,2.189189189189189,1.0,1.0
0yfthc4y,1c0d0a4b,80,82,1.025,1.0,1.0
yfyhejim,1c0d0a4b,37,85,2.189189189189189,1.0,1.0
jayyv6lz,1c0d0a4b,50,87,1.72,1.0,1.0
qu0lm98m,1c0d0a4b,43,83,1.9069767441860466,1.0,1.0
ldo5smvx,1c0d0a4b,55,88,1.5818181818181818,1.0,1.0
r99uy0qb,00d62c1b,17,45,2.3529411764705883,1.0,1.0
idma9086,00d62c1b,11,36,3.0,1.0,1.0
0fy66fv2,00d62c1b,26,26,1.0,1.0,1.0
7nszfy43,00d62c1b,8,33,4.125,1.0,1.0
b73rrttr,00d62c1b,13,14,1.0769230769230769,1.0,1.0
yebzokh4,00d62c1b,33,33,1.0,1.0,1.0
kavvl57w,00d62c1b,14,33,2.357142857142857,1.0,1.0
qfiy90jx,00d62c1b,12,35,2.9166666666666665,1.0,1.0
8oohxrrz,00d62c1b,16,68,4.125,0.9375,1.0
x5id5i5q,00d62c1b,1,1,1.0,1.0,1.0
g3vslpjv,00d62c1b,12,33,2.75,1.0,1.0
2d8q4qkc,00d62c1b,10,33,3.3,1.0,1.0
o2ho0580,00d62c1b,3,34,11.333333333333334,0.0,1.0
bx44xwzb,00d62c1b,33,33,1.0,1.0,1.0
c9sps7bl,00d62c1b,10,33,3.3,1.0,1.0
jqeesfz7,00d62c1b,36,36,1.0,1.0,1.0
xji13cu2,00d62c1b,19,32,1.6842105263157894,1.0,1.0
9pjr0waw,00d62c1b,9,33,3.6666666666666665,1.0,1.0
kck1uue7,00d62c1b,13,33,2.5384615384615383,1.0,1.0
nx0vccp8,00d62c1b,33,33,1.0,1.0,1.0
8psac9uo,00d62c1b,23,48,2.0869565217391304,0.9565217391304348,1.0
aypxap78,00d62c1b,12,35,2.75,1.0,1.0
l0nln4b2,00d62c1b,33,33,1.0,1.0,1.0
ascil7wf,00d62c1b,9,34,3.6666666666666665,1.0,1.0
8y2nd2sh,00d62c1b,8,33,4.125,1.0,1.0
c2lwacqc,00d62c1b,19,33,1.736842105263158,1.0,1.0
g7svteiz,00d62c1b,20,33,1.65,1.0,1.0
cw4tyx7n,00d62c1b,1,8,8.0,0.0,1.0
189iqcds,00d62c1b,8,33,4.125,1.0,1.0
mzi8f2hv,00d62c1b,8,33,4.125,1.0,1.0
fgxp8fzz,00d62c1b,8,33,4.125,1.0,1.0
rhbgnqhz,00d62c1b,9,37,3.6666666666666665,1.0,1.0
72p6pxny,00d62c1b,9,37,4.111111111111111,1.0,1.0
hd5k29qy,00d62c1b,10,33,3.3,1.0,1.0
ldo5smvx,00d62c1b,11,36,3.1818181818181817,1.0,1.0
qu0lm98m,00d62c1b,9,33,3.6666666666666665,1.0,1.0
jayyv6lz,00d62c1b,14,83,5.214285714285714,0.7857142857142857,1.0
yfyhejim,00d62c1b,16,81,4.625,0.9375,1.0
0yfthc4y,00d62c1b,32,37,1.15625,1.0,1.0
ei0ij8ms,00d62c1b,8,33,4.125,1.0,1.0
2tkm21z6,00d62c1b,33,33,1.0,1.0,1.0
onnumbyy,00d62c1b,32,34,1.0625,0.96875,1.0
m63pxnwq,00d62c1b,10,36,3.5,1.0,1.0
t3l0if03,00d62c1b,8,33,4.125,1.0,1.0
nldu5ge3,00d62c1b,8,35,4.125,1.0,1.0
4wx63ymf,00d62c1b,9,34,3.6666666666666665,1.0,1.0
bcyhma9y,00d62c1b,43,43,1.0,1.0,1.0
kkeej6x5,00d62c1b,9,33,3.6666666666666665,1.0,1.0
f5ktzt2t,00d62c1b,9,36,4.0,1.0,1.0
pcrxo3zp,00d62c1b,84,125,1.4761904761904763,1.0,1.0
2w766g1z,00d62c1b,18,33,1.8333333333333333,0.9444444444444444,1.0
nqubyvew,00d62c1b,14,35,2.357142857142857,1.0,1.0
om1m73rv,00d62c1b,12,36,2.8333333333333335,1.0,1.0
7agy8y3l,00d62c1b,33,33,1.0,1.0,1.0
vbwguazj,00d62c1b,11,37,3.3636363636363638,1.0,1.0
z3die4q3,00d62c1b,8,33,4.125,1.0,1.0
8jwr3j6t,00d62c1b,15,35,2.3333333333333335,0.9333333333333333,1.0
p445h6ow,00d62c1b,14,33,2.357142857142857,0.9285714285714286,1.0
mhskzwic,00d62c1b,14,33,2.357142857142857,1.0,1.0
8yhijukj,00d62c1b,8,33,4.125,1.0,1.0
xklnx39q,00d62c1b,8,33,4.125,1.0,1.0
pz38obzd,00d62c1b,14,33,2.357142857142857,1.0,1.0
nrfiw9bx,00d62c1b,11,33,3.0,0.9090909090909091,1.0
cfclud8z,00d62c1b,8,35,4.125,1.0,1.0
zelqv7az,00d62c1b,8,33,4.125,1.0,1.0
jx6lhkbi,00d62c1b,10,36,3.6,1.0,1.0
mpzcivx9,00d62c1b,9,34,3.6666666666666665,1.0,1.0
clhkwrie,00d62c1b,17,33,1.9411764705882353,1.0,1.0
1qt2f29y,00d62c1b,23,33,1.434782608695652,1.0,1.0
sp00glmz,00d62c1b,18,45,2.1666666666666665,1.0,1.0
23iyreiv,00d62c1b,9,34,3.6666666666666665,0.8888888888888888,1.0
ya0wv6pm,00d62c1b,33,33,1.0,1.0,1.0
0wk7vjg8,00d62c1b,8,33,4.125,1.0,1.0
1r6yodve,00d62c1b,125,125,1.0,1.0,1.0
2anyuqd8,00d62c1b,38,38,1.0,1.0,1.0
k0qq522n,00d62c1b,33,33,1.0,1.0,1.0
cbvc5e3w,00d62c1b,33,33,1.0,1.0,1.0
zfeorjum,00d62c1b,8,33,4.125,1.0,1.0
hkj9daz7,00d62c1b,10,37,3.3,1.0,1.0
9ohxtpht,00d62c1b,12,33,2.75,1.0,1.0
w12e497z,00d62c1b,65,173,2.5538461538461537,0.9846153846153847,1.0
318gokyy,00d62c1b,14,33,2.357142857142857,0.9285714285714286,1.0
oxvw1rhx,00d62c1b,19,33,1.736842105263158,1.0,1.0
4j6cy1mk,00d62c1b,20,35,1.75,1.0,1.0
fl73adm5,00d62c1b,8,34,4.125,1.0,1.0
8d21w3yr,00d62c1b,12,39,3.25,1.0,1.0
3cc6zm51,00d62c1b,40,40,1.0,1.0,1.0
ske58akk,00d62c1b,16,43,2.5,0.9375,1.0
ovhoesyy,00d62c1b,9,33,3.6666666666666665,1.0,1.0
r24jdhzg,00d62c1b,13,40,3.0,1.0,1.0
stbyxpx6,00d62c1b,31,34,1.096774193548387,1.0,1.0
nze0azo1,00d62c1b,9,33,3.6666666666666665,1.0,1.0
r2ck84r8,00d62c1b,11,37,3.1818181818181817,1.0,1.0
hpl7jugr,00d62c1b,8,34,4.125,1.0,1.0
qazkn1sw,00d62c1b,8,26,3.25,0.625,1.0
f0wpo2hr,00d62c1b,8,33,4.125,1.0,1.0
c7z6erey,00d62c1b,9,33,3.6666666666666665,1.0,1.0
8aknstxj,00d62c1b,8,34,4.125,1.0,1.0
zvbewhqx,00d62c1b,8,33,4.125,1.0,1.0
plfupad7,00d62c1b,10,33,3.3,1.0,1.0
ism64anu,00d62c1b,8,34,4.125,1.0,1.0
hsm45iwx,00d62c1b,11,35,3.0,1.0,1.0
4s3cm7d8,00d62c1b,23,44,1.9130434782608696,1.0,1.0
e2w81k0i,00d62c1b,10,33,3.3,1.0,1.0
sn10zd6g,00d62c1b,10,33,3.3,1.0,1.0
szbhlpfr,00d62c1b,19,35,1.8421052631578947,1.0,1.0
phbjwkyw,00d62c1b,8,34,4.125,1.0,1.0
89u58v07,00d62c1b,11,36,3.0,1.0,1.0
y32zaw9c,00d62c1b,32,33,1.03125,1.0,1.0
0ra11hiv,00d62c1b,15,37,2.466666666666667,1.0,1.0
cuybsfwr,00d62c1b,35,35,1.0,1.0,1.0
ihnjt6k4,00d62c1b,40,98,2.4,1.0,1.0
44o5xnxe,00d62c1b,8,33,4.125,1.0,1.0
qkiu92kk,00d62c1b,33,33,1.0,1.0,1.0
02333qfj,00d62c1b,19,35,1.736842105263158,1.0,1.0
q04yitea,00d62c1b,11,33,3.0,1.0,1.0
qfsp3ery,00d62c1b,10,38,3.7,1.0,1.0
kmwiem6m,00d62c1b,13,33,2.5384615384615383,0.9230769230769231,1.0
ikfbpugl,00d62c1b,10,34,3.3,1.0,1.0
d33m799j,00d62c1b,3,37,11.666666666666666,0.6666666666666666,1.0
cp3b83py,00d62c1b,8,36,4.125,1.0,1.0
27d8totr,00d62c1b,15,33,2.2,1.0,1.0
fkx2gd88,00d62c1b,10,33,3.3,1.0,1.0
qothvfhf,00d62c1b,33,33,1.0,1.0,1.0
91fk0af9,00d62c1b,15,35,2.3333333333333335,1.0,1.0
l9krayds,00d62c1b,2,3,1.5,1.0,1.0
dmft9d3y,00d62c1b,8,33,4.125,1.0,1.0
bdfn1h0o,00d62c1b,12,33,2.75,1.0,1.0
6e5gb0yb,00d62c1b,10,34,3.3,1.0,1.0
pgtp756s,00d62c1b,33,33,1.0,1.0,1.0
y8mzyzjc,00d62c1b,24,35,1.4583333333333333,0.9583333333333334,1.0
bmlngyh3,00d62c1b,13,34,2.5384615384615383,1.0,1.0
clucow7d,00d62c1b,33,33,1.0,1.0,1.0
cghxa2ie,00d62c1b,11,41,3.6363636363636362,1.0,1.0
byx9jkxm,00d62c1b,9,33,3.6666666666666665,1.0,1.0
emwp6wq7,00d62c1b,8,34,4.125,1.0,1.0
pad0sufd,00d62c1b,33,33,1.0,1.0,1.0
xeu3j3ki,00d62c1b,20,33,1.65,1.0,1.0
ym49wqbn,00d62c1b,13,33,2.5384615384615383,1.0,1.0
o5qropwk,00d62c1b,15,37,2.2,1.0,1.0
5nrjvc7q,00d62c1b,8,33,4.125,1.0,1.0
61zahdh9,00d62c1b,12,36,2.9166666666666665,1.0,1.0
5hz183aa,00d62c1b,1,12,12.0,0.0,1.0
4stfwpke,00d62c1b,16,100,5.1875,0.9375,1.0
vr20hyge,00d62c1b,34,34,1.0,1.0,1.0
nhds6zsd,00d62c1b,9,33,3.6666666666666665,1.0,1.0
03ljcqhc,00d62c1b,11,33,3.0,1.0,1.0
904h81sn,00d62c1b,8,35,4.125,1.0,1.0
j2dvablb,00d62c1b,10,35,3.3,1.0,1.0
xasfvnb7,00d62c1b,32,33,1.03125,1.0,1.0
lmtka1ev,00d62c1b,8,35,4.125,1.0,1.0
a0w1xgxf,00d62c1b,9,35,3.6666666666666665,1.0,1.0
41kp06jx,00d62c1b,11,39,2.8181818181818183,1.0,1.0
a6jpzpek,00d62c1b,10,33,3.3,1.0,1.0
6eyovdd2,00d62c1b,17,37,2.176470588235294,1.0,1.0
vpxztp7b,00d62c1b,9,35,3.6666666666666665,1.0,1.0
f1ejz9fy,00d62c1b,9,34,3.6666666666666665,1.0,1.0
e0biso3r,00d62c1b,12,35,2.75,1.0,1.0
a9gvtd1o,00d62c1b,20,36,1.8,1.0,1.0
c7ac53of,00d62c1b,3,32,10.666666666666666,0.0,1.0
rjanlii9,00d62c1b,8,33,4.125,1.0,1.0
mrypomny,00d62c1b,27,33,1.2222222222222223,1.0,1.0
8bgj1tsd,00d62c1b,11,33,3.0,1.0,1.0
tc5wgx8h,00d62c1b,21,53,2.3333333333333335,0.9523809523809523,1.0
648anokh,00d62c1b,14,33,2.357142857142857,1.0,1.0
cdo2cmtp,00d62c1b,33,33,1.0,1.0,1.0
uktb326q,00d62c1b,33,33,1.0,1.0,1.0
kwy2bqjo,00d62c1b,33,33,1.0,1.0,1.0
bw2cwy0m,00d62c1b,9,33,3.6666666666666665,0.8888888888888888,1.0
v6jvgdvg,00d62c1b,34,34,1.0,1.0,1.0
l5sagbsh,00d62c1b,9,33,3.6666666666666665,1.0,1.0
ljwskxcq,00d62c1b,10,43,3.9,1.0,1.0
3irnkhq8,00d62c1b,8,34,4.125,1.0,1.0
4s9g1cze,00d62c1b,8,33,4.125,1.0,1.0
zj5uemkt,00d62c1b,33,33,1.0,1.0,1.0
2j8p9vyz,00d62c1b,16,64,4.0,1.0,1.0
s03ed531,00d62c1b,33,33,1.0,1.0,1.0
wcau806y,00d62c1b,23,33,1.434782608695652,1.0,1.0
ni5df01j,00d62c1b,8,33,4.125,1.0,1.0
eyn3wygc,00d62c1b,33,33,1.0,1.0,1.0
mrwlcmno,00d62c1b,27,33,1.2222222222222223,1.0,1.0
ew4oecfi,00d62c1b,9,37,4.111111111111111,1.0,1.0
t2eyvuxq,00d62c1b,8,33,4.125,1.0,1.0
qv0yh587,00d62c1b,34,37,1.088235294117647,1.0,1.0
d1vjrjhc,00d62c1b,21,38,1.7619047619047619,1.0,1.0
mlvcv31l,00d62c1b,12,37,3.0833333333333335,1.0,1.0
k8txaw58,00d62c1b,10,35,3.5,1.0,1.0
o4kkkuj9,00d62c1b,37,37,1.0,1.0,1.0
a589fsqz,00d62c1b,8,34,4.125,1.0,1.0
cdo2cmtp,d9f24cd1,21,29,1.380952380952381,1.0,1.0
uktb326q,d9f24cd1,31,31,1.0,1.0,1.0
bw2cwy0m,d9f24cd1,11,30,2.727272727272727,1.0,1.0
kwy2bqjo,d9f24cd1,8,39,4.875,1.0,1.0
3irnkhq8,d9f24cd1,4,30,7.5,1.0,1.0
4s9g1cze,d9f24cd1,3,32,10.333333333333334,1.0,1.0
l5sagbsh,d9f24cd1,7,29,4.142857142857143,1.0,1.0
v6jvgdvg,d9f24cd1,65,81,1.2153846153846153,1.0,0.9981900452488687
ljwskxcq,d9f24cd1,3,29,9.666666666666666,1.0,1.0
zj5uemkt,d9f24cd1,29,29,1.0,1.0,1.0
s03ed531,d9f24cd1,43,43,1.0,1.0,1.0
2j8p9vyz,d9f24cd1,4,34,7.25,1.0,1.0
wcau806y,d9f24cd1,12,32,2.6666666666666665,1.0,1.0
ni5df01j,d9f24cd1,3,31,10.333333333333334,1.0,1.0
eyn3wygc,d9f24cd1,10,31,3.1,1.0,1.0
ew4oecfi,d9f24cd1,3,29,9.666666666666666,1.0,1.0
mrwlcmno,d9f24cd1,29,29,1.0,1.0,1.0
qv0yh587,d9f24cd1,3,3,1.0,1.0,1.0
t2eyvuxq,d9f24cd1,8,44,4.875,1.0,1.0
mlvcv31l,d9f24cd1,4,29,7.25,1.0,1.0
o4kkkuj9,d9f24cd1,4,30,7.25,1.0,1.0
k8txaw58,d9f24cd1,3,31,10.333333333333334,1.0,1.0
d1vjrjhc,d9f24cd1,4,30,7.5,1.0,1.0
a589fsqz,d9f24cd1,5,30,6.0,1.0,1.0
vr20hyge,d9f24cd1,5,30,5.8,0.8,1.0
nhds6zsd,d9f24cd1,29,29,1.0,1.0,1.0
ce9qdbyh,d9f24cd1,7,36,4.285714285714286,1.0,1.0
03ljcqhc,d9f24cd1,6,30,5.0,1.0,1.0
j2dvablb,d9f24cd1,3,35,10.666666666666666,1.0,1.0
904h81sn,d9f24cd1,3,29,9.666666666666666,1.0,1.0
sesf1qnx,d9f24cd1,9,29,3.2222222222222223,1.0,1.0
xasfvnb7,d9f24cd1,48,48,1.0,1.0,1.0
41kp06jx,d9f24cd1,5,29,5.8,1.0,1.0
a0w1xgxf,d9f24cd1,3,29,9.666666666666666,1.0,1.0
lmtka1ev,d9f24cd1,3,29,9.666666666666666,1.0,1.0
6eyovdd2,d9f24cd1,9,34,3.7777777777777777,1.0,1.0
a6jpzpek,d9f24cd1,6,31,5.166666666666667,1.0,1.0
f1ejz9fy,d9f24cd1,3,31,10.333333333333334,1.0,1.0
vpxztp7b,d9f24cd1,8,30,3.75,1.0,1.0
e0biso3r,d9f24cd1,3,29,9.666666666666666,1.0,1.0
a9gvtd1o,d9f24cd1,3,32,10.0,1.0,1.0
mrypomny,d9f24cd1,29,29,1.0,1.0,1.0
jeq3oy2g,d9f24cd1,12,79,6.25,0.9166666666666666,1.0
c7ac53of,d9f24cd1,14,14,1.0,1.0,1.0
rjanlii9,d9f24cd1,12,45,3.75,1.0,1.0
tc5wgx8h,d9f24cd1,12,29,2.4166666666666665,1.0,1.0
8bgj1tsd,d9f24cd1,6,31,5.0,1.0,1.0
648anokh,d9f24cd1,3,29,9.666666666666666,1.0,1.0
zc26r1al,d9f24cd1,59,59,1.0,1.0,1.0
5pds9j1d,d9f24cd1,29,29,1.0,1.0,1.0
kmwiem6m,d9f24cd1,4,29,7.25,1.0,1.0
d33m799j,d9f24cd1,7,9,1.2857142857142858,0.8571428571428571,1.0
ikfbpugl,d9f24cd1,9,73,7.555555555555555,0.8888888888888888,1.0
cp3b83py,d9f24cd1,3,31,10.333333333333334,1.0,1.0
qothvfhf,d9f24cd1,29,29,1.0,1.0,1.0
fkx2gd88,d9f24cd1,10,61,4.7,0.9,1.0
icf7bchs,d9f24cd1,42,42,1.0,1.0,1.0
nvlsix5c,d9f24cd1,4,36,8.5,1.0,1.0
aqmjput5,d9f24cd1,5,32,6.0,0.8,1.0
dmft9d3y,d9f24cd1,7,29,4.142857142857143,1.0,1.0
bdfn1h0o,d9f24cd1,10,30,3.0,1.0,1.0
6e5gb0yb,d9f24cd1,3,50,13.666666666666666,1.0,0.8974358974358975
pgtp756s,d9f24cd1,33,33,1.0,1.0,1.0
bmlngyh3,d9f24cd1,29,122,3.9310344827586206,0.9655172413793104,0.9942528735632185
cghxa2ie,d9f24cd1,3,29,9.666666666666666,1.0,1.0
3d2as981,d9f24cd1,26,75,2.6538461538461537,1.0,0.9825174825174826
clucow7d,d9f24cd1,3,30,10.0,1.0,1.0
byx9jkxm,d9f24cd1,3,34,9.666666666666666,1.0,1.0
74l1qvc1,d9f24cd1,13,68,4.230769230769231,1.0,0.9714285714285714
pad0sufd,d9f24cd1,21,29,1.380952380952381,1.0,1.0
emwp6wq7,d9f24cd1,6,34,5.666666666666667,1.0,1.0
154uk6vm,d9f24cd1,45,45,1.0,1.0,1.0
ym49wqbn,d9f24cd1,14,59,4.214285714285714,1.0,1.0
npr5bsi2,d9f24cd1,54,54,1.0,1.0,1.0
5nrjvc7q,d9f24cd1,5,33,6.2,1.0,1.0
o5qropwk,d9f24cd1,28,29,1.0357142857142858,1.0,1.0
5hz183aa,d9f24cd1,12,12,1.0,1.0,1.0
61zahdh9,d9f24cd1,4,32,7.5,1.0,1.0
ske58akk,d9f24cd1,4,29,7.25,1.0,1.0
ovhoesyy,d9f24cd1,8,29,3.625,1.0,1.0
3cc6zm51,d9f24cd1,29,29,1.0,1.0,1.0
stbyxpx6,d9f24cd1,7,33,4.285714285714286,1.0,1.0
r24jdhzg,d9f24cd1,32,32,1.0,1.0,1.0
nze0azo1,d9f24cd1,7,29,4.142857142857143,1.0,1.0
r2ck84r8,d9f24cd1,6,29,4.833333333333333,1.0,1.0
hpl7jugr,d9f24cd1,3,29,9.666666666666666,1.0,1.0
f0wpo2hr,d9f24cd1,8,79,9.75,0.875,1.0
qazkn1sw,d9f24cd1,6,10,1.6666666666666667,0.8333333333333334,1.0
8aknstxj,d9f24cd1,4,33,8.25,1.0,1.0
c7z6erey,d9f24cd1,3,31,9.666666666666666,1.0,1.0
zvbewhqx,d9f24cd1,7,34,4.142857142857143,1.0,1.0
n2et79bd,d9f24cd1,3,31,10.333333333333334,1.0,1.0
ism64anu,d9f24cd1,4,33,7.75,1.0,1.0
plfupad7,d9f24cd1,7,32,4.428571428571429,0.8571428571428571,1.0
4s3cm7d8,d9f24cd1,21,37,1.6666666666666667,1.0,1.0
e2w81k0i,d9f24cd1,4,32,8.0,1.0,1.0
hsm45iwx,d9f24cd1,11,50,3.6363636363636362,1.0,0.9863636363636363
sn10zd6g,d9f24cd1,14,29,2.0714285714285716,1.0,1.0
phbjwkyw,d9f24cd1,3,29,9.666666666666666,1.0,1.0
szbhlpfr,d9f24cd1,20,149,6.5,0.95,0.9868421052631579
89u58v07,d9f24cd1,5,30,5.8,1.0,1.0
y32zaw9c,d9f24cd1,29,29,1.0,1.0,1.0
cuybsfwr,d9f24cd1,31,32,1.032258064516129,1.0,1.0
qkiu92kk,d9f24cd1,23,29,1.2608695652173914,1.0,1.0
ihnjt6k4,d9f24cd1,3,32,10.666666666666666,1.0,1.0
44o5xnxe,d9f24cd1,7,29,4.142857142857143,1.0,1.0
q04yitea,d9f24cd1,18,29,1.6111111111111112,0.9444444444444444,1.0
qfsp3ery,d9f24cd1,6,31,5.166666666666667,0.8333333333333334,1.0
02333qfj,d9f24cd1,16,29,1.8125,1.0,1.0
cfclud8z,d9f24cd1,5,33,5.8,1.0,1.0
zelqv7az,d9f24cd1,4,32,8.0,1.0,1.0
z8b26ynw,d9f24cd1,7,42,5.142857142857143,1.0,1.0
jx6lhkbi,d9f24cd1,7,30,4.142857142857143,1.0,1.0
1qt2f29y,d9f24cd1,12,29,2.4166666666666665,1.0,1.0
clhkwrie,d9f24cd1,13,29,2.230769230769231,1.0,1.0
mpzcivx9,d9f24cd1,3,29,9.666666666666666,1.0,1.0
sp00glmz,d9f24cd1,16,48,3.0,0.9375,1.0
9evwb372,d9f24cd1,3,29,9.666666666666666,1.0,1.0
ya0wv6pm,d9f24cd1,6,41,4.833333333333333,1.0,1.0
23iyreiv,d9f24cd1,4,31,7.75,1.0,1.0
1r6yodve,d9f24cd1,6,6,1.0,1.0,1.0
zfeorjum,d9f24cd1,12,29,2.4166666666666665,0.9166666666666666,1.0
9ohxtpht,d9f24cd1,29,29,1.0,1.0,1.0
w12e497z,d9f24cd1,6,6,1.0,1.0,1.0
oxvw1rhx,d9f24cd1,5,39,7.8,1.0,1.0
4j6cy1mk,d9f24cd1,26,29,1.1153846153846154,1.0,1.0
318gokyy,d9f24cd1,1,1,1.0,1.0,1.0
8d21w3yr,d9f24cd1,3,29,9.666666666666666,1.0,1.0
onnumbyy,d9f24cd1,16,29,1.8125,0.8125,1.0
m63pxnwq,d9f24cd1,8,30,3.625,1.0,1.0
t3l0if03,d9f24cd1,7,29,4.142857142857143,0.8571428571428571,1.0
nldu5ge3,d9f24cd1,8,30,3.75,1.0,1.0
4wx63ymf,d9f24cd1,5,32,6.2,1.0,1.0
nfbzvhip,d9f24cd1,28,56,1.8928571428571428,0.9285714285714286,0.9928571428571429
ler5uq42,d9f24cd1,29,29,1.0,1.0,1.0
f5ktzt2t,d9f24cd1,7,39,5.571428571428571,1.0,1.0
kkeej6x5,d9f24cd1,3,29,9.666666666666666,1.0,1.0
pcrxo3zp,d9f24cd1,3,38,10.666666666666666,1.0,1.0
2w766g1z,d9f24cd1,5,29,5.8,1.0,1.0
mr7lkk46,d9f24cd1,9,33,3.6666666666666665,1.0,1.0
5vv1rrzw,d9f24cd1,42,55,1.3095238095238095,0.9761904761904762,1.0
nqubyvew,d9f24cd1,25,35,1.4,1.0,1.0
7agy8y3l,d9f24cd1,34,81,2.1470588235294117,1.0,1.0
o1t1fb7j,d9f24cd1,21,29,1.380952380952381,1.0,1.0
vbwguazj,d9f24cd1,6,49,8.166666666666666,0.8333333333333334,1.0
om1m73rv,d9f24cd1,6,29,4.833333333333333,1.0,1.0
z3die4q3,d9f24cd1,3,29,9.666666666666666,1.0,1.0
8jwr3j6t,d9f24cd1,3,29,9.666666666666666,1.0,1.0
p445h6ow,d9f24cd1,12,29,2.4166666666666665,0.9166666666666666,1.0
8yhijukj,d9f24cd1,5,51,9.8,1.0,1.0
mhskzwic,d9f24cd1,14,34,2.4285714285714284,1.0,1.0
pz38obzd,d9f24cd1,11,29,2.6363636363636362,1.0,1.0
xklnx39q,d9f24cd1,9,30,3.3333333333333335,1.0,1.0
nrfiw9bx,d9f24cd1,5,31,5.8,1.0,1.0
c2lwacqc,d9f24cd1,10,35,3.5,1.0,1.0
g7svteiz,d9f24cd1,6,31,5.166666666666667,1.0,1.0
mzi8f2hv,d9f24cd1,3,29,9.666666666666666,1.0,1.0
189iqcds,d9f24cd1,4,31,7.75,1.0,1.0
fgxp8fzz,d9f24cd1,6,42,6.666666666666667,1.0,1.0
xgvto4mg,d9f24cd1,29,29,1.0,1.0,1.0
hd5k29qy,d9f24cd1,7,29,4.142857142857143,1.0,1.0
rhbgnqhz,d9f24cd1,11,35,3.1818181818181817,0.8181818181818182,1.0
72p6pxny,d9f24cd1,7,32,4.285714285714286,1.0,1.0
gkse9wdn,d9f24cd1,29,29,1.0,1.0,1.0
ldo5smvx,d9f24cd1,11,32,2.909090909090909,1.0,1.0
jayyv6lz,d9f24cd1,58,71,1.206896551724138,1.0,1.0
qu0lm98m,d9f24cd1,8,29,3.625,1.0,1.0
yfyhejim,d9f24cd1,4,32,8.0,1.0,1.0
9wkeb5tu,d9f24cd1,4,33,8.25,1.0,1.0
ei0ij8ms,d9f24cd1,3,29,9.666666666666666,1.0,1.0
0yfthc4y,d9f24cd1,26,37,1.4230769230769231,1.0,1.0
2tkm21z6,d9f24cd1,29,29,1.0,1.0,1.0
r99uy0qb,d9f24cd1,5,26,4.6,0.8,1.0
idma9086,d9f24cd1,3,31,10.0,1.0,1.0
b73rrttr,d9f24cd1,10,11,1.1,1.0,1.0
yebzokh4,d9f24cd1,29,29,1.0,1.0,1.0
8oohxrrz,d9f24cd1,6,31,5.0,0.8333333333333334,1.0
qfiy90jx,d9f24cd1,8,30,3.75,1.0,1.0
x5id5i5q,d9f24cd1,22,29,1.3181818181818181,1.0,1.0
2d8q4qkc,d9f24cd1,3,29,9.666666666666666,1.0,1.0
g3vslpjv,d9f24cd1,7,29,4.142857142857143,1.0,1.0
c9sps7bl,d9f24cd1,6,34,4.833333333333333,0.8333333333333334,1.0
bx44xwzb,d9f24cd1,29,29,1.0,1.0,1.0
o2ho0580,d9f24cd1,5,12,2.4,0.8,1.0
jqeesfz7,d9f24cd1,29,29,1.0,1.0,1.0
9pjr0waw,d9f24cd1,6,29,4.833333333333333,1.0,1.0
nx0vccp8,d9f24cd1,24,29,1.2083333333333333,0.9583333333333334,1.0
8psac9uo,d9f24cd1,10,29,2.9,1.0,1.0
kck1uue7,d9f24cd1,5,45,7.8,1.0,1.0
l0nln4b2,d9f24cd1,3,30,10.0,1.0,1.0
aypxap78,d9f24cd1,11,44,3.8181818181818183,1.0,1.0
ascil7wf,d9f24cd1,10,48,4.3,1.0,1.0
qif0sa3r,d9f24cd1,1,39,31.0,0.0,1.0
8y2nd2sh,d9f24cd1,8,33,3.625,1.0,1.0
f1ejz9fy,2bcee788,10,99,9.6,1.0,1.0
vpxztp7b,2bcee788,19,20,1.0,1.0,1.0
a9gvtd1o,2bcee788,6,119,16.0,1.0,1.0
e0biso3r,2bcee788,17,135,6.352941176470588,1.0,1.0
41kp06jx,2bcee788,15,124,6.466666666666667,1.0,1.0
a0w1xgxf,2bcee788,6,140,17.166666666666668,1.0,1.0
lmtka1ev,2bcee788,3,112,32.0,1.0,1.0
6eyovdd2,2bcee788,18,98,5.444444444444445,0.8888888888888888,1.0
a6jpzpek,2bcee788,18,140,6.055555555555555,1.0,1.0
648anokh,2bcee788,19,113,5.368421052631579,1.0,1.0
zc26r1al,2bcee788,98,98,1.0,1.0,1.0
jeq3oy2g,2bcee788,2,136,48.0,1.0,1.0
mrypomny,2bcee788,38,96,2.526315789473684,1.0,1.0
rjanlii9,2bcee788,5,108,19.4,1.0,1.0
c7ac53of,2bcee788,9,9,1.0,1.0,1.0
tc5wgx8h,2bcee788,20,105,4.8,0.95,1.0
8bgj1tsd,2bcee788,13,122,8.0,1.0,1.0
nhds6zsd,2bcee788,6,113,18.666666666666668,1.0,1.0
vr20hyge,2bcee788,15,108,7.2,1.0,1.0
4stfwpke,2bcee788,8,141,12.25,1.0,1.0
03ljcqhc,2bcee788,8,106,12.0,1.0,1.0
ce9qdbyh,2bcee788,9,195,12.0,1.0,1.0
j2dvablb,2bcee788,6,112,16.333333333333332,1.0,1.0
904h81sn,2bcee788,7,111,13.714285714285714,1.0,1.0
so5k1adg,2bcee788,97,97,1.0,1.0,1.0
eyn3wygc,2bcee788,8,8,1.0,1.0,1.0
ni5df01j,2bcee788,11,134,9.818181818181818,0.9090909090909091,1.0
ew4oecfi,2bcee788,4,96,24.0,1.0,1.0
mrwlcmno,2bcee788,61,111,1.6721311475409837,0.9836065573770492,1.0
s03ed531,2bcee788,100,100,1.0,1.0,1.0
2j8p9vyz,2bcee788,3,109,32.0,1.0,1.0
wcau806y,2bcee788,4,4,1.0,1.0,1.0
k8txaw58,2bcee788,12,104,8.166666666666666,1.0,1.0
o4kkkuj9,2bcee788,8,8,1.0,1.0,1.0
mlvcv31l,2bcee788,5,118,19.2,1.0,1.0
a589fsqz,2bcee788,11,116,9.0,1.0,1.0
qv0yh587,2bcee788,2,2,1.0,1.0,1.0
t2eyvuxq,2bcee788,9,203,12.0,1.0,1.0
uktb326q,2bcee788,82,113,1.353658536585366,0.975609756097561,1.0
bw2cwy0m,2bcee788,8,124,12.0,1.0,1.0
kwy2bqjo,2bcee788,8,108,12.375,1.0,1.0
4s9g1cze,2bcee788,5,138,19.2,1.0,1.0
3irnkhq8,2bcee788,3,181,32.666666666666664,1.0,1.0
ljwskxcq,2bcee788,8,126,13.0,0.875,1.0
v6jvgdvg,2bcee788,1,1,1.0,1.0,1.0
l5sagbsh,2bcee788,6,114,16.666666666666668,1.0,1.0
phbjwkyw,2bcee788,7,126,13.714285714285714,1.0,1.0
89u58v07,2bcee788,9,118,10.666666666666666,1.0,1.0
e2w81k0i,2bcee788,4,118,24.0,1.0,1.0
4s3cm7d8,2bcee788,4,4,1.0,1.0,1.0
hsm45iwx,2bcee788,11,12,1.0909090909090908,1.0,1.0
sn10zd6g,2bcee788,21,110,5.095238095238095,1.0,1.0
qkiu92kk,2bcee788,19,122,5.2631578947368425,1.0,1.0
44o5xnxe,2bcee788,8,128,12.625,1.0,1.0
qfsp3ery,2bcee788,9,119,11.11111111111111,1.0,1.0
q04yitea,2bcee788,6,129,17.333333333333332,0.8333333333333334,1.0
02333qfj,2bcee788,8,8,1.0,1.0,1.0
y32zaw9c,2bcee788,94,100,1.0638297872340425,1.0,1.0
cuybsfwr,2bcee788,19,20,1.0,1.0,1.0
0ra11hiv,2bcee788,13,13,1.0,1.0,1.0
hpl7jugr,2bcee788,4,115,24.0,1.0,1.0
r2ck84r8,2bcee788,21,101,4.809523809523809,0.9047619047619048,1.0
nze0azo1,2bcee788,8,109,12.375,0.875,1.0
ovhoesyy,2bcee788,15,117,7.066666666666666,0.9333333333333333,1.0
ske58akk,2bcee788,7,123,14.142857142857142,1.0,1.0
3cc6zm51,2bcee788,17,104,5.882352941176471,0.9411764705882353,1.0
stbyxpx6,2bcee788,16,153,6.375,0.9375,1.0
r24jdhzg,2bcee788,18,118,5.666666666666667,1.0,1.0
zvbewhqx,2bcee788,13,111,7.384615384615385,0.9230769230769231,1.0
0hrc9vve,2bcee788,9,9,1.0,1.0,1.0
ism64anu,2bcee788,7,110,13.714285714285714,1.0,1.0
n2et79bd,2bcee788,13,117,7.6923076923076925,1.0,1.0
plfupad7,2bcee788,5,102,19.2,1.0,1.0
f0wpo2hr,2bcee788,14,41,2.357142857142857,0.9285714285714286,1.0
qazkn1sw,2bcee788,9,15,1.6666666666666667,1.0,1.0
8aknstxj,2bcee788,6,117,16.166666666666668,1.0,1.0
c7z6erey,2bcee788,13,96,7.384615384615385,1.0,1.0
74l1qvc1,2bcee788,9,142,10.666666666666666,1.0,1.0
byx9jkxm,2bcee788,5,132,21.2,1.0,1.0
bmlngyh3,2bcee788,18,18,1.0,1.0,1.0
3d2as981,2bcee788,5,115,19.2,1.0,1.0
cghxa2ie,2bcee788,12,19,1.5833333333333333,1.0,1.0
clucow7d,2bcee788,5,169,22.6,1.0,1.0
5nrjvc7q,2bcee788,13,23,1.6153846153846154,1.0,1.0
o5qropwk,2bcee788,18,18,1.0,1.0,1.0
5hz183aa,2bcee788,24,24,1.0,1.0,1.0
61zahdh9,2bcee788,7,113,13.714285714285714,1.0,1.0
pad0sufd,2bcee788,5,113,19.2,1.0,1.0
emwp6wq7,2bcee788,8,144,13.375,1.0,1.0
154uk6vm,2bcee788,14,118,7.214285714285714,1.0,1.0
ym49wqbn,2bcee788,9,17,1.5555555555555556,1.0,1.0
cp3b83py,2bcee788,6,116,16.166666666666668,1.0,1.0
qothvfhf,2bcee788,9,120,10.777777777777779,1.0,1.0
91fk0af9,2bcee788,12,12,1.0,1.0,1.0
fkx2gd88,2bcee788,5,119,19.4,1.0,1.0
27d8totr,2bcee788,10,104,9.6,1.0,1.0
5pds9j1d,2bcee788,96,96,1.0,1.0,1.0
kmwiem6m,2bcee788,4,158,25.0,1.0,1.0
d33m799j,2bcee788,3,6,2.0,1.0,1.0
ikfbpugl,2bcee788,10,190,10.6,1.0,1.0
dmft9d3y,2bcee788,43,104,2.4186046511627906,0.7906976744186046,1.0
icf7bchs,2bcee788,15,139,7.266666666666667,1.0,1.0
f5ohsl5h,2bcee788,23,143,5.782608695652174,0.9565217391304348,1.0
aqmjput5,2bcee788,13,115,8.0,1.0,1.0
l9krayds,2bcee788,9,148,12.555555555555555,0.8888888888888888,0.9852941176470588
z3die4q3,2bcee788,2,115,48.0,1.0,1.0
8yhijukj,2bcee788,8,10,1.25,1.0,1.0
50nsp39w,2bcee788,16,16,1.0,1.0,1.0
mhskzwic,2bcee788,15,112,6.6,0.9333333333333333,1.0
vbwguazj,2bcee788,8,121,12.5,1.0,1.0
7agy8y3l,2bcee788,11,12,1.0909090909090908,1.0,1.0
om1m73rv,2bcee788,10,119,10.5,0.9,1.0
nrfiw9bx,2bcee788,10,104,9.6,1.0,1.0
xklnx39q,2bcee788,6,38,4.5,0.6666666666666666,0.888888888888889
pz38obzd,2bcee788,9,101,10.666666666666666,1.0,1.0
nldu5ge3,2bcee788,5,113,19.2,1.0,1.0
nsu6cwh4,2bcee788,20,20,1.0,1.0,1.0
t3l0if03,2bcee788,11,111,9.0,0.9090909090909091,1.0
4wx63ymf,2bcee788,4,111,24.0,1.0,0.9651162790697674
onnumbyy,2bcee788,12,12,1.0,1.0,1.0
m63pxnwq,2bcee788,7,101,13.857142857142858,1.0,1.0
2w766g1z,2bcee788,12,106,8.333333333333334,1.0,1.0
mr7lkk46,2bcee788,13,123,8.0,1.0,1.0
pcrxo3zp,2bcee788,19,118,5.526315789473684,0.8421052631578947,1.0
kkeej6x5,2bcee788,11,115,9.090909090909092,1.0,1.0
f5ktzt2t,2bcee788,4,140,24.0,1.0,1.0
hkj9daz7,2bcee788,5,129,19.2,1.0,1.0
zfeorjum,2bcee788,10,100,9.6,1.0,1.0
w12e497z,2bcee788,7,7,1.0,1.0,1.0
9ohxtpht,2bcee788,17,96,5.647058823529412,1.0,1.0
k0qq522n,2bcee788,4,4,1.0,1.0,1.0
1r6yodve,2bcee788,7,7,1.0,1.0,1.0
fl73adm5,2bcee788,10,107,9.7,1.0,1.0
4j6cy1mk,2bcee788,22,118,4.636363636363637,0.9090909090909091,1.0
oxvw1rhx,2bcee788,12,141,8.0,1.0,1.0
8d21w3yr,2bcee788,8,130,12.75,1.0,1.0
jx6lhkbi,2bcee788,12,12,1.0,1.0,1.0
cfclud8z,2bcee788,12,105,8.0,1.0,1.0
z8b26ynw,2bcee788,7,113,13.714285714285714,1.0,1.0
zelqv7az,2bcee788,15,97,6.4,1.0,1.0
ya0wv6pm,2bcee788,12,12,1.0,1.0,1.0
9evwb372,2bcee788,3,100,32.666666666666664,1.0,1.0
23iyreiv,2bcee788,5,150,19.2,1.0,1.0
1qt2f29y,2bcee788,19,114,5.157894736842105,1.0,1.0
clhkwrie,2bcee788,20,134,5.6,1.0,1.0
mpzcivx9,2bcee788,14,117,7.357142857142857,1.0,1.0
sp00glmz,2bcee788,26,120,4.0,1.0,1.0
9pjr0waw,2bcee788,13,117,7.384615384615385,0.9230769230769231,1.0
8psac9uo,2bcee788,14,122,6.857142857142857,1.0,1.0
nx0vccp8,2bcee788,93,234,2.3763440860215055,0.956989247311828,1.0
kck1uue7,2bcee788,5,125,19.2,1.0,1.0
xji13cu2,2bcee788,6,105,16.0,1.0,1.0
jqeesfz7,2bcee788,110,110,1.0,1.0,1.0
8y2nd2sh,2bcee788,4,126,24.25,1.0,1.0
l0nln4b2,2bcee788,19,25,1.1578947368421053,1.0,1.0
aypxap78,2bcee788,1,4,4.0,1.0,1.0
yebzokh4,2bcee788,9,125,11.11111111111111,1.0,1.0
idma9086,2bcee788,22,115,4.545454545454546,1.0,1.0
r99uy0qb,2bcee788,3,9,3.0,1.0,1.0
b73rrttr,2bcee788,33,110,3.090909090909091,0.9393939393939394,1.0
0fy66fv2,2bcee788,19,19,1.0,1.0,1.0
2d8q4qkc,2bcee788,3,112,32.0,1.0,1.0
g3vslpjv,2bcee788,17,130,6.9411764705882355,0.9411764705882353,0.9823529411764705
c9sps7bl,2bcee788,4,129,24.5,1.0,1.0
o2ho0580,2bcee788,3,3,1.0,1.0,1.0
bx44xwzb,2bcee788,12,118,8.166666666666666,0.9166666666666666,1.0
8oohxrrz,2bcee788,15,109,6.4,1.0,1.0
qfiy90jx,2bcee788,6,104,16.333333333333332,1.0,1.0
x5id5i5q,2bcee788,15,99,6.4,1.0,1.0
qu0lm98m,2bcee788,22,227,8.909090909090908,0.9545454545454546,1.0
jayyv6lz,2bcee788,62,145,2.161290322580645,0.967741935483871,1.0
ldo5smvx,2bcee788,4,116,24.0,1.0,1.0
0yfthc4y,2bcee788,16,16,1.0,1.0,1.0
2tkm21z6,2bcee788,96,96,1.0,1.0,1.0
yfyhejim,2bcee788,6,127,17.5,1.0,1.0
yc52i3qf,2bcee788,15,113,6.933333333333334,0.7333333333333333,1.0
cw4tyx7n,2bcee788,26,26,1.0,1.0,1.0
c2lwacqc,2bcee788,5,103,19.2,1.0,1.0
hd5k29qy,2bcee788,7,20,2.4285714285714284,1.0,1.0
72p6pxny,2bcee788,14,39,2.4285714285714284,1.0,1.0
rhbgnqhz,2bcee788,6,135,16.0,1.0,1.0
gkse9wdn,2bcee788,101,101,1.0,1.0,1.0
mzi8f2hv,2bcee788,10,108,9.6,0.9,1.0
fgxp8fzz,2bcee788,3,125,32.0,1.0,1.0
xgvto4mg,2bcee788,14,14,1.0,1.0,1.0
2tkm21z6,2bee17df,55,55,1.0,1.0,1.0
ei0ij8ms,2bee17df,7,84,11.714285714285714,1.0,1.0
0yfthc4y,2bee17df,17,200,11.117647058823529,1.0,1.0
yfyhejim,2bee17df,7,72,10.285714285714286,0.5714285714285714,1.0
qu0lm98m,2bee17df,26,376,13.576923076923077,0.9230769230769231,1.0
jayyv6lz,2bee17df,10,81,7.5,0.8,1.0
hd5k29qy,2bee17df,20,163,7.3,0.95,1.0
rhbgnqhz,2bee17df,6,72,12.0,0.8333333333333334,1.0
fgxp8fzz,2bee17df,3,87,22.333333333333332,1.0,1.0
mzi8f2hv,2bee17df,6,86,12.333333333333334,1.0,1.0
cw4tyx7n,2bee17df,49,98,1.8979591836734695,1.0,1.0
g7svteiz,2bee17df,9,77,8.444444444444445,1.0,1.0
8y2nd2sh,2bee17df,11,82,6.7272727272727275,1.0,1.0
ascil7wf,2bee17df,16,286,16.3125,0.9375,1.0
l0nln4b2,2bee17df,29,298,10.10344827586207,0.9655172413793104,1.0
aypxap78,2bee17df,5,72,14.4,1.0,1.0
nx0vccp8,2bee17df,14,91,6.142857142857143,1.0,1.0
8psac9uo,2bee17df,34,106,3.088235294117647,0.9705882352941176,1.0
kck1uue7,2bee17df,15,89,5.666666666666667,1.0,1.0
jqeesfz7,2bee17df,70,70,1.0,1.0,1.0
c9sps7bl,2bee17df,9,87,8.444444444444445,0.8888888888888888,1.0
o2ho0580,2bee17df,4,33,8.25,0.0,1.0
bx44xwzb,2bee17df,55,215,3.8181818181818183,0.9090909090909091,1.0
2d8q4qkc,2bee17df,5,79,14.4,1.0,1.0
g3vslpjv,2bee17df,76,267,3.3552631578947367,0.9605263157894737,1.0
8oohxrrz,2bee17df,7,74,10.285714285714286,1.0,1.0
qfiy90jx,2bee17df,18,94,5.166666666666667,0.9444444444444444,1.0
yebzokh4,2bee17df,5,77,14.4,1.0,1.0
0fy66fv2,2bee17df,26,26,1.0,1.0,1.0
b73rrttr,2bee17df,120,124,1.0333333333333334,1.0,1.0
r99uy0qb,2bee17df,44,199,4.136363636363637,0.9545454545454546,0.9978354978354979
4kl3i3tv,2bee17df,24,217,8.333333333333334,0.875,0.9988738738738738
idma9086,2bee17df,6,79,12.666666666666666,0.8333333333333334,1.0
8d21w3yr,2bee17df,56,70,1.2321428571428572,1.0,1.0
oxvw1rhx,2bee17df,10,237,17.4,0.9,1.0
4j6cy1mk,2bee17df,11,66,6.0,0.6363636363636364,1.0
9ohxtpht,2bee17df,6,72,12.0,1.0,1.0
w12e497z,2bee17df,20,86,4.25,1.0,1.0
hkj9daz7,2bee17df,5,78,14.4,1.0,1.0
zfeorjum,2bee17df,18,129,7.166666666666667,0.9444444444444444,1.0
1r6yodve,2bee17df,111,111,1.0,1.0,1.0
2anyuqd8,2bee17df,65,65,1.0,1.0,1.0
0wk7vjg8,2bee17df,7,72,10.285714285714286,0.8571428571428571,1.0
ya0wv6pm,2bee17df,92,197,1.9130434782608696,0.9891304347826086,0.9977440525020509
23iyreiv,2bee17df,19,105,5.473684210526316,1.0,1.0
sp00glmz,2bee17df,22,123,4.681818181818182,1.0,1.0
1qt2f29y,2bee17df,81,114,1.3950617283950617,1.0,1.0
clhkwrie,2bee17df,13,106,8.153846153846153,1.0,1.0
mpzcivx9,2bee17df,6,123,18.166666666666668,1.0,1.0
jx6lhkbi,2bee17df,8,75,9.0,1.0,1.0
zelqv7az,2bee17df,6,72,12.0,1.0,1.0
z8b26ynw,2bee17df,6,86,12.5,1.0,1.0
cfclud8z,2bee17df,6,75,12.0,1.0,1.0
nrfiw9bx,2bee17df,26,161,5.846153846153846,1.0,1.0
pz38obzd,2bee17df,9,72,8.0,1.0,1.0
xklnx39q,2bee17df,11,65,5.909090909090909,1.0,1.0
50nsp39w,2bee17df,23,354,12.956521739130435,0.9130434782608695,1.0
mhskzwic,2bee17df,12,73,5.833333333333333,1.0,1.0
z3die4q3,2bee17df,5,78,14.4,1.0,1.0
8jwr3j6t,2bee17df,10,73,7.2,1.0,1.0
p445h6ow,2bee17df,25,68,2.72,0.88,1.0
7agy8y3l,2bee17df,11,171,14.272727272727273,1.0,1.0
vbwguazj,2bee17df,15,106,6.2,1.0,1.0
om1m73rv,2bee17df,19,259,13.263157894736842,0.9473684210526315,1.0
nqubyvew,2bee17df,12,83,6.333333333333333,0.8333333333333334,1.0
2w766g1z,2bee17df,7,70,9.142857142857142,1.0,1.0
mr7lkk46,2bee17df,40,299,6.775,0.975,1.0
f5ktzt2t,2bee17df,22,72,3.272727272727273,1.0,1.0
kkeej6x5,2bee17df,7,72,10.285714285714286,1.0,1.0
bcyhma9y,2bee17df,34,34,1.0,1.0,1.0
4wx63ymf,2bee17df,6,72,12.0,1.0,1.0
nfbzvhip,2bee17df,65,67,1.0307692307692307,1.0,1.0
ler5uq42,2bee17df,6,6,1.0,1.0,1.0
t3l0if03,2bee17df,13,89,6.461538461538462,1.0,1.0
nldu5ge3,2bee17df,7,85,11.714285714285714,1.0,1.0
m63pxnwq,2bee17df,12,80,6.583333333333333,1.0,1.0
onnumbyy,2bee17df,45,108,2.4,0.9555555555555556,1.0
5hz183aa,2bee17df,47,117,2.297872340425532,0.9574468085106383,0.9970652971386647
61zahdh9,2bee17df,6,72,12.0,1.0,1.0
ol9lky1i,2bee17df,5,76,14.4,1.0,1.0
5nrjvc7q,2bee17df,16,119,7.375,1.0,1.0
o5qropwk,2bee17df,1,89,80.0,1.0,1.0
npr5bsi2,2bee17df,37,37,1.0,1.0,1.0
pad0sufd,2bee17df,9,85,8.555555555555555,1.0,1.0
byx9jkxm,2bee17df,10,91,9.1,1.0,1.0
74l1qvc1,2bee17df,34,53,1.5,0.9705882352941176,1.0
cghxa2ie,2bee17df,21,175,7.9523809523809526,0.9523809523809523,1.0
clucow7d,2bee17df,7,90,11.142857142857142,1.0,1.0
bmlngyh3,2bee17df,13,302,19.923076923076923,1.0,1.0
dmft9d3y,2bee17df,58,257,4.344827586206897,0.8620689655172413,1.0
nvlsix5c,2bee17df,45,226,4.355555555555555,1.0,1.0
f5ohsl5h,2bee17df,6,86,12.0,1.0,1.0
aqmjput5,2bee17df,97,231,2.329896907216495,0.9381443298969072,1.0
l9krayds,2bee17df,5,5,1.0,1.0,1.0
icf7bchs,2bee17df,52,192,3.5961538461538463,0.9423076923076923,1.0
91fk0af9,2bee17df,6,80,12.0,1.0,1.0
qothvfhf,2bee17df,63,63,1.0,1.0,1.0
27d8totr,2bee17df,46,130,2.739130434782609,1.0,1.0
fkx2gd88,2bee17df,9,86,8.444444444444445,1.0,1.0
cp3b83py,2bee17df,19,83,4.368421052631579,1.0,1.0
d33m799j,2bee17df,2,72,33.5,0.0,1.0
ikfbpugl,2bee17df,8,105,12.125,1.0,1.0
kmwiem6m,2bee17df,6,72,12.0,1.0,1.0
q04yitea,2bee17df,13,73,5.384615384615385,1.0,1.0
qfsp3ery,2bee17df,9,99,9.555555555555555,0.8888888888888888,1.0
02333qfj,2bee17df,12,125,9.333333333333334,1.0,1.0
qkiu92kk,2bee17df,6,75,12.0,1.0,1.0
ihnjt6k4,2bee17df,43,212,4.627906976744186,0.9767441860465116,1.0
44o5xnxe,2bee17df,8,77,8.875,1.0,1.0
0ra11hiv,2bee17df,63,69,1.0952380952380953,1.0,1.0
y32zaw9c,2bee17df,63,63,1.0,1.0,1.0
095bdwyc,2bee17df,1,1,1.0,1.0,1.0
89u58v07,2bee17df,12,188,15.333333333333334,0.9166666666666666,1.0
phbjwkyw,2bee17df,11,73,6.454545454545454,1.0,1.0
sn10zd6g,2bee17df,19,166,8.263157894736842,0.9473684210526315,1.0
4s3cm7d8,2bee17df,21,111,5.0476190476190474,0.9523809523809523,1.0
e2w81k0i,2bee17df,6,73,12.0,1.0,1.0
hsm45iwx,2bee17df,10,96,7.6,1.0,1.0
ism64anu,2bee17df,5,81,14.2,1.0,1.0
plfupad7,2bee17df,22,69,2.9545454545454546,1.0,1.0
0hrc9vve,2bee17df,1,67,57.0,0.0,1.0
zvbewhqx,2bee17df,7,78,10.571428571428571,1.0,1.0
c7z6erey,2bee17df,35,292,8.028571428571428,0.9714285714285714,1.0
f0wpo2hr,2bee17df,8,72,9.0,0.875,1.0
qazkn1sw,2bee17df,6,47,7.166666666666667,0.3333333333333333,1.0
nze0azo1,2bee17df,13,136,10.384615384615385,1.0,1.0
r2ck84r8,2bee17df,9,71,7.888888888888889,0.8888888888888888,1.0
hpl7jugr,2bee17df,6,83,12.833333333333334,1.0,1.0
r24jdhzg,2bee17df,55,118,2.0545454545454547,1.0,1.0
ske58akk,2bee17df,11,106,9.454545454545455,1.0,1.0
ovhoesyy,2bee17df,8,78,9.0,1.0,1.0
3cc6zm51,2bee17df,44,76,1.7272727272727273,0.9772727272727273,1.0
a589fsqz,2bee17df,8,128,14.0,0.875,1.0
mlvcv31l,2bee17df,8,122,11.5,1.0,1.0
o4kkkuj9,2bee17df,30,271,8.6,0.9666666666666667,1.0
k8txaw58,2bee17df,5,75,14.4,1.0,1.0
d1vjrjhc,2bee17df,6,101,15.0,0.8333333333333334,1.0
qv0yh587,2bee17df,10,10,1.0,1.0,1.0
t2eyvuxq,2bee17df,5,72,14.4,1.0,1.0
ew4oecfi,2bee17df,6,72,12.0,0.8333333333333334,1.0
mrwlcmno,2bee17df,51,63,1.2352941176470589,1.0,1.0
ni5df01j,2bee17df,19,95,5.0,0.9473684210526315,1.0
eyn3wygc,2bee17df,11,82,6.7272727272727275,1.0,1.0
wcau806y,2bee17df,3,3,1.0,1.0,1.0
s03ed531,2bee17df,9,9,1.0,1.0,1.0
2j8p9vyz,2bee17df,11,102,8.818181818181818,1.0,1.0
zj5uemkt,2bee17df,12,87,7.083333333333333,1.0,1.0
3irnkhq8,2bee17df,2,57,28.5,1.0,1.0
4s9g1cze,2bee17df,5,74,14.4,1.0,1.0
v6jvgdvg,2bee17df,37,292,7.54054054054054,0.9459459459459459,1.0
l5sagbsh,2bee17df,6,79,12.0,1.0,1.0
ljwskxcq,2bee17df,7,91,11.857142857142858,1.0,1.0
bw2cwy0m,2bee17df,9,89,8.777777777777779,1.0,1.0
kwy2bqjo,2bee17df,7,82,11.428571428571429,1.0,1.0
uktb326q,2bee17df,18,87,4.666666666666667,0.8888888888888888,1.0
cdo2cmtp,2bee17df,35,78,2.2285714285714286,1.0,1.0
zc26r1al,2bee17df,63,63,1.0,1.0,1.0
qqqzakmg,2bee17df,1,62,49.0,0.0,1.0
648anokh,2bee17df,6,77,12.333333333333334,1.0,1.0
tc5wgx8h,2bee17df,5,81,16.2,1.0,1.0
8bgj1tsd,2bee17df,67,67,1.0,1.0,1.0
mrypomny,2bee17df,49,93,1.8571428571428572,1.0,1.0
jeq3oy2g,2bee17df,1,123,64.0,1.0,1.0
c7ac53of,2bee17df,3,11,3.6666666666666665,0.6666666666666666,1.0
rjanlii9,2bee17df,61,108,1.721311475409836,1.0,1.0
e0biso3r,2bee17df,9,199,20.88888888888889,1.0,1.0
a9gvtd1o,2bee17df,10,83,7.9,1.0,1.0
f1ejz9fy,2bee17df,11,134,11.181818181818182,1.0,1.0
6eyovdd2,2bee17df,14,119,8.5,1.0,1.0
a6jpzpek,2bee17df,5,50,8.8,1.0,1.0
a0w1xgxf,2bee17df,10,159,12.5,1.0,1.0
xasfvnb7,2bee17df,107,109,1.0186915887850467,1.0,1.0
j2dvablb,2bee17df,9,87,9.11111111111111,0.8888888888888888,1.0
so5k1adg,2bee17df,69,69,1.0,1.0,1.0
904h81sn,2bee17df,16,85,4.875,1.0,1.0
nhds6zsd,2bee17df,63,63,1.0,1.0,1.0
